{
    "type": "FeatureCollection",
    "features": [
        {
            "type": "Feature",
            "properties": {
                "WCID": "AUS",
                "COUNTRY": "Australia"
            },
            "geometry": { "type": "MultiPolygon", "coordinates": [ [ [ [ 151.540254187000073, -24.045835797999928 ], [ 151.531372387000033, -24.058473025999945 ], [ 151.537963413000057, -24.086317875999953 ], [ 151.565518249000093, -24.09680900099994 ], [ 151.614136305000102, -24.052782048999973 ], [ 151.616072357000121, -23.998263970999972 ], [ 151.639845279000042, -23.977364030999979 ], [ 151.683872399000052, -23.988890991999938 ], [ 151.788027269000054, -24.098890897999979 ], [ 151.880800353000041, -24.181108986999959 ], [ 151.90610029000004, -24.194446102999962 ], [ 151.933445243000051, -24.217917946999933 ], [ 151.94442721300004, -24.235554979999961 ], [ 151.981218236000018, -24.337226962999978 ], [ 151.987727286000109, -24.364999895999972 ], [ 152.001354249000087, -24.40736404699993 ], [ 152.009982413000102, -24.426390966999975 ], [ 152.024691312000073, -24.45389098499993 ], [ 152.052463407000118, -24.503608914999973 ], [ 152.131772304000037, -24.608190926999953 ], [ 152.203563473000031, -24.667217965999953 ], [ 152.277191284000082, -24.709999869999933 ], [ 152.311645265000038, -24.726946066999972 ], [ 152.345382258000086, -24.737635842999964 ], [ 152.390118319000067, -24.744581925999967 ], [ 152.418309342000043, -24.760281900999928 ], [ 152.445527225000092, -24.784582044999979 ], [ 152.468018219000101, -24.812217849999968 ], [ 152.487591304000034, -24.842081900999972 ], [ 152.497727204000057, -24.877364012999976 ], [ 152.49690024500012, -24.911663934999979 ], [ 152.493563410000093, -24.935835834999978 ], [ 152.497591249000038, -24.972635909999951 ], [ 152.507754139000099, -24.997772902999941 ], [ 152.526091397000073, -25.035555001999967 ], [ 152.561100259000114, -25.087500002999946 ], [ 152.671491266000089, -25.245135941999933 ], [ 152.72247234800011, -25.261109 ], [ 152.809009296000113, -25.282635905999939 ], [ 152.854127237000057, -25.282217984999932 ], [ 152.907818356000121, -25.288890984999966 ], [ 152.946627238000019, -25.436391023999931 ], [ 152.934282371000108, -25.524726895999947 ], [ 152.893327219000071, -25.562363987999959 ], [ 152.898591389000103, -25.67916396499993 ], [ 152.920536217000063, -25.73541793499993 ], [ 152.95350928400012, -25.764164006999977 ], [ 152.984027290000085, -25.771808973999953 ], [ 153.023027280000065, -25.83680895699996 ], [ 153.037891244000093, -25.89055506099993 ], [ 153.064700259000119, -25.90055500699998 ], [ 153.099700237000093, -25.909717935999936 ], [ 153.181918325000083, -25.949445977999972 ], [ 153.185518352000031, -25.97332685799995 ], [ 153.137482336000062, -26.06778202199996 ], [ 153.100527195000041, -26.179163936999942 ], [ 153.090518197000051, -26.218326870999931 ], [ 153.072054205000086, -26.308473066999966 ], [ 153.076218335000021, -26.34763583299997 ], [ 153.090300267000089, -26.373335920999978 ], [ 153.104127223000091, -26.506390922999969 ], [ 153.115154287000109, -26.66944609799998 ], [ 153.131072359000086, -26.684164048999946 ], [ 153.143036185000028, -26.72999998399996 ], [ 153.155818252000017, -26.955273019999936 ], [ 153.157200260000081, -27.08278205199997 ], [ 153.095654292000063, -27.100417911999955 ], [ 153.070527190000121, -27.119863926999983 ], [ 153.055818291000037, -27.137781921999931 ], [ 153.039982361000057, -27.164999972999965 ], [ 153.034563461000062, -27.176664061999929 ], [ 153.064836213000035, -27.313335854999934 ], [ 153.090236230000073, -27.333335913999974 ], [ 153.174682396000094, -27.388891000999934 ], [ 153.256100348000018, -27.479717974999971 ], [ 153.268309260000024, -27.502499987999954 ], [ 153.304691246000061, -27.604999934999967 ], [ 153.312191373000019, -27.646108978999962 ], [ 153.318727246000094, -27.671245971999952 ], [ 153.377445160000093, -27.752781940999967 ], [ 153.403318251000087, -27.777226922999944 ], [ 153.43273621700007, -27.848335804999977 ], [ 153.423872354000082, -27.913745997999968 ], [ 153.41024522400005, -27.981946023999967 ], [ 153.450236290000021, -28.074863946999983 ], [ 153.460236236000014, -28.092781941999931 ], [ 153.489118262000034, -28.139164040999958 ], [ 153.505954153000062, -28.15010896299998 ], [ 153.52630927000007, -28.176664005999953 ], [ 153.555736288000048, -28.183055038999953 ], [ 153.577609367000036, -28.207917942999984 ], [ 153.591491308000059, -28.273890897999934 ], [ 153.584409270000037, -28.362081929999931 ], [ 153.576918363000118, -28.406946066999978 ], [ 153.569427289000032, -28.437499947999981 ], [ 153.562191359000053, -28.45944611799996 ], [ 153.559691373000078, -28.491663973999948 ], [ 153.562745235000079, -28.529999949999933 ], [ 153.570663452000076, -28.583890893999978 ], [ 153.57844521100003, -28.605555095999932 ], [ 153.591354180000053, -28.621808946999977 ], [ 153.606900263000057, -28.634999883999967 ], [ 153.624191291000102, -28.661035918999971 ], [ 153.606000382000047, -28.862154991999944 ], [ 153.579127330000119, -28.897364014999937 ], [ 153.561918277000018, -28.912782022999977 ], [ 153.532745230000046, -28.93527301599994 ], [ 153.518582329000083, -28.95027293499993 ], [ 153.491909269000075, -28.982500011999946 ], [ 153.475936211000089, -29.002363948999971 ], [ 153.448027323000019, -29.043754959999944 ], [ 153.434145215000058, -29.075555062999968 ], [ 153.35608237100007, -29.271946071999935 ], [ 153.345245241000043, -29.30041788799997 ], [ 153.337618212000052, -29.328335828999968 ], [ 153.341282277000118, -29.356526850999956 ], [ 153.359618361000116, -29.378055098999937 ], [ 153.365509330000123, -29.398335951999968 ], [ 153.346618197000112, -29.529164049999963 ], [ 153.292209251000031, -29.781390939999937 ], [ 153.25387243800003, -29.952499949999947 ], [ 153.20495414200002, -30.114726824999934 ], [ 153.170254236000119, -30.204999922999946 ], [ 153.138027327000032, -30.25889103399993 ], [ 153.032627241000114, -30.514026946999934 ], [ 153.018582357000014, -30.568608894999954 ], [ 153.013309301000049, -30.60916406299998 ], [ 153.005245240000022, -30.720835823999948 ], [ 153.003736330000038, -30.784446086999935 ], [ 153.00387245200011, -30.813608907999935 ], [ 153.005554197000038, -30.835281994999946 ], [ 153.021636219000015, -30.883890998999959 ], [ 153.057063339000024, -30.887635864999936 ], [ 153.07498233900003, -30.948608846999946 ], [ 153.052463351000029, -31.034999949999929 ], [ 152.973018331000048, -31.243326956999965 ], [ 152.954127197000048, -31.359445987999948 ], [ 152.886382309000055, -31.539172935999943 ], [ 152.861636248000082, -31.606664019999982 ], [ 152.848845297000025, -31.656664083999942 ], [ 152.828309298000022, -31.704445961999966 ], [ 152.760254279000037, -31.810554988999968 ], [ 152.684418340000093, -31.890000008999948 ], [ 152.664700248000031, -31.90749991399997 ], [ 152.649991349000061, -31.9225 ], [ 152.624663416000089, -31.948890924999944 ], [ 152.593563370000084, -31.984163985999942 ], [ 152.557463352000013, -32.029164076999962 ], [ 152.511854231000029, -32.131046109999943 ], [ 152.541354172000069, -32.263617978999946 ], [ 152.529691256000092, -32.403609005999954 ], [ 152.396945211000116, -32.500835897999934 ], [ 152.37716341700002, -32.511390893999931 ], [ 152.355809345000011, -32.528335916999936 ], [ 152.327754277000054, -32.552781904999961 ], [ 152.280818301000068, -32.601390908999974 ], [ 152.227445192000118, -32.631382028999951 ], [ 152.127445231000024, -32.682217935999972 ], [ 152.119418217000089, -32.725272922999977 ], [ 152.144718322000017, -32.770554981999965 ], [ 151.996609254000077, -32.813055086999952 ], [ 151.952754298000059, -32.827082033999943 ], [ 151.837600359000021, -32.87221791199994 ], [ 151.812136305000081, -32.888755071999981 ], [ 151.66899133600009, -33.069999981999956 ], [ 151.630527285000085, -33.16444609399997 ], [ 151.593845226000099, -33.234726843999965 ], [ 151.574127302000079, -33.267217949999974 ], [ 151.552418340000031, -33.282364048999966 ], [ 151.5287362790001, -33.276799973999971 ], [ 151.501918212000078, -33.285281957999985 ], [ 151.454563476000089, -33.316808977999983 ], [ 151.444745250000096, -33.362217937999958 ], [ 151.46739130900005, -33.375135959999966 ], [ 151.486818213000106, -33.39354597199997 ], [ 151.454700269000114, -33.500699886999939 ], [ 151.34023632800006, -33.628608903999975 ], [ 151.296936255000105, -33.897500022999964 ], [ 151.272763349000115, -33.969446088999973 ], [ 151.23663617200009, -33.992663960999948 ], [ 151.178318243000035, -33.987499869999965 ], [ 151.099718287000087, -34.013790882999956 ], [ 151.155045218000055, -34.025726880999969 ], [ 151.195263433000036, -34.056817873999933 ], [ 151.114118229000042, -34.166390974999956 ], [ 151.085100247000014, -34.18 ], [ 151.063872407000076, -34.192499932999965 ], [ 151.023800372000096, -34.221946060999983 ], [ 150.976345221000088, -34.277499974999955 ], [ 150.959963462000019, -34.298335876999943 ], [ 150.934145188000116, -34.331673052999975 ], [ 150.840518324000072, -34.558335808999971 ], [ 150.875245219000021, -34.584163972999932 ], [ 150.881345233000047, -34.599164058999975 ], [ 150.873563474000093, -34.661109005999947 ], [ 150.831345169000087, -34.785973044999935 ], [ 150.800945179000109, -34.796254957999963 ], [ 150.78248236100012, -34.804717997999944 ], [ 150.766936278000117, -34.819581961999972 ], [ 150.756100321000076, -34.837773038999956 ], [ 150.746900344000096, -34.877499906999958 ], [ 150.781918259000122, -34.961672990999944 ], [ 150.851963477000027, -35.021564035999972 ], [ 150.83676339900012, -35.08839999099996 ], [ 150.80970929700004, -35.107635955999967 ], [ 150.776918286000068, -35.078399877999971 ], [ 150.789354181000022, -35.058326895999983 ], [ 150.775391271000103, -35.012017886999956 ], [ 150.748645289000024, -35.00986407299996 ], [ 150.685182379000025, -35.04219089399993 ], [ 150.677463317000047, -35.075835853999934 ], [ 150.703309250000075, -35.126946016999966 ], [ 150.647491307000109, -35.178608882999981 ], [ 150.617191398000045, -35.18832686199994 ], [ 150.556563416000017, -35.212499934999983 ], [ 150.540254244000039, -35.226664010999968 ], [ 150.4857913190001, -35.310835920999978 ], [ 150.480236296000044, -35.353191018999951 ], [ 150.406645198000092, -35.527782038999931 ], [ 150.355809290000025, -35.594999873999939 ], [ 150.275272444000052, -35.735835963999932 ], [ 150.162472311000101, -35.940555064999955 ], [ 150.137482337000051, -36.111672959999964 ], [ 150.144209317000104, -36.258055019999972 ], [ 150.135591380000051, -36.328126892999933 ], [ 150.098436247000109, -36.360554966999985 ], [ 150.077191307000021, -36.388890996999976 ], [ 150.065800301000081, -36.427782021999974 ], [ 150.051636226000028, -36.50166397199996 ], [ 150.023318301000018, -36.62805502599997 ], [ 149.979672390000019, -36.760973067999942 ], [ 149.966372321000108, -36.794726823999952 ], [ 149.938563346000024, -36.857226820999983 ], [ 149.902463327000078, -36.923335896999959 ], [ 149.906645226000023, -37.06917296599994 ], [ 149.946700330000112, -37.11659995399998 ], [ 150.006518285000084, -37.161799869999982 ], [ 150.01971827400007, -37.231381903999932 ], [ 150.01913623400003, -37.264455049999981 ], [ 149.989809296000089, -37.256808909999961 ], [ 149.947891398000024, -37.281872979999946 ], [ 149.94941824600005, -37.398335836999934 ], [ 149.956218316000104, -37.429308980999963 ], [ 149.976500343000112, -37.473745975999975 ], [ 149.979536268000061, -37.501108865999981 ], [ 149.977754275000052, -37.51267304299995 ], [ 149.971636324000087, -37.522217850999937 ], [ 149.89941834900003, -37.552081901999941 ], [ 149.823582409000096, -37.558335807999981 ], [ 149.785518343000035, -37.56041787199996 ], [ 149.746609213000056, -37.598881922999965 ], [ 149.67281829, -37.696390949999966 ], [ 149.57864526100002, -37.735572994999984 ], [ 149.562763398000016, -37.737226911999983 ], [ 149.505245270000046, -37.758608978999973 ], [ 149.45718226300005, -37.783335928999975 ], [ 149.309418195000035, -37.795281984999974 ], [ 149.254700292000052, -37.793617841999946 ], [ 149.080263331000083, -37.792781998999942 ], [ 148.826218239000013, -37.797781971999939 ], [ 148.774845219000099, -37.805690967999965 ], [ 148.753054282000107, -37.811946046999935 ], [ 148.658600292000074, -37.816664052999954 ], [ 148.493836215000101, -37.811672963999968 ], [ 148.3091451680001, -37.821673077999947 ], [ 148.281372403000091, -37.826108948999945 ], [ 148.20690925100007, -37.839717973999939 ], [ 147.963991303000057, -37.902363983999976 ], [ 147.936918258000105, -37.911108990999935 ], [ 147.846345257000053, -37.945272957999975 ], [ 147.759154185000057, -37.982500006999942 ], [ 147.734127331000082, -37.996391 ], [ 147.654691363000097, -38.042500016999952 ], [ 147.587736218000032, -38.083064069999978 ], [ 147.541072319000023, -38.11333581699995 ], [ 147.429691242000104, -38.19471789399995 ], [ 147.372463463000031, -38.238055015999976 ], [ 147.213009321000072, -38.363064060999932 ], [ 147.185591278000061, -38.388264085999936 ], [ 147.114409306000084, -38.454717992999974 ], [ 146.988145154000108, -38.569581917999983 ], [ 146.96941830600008, -38.585273008999934 ], [ 146.87356336400012, -38.651664051999944 ], [ 146.835727286000065, -38.660135809999929 ], [ 146.649845171000038, -38.673746008999956 ], [ 146.501645243000098, -38.700555022999936 ], [ 146.431091244000072, -38.717217911999967 ], [ 146.352736207000021, -38.697845991999941 ], [ 146.261109264000083, -38.702226877999976 ], [ 146.236909369000045, -38.706108871999959 ], [ 146.219272336000017, -38.715973030999976 ], [ 146.184691285000099, -38.757435958999963 ], [ 146.296491290000063, -38.916564044999973 ], [ 146.412063318000037, -38.853117898999983 ], [ 146.419127251000077, -38.825281933999975 ], [ 146.43295420600009, -38.79263593 ], [ 146.469272322000052, -38.805626873999984 ], [ 146.48371819700003, -39.076255058999948 ], [ 146.425109247000023, -39.13472688 ], [ 146.407472382000037, -39.144446031999962 ], [ 146.394136271000093, -39.147226979999971 ], [ 146.385527218000107, -39.146664050999959 ], [ 146.34690927500003, -39.129999989999931 ], [ 146.319545211000104, -39.097572920999937 ], [ 146.268582402000106, -38.981946074999939 ], [ 146.247054154000011, -38.948891033999985 ], [ 146.226627288000032, -38.921672981999961 ], [ 146.209136268000066, -38.90193594699997 ], [ 146.19302725600005, -38.886946086999956 ], [ 146.165800320000017, -38.862782065999966 ], [ 146.142345240000054, -38.845972996999933 ], [ 146.120654215000059, -38.835554961999946 ], [ 146.089145300000041, -38.825281933999975 ], [ 146.065245309000034, -38.819999993999943 ], [ 146.03831827700003, -38.821255099999973 ], [ 146.016100367000035, -38.832217958999934 ], [ 146.002682281000034, -38.8633999799999 ], [ 145.90441821200011, -38.856946081999979 ], [ 145.823582299, -38.728608917999964 ], [ 145.834409371000106, -38.704717978999952 ], [ 145.84301825700004, -38.705273028999954 ], [ 145.847472400000015, -38.69860891299993 ], [ 145.816145204, -38.652291018999961 ], [ 145.78470032700011, -38.643617927999969 ], [ 145.753600281000104, -38.639726880999945 ], [ 145.727872364000063, -38.641391023999972 ], [ 145.68191824500002, -38.661945964999973 ], [ 145.658527203000062, -38.67722684599994 ], [ 145.607463307000103, -38.68360899399994 ], [ 145.566209256000093, -38.665135949999978 ], [ 145.416072438000015, -38.545835818999933 ], [ 145.416382401000078, -38.523608855999953 ], [ 145.432191341000021, -38.452226891999942 ], [ 145.495527181000057, -38.429999927999972 ], [ 145.520327221000116, -38.423117882999975 ], [ 145.555254276000028, -38.374308886999984 ], [ 145.48551835000012, -38.248190915999942 ], [ 145.444272346000048, -38.226935917999981 ], [ 145.255463438000106, -38.237635920999935 ], [ 145.213009266000086, -38.349164015999975 ], [ 145.030400285000042, -38.497390932999963 ], [ 144.941654203000098, -38.51083584099996 ], [ 144.901363400000037, -38.505835867999963 ], [ 144.761109349000094, -38.377782012999944 ], [ 144.790391360000058, -38.376946001999954 ], [ 144.81387242400001, -38.383055067999976 ], [ 144.838863403000119, -38.38389091099998 ], [ 144.880391375000045, -38.377782012999944 ], [ 144.91080024900009, -38.369717950999984 ], [ 144.9410723310001, -38.360835815999963 ], [ 144.985018314000058, -38.340482039999983 ], [ 145.119127257000059, -38.167635964999931 ], [ 145.131272299000102, -38.137008992999938 ], [ 145.114682333000019, -38.070282002999932 ], [ 145.099254267000106, -38.043063951999954 ], [ 144.975509213, -37.891946115999929 ], [ 144.948300381000081, -37.875690923999969 ], [ 144.917682295000077, -37.868546021999975 ], [ 144.824691282000117, -37.902499937999949 ], [ 144.746918284000117, -37.962773030999983 ], [ 144.691227243000071, -38.003890959999978 ], [ 144.661100336000118, -38.023326916999963 ], [ 144.526918303000116, -38.101108966999959 ], [ 144.38593620000006, -38.113055022999959 ], [ 144.368563365000114, -38.126526920999936 ], [ 144.362872388000028, -38.145835807999958 ], [ 144.37454519400012, -38.16278200499994 ], [ 144.39622733300007, -38.170273078999969 ], [ 144.513027310000098, -38.181526957999949 ], [ 144.547054149000019, -38.17610889499997 ], [ 144.590791255000113, -38.160555100999943 ], [ 144.609954130000119, -38.149446060999935 ], [ 144.63712725400012, -38.133954962999951 ], [ 144.679291245000059, -38.136108944999933 ], [ 144.706345179000095, -38.149164093999957 ], [ 144.721209310000063, -38.178055005999965 ], [ 144.710509308000042, -38.2224998799999 ], [ 144.658872426000016, -38.284999875999972 ], [ 144.633882284000038, -38.29972688 ], [ 144.599536263000118, -38.297781942999961 ], [ 144.570391379000057, -38.285146056999963 ], [ 144.548600275000013, -38.283754995999971 ], [ 144.395127292000097, -38.309581986999945 ], [ 144.363282263000087, -38.324446118999958 ], [ 144.061645227000099, -38.484582043999978 ], [ 143.99878229400008, -38.537155016999975 ], [ 143.905745180000054, -38.642563987999949 ], [ 143.842327197000031, -38.696526847999962 ], [ 143.769436156000097, -38.714164048999976 ], [ 143.731900317000054, -38.720272947999945 ], [ 143.695172326000034, -38.740273006999985 ], [ 143.683872347000033, -38.753890916999978 ], [ 143.673154239000041, -38.78395496 ], [ 143.542954281000107, -38.859235849999948 ], [ 143.50546336900004, -38.851246051999965 ], [ 143.484127235000074, -38.834999911999944 ], [ 143.443863422000049, -38.794446084999947 ], [ 143.38748238200003, -38.768335953999951 ], [ 143.338854268000091, -38.757781963999946 ], [ 143.179963390000012, -38.716108985999938 ], [ 143.133163369000044, -38.67847306699997 ], [ 143.09634518900009, -38.658890928999938 ], [ 143.048172380000096, -38.637082054999951 ], [ 143.017627216000051, -38.62902687899998 ], [ 142.971636216000093, -38.629299960999958 ], [ 142.859954229000095, -38.598335869999971 ], [ 142.803318212000022, -38.575972951999972 ], [ 142.758882390000053, -38.545555024999942 ], [ 142.741636289000098, -38.53167291699998 ], [ 142.612182320000102, -38.455273042999977 ], [ 142.535245166000095, -38.412772937999932 ], [ 142.379336234000107, -38.363891019999983 ], [ 142.268936176000011, -38.384655005999946 ], [ 142.250382330000093, -38.401664066999956 ], [ 142.227754209000068, -38.402782044999981 ], [ 142.160382315000106, -38.400135877999958 ], [ 142.088291242000082, -38.369717950999984 ], [ 142.062472298000102, -38.355563933999974 ], [ 141.987745284000084, -38.310554957999955 ], [ 141.964691362000053, -38.292090965999932 ], [ 141.821345227000052, -38.26749997099995 ], [ 141.750945287000036, -38.267082048999953 ], [ 141.721618349000096, -38.270555006999984 ], [ 141.679409264000014, -38.282917978999933 ], [ 141.620163457000103, -38.321873041999936 ], [ 141.61975425300011, -38.352981972999942 ], [ 141.635800233000055, -38.36749993199993 ], [ 141.650218280000104, -38.399863968999966 ], [ 141.571345241000017, -38.417217860999983 ], [ 141.454127175000053, -38.372499904999984 ], [ 141.392627307000112, -38.314864093999972 ], [ 141.367463325000017, -38.289445972999943 ], [ 141.289427303000025, -38.228335863999973 ], [ 141.239682384000048, -38.193055091999952 ], [ 141.193027202000053, -38.160555100999943 ], [ 141.146363303000044, -38.135000018999961 ], [ 141.125518348000014, -38.123890979999942 ], [ 141.103572346000078, -38.113891033999948 ], [ 141.025818292000054, -38.082781934999957 ], [ 141.001918301000046, -38.074173049999956 ], [ 140.96804518600004, -38.064217863999943 ], [ 140.939282350000099, -38.059300033999932 ], [ 140.850645232000034, -38.054717981999943 ], [ 140.822327307000023, -38.05736398199997 ], [ 140.771791304000089, -38.073890914999936 ], [ 140.698582253000041, -38.071945978999963 ], [ 140.671645163000107, -38.067635835999965 ], [ 140.586091245000034, -38.032217936999984 ], [ 140.529972391000115, -38.000282046999985 ], [ 140.35592720000011, -37.861663975999932 ], [ 140.33523630500008, -37.819308877999958 ], [ 140.238282327000093, -37.671945967999932 ], [ 140.121354275000044, -37.530700001999946 ], [ 140.080536250000023, -37.50444603699998 ], [ 140.049836189000075, -37.490417916999945 ], [ 140.025463458000104, -37.489864039999929 ], [ 139.993836191000014, -37.49249998099998 ], [ 139.841336179000109, -37.331390916999965 ], [ 139.814418200000091, -37.299726936999946 ], [ 139.797763358000111, -37.273608925999952 ], [ 139.751372374000084, -37.19971792299998 ], [ 139.763809274000096, -37.167982025999947 ], [ 139.783036187000107, -37.14799101899996 ], [ 139.780272338000032, -37.10778202399996 ], [ 139.733718242, -37.014308882999956 ], [ 139.751918203000059, -36.921672926999975 ], [ 139.793182313000102, -36.89916399699996 ], [ 139.822891298000059, -36.874582053999973 ], [ 139.845672305000107, -36.84402683199994 ], [ 139.854672290000053, -36.826109004999978 ], [ 139.861754160000032, -36.794726823999952 ], [ 139.865100216000087, -36.762217947999943 ], [ 139.864963423000063, -36.732217942999966 ], [ 139.860791247000066, -36.66082692599997 ], [ 139.854400381000119, -36.634999935999929 ], [ 139.826909247000117, -36.577782046999971 ], [ 139.823500327000033, -36.554581944999939 ], [ 139.673582277000037, -36.254717848999974 ], [ 139.648036248000039, -36.209726977999935 ], [ 139.508700351000016, -36.056108987999949 ], [ 139.494354220000105, -36.035782034999954 ], [ 139.422927329000117, -35.959190884999941 ], [ 139.407009257000027, -35.943608926999957 ], [ 139.37184516100001, -35.910608871999955 ], [ 139.32452730600005, -35.867782039999952 ], [ 139.289354158000037, -35.83844604899997 ], [ 139.189327208, -35.750635889999955 ], [ 139.0826002660001, -35.679764048999971 ], [ 139.109618326000032, -35.681335823999973 ], [ 139.131436252000071, -35.69255500099996 ], [ 139.343291370000088, -35.839717918999952 ], [ 139.403872413000045, -35.887217996999937 ], [ 139.476209244000074, -35.959726823999972 ], [ 139.5840003510001, -36.088473024999985 ], [ 139.612182322000081, -36.125826976999974 ], [ 139.6430362750001, -36.185272942999973 ], [ 139.660400226000093, -36.216246086999945 ], [ 139.663300364000065, -36.187217879999935 ], [ 139.649718328000063, -36.146946019999973 ], [ 139.604127313000049, -36.041391036999983 ], [ 139.588563460000046, -36.02083592799994 ], [ 139.566500279000024, -35.995417973999963 ], [ 139.538882411000031, -35.967499865999969 ], [ 139.488554279000027, -35.919446079999943 ], [ 139.448027274000083, -35.884173018999945 ], [ 139.295809229000042, -35.772773 ], [ 139.186245182000107, -35.676554953999982 ], [ 139.154236202000106, -35.657054958999936 ], [ 139.12324528900001, -35.637717907999956 ], [ 139.099563395000018, -35.612508998999942 ], [ 139.097600353000075, -35.524026945999935 ], [ 139.133709257000078, -35.505072948999953 ], [ 139.159700365000049, -35.50389093299998 ], [ 139.235136153000099, -35.557254989999933 ], [ 139.237882399000114, -35.597017900999958 ], [ 139.226072298000076, -35.68263585699998 ], [ 139.241700356000024, -35.699926884999968 ], [ 139.33582728500005, -35.691390921999982 ], [ 139.361354204, -35.60389089399996 ], [ 139.373082330000102, -35.470408917999976 ], [ 139.356609208, -35.374446016999968 ], [ 139.237182343000086, -35.322226926999974 ], [ 139.212463440000079, -35.316664025999955 ], [ 139.189209358000085, -35.332499954999946 ], [ 139.134691280000084, -35.379026893999935 ], [ 139.079563335000103, -35.392781932999981 ], [ 139.0585913110001, -35.392781932999981 ], [ 139.020672419000107, -35.390690982999956 ], [ 138.989818298000046, -35.397499937999953 ], [ 138.969954193000035, -35.408473022999942 ], [ 138.955382254000028, -35.427917864999984 ], [ 138.949554149000051, -35.448890895999966 ], [ 138.959472288000029, -35.475590944999965 ], [ 138.987318311000081, -35.484999966999965 ], [ 139.016918332000046, -35.49028190699994 ], [ 139.035809298000117, -35.509864044999972 ], [ 138.991136268000105, -35.557426818999943 ], [ 138.965518322000094, -35.560554944999978 ], [ 138.900545161000082, -35.554717955999934 ], [ 138.835509304000084, -35.545281943999953 ], [ 138.807891268000049, -35.53833586099995 ], [ 138.77719137400004, -35.535835874999975 ], [ 138.721500333000108, -35.538754955999934 ], [ 138.650545175000047, -35.563055098999939 ], [ 138.626891277000027, -35.581391015999941 ], [ 138.610382280000067, -35.603472971999963 ], [ 138.591082278000044, -35.622772974999975 ], [ 138.536282400000118, -35.65347303599998 ], [ 138.202182254000036, -35.671391030999985 ], [ 138.17497241600006, -35.669590932999938 ], [ 138.150127282000085, -35.660826982999936 ], [ 138.137482343000102, -35.65305494699993 ], [ 138.093154145000085, -35.619164061999982 ], [ 138.128572380000037, -35.553608861999976 ], [ 138.153027253000118, -35.532917965999957 ], [ 138.194118192000019, -35.521108870999967 ], [ 138.216372313000079, -35.513335828999971 ], [ 138.258327259000112, -35.494446036999932 ], [ 138.285536258000093, -35.479026854999972 ], [ 138.43878225800006, -35.343817871999931 ], [ 138.467472340000086, -35.211664091999978 ], [ 138.455091263000099, -35.176935854999954 ], [ 138.464963301000012, -35.113055023999948 ], [ 138.47580026300011, -35.089164085999982 ], [ 138.491482301000019, -35.070282004999967 ], [ 138.509154203000094, -35.045699893999938 ], [ 138.514163396000072, -35.02499994599998 ], [ 138.511654190000058, -35.00499988699994 ], [ 138.498291257000119, -34.934435828999938 ], [ 138.486354253000059, -34.893890886999941 ], [ 138.48108237100007, -34.862917909999965 ], [ 138.504527225000061, -34.773264067999946 ], [ 138.496063347000018, -34.728882057999954 ], [ 138.43524526300007, -34.642226924999932 ], [ 138.419982320000031, -34.62749103699997 ], [ 138.403045176000091, -34.61389089599993 ], [ 138.290118309000036, -34.500699998999949 ], [ 138.274982268000031, -34.480135836999978 ], [ 138.265536198000063, -34.458608930999958 ], [ 138.242463333000046, -34.383054957999946 ], [ 138.235509204000095, -34.356946 ], [ 138.219682326000111, -34.314863984999931 ], [ 138.151918327000089, -34.20694597499994 ], [ 138.092254264000076, -34.134926818999929 ], [ 138.068027211000071, -34.139655049999931 ], [ 138.006927327000085, -34.257155083999976 ], [ 138.019618199000092, -34.284517974999972 ], [ 138.033718237000016, -34.301873039999975 ], [ 138.019009338000046, -34.344163932999948 ], [ 137.989963361000036, -34.373055011999952 ], [ 137.972745255000063, -34.386390955999957 ], [ 137.94067240600009, -34.407217972999945 ], [ 137.924427272000116, -34.425417934999984 ], [ 137.889145159, -34.525281940999946 ], [ 137.887282365000033, -34.600199894999946 ], [ 137.886654225000029, -34.657499925999957 ], [ 137.87551819600003, -34.711108902999968 ], [ 137.826909360000059, -34.839163931999963 ], [ 137.809691254000086, -34.873608859999933 ], [ 137.749118257000077, -35.049726895999981 ], [ 137.753736183000115, -35.094164057999933 ], [ 137.748172443000044, -35.132782000999953 ], [ 137.67440934800004, -35.181664086999945 ], [ 137.631054122000023, -35.172573074999946 ], [ 137.595791287000111, -35.149726856999962 ], [ 137.566909261000092, -35.137500006999971 ], [ 137.532200302000092, -35.128881900999943 ], [ 137.45982726200009, -35.113891034999938 ], [ 137.42108225000004, -35.119990880999978 ], [ 137.233563317000062, -35.17820001399997 ], [ 137.216627179000056, -35.19109993099994 ], [ 137.205245225000112, -35.214446045999978 ], [ 137.191082323000046, -35.235135935999949 ], [ 137.166836159000013, -35.248190916999931 ], [ 137.137209317000043, -35.24860900699997 ], [ 137.114136284000097, -35.244717959999946 ], [ 137.076782333000097, -35.232081904999973 ], [ 137.053863359000047, -35.228055070999972 ], [ 137.027636217, -35.230691011999966 ], [ 137.007200298000043, -35.24055500399993 ], [ 136.966900275000057, -35.269446082999934 ], [ 136.949827177000088, -35.286664020999979 ], [ 136.892336206000095, -35.304026965999981 ], [ 136.859682322000026, -35.291117995999969 ], [ 136.831500352000035, -35.251799996999978 ], [ 136.868363460000069, -35.20236403499996 ], [ 136.894145188000039, -35.189855049999949 ], [ 136.936645293000083, -35.1472268699999 ], [ 136.96039139200002, -35.099790997999946 ], [ 136.956636300000014, -35.059655091999957 ], [ 136.97703617600007, -34.958891036999944 ], [ 137.024082290000024, -34.90200892799993 ], [ 137.052182285000072, -34.909164054999962 ], [ 137.079409221000105, -34.922499998999967 ], [ 137.107745251000097, -34.929582035999942 ], [ 137.135236217000056, -34.928200027999935 ], [ 137.1933092270001, -34.910690902999931 ], [ 137.281491375000087, -34.906455023999968 ], [ 137.298645275000013, -34.928891031999967 ], [ 137.38469137900006, -34.960826921999967 ], [ 137.406372345000023, -34.956663965999951 ], [ 137.434145278000074, -34.938890977999961 ], [ 137.447054247000096, -34.917081935999931 ], [ 137.454127233, -34.896946089999972 ], [ 137.498563390000072, -34.658608851999929 ], [ 137.481082260000107, -34.471664079999982 ], [ 137.493291340000042, -34.286390994999977 ], [ 137.48718227400002, -34.242499996999982 ], [ 137.46970030600005, -34.192499932999965 ], [ 137.451709221000101, -34.160417862999964 ], [ 137.466136153000093, -34.143546096999955 ], [ 137.503327328000069, -34.150555044999976 ], [ 137.514845236000042, -34.143335878999949 ], [ 137.543872438000108, -34.095555007999963 ], [ 137.555545244000086, -34.064999952999983 ], [ 137.594972375000111, -33.955835889999946 ], [ 137.602891262000071, -33.884026951999942 ], [ 137.63217243500003, -33.849163933999932 ], [ 137.777754192000089, -33.697363978999931 ], [ 137.890118298000061, -33.60513588699996 ], [ 137.910663348000071, -33.598055021999983 ], [ 137.932191261000071, -33.595273068999973 ], [ 137.948582408000107, -33.559299951999947 ], [ 137.941654262000043, -33.510281910999936 ], [ 137.916072358000065, -33.441381996999951 ], [ 137.84747234800011, -33.322773036999934 ], [ 137.814345222000043, -33.278055080999934 ], [ 137.828309305000062, -33.22319099799995 ], [ 137.844972361000032, -33.201946058999965 ], [ 137.901918341000055, -33.167499956999961 ], [ 137.954954163000025, -33.149446007999984 ], [ 138.019563382000115, -33.148054946999935 ], [ 138.046863408000036, -33.129435889999968 ], [ 138.039427319000083, -33.078054990999931 ], [ 138.008927249000067, -33.02881784799996 ], [ 137.977736176, -33.021664060999967 ], [ 137.954127204000088, -33.009173013999941 ], [ 137.896363319000102, -32.787226922999935 ], [ 137.843845163000083, -32.68804604099995 ], [ 137.829954170000065, -32.631382028999951 ], [ 137.816282280000109, -32.566873057999942 ], [ 137.762972370000057, -32.532499878999943 ], [ 137.755245261000027, -32.551108876999933 ], [ 137.754427187000033, -32.57610890899997 ], [ 137.755109307000112, -32.695763929999941 ], [ 137.778454248000116, -32.706664091999983 ], [ 137.791918267000028, -32.722355014999948 ], [ 137.801227209000103, -32.740973065999981 ], [ 137.807618242000103, -32.847917936999977 ], [ 137.77484516800007, -32.992772981999963 ], [ 137.722745270000019, -32.99528202099998 ], [ 137.595518205000076, -33.029726948999951 ], [ 137.488282315000106, -33.127781972999969 ], [ 137.443027246000042, -33.194446098999947 ], [ 137.385254140000029, -33.300282043999971 ], [ 137.378572422000047, -33.320835811999984 ], [ 137.375382270000046, -33.351663948999942 ], [ 137.3794092710001, -33.38333580799997 ], [ 137.361127167000063, -33.429373075999933 ], [ 137.279436300000043, -33.561808990999964 ], [ 137.226900375000014, -33.643335906999937 ], [ 137.209963398000014, -33.666108867999981 ], [ 137.165263379000066, -33.703326864999951 ], [ 137.142063444000087, -33.713754957999981 ], [ 137.020282270000052, -33.717263957999933 ], [ 136.978427236000016, -33.688546048999967 ], [ 136.949718212000107, -33.681035863999966 ], [ 136.884282370000051, -33.762499916999957 ], [ 136.90277234600012, -33.773055079999949 ], [ 136.86386338300008, -33.806945963999965 ], [ 136.661100284000099, -33.890554945999952 ], [ 136.57995424000012, -33.931946124999968 ], [ 136.413454271000091, -34.040981944999942 ], [ 136.356554224000092, -34.09020886199994 ], [ 136.351345207, -34.122154977999969 ], [ 136.318172316000073, -34.190135900999962 ], [ 136.306091311000046, -34.198881913999969 ], [ 136.256927258000019, -34.277364019999936 ], [ 136.241336248000039, -34.297226950999971 ], [ 136.206572304000019, -34.332155012999976 ], [ 136.18496342200001, -34.337773066999944 ], [ 136.148727282000095, -34.346526958999959 ], [ 136.125872346000051, -34.362081926999963 ], [ 136.040254222000044, -34.483608962999938 ], [ 135.96719135100011, -34.515563962999977 ], [ 135.936909212000046, -34.536872939999967 ], [ 135.874972311000079, -34.638335877999964 ], [ 135.803791345000036, -34.815208955999935 ], [ 135.829127324000069, -34.824717888999942 ], [ 135.872882368000091, -34.819863928999951 ], [ 135.902209306000032, -34.806946074999985 ], [ 135.953854235000108, -34.767217865999953 ], [ 136.006663410000101, -34.742599880999933 ], [ 136.019991307000055, -34.795146031999934 ], [ 136.0046361630001, -34.991799897999954 ], [ 135.956409206000103, -35.00823580399998 ], [ 135.930118194000102, -34.966735827999969 ], [ 135.846618345000024, -34.890281973999947 ], [ 135.815109262000078, -34.870281914999964 ], [ 135.786654209000062, -34.860281968999971 ], [ 135.755109252000011, -34.858055064999974 ], [ 135.72398238400001, -34.867773043999932 ], [ 135.705654179000021, -34.888199909999969 ], [ 135.701082353000061, -34.910282033999977 ], [ 135.67970028600007, -34.953817973999946 ], [ 135.665254243000049, -34.958055025999954 ], [ 135.643582330000072, -34.952781970999979 ], [ 135.619418309000025, -34.92083585599994 ], [ 135.60608236500002, -34.893055042999947 ], [ 135.582454283000061, -34.865835817999937 ], [ 135.474672396000074, -34.751108853999938 ], [ 135.326354284000104, -34.624855095999976 ], [ 135.248027242000035, -34.573199940999984 ], [ 135.215863365000018, -34.565063962999943 ], [ 135.147127233000106, -34.58812693699997 ], [ 135.112318194000068, -34.594755010999961 ], [ 135.151645246000044, -34.503890988999956 ], [ 135.208509251, -34.435826917999975 ], [ 135.2104451350001, -34.471935820999931 ], [ 135.213227256000096, -34.498055004999969 ], [ 135.344418291000011, -34.614163977999965 ], [ 135.396518189000062, -34.644026854999936 ], [ 135.495863356000086, -34.61708205399998 ], [ 135.441082254000094, -34.604581953999968 ], [ 135.39485421400002, -34.583608923999975 ], [ 135.382191337000108, -34.552226909999945 ], [ 135.37682725500008, -34.525972944999978 ], [ 135.393109269000092, -34.495345973999974 ], [ 135.349118191000116, -34.28917294799993 ], [ 135.309963304, -34.193881940999972 ], [ 135.272627290000059, -34.120273072999964 ], [ 135.261082392000048, -34.006526957999938 ], [ 135.193845279000016, -33.919446024999957 ], [ 135.057463332000111, -33.790554984999972 ], [ 135.033600221000029, -33.768608982999979 ], [ 134.981627224000022, -33.734446021999929 ], [ 134.930800369000053, -33.702499905999957 ], [ 134.840663394000103, -33.637782057999971 ], [ 134.848163353000018, -33.595835829999942 ], [ 134.862591291000058, -33.568055016999949 ], [ 134.868427275000045, -33.541463931999942 ], [ 134.86328229500009, -33.49610895099994 ], [ 134.858000355000058, -33.471935877999954 ], [ 134.828036224000016, -33.394717929999956 ], [ 134.808591382000031, -33.352781926999967 ], [ 134.707472438000082, -33.1772268199999 ], [ 134.689282366000043, -33.167082034999964 ], [ 134.593563379000102, -33.13999993799996 ], [ 134.408663456000113, -33.164508957999942 ], [ 134.387754128000097, -33.182217907999984 ], [ 134.329545163000034, -33.20278190199997 ], [ 134.26871819400003, -33.145554960999959 ], [ 134.269291349000014, -33.119999878999977 ], [ 134.195663370000034, -32.954446058999963 ], [ 134.129391349000116, -32.842772956999966 ], [ 134.07450932900008, -32.72086404199996 ], [ 134.154691286000116, -32.725826966999932 ], [ 134.194000233000111, -32.756873033999966 ], [ 134.208191298000088, -32.80763585099993 ], [ 134.224118255, -32.78389092499998 ], [ 134.276518226, -32.728746048999938 ], [ 134.297072329000116, -32.677499930999943 ], [ 134.276363328000116, -32.588545976999967 ], [ 134.223018214000035, -32.522499932999949 ], [ 134.205536246000065, -32.503617851999934 ], [ 134.184145294000018, -32.486663943999929 ], [ 134.143036250000023, -32.457499949999942 ], [ 134.114118181000094, -32.453472947999956 ], [ 133.955536260000031, -32.495835924999938 ], [ 133.890654127000062, -32.548190968999961 ], [ 133.852872363000074, -32.541808987999957 ], [ 133.854400216000045, -32.460417857999971 ], [ 133.883300348000034, -32.404717931999983 ], [ 133.90281828000002, -32.415617925999982 ], [ 133.934127203000116, -32.421673012999975 ], [ 133.950791265000021, -32.398264033999965 ], [ 133.901918231000082, -32.329446093999934 ], [ 133.873563426000032, -32.299173006999979 ], [ 133.826354200000083, -32.250835911999957 ], [ 133.756654149000042, -32.213890996999964 ], [ 133.725527281000041, -32.200555053999949 ], [ 133.694972394000047, -32.181117923999977 ], [ 133.662827292000088, -32.15242683699995 ], [ 133.6736912450001, -32.115690966999978 ], [ 133.605863375000013, -32.098055106999936 ], [ 133.581345135000106, -32.114926871999955 ], [ 133.566700274000027, -32.165691030999938 ], [ 133.485109319000117, -32.209863995999967 ], [ 133.417209198000023, -32.213335947999951 ], [ 133.226072300000055, -32.197490965999975 ], [ 133.1666541620001, -32.190835901999947 ], [ 133.135954268000091, -32.184446041999934 ], [ 133.084827173, -32.137917929999958 ], [ 133.065518286000042, -32.11986398099998 ], [ 133.0262272760001, -32.101390936999962 ], [ 132.973572328000046, -32.091664072999947 ], [ 132.85940929800006, -32.006108981999944 ], [ 132.832882251000115, -31.977917958999967 ], [ 132.785245212000063, -31.956246044999943 ], [ 132.764436300000057, -31.950835861999963 ], [ 132.584409280000045, -31.935835942999972 ], [ 132.549136219000047, -31.93889097899995 ], [ 132.518309256000066, -31.944717910999941 ], [ 132.488863295000101, -31.952500004999933 ], [ 132.455382285000042, -31.969999909999956 ], [ 132.414154218000022, -32.011673056999939 ], [ 132.3277451780001, -32.037782013999959 ], [ 132.264982325000119, -32.041673061999973 ], [ 132.195936230000029, -32.026946057999965 ], [ 132.172763452000027, -32.008890934999954 ], [ 132.154691231000015, -31.989999968999939 ], [ 132.13748234600007, -31.970835920999946 ], [ 132.026918337000097, -31.881946004999975 ], [ 131.815800323000076, -31.747773024999958 ], [ 131.769136257000014, -31.722217943999965 ], [ 131.66665424700011, -31.67055507699996 ], [ 131.492463378000025, -31.595554980999964 ], [ 131.469118269000091, -31.585835828999961 ], [ 131.364963399000089, -31.543335891999959 ], [ 131.276918211000066, -31.511672916999942 ], [ 131.174145182000075, -31.478473036999958 ], [ 131.148591273000079, -31.474026939999931 ], [ 131.115172290000032, -31.477499897999962 ], [ 131.090236296000057, -31.49139089099998 ], [ 131.069427215000019, -31.508335913999929 ], [ 131.041227308000089, -31.533335945999966 ], [ 131.012482241000043, -31.548890913999969 ], [ 130.84399123500009, -31.604726961999972 ], [ 130.793582301000015, -31.610281984999972 ], [ 130.763736188000053, -31.612081914999976 ], [ 130.732182346000059, -31.610835860999941 ], [ 130.703036289000011, -31.608890923999979 ], [ 130.644436225000049, -31.603890950999983 ], [ 130.263309242000105, -31.576108965999936 ], [ 130.236354215000119, -31.576390932999971 ], [ 130.148863406000032, -31.57916400199997 ], [ 129.935791236000114, -31.593335955999976 ], [ 129.885072340000079, -31.603017891999968 ], [ 129.838291262000098, -31.614446113999975 ], [ 129.701082356000029, -31.621663938999973 ], [ 129.475527185000033, -31.638608961999978 ], [ 129.231900296000049, -31.658335938999983 ], [ 129.060245288000033, -31.682499959999973 ], [ 129.029418325000051, -31.68749993299997 ], [ 129.000272436000046, -31.692608869999958 ], [ 128.978709319000018, -31.696108985999956 ], [ 128.952454181, -31.70332697799995 ], [ 128.793027197000015, -31.769446111999969 ], [ 128.773318325000105, -31.779164090999984 ], [ 128.704127223000114, -31.816390972999955 ], [ 128.554409333000081, -31.888335865999977 ], [ 128.182736299000112, -32.031672947999937 ], [ 128.012345282000069, -32.089582008999969 ], [ 127.949418312000034, -32.101108969999984 ], [ 127.828327303000037, -32.119446058999984 ], [ 127.737491277000117, -32.134726938999961 ], [ 127.62886332000005, -32.170835842999963 ], [ 127.538591229000076, -32.202781957999946 ], [ 127.334718197000029, -32.266946097999949 ], [ 127.267763387000059, -32.278335930999958 ], [ 127.164991363000013, -32.293890898999962 ], [ 127.124972301000071, -32.298490887999947 ], [ 127.023036289000061, -32.303608877999977 ], [ 126.990536297000062, -32.30499993799998 ], [ 126.687191365000103, -32.315835894999964 ], [ 126.638600298000028, -32.31416404099997 ], [ 126.573609200000078, -32.309164067999973 ], [ 126.458882236000022, -32.299726882999948 ], [ 126.399427217000039, -32.292226923999976 ], [ 126.328600302000041, -32.272226863999947 ], [ 126.303036168000062, -32.262217865999958 ], [ 126.283054214000117, -32.256390934999956 ], [ 126.261382300000037, -32.251400013999955 ], [ 126.23915416400007, -32.246946038999965 ], [ 126.20860028200002, -32.240835965999963 ], [ 126.179700318000073, -32.238472939999951 ], [ 126.152900356000032, -32.243472912999948 ], [ 126.130809348000071, -32.254581951999967 ], [ 126.09179125300011, -32.278473058999964 ], [ 126.069291375000034, -32.28499987899994 ], [ 126.045254256000021, -32.284726963999958 ], [ 126.012500293000016, -32.274172974999942 ], [ 125.972272354000097, -32.266735879999942 ], [ 125.806509322000011, -32.343608995999944 ], [ 125.617754226000102, -32.467772977999971 ], [ 125.582836223000072, -32.494517954999935 ], [ 125.559972403000074, -32.51639103399998 ], [ 125.540818246000072, -32.530554941999981 ], [ 125.514991255000041, -32.546808960999954 ], [ 125.444291242000077, -32.57333584 ], [ 125.398882282000045, -32.582499942999959 ], [ 125.377763406000099, -32.58416408599993 ], [ 125.336927277000086, -32.590554951999934 ], [ 125.302336168000011, -32.59875496799998 ], [ 125.246372380000025, -32.624446003999935 ], [ 124.995536215000016, -32.742226830999982 ], [ 124.9272002350001, -32.785555067999951 ], [ 124.896663453000087, -32.813335879999954 ], [ 124.879563364000091, -32.829863987999943 ], [ 124.74664515500001, -32.897782045999975 ], [ 124.704991287000098, -32.910281978999933 ], [ 124.664700317000097, -32.916391044999955 ], [ 124.580554223000036, -32.928054965999934 ], [ 124.497482354000113, -32.936945985999955 ], [ 124.453327158000093, -32.940835859999936 ], [ 124.402772379000112, -32.945545986999946 ], [ 124.352763430000095, -32.957499921999954 ], [ 124.328872324000031, -32.964717913999948 ], [ 124.301654273000054, -32.974999993999973 ], [ 124.281936181000106, -32.985554989999969 ], [ 124.190118299000119, -33.049164079999969 ], [ 124.157763314000022, -33.079726845999971 ], [ 124.141091373000108, -33.096390907999933 ], [ 124.106372357000055, -33.139446061999934 ], [ 124.090954181000029, -33.162081894999972 ], [ 124.002491239000051, -33.393617888999984 ], [ 123.96470930800001, -33.538891022999962 ], [ 123.955945190000079, -33.559581918999982 ], [ 123.939145174000032, -33.573335951999979 ], [ 123.918318324000097, -33.583063988999982 ], [ 123.859991341000068, -33.615835888999982 ], [ 123.789982333000012, -33.677226959999985 ], [ 123.769709191000061, -33.695273029999953 ], [ 123.752491254, -33.714163994999979 ], [ 123.73588234500005, -33.752408942999978 ], [ 123.734991348000108, -33.77972690699994 ], [ 123.690809331000082, -33.820554989999948 ], [ 123.648882380000032, -33.846946082999978 ], [ 123.540818191000085, -33.90582694099993 ], [ 123.470127231000106, -33.908472939999967 ], [ 123.451509347000069, -33.900272923999978 ], [ 123.429427223000062, -33.896945978999952 ], [ 123.405545169000106, -33.895835879999936 ], [ 123.369000239000115, -33.895146048999948 ], [ 123.342754153000101, -33.903817965999963 ], [ 123.305254189000038, -33.941663935999941 ], [ 123.282691279000119, -33.971172928999977 ], [ 123.236363327000049, -33.999999969999976 ], [ 123.168054168000026, -34.018608968999956 ], [ 123.139427287000103, -33.949164062999955 ], [ 123.100682274000064, -33.886946032999958 ], [ 123.080272340000079, -33.875826935999953 ], [ 123.017827161000014, -33.857572994999941 ], [ 122.914991267000119, -33.885564024999951 ], [ 122.844982259000062, -33.906935866999959 ], [ 122.817472350000116, -33.90679991199994 ], [ 122.730272393000064, -33.893335892999971 ], [ 122.593800257000112, -33.898055072999966 ], [ 122.575682270000016, -33.913326899999959 ], [ 122.433309274000067, -33.925835884999969 ], [ 122.377063351000061, -33.912355101999935 ], [ 122.354427183000098, -33.912917862999961 ], [ 122.298236245000112, -33.931590899999946 ], [ 122.262272349000114, -33.965899872999955 ], [ 122.251372354000068, -34.016735948999951 ], [ 122.118318190000082, -34.02860891499995 ], [ 122.079709300000104, -34.017772957999966 ], [ 122.100918197000055, -33.980208955999956 ], [ 122.086382301000071, -33.927226945999962 ], [ 122.071518169000115, -33.893199938999942 ], [ 122.05220022900005, -33.868608943999959 ], [ 122.037200310000117, -33.853054980999957 ], [ 122.013736178000045, -33.831108978999964 ], [ 121.99386335600002, -33.824726830999964 ], [ 121.916791253000042, -33.836390918999939 ], [ 121.886018269000033, -33.858745957999929 ], [ 121.861645204000069, -33.880555 ], [ 121.83470928700001, -33.891946005999955 ], [ 121.780954130000055, -33.899508996999941 ], [ 121.672491297000079, -33.860282025999936 ], [ 121.522618174000058, -33.821535839999967 ], [ 121.461109254, -33.81749995399997 ], [ 121.370818219000057, -33.815281933999984 ], [ 121.336100208000062, -33.815555016999951 ], [ 121.219709268000088, -33.838890905999961 ], [ 121.05165412100007, -33.856946027999982 ], [ 120.929700279000031, -33.862782011999968 ], [ 120.884845194000036, -33.856808899999976 ], [ 120.862482277000026, -33.856672945999946 ], [ 120.834718228000042, -33.866945973999975 ], [ 120.80970025900001, -33.879582027999959 ], [ 120.791372389000117, -33.88805495899993 ], [ 120.722763327000052, -33.894445992999977 ], [ 120.693863362000116, -33.895835879999936 ], [ 120.540263310000114, -33.917217946999983 ], [ 120.485527303000026, -33.948881927999935 ], [ 120.416991330000087, -33.973917833999963 ], [ 120.36913619500001, -33.963617983999939 ], [ 120.288036252000097, -33.945546097999966 ], [ 120.253054212000052, -33.939717992999931 ], [ 120.229982353000082, -33.937499973999934 ], [ 120.028318288000037, -33.925555090999978 ], [ 120.004991284000084, -33.928890920999947 ], [ 119.979982367000048, -33.934435884999971 ], [ 119.812909243000036, -33.978054973999974 ], [ 119.788863407, -33.991526871999952 ], [ 119.770263293000085, -34.010564017999968 ], [ 119.75457237, -34.03222687899995 ], [ 119.738872395000044, -34.045835904999933 ], [ 119.707772349000038, -34.064026981999973 ], [ 119.672763319000069, -34.078890945999945 ], [ 119.644145154000057, -34.089717849999943 ], [ 119.616091259000086, -34.099999930999957 ], [ 119.56359137600009, -34.149726912999938 ], [ 119.480945140000017, -34.270417936999934 ], [ 119.467482295000082, -34.331809007999937 ], [ 119.325545158000068, -34.44694601499998 ], [ 119.208600342000068, -34.504446038999959 ], [ 119.185254227000087, -34.494999968999934 ], [ 119.111363391000054, -34.474717942999973 ], [ 119.078872285000102, -34.4661088899999 ], [ 118.935254241000052, -34.449446001999945 ], [ 118.911654154000075, -34.453055081999935 ], [ 118.890263369000081, -34.462217842999962 ], [ 118.764854172000014, -34.533054982999943 ], [ 118.739700248000076, -34.549990953999952 ], [ 118.721645126000112, -34.569455073999961 ], [ 118.719436159000111, -34.574999870999932 ], [ 118.754172275000087, -34.606945985999971 ], [ 118.735682299000018, -34.625973073999944 ], [ 118.719145139000034, -34.639726938999956 ], [ 118.699145248000036, -34.650273049999953 ], [ 118.637891305000039, -34.680481931999964 ], [ 118.612200269000027, -34.685554994999961 ], [ 118.582072356000026, -34.690690921999931 ], [ 118.518336196000064, -34.707499990999963 ], [ 118.47706337000011, -34.723745962999942 ], [ 118.444554158000074, -34.743546029999948 ], [ 118.418054101000052, -34.774173000999951 ], [ 118.399718184000108, -34.801108917999954 ], [ 118.387618237000083, -34.840273024999931 ], [ 118.281663436000031, -34.905554975999962 ], [ 118.081672400000116, -34.993891014999974 ], [ 117.837972420000028, -35.030135872999949 ], [ 117.833809296000027, -35.05062694399993 ], [ 117.857754214000011, -35.071945979999953 ], [ 117.883045266000067, -35.082635923999931 ], [ 117.949145122000118, -35.092363960999933 ], [ 117.995882279000057, -35.096908963999965 ], [ 117.93414520400006, -35.125346078999939 ], [ 117.858445218000043, -35.114064037999981 ], [ 117.809418293000022, -35.079173024999932 ], [ 117.784145179, -35.065282031999971 ], [ 117.748727279000036, -35.051799907999964 ], [ 117.726645155000028, -35.048055040999941 ], [ 117.664082294000082, -35.051255083999934 ], [ 117.632763313000055, -35.069445993999977 ], [ 117.619563324000069, -35.090835939999977 ], [ 117.609709223000095, -35.138335849999976 ], [ 117.554154137000069, -35.098608981999973 ], [ 117.533336171000087, -35.088335952999955 ], [ 117.355127186000118, -35.024726863999945 ], [ 117.332491354000013, -35.018891046999954 ], [ 117.183872331000089, -35.011945969999942 ], [ 116.948382258000038, -35.015764093999962 ], [ 116.915327217000026, -35.041735923999966 ], [ 116.895682383, -35.056108876999929 ], [ 116.873027272000058, -35.056664093999984 ], [ 116.83805411600008, -35.049026838999964 ], [ 116.814700289000029, -35.039726949999931 ], [ 116.724427192, -35.016946109999935 ], [ 116.65804520100005, -35.032217937999974 ], [ 116.601927186000012, -35.033054954999955 ], [ 116.460536213000069, -34.999591044999931 ], [ 116.375527286000079, -34.948055079999961 ], [ 116.324709316000053, -34.918335868999975 ], [ 116.268600353000011, -34.887781987999972 ], [ 116.246372384000097, -34.877782041999978 ], [ 116.216927261000023, -34.866108900999961 ], [ 116.178863362000016, -34.854445985999973 ], [ 116.092482318000066, -34.838055005999934 ], [ 115.97360027600007, -34.819455059999939 ], [ 115.952472348000015, -34.769446110999979 ], [ 115.943863295000028, -34.751108853999938 ], [ 115.913318298000036, -34.703191021999942 ], [ 115.814145129000053, -34.607781996999961 ], [ 115.78846331200009, -34.584717848999958 ], [ 115.648036259000037, -34.467773032999958 ], [ 115.495672370000079, -34.383609001999957 ], [ 115.386100275000103, -34.333890904999976 ], [ 115.314000317000023, -34.304864038999938 ], [ 115.241018248000046, -34.297917955999935 ], [ 115.204427217000102, -34.301254958999948 ], [ 115.168309261000104, -34.312773034999964 ], [ 115.146654111000089, -34.34396394099997 ], [ 115.122209296000051, -34.36278198399998 ], [ 115.07388226, -34.323890958999982 ], [ 115.008945141000027, -34.262435850999964 ], [ 115.004572303000032, -34.224863969999944 ], [ 115.007209249000084, -34.203190881999944 ], [ 115.010272332000113, -34.175899908999952 ], [ 114.976645142000052, -34.018608968999956 ], [ 114.957763397, -33.866108956999938 ], [ 114.953745280000021, -33.692364005999934 ], [ 114.997100339000099, -33.524108866999939 ], [ 115.039709241000082, -33.53374604399994 ], [ 115.08186334100003, -33.57569093099994 ], [ 115.101300304, -33.611181920999968 ], [ 115.155818214000078, -33.635564038999973 ], [ 115.220536229000118, -33.653263936999963 ], [ 115.261654159000045, -33.652217874999963 ], [ 115.282491235000066, -33.650555072999964 ], [ 115.315536217000044, -33.645973021999964 ], [ 115.363600230000088, -33.633055 ], [ 115.396945117000087, -33.621382026999981 ], [ 115.429700254000068, -33.60513588699996 ], [ 115.667754183000056, -33.310272936999979 ], [ 115.690254229000061, -33.302782029999946 ], [ 115.704427189000057, -33.286390882999967 ], [ 115.712627205000103, -33.264026959999967 ], [ 115.714291348000074, -33.242217917999938 ], [ 115.669436264000069, -32.981946077999964 ], [ 115.653054169000029, -32.92444605399993 ], [ 115.635536159000026, -32.867499906999967 ], [ 115.619418262000067, -32.806664052999963 ], [ 115.594363412, -32.670690974999957 ], [ 115.617618165000067, -32.602846006999982 ], [ 115.694500334000054, -32.522217965999971 ], [ 115.69115411000007, -32.554064000999972 ], [ 115.652772370000093, -32.586108854999964 ], [ 115.633727177000083, -32.607781941999974 ], [ 115.632063369000093, -32.648608850999949 ], [ 115.67270922900002, -32.745781931999943 ], [ 115.700254175000055, -32.781108970999981 ], [ 115.718245259000014, -32.770346104999931 ], [ 115.715991366000026, -32.715664076999929 ], [ 115.733600236000029, -32.644446062999975 ], [ 115.761936265000031, -32.572499996999966 ], [ 115.743872426000053, -32.448882011999956 ], [ 115.732482257000015, -32.320835867999961 ], [ 115.734982244000093, -32.264864032999981 ], [ 115.755254212000068, -32.191799988999946 ], [ 115.737763359000041, -32.095272985999941 ], [ 115.744000333000031, -31.93430892799995 ], [ 115.743309329000112, -31.893335837999985 ], [ 115.739982384000086, -31.868055012999946 ], [ 115.705818250000107, -31.716391011999974 ], [ 115.693591232000017, -31.683608885999945 ], [ 115.681663281000056, -31.660554963999971 ], [ 115.63942720600005, -31.595281898999929 ], [ 115.567209231000106, -31.483608963999984 ], [ 115.45110025800011, -31.301663996999935 ], [ 115.437754257000051, -31.279582040999969 ], [ 115.394991295000068, -31.184163963999936 ], [ 115.375263313, -31.12221784299993 ], [ 115.368591318000085, -31.102217951999933 ], [ 115.310245225000017, -30.98666402799995 ], [ 115.24693620700009, -30.891946007999934 ], [ 115.209354100000041, -30.847364005999964 ], [ 115.167482303000043, -30.77194598799997 ], [ 115.081100252000056, -30.588890920999972 ], [ 115.047272400000111, -30.504717837999976 ], [ 115.054491230000053, -30.47721798699996 ], [ 115.023609281000063, -30.274172919999955 ], [ 114.985263415000077, -30.145554961999949 ], [ 114.957200300000068, -30.075626922999959 ], [ 114.937191356000085, -30.060282004999976 ], [ 114.939145178000103, -29.736799885999972 ], [ 114.941936184000042, -29.670555021999974 ], [ 114.947063394000111, -29.629299964999973 ], [ 114.961236187000054, -29.567081935999965 ], [ 114.973445267000102, -29.537635806999958 ], [ 114.979427264000037, -29.50819102 ], [ 114.978045255000097, -29.487781922999943 ], [ 114.928236131000062, -29.335554993999949 ], [ 114.902772412000104, -29.299163955999973 ], [ 114.903109197000049, -29.258608954999943 ], [ 114.887345184000083, -29.205835821999983 ], [ 114.83485418600003, -29.096526919999974 ], [ 114.719991266000079, -28.968054974999973 ], [ 114.691091302000018, -28.944164035999961 ], [ 114.656018234000044, -28.918890921999946 ], [ 114.619282364000014, -28.871108876999983 ], [ 114.596645190000118, -28.828335856999956 ], [ 114.591663322000045, -28.797500008999975 ], [ 114.592209320000052, -28.767781970999977 ], [ 114.596509236000088, -28.725282032999928 ], [ 114.591927185000031, -28.681108900999959 ], [ 114.584145258000035, -28.633054946999948 ], [ 114.529982238000116, -28.531946059999939 ], [ 114.514163407000069, -28.505835928999943 ], [ 114.502772401000016, -28.488055061999944 ], [ 114.369709185000033, -28.320835925999972 ], [ 114.307482271000026, -28.229926976999934 ], [ 114.261518260000116, -28.208263947999967 ], [ 114.231654210000102, -28.18889102299994 ], [ 114.210127303000036, -28.166245969999977 ], [ 114.197200229000032, -28.150555047999944 ], [ 114.154291255000089, -28.090972958999942 ], [ 114.145827209000117, -28.069172969999954 ], [ 114.116654163000021, -27.947773004999931 ], [ 114.094700282000076, -27.851526962999969 ], [ 114.096509264000019, -27.819999942999971 ], [ 114.107482349000065, -27.777226922999944 ], [ 114.12526338300006, -27.735690904999956 ], [ 114.140963358000022, -27.707217914999944 ], [ 114.13527238100005, -27.662499957999955 ], [ 114.121372336000036, -27.603335958999935 ], [ 114.093318274000012, -27.505555023999932 ], [ 114.072772385, -27.451108862999945 ], [ 114.027209197000047, -27.363890968999954 ], [ 113.936918163000087, -27.198891024999966 ], [ 113.799145155000019, -26.967499869999983 ], [ 113.787200272000064, -26.950555014999964 ], [ 113.687763408000023, -26.815835869999944 ], [ 113.585818175000099, -26.690835876999984 ], [ 113.535536143000058, -26.633326967999949 ], [ 113.498382352000021, -26.596317847999956 ], [ 113.446636169000044, -26.555554976999929 ], [ 113.281091234000087, -26.399446052999963 ], [ 113.224427222000031, -26.239163946999952 ], [ 113.253600268000014, -26.195826824999983 ], [ 113.270472369000117, -26.15645501399996 ], [ 113.27360921200011, -26.12833590799994 ], [ 113.270263324000098, -26.100282013999959 ], [ 113.264163310000072, -26.064026929999955 ], [ 113.267900298000086, -26.039999868999928 ], [ 113.287654097000086, -26.027773018999937 ], [ 113.301654222000025, -26.126109003999943 ], [ 113.303309313000113, -26.167217880999942 ], [ 113.304154208000114, -26.222499884999934 ], [ 113.334154213000033, -26.278617900999961 ], [ 113.357754132000082, -26.186390981999978 ], [ 113.365536227, -26.118891011999949 ], [ 113.51430025600007, -26.284164037999972 ], [ 113.534572392000086, -26.337917853999954 ], [ 113.539700273000108, -26.400554978999935 ], [ 113.546372268000027, -26.50805506599994 ], [ 113.56971821500008, -26.569717877999949 ], [ 113.643454153000107, -26.654308883999931 ], [ 113.666654255000026, -26.659445984999934 ], [ 113.674427297000079, -26.65999986099996 ], [ 113.677463390000071, -26.63416398499993 ], [ 113.741927266000062, -26.594164033999959 ], [ 113.784009282000056, -26.603472975999978 ], [ 113.815263387000073, -26.573890892999941 ], [ 113.85581822000006, -26.507500016999927 ], [ 113.863872391000086, -26.484717835999959 ], [ 113.864700355000082, -26.459163927999953 ], [ 113.861372404, -26.336526960999947 ], [ 113.828800328000057, -26.284863926999947 ], [ 113.789145209000026, -26.250554953999938 ], [ 113.743591242000093, -26.226664014999983 ], [ 113.652209218000053, -26.169445958999972 ], [ 113.551227234000066, -26.075000013999954 ], [ 113.532209198000032, -25.989435869999966 ], [ 113.492763291000074, -25.858746073999953 ], [ 113.446636169000044, -25.793890929999975 ], [ 113.403600293000068, -25.737364044999936 ], [ 113.391109246000042, -25.71041790299995 ], [ 113.392491254000106, -25.678335832999949 ], [ 113.398036218000016, -25.65499994399994 ], [ 113.408600266, -25.62819093 ], [ 113.419709305000083, -25.609717885999942 ], [ 113.469436287, -25.540835907999963 ], [ 113.497754212000018, -25.560281922999934 ], [ 113.529709212000057, -25.62360887899996 ], [ 113.591091230000075, -25.712217832999954 ], [ 113.651654169000039, -25.763890924999941 ], [ 113.697409302000096, -25.795208899999977 ], [ 113.734082308000097, -25.889026871999931 ], [ 113.70984519600006, -26.007572967999977 ], [ 113.681918204000112, -26.034863940999969 ], [ 113.684282236000058, -26.119582015999981 ], [ 113.714009326000109, -26.196945976999928 ], [ 113.764845234000063, -26.201182022999944 ], [ 113.798591279000107, -26.168326973999967 ], [ 113.820827294000082, -26.134164012999975 ], [ 113.863309294000032, -26.055690958999946 ], [ 113.878863425000077, -26.028890996999962 ], [ 113.905254182000022, -26.121946047999927 ], [ 113.926936154000032, -26.209446076999939 ], [ 113.93123623800011, -26.263608929999975 ], [ 113.958882269000014, -26.327781953999931 ], [ 114.069291213000042, -26.46166408199997 ], [ 114.194909287000087, -26.372917831999928 ], [ 114.221445219000088, -26.29250000899998 ], [ 114.210127303000036, -26.267090939999946 ], [ 114.191227285000082, -26.253608983999982 ], [ 114.182745134000015, -26.230281979999972 ], [ 114.171854192000069, -26.182635888999982 ], [ 114.195536254000103, -26.031108848999963 ], [ 114.206382269000073, -25.989163960999974 ], [ 114.239700334000077, -26.00139097899995 ], [ 114.256945262000045, -25.970554962999984 ], [ 114.258109340000033, -25.847846078999964 ], [ 114.139427291000061, -25.731945982999946 ], [ 114.053036188000078, -25.652217990999929 ], [ 114.034291235000069, -25.633755004999955 ], [ 113.951663439000072, -25.495555022999952 ], [ 113.91511817300011, -25.431663965999974 ], [ 113.868872364000026, -25.325554938999971 ], [ 113.836927254000102, -25.248608899999965 ], [ 113.806645114000048, -25.181246057999942 ], [ 113.790818237000053, -25.167499904999943 ], [ 113.745527294000112, -25.141108978999966 ], [ 113.701082252000106, -25.122426890999975 ], [ 113.651645116000054, -25.015282027999945 ], [ 113.6111003420001, -24.889164056999959 ], [ 113.60276336600009, -24.844581886999947 ], [ 113.614982336000025, -24.813199873999963 ], [ 113.614145152000106, -24.753746028999956 ], [ 113.604154259000097, -24.733326873999943 ], [ 113.57500032300004, -24.691946088999941 ], [ 113.551654208000059, -24.659999972999969 ], [ 113.504436265000095, -24.606390996999949 ], [ 113.484418268000013, -24.584164033999969 ], [ 113.459436174000075, -24.562226916999975 ], [ 113.425672359000032, -24.525282001999983 ], [ 113.400272342000108, -24.472499983999967 ], [ 113.394436191000068, -24.451946048999957 ], [ 113.38970930000005, -24.429446002999953 ], [ 113.384082361000083, -24.230764051999984 ], [ 113.424427143000116, -24.134446092999951 ], [ 113.446372307000047, -24.011391036999953 ], [ 113.488036233000116, -23.878055073999974 ], [ 113.532209198000032, -23.757226921999973 ], [ 113.601245235000079, -23.630281991999937 ], [ 113.635409202, -23.599026880999929 ], [ 113.671291292000092, -23.586390993999942 ], [ 113.743036192000091, -23.527217942999982 ], [ 113.763045136000073, -23.472772954999982 ], [ 113.76833612900009, -23.441664023999977 ], [ 113.782000307000089, -23.326663976999953 ], [ 113.760272402000055, -23.193890941999939 ], [ 113.782491319000087, -23.10555507 ], [ 113.799145155000019, -23.084999961999927 ], [ 113.813182328000039, -23.055555005999963 ], [ 113.818327308000107, -23.030554973999983 ], [ 113.807482299000071, -22.933326908999959 ], [ 113.800809298000104, -22.913335901999972 ], [ 113.766109225000037, -22.818190906999973 ], [ 113.75304519000008, -22.793890930999964 ], [ 113.736582294000073, -22.767290961999947 ], [ 113.710400246000063, -22.738326959999938 ], [ 113.671100352000053, -22.686108875999935 ], [ 113.656372342000054, -22.604717913999934 ], [ 113.692509241000039, -22.537817920999942 ], [ 113.733318213000075, -22.475282049999976 ], [ 113.799709257000018, -22.334163992999947 ], [ 113.820263360000013, -22.280555015999937 ], [ 113.83777231800002, -22.231664045999935 ], [ 113.863036212000111, -22.153890879999949 ], [ 113.894991212000036, -22.055281979999961 ], [ 113.933318303000078, -21.976108868999972 ], [ 113.996372343000075, -21.880281922999927 ], [ 114.013045122000108, -21.856808905999969 ], [ 114.030272280000077, -21.841663979999964 ], [ 114.089291272000082, -21.81083584299995 ], [ 114.162972392000029, -21.798817869999937 ], [ 114.175954116000071, -21.822781898999949 ], [ 114.155400348000057, -21.846526824999955 ], [ 114.135945113000048, -21.878608894999957 ], [ 114.126645224000072, -21.910281927999961 ], [ 114.077763305000076, -22.174235938999971 ], [ 114.086109334000071, -22.200554946999944 ], [ 114.121372336000036, -22.273335850999956 ], [ 114.141936162000093, -22.301390918999971 ], [ 114.11810020900009, -22.396945956999957 ], [ 114.110263297000074, -22.486526875999971 ], [ 114.13721832400006, -22.521454937999977 ], [ 114.153872327000045, -22.527781932999972 ], [ 114.197745220000115, -22.508890967999946 ], [ 114.372482254000033, -22.442499923999947 ], [ 114.3903362100001, -22.364508996999973 ], [ 114.399991325000087, -22.33555505299995 ], [ 114.408336180000106, -22.314163933999964 ], [ 114.460818293000102, -22.190281918999972 ], [ 114.518054119000112, -22.087226921999957 ], [ 114.625400315000093, -21.922917981999944 ], [ 114.630109268000069, -21.900135801999966 ], [ 114.636227220000023, -21.859164052999972 ], [ 114.651091351000105, -21.840000004999979 ], [ 114.696091275000072, -21.813335829999971 ], [ 114.738872341000047, -21.800835896999956 ], [ 114.839709319, -21.748055052999973 ], [ 114.942754258000036, -21.688682008999933 ], [ 114.981091239000079, -21.687781960999928 ], [ 115.023872305000054, -21.690345984999965 ], [ 115.052754164000021, -21.68110896 ], [ 115.159709261000103, -21.630555018999928 ], [ 115.245527209000102, -21.591945961999954 ], [ 115.336645202000113, -21.566390879999972 ], [ 115.451927217000048, -21.517782043999944 ], [ 115.46970925700009, -21.503608915999962 ], [ 115.496372426000107, -21.472499984999956 ], [ 115.521100214000057, -21.440281960999982 ], [ 115.549427191000063, -21.404445971999962 ], [ 115.61942714700001, -21.331946029999983 ], [ 115.635272297000029, -21.319446097999958 ], [ 115.679982374000019, -21.287499981999929 ], [ 115.736645213000088, -21.267499922999946 ], [ 115.786372363000055, -21.247772945999941 ], [ 115.806509215, -21.236526946999959 ], [ 115.822218242000076, -21.220000012999947 ], [ 115.836927309000089, -21.190555057999973 ], [ 115.862491276000014, -21.145554965999963 ], [ 115.877763439000091, -21.124999856999978 ], [ 115.910545230000025, -21.082635874999937 ], [ 115.925254129000109, -21.069026848999954 ], [ 115.954436228000077, -21.052226832999963 ], [ 115.987491269000088, -21.036390902999983 ], [ 116.008609306000039, -21.029999869999926 ], [ 116.12915415000009, -20.984446069999933 ], [ 116.159854211000038, -20.965835897999966 ], [ 116.171918285000061, -20.945281961999967 ], [ 116.185527310000111, -20.901946013999975 ], [ 116.248872370000072, -20.868890972999964 ], [ 116.309418210000103, -20.861663927999928 ], [ 116.475536132000116, -20.806108841999958 ], [ 116.606300360000091, -20.730064024999933 ], [ 116.707491221000055, -20.649164073999941 ], [ 116.788509189000024, -20.665626969999948 ], [ 116.831927280000059, -20.705972925999959 ], [ 116.87574518800011, -20.717499886999974 ], [ 116.898327208000069, -20.711108853999974 ], [ 116.925818174000028, -20.696945951999965 ], [ 116.950118318000023, -20.677008923999949 ], [ 116.993318311000053, -20.652217936999932 ], [ 117.045400273000041, -20.62791796099998 ], [ 117.066672370000106, -20.621664055999929 ], [ 117.165263332000109, -20.653817874999959 ], [ 117.197554112000034, -20.688190885999973 ], [ 117.267909293000116, -20.717635841999936 ], [ 117.295391374000019, -20.724026874999936 ], [ 117.317209300000059, -20.728055049999966 ], [ 117.342336234000072, -20.730555036999931 ], [ 117.380536255000038, -20.731390879999935 ], [ 117.406236176000107, -20.729854979999971 ], [ 117.481936162000011, -20.716390960999945 ], [ 117.685391271000071, -20.676391010999964 ], [ 117.737763414000028, -20.656390950999935 ], [ 117.831518187000029, -20.618190929999969 ], [ 117.850272360000076, -20.608335823999937 ], [ 117.921918186000084, -20.554582007999954 ], [ 117.933727282000063, -20.529863942999953 ], [ 118.00054513200007, -20.468054950999942 ], [ 118.06915419500001, -20.409999877999951 ], [ 118.138454262000096, -20.36458203199993 ], [ 118.178518250000025, -20.348681896999949 ], [ 118.192200198000023, -20.373473051999952 ], [ 118.234991323000031, -20.374172940999927 ], [ 118.397491280000054, -20.349726952999958 ], [ 118.545254175000082, -20.325281969999935 ], [ 118.657763289000059, -20.331108901999983 ], [ 118.801091319000079, -20.28583589599998 ], [ 118.820545213000059, -20.273335795999969 ], [ 118.949982250000062, -20.116946077999955 ], [ 118.962200215000053, -20.093608847999974 ], [ 118.979882343000099, -20.041317841999955 ], [ 119.080272398000034, -19.968745982999963 ], [ 119.168872300000089, -19.956946106999965 ], [ 119.188872359000015, -19.959446093999929 ], [ 119.365809306000074, -19.999446044999956 ], [ 119.43414511900005, -20.016945949999979 ], [ 119.552627176000101, -20.066664046999961 ], [ 119.581791338000016, -20.070835887999976 ], [ 119.601382360000116, -20.066108996999958 ], [ 119.692745273000014, -20.018335836999938 ], [ 119.720836216000066, -19.998054983999964 ], [ 119.785536294000053, -19.971664058999977 ], [ 120.022491356000046, -19.933055000999957 ], [ 120.164009231000023, -19.916664021999964 ], [ 120.203872389000026, -19.914717910999968 ], [ 120.239563371000031, -19.908755025999938 ], [ 120.337209190000067, -19.878473052999936 ], [ 120.559418306000111, -19.791945995999981 ], [ 120.878591289000042, -19.665272974999937 ], [ 120.911100333000036, -19.650555023999971 ], [ 120.993600221000065, -19.611254961999975 ], [ 121.027482388000067, -19.592226867999955 ], [ 121.076100277000023, -19.557781939999927 ], [ 121.13067233400011, -19.518055070999935 ], [ 121.208036294000067, -19.459163986999954 ], [ 121.233600261000106, -19.438472923999939 ], [ 121.276654242000063, -19.395000014999937 ], [ 121.320263440000076, -19.347217969999974 ], [ 121.333882357000107, -19.332217883999931 ], [ 121.488591335000024, -19.123055032999957 ], [ 121.503600306000067, -19.095835808999936 ], [ 121.55720928300002, -18.993608943999959 ], [ 121.639427203000082, -18.813890880999963 ], [ 121.77734521800005, -18.636799873999962 ], [ 121.764154114, -18.602426861999959 ], [ 121.765000351000026, -18.556108967999933 ], [ 121.800536268000087, -18.480281912999942 ], [ 121.824145239000018, -18.458364074999963 ], [ 121.848872357000118, -18.470272914999953 ], [ 121.889845279000042, -18.47374604099997 ], [ 121.939700336000101, -18.448055003999968 ], [ 121.992754263000052, -18.41 ], [ 122.013600224000015, -18.392217949999974 ], [ 122.028591258, -18.376108937999959 ], [ 122.043054232000031, -18.354999952999947 ], [ 122.066672423000114, -18.317499988999941 ], [ 122.091936150000038, -18.310690865999959 ], [ 122.111645189000114, -18.299446039999964 ], [ 122.128591218000111, -18.288608909999937 ], [ 122.314282393000099, -18.156526878999955 ], [ 122.337491380000074, -18.131390891999956 ], [ 122.355263362000073, -18.100555043999975 ], [ 122.367618287000028, -18.060555092999948 ], [ 122.369709237000052, -18.038335840999935 ], [ 122.36165422800002, -18.005555055999935 ], [ 122.350963446000037, -17.988608858999953 ], [ 122.332209272000114, -17.979446097999983 ], [ 122.252772299000071, -17.958335939999927 ], [ 122.211100327000054, -17.893608871999959 ], [ 122.19984527500003, -17.70458203499993 ], [ 122.191363292, -17.68597303599995 ], [ 122.176372425000068, -17.663055068999938 ], [ 122.146791348000079, -17.582635903999972 ], [ 122.140827288000082, -17.558054966999975 ], [ 122.138600217000089, -17.518472937999945 ], [ 122.14388232400006, -17.363055017999955 ], [ 122.174991255, -17.243326906999982 ], [ 122.256654126000058, -17.107781976999945 ], [ 122.284700310000062, -17.080835834999959 ], [ 122.362491245000115, -17.010835878999956 ], [ 122.379154133000043, -16.996108874999948 ], [ 122.399427275000107, -16.981945972999938 ], [ 122.447409312000104, -16.954163987999948 ], [ 122.524427268000068, -16.95666397399998 ], [ 122.574291377, -16.953326802999982 ], [ 122.527063376000115, -16.864726900999926 ], [ 122.523882276000109, -16.844717956999943 ], [ 122.566509283000073, -16.789863932999936 ], [ 122.593936212000017, -16.779308936999939 ], [ 122.616154122000012, -16.79971786599998 ], [ 122.639709282000013, -16.799726917999976 ], [ 122.676654197000062, -16.788054949999946 ], [ 122.752209343000118, -16.762217900999929 ], [ 122.762209288, -16.733608956999944 ], [ 122.736572399000011, -16.697426962999941 ], [ 122.760554198000023, -16.600554960999943 ], [ 122.788663413000108, -16.569235811999931 ], [ 122.817209326000011, -16.568755025999963 ], [ 122.84137234100001, -16.558755079999969 ], [ 122.894291319000104, -16.502363981999963 ], [ 122.894427274, -16.476108843999953 ], [ 122.899427246000073, -16.447291022999934 ], [ 122.92025426400005, -16.414581986999963 ], [ 122.991654166000103, -16.389717908999955 ], [ 123.060245123000072, -16.455555075999939 ], [ 123.039082327000074, -16.481317861999969 ], [ 123.011936192, -16.475417839999977 ], [ 122.989491299000065, -16.475973056999976 ], [ 122.956227213000034, -16.58680897499994 ], [ 122.977209296000069, -16.628054978999955 ], [ 123.019709234000061, -16.67027294899998 ], [ 123.068309185000089, -16.695554948999927 ], [ 123.096100223, -16.716108883999937 ], [ 123.116382250000015, -16.792782007999961 ], [ 123.204709237000088, -16.952217876999953 ], [ 123.307745123000018, -17.137500014999944 ], [ 123.374418301000105, -17.246946045999948 ], [ 123.434709331000022, -17.342782044999979 ], [ 123.478045279000071, -17.409164035999936 ], [ 123.535809333000088, -17.494164077999926 ], [ 123.553445192000027, -17.51499998 ], [ 123.575272339000094, -17.597499867999943 ], [ 123.583736217000023, -17.586599873999944 ], [ 123.594018298000037, -17.509726924999939 ], [ 123.56817236400002, -17.469999888999951 ], [ 123.559982239000078, -17.445826814999975 ], [ 123.563600203000078, -17.36721797499996 ], [ 123.619009277000032, -17.206108909999955 ], [ 123.574009186000012, -17.072917953999934 ], [ 123.576518225000086, -17.03007301699995 ], [ 123.592618185000106, -16.99666392499995 ], [ 123.655754200000047, -16.994790904999945 ], [ 123.727482337000083, -17.06666404799995 ], [ 123.764982301000032, -17.118608881999933 ], [ 123.782491259000039, -17.14249998799994 ], [ 123.855818327000065, -17.206390876999933 ], [ 123.891445271000066, -17.221245956999951 ], [ 123.91602721400011, -17.20826406499998 ], [ 123.877563331000033, -17.190963984999939 ], [ 123.831927221000115, -17.136182044999941 ], [ 123.803036141, -17.039445996999973 ], [ 123.796372361000067, -16.997981894999953 ], [ 123.836927194000054, -16.94389095899993 ], [ 123.891663368000081, -16.893335844999967 ], [ 123.858318313000041, -16.876390989999948 ], [ 123.782209291000072, -16.898890867999967 ], [ 123.766372356000034, -16.888190865999945 ], [ 123.754172328000095, -16.869717821999927 ], [ 123.717754132000096, -16.788054949999946 ], [ 123.607754225, -16.673335864999956 ], [ 123.613600268000027, -16.564163921999977 ], [ 123.544563393000089, -16.568335930999979 ], [ 123.501372284000013, -16.565972904999967 ], [ 123.458882237000012, -16.537781881999933 ], [ 123.425182292000045, -16.499508938999952 ], [ 123.49331828000004, -16.497217828999965 ], [ 123.563027217000013, -16.515555085999949 ], [ 123.617336250000108, -16.53139101599993 ], [ 123.641100286000096, -16.529446078999968 ], [ 123.708882391000088, -16.430281961999981 ], [ 123.71748239100009, -16.378891004999957 ], [ 123.707482277000054, -16.340135933999932 ], [ 123.679427209000096, -16.332781986999976 ], [ 123.595745138000098, -16.319099871999981 ], [ 123.560254148000013, -16.288335939999968 ], [ 123.557200285000022, -16.200554949999969 ], [ 123.570900338000115, -16.17166403799996 ], [ 123.603182233000098, -16.156255082999962 ], [ 123.726236283000048, -16.138608996999949 ], [ 123.806400302000043, -16.198990886999979 ], [ 123.783863376000113, -16.246108916999958 ], [ 123.73270023900011, -16.259517950999964 ], [ 123.839154265000047, -16.368055047999974 ], [ 123.891372349000108, -16.378891004999957 ], [ 123.89277229400011, -16.33986402499994 ], [ 123.964427173000104, -16.245555040999932 ], [ 124.086245228000053, -16.262499896999941 ], [ 124.113036137000108, -16.273335853999981 ], [ 124.139972389000036, -16.285281909999981 ], [ 124.166372367, -16.302500014999964 ], [ 124.182482385000071, -16.338608918999967 ], [ 124.202554193000083, -16.385208947999956 ], [ 124.229845167, -16.404235867999944 ], [ 124.333027234000042, -16.409863980999944 ], [ 124.343863358000021, -16.392081940999958 ], [ 124.384363373000042, -16.352781878999963 ], [ 124.414991350000037, -16.366108936999979 ], [ 124.475809266000056, -16.395835859999977 ], [ 124.578600233000088, -16.405555011999979 ], [ 124.664700317000097, -16.393890922999958 ], [ 124.729145250000101, -16.384863948999964 ], [ 124.762272375000066, -16.389655044999927 ], [ 124.83581821100006, -16.429999994999946 ], [ 124.847491353, -16.428890900999932 ], [ 124.893045153000116, -16.406699979999928 ], [ 124.840818184000113, -16.403817945999947 ], [ 124.815263438000102, -16.399999989999969 ], [ 124.749154194000084, -16.375826915999937 ], [ 124.697345147000078, -16.346872972999961 ], [ 124.615254128000061, -16.327782014999968 ], [ 124.562345209000114, -16.324164049999979 ], [ 124.502491379000048, -16.33541792799997 ], [ 124.479982281000048, -16.347499938999931 ], [ 124.417900206000013, -16.347499938999931 ], [ 124.400545140000077, -16.329445989999954 ], [ 124.382200339000065, -16.282499955999981 ], [ 124.3760823880001, -16.221946069999944 ], [ 124.391936255000019, -16.172363926999935 ], [ 124.43054514500011, -16.10249992599995 ], [ 124.47083628300004, -16.093335822999961 ], [ 124.499709258000053, -16.143890936999981 ], [ 124.51873617800004, -16.163608861999933 ], [ 124.593045270000061, -16.114164014999972 ], [ 124.58527239600005, -16.022781990999931 ], [ 124.601645270000063, -15.956108980999943 ], [ 124.614700252000034, -15.918608848999952 ], [ 124.665263413000048, -15.86305493499998 ], [ 124.726718186000085, -15.808954946999961 ], [ 124.697745132000023, -15.793608855999935 ], [ 124.670118211000045, -15.78694608099994 ], [ 124.616218215000117, -15.802290998999979 ], [ 124.577209340000081, -15.85471795899997 ], [ 124.560809309000092, -15.880835801999979 ], [ 124.550809195000056, -15.899445973999946 ], [ 124.534709236000026, -15.936390888999938 ], [ 124.487763369000049, -15.937217846999943 ], [ 124.40020030900007, -15.864299982999967 ], [ 124.377472275000059, -15.731946043999926 ], [ 124.371927311000036, -15.668335947999935 ], [ 124.457263300000022, -15.478264054999954 ], [ 124.488936165000041, -15.46520890599993 ], [ 124.538663315, -15.490835903999937 ], [ 124.581791224000085, -15.516808907999973 ], [ 124.606645243000116, -15.507499965999955 ], [ 124.656372393000083, -15.479717979999975 ], [ 124.674145213000088, -15.454999914999973 ], [ 124.660809269000083, -15.342781989999935 ], [ 124.663318308000044, -15.263055002999977 ], [ 124.705272416000071, -15.253335850999974 ], [ 124.912491336000016, -15.356108879999965 ], [ 124.941782232000037, -15.37958189699998 ], [ 124.993727233000072, -15.431808865999926 ], [ 125.181809262000115, -15.520682017999945 ], [ 125.176991344000044, -15.506946089999929 ], [ 125.119709250000028, -15.462782009999955 ], [ 125.101382386000068, -15.450554991999979 ], [ 125.076372295000056, -15.430417972999976 ], [ 125.071100246000015, -15.407781971999952 ], [ 125.096300270000029, -15.345072930999947 ], [ 125.118600324000113, -15.32319096699996 ], [ 125.097345158000053, -15.301808899999969 ], [ 125.011382371000082, -15.300554966999982 ], [ 124.986363396000115, -15.309445986999947 ], [ 124.961236294000059, -15.321246029999941 ], [ 124.912100236000015, -15.336008908999929 ], [ 124.900754157000051, -15.278890931999968 ], [ 124.93747242500001, -15.228335818999938 ], [ 124.97581829100011, -15.210626868999952 ], [ 125.004363365000017, -15.22812694199996 ], [ 125.044254183000021, -15.161564068999951 ], [ 125.012772426000083, -15.153608971999972 ], [ 124.930118311000115, -15.201946066999938 ], [ 124.881772331000093, -15.237355081999965 ], [ 124.85442721000004, -15.236108859999945 ], [ 124.824854179000113, -15.16028197299994 ], [ 124.856936249000114, -15.120282021999969 ], [ 124.900536227000089, -15.100417916999959 ], [ 124.959154229000092, -15.117217933999939 ], [ 124.980272434000085, -15.110835784999949 ], [ 125.032900225000049, -15.074717828999951 ], [ 125.018336165000051, -15.040835828999946 ], [ 125.078327291000051, -14.999717899999951 ], [ 125.147218321000082, -15.151390952999975 ], [ 125.164709341000048, -15.162364037999964 ], [ 125.174563442000021, -15.11944601099998 ], [ 125.161927220000052, -15.079717968999944 ], [ 125.161654137000028, -15.03389091899993 ], [ 125.221100271000068, -15.06249986399996 ], [ 125.249154166000039, -15.079717968999944 ], [ 125.279291299000079, -15.101182011999981 ], [ 125.281791285000054, -15.13708203799996 ], [ 125.321654108000075, -15.156046093999976 ], [ 125.414836229000116, -15.151526906999948 ], [ 125.43477241800008, -15.133126953999977 ], [ 125.417136223000057, -15.119164043999945 ], [ 125.387000264000108, -15.121872906999954 ], [ 125.360191249000081, -15.098746062999965 ], [ 125.389972319000094, -15.070835833999979 ], [ 125.364991230000101, -15.052781884999945 ], [ 125.281100281000022, -14.995554943999934 ], [ 125.182891365000046, -14.948335827999927 ], [ 125.216100298000015, -14.9105550699999 ], [ 125.24304526700007, -14.901946016999943 ], [ 125.201100212000028, -14.853472967999949 ], [ 125.136027306000074, -14.747426804999975 ], [ 125.243318182000053, -14.598055086999977 ], [ 125.265000321000116, -14.577217842999971 ], [ 125.336109203000092, -14.523054990999981 ], [ 125.388318234000053, -14.544999986999926 ], [ 125.553027158000077, -14.55597290399993 ], [ 125.588882258000012, -14.549446083999953 ], [ 125.594709189000014, -14.492499935999945 ], [ 125.599427195000089, -14.426946076999968 ], [ 125.579991238000048, -14.308890993999967 ], [ 125.584718296000119, -14.261108948999947 ], [ 125.592754194, -14.241663938999977 ], [ 125.6183183280001, -14.222426800999926 ], [ 125.728672287000109, -14.273190958999976 ], [ 125.706791328, -14.339582002999975 ], [ 125.642245142000093, -14.630099940999969 ], [ 125.660809213000107, -14.611663944999975 ], [ 125.705127185000038, -14.483190993999926 ], [ 125.713045234000106, -14.438054948999934 ], [ 125.722791376000032, -14.404308902999958 ], [ 125.843036147000021, -14.464863962999971 ], [ 125.824991251000029, -14.572500004999938 ], [ 125.84388238400004, -14.607364028999939 ], [ 125.902772295000091, -14.643608886999971 ], [ 125.90886342400006, -14.645281914999941 ], [ 125.923863343000107, -14.617499928999962 ], [ 125.990954108000096, -14.547217837999938 ], [ 126.037618174000045, -14.515208858999927 ], [ 126.066382352000119, -14.344164053999975 ], [ 126.143318332000035, -14.19249988599995 ], [ 126.146654162000118, -14.129999888999976 ], [ 126.081509340000025, -13.965899993999926 ], [ 126.053591232000031, -13.951664001999973 ], [ 126.01759129300001, -13.92652684199993 ], [ 126.067491277000045, -13.915554930999974 ], [ 126.148036170000069, -13.927499980999926 ], [ 126.217482250000103, -13.96194608299993 ], [ 126.208863307000115, -14.037291010999979 ], [ 126.184427209000091, -14.04833584499994 ], [ 126.157272357000011, -14.059099884999966 ], [ 126.191645201000028, -14.168399902999965 ], [ 126.234136253000088, -14.179717818999961 ], [ 126.280209228000103, -14.215135885999928 ], [ 126.287772387000018, -14.233055053999976 ], [ 126.313309196000091, -14.193608978999976 ], [ 126.294572290000019, -14.140555052999957 ], [ 126.309136182000088, -14.089446062999968 ], [ 126.33415415200011, -14.050417909999965 ], [ 126.431372326000087, -13.974999891999971 ], [ 126.502491266000106, -13.964717977999953 ], [ 126.49109137500011, -14.009164025999951 ], [ 126.455336188000047, -14.07753588099996 ], [ 126.568327260000046, -14.220554953999965 ], [ 126.600536232000081, -14.229717882999978 ], [ 126.703882249000117, -14.123745983999981 ], [ 126.789145147000113, -13.971390978999978 ], [ 126.761936148000018, -13.839446076999934 ], [ 126.745954206000079, -13.795417950999934 ], [ 126.857900223000115, -13.750972908999927 ], [ 126.955836224000109, -13.72820883299994 ], [ 127.017763401000025, -13.776390862999961 ], [ 127.074745255000039, -13.848572962999981 ], [ 127.057545255000036, -13.88631784699993 ], [ 127.128418270000111, -13.971490891999963 ], [ 127.153591304000088, -13.932781920999957 ], [ 127.154163453000024, -13.899999962999971 ], [ 127.241927176000104, -13.896390882999981 ], [ 127.355554268000105, -13.929446091999978 ], [ 127.425254151000104, -13.954026860999932 ], [ 127.451236207000079, -13.993335807999927 ], [ 127.521100208, -14.08610889199997 ], [ 127.658036199000094, -14.175972951999938 ], [ 127.73165412000003, -14.267781949999971 ], [ 127.760536147000039, -14.300555022999959 ], [ 127.779163418000053, -14.335281918999954 ], [ 127.873309290000066, -14.473335887999951 ], [ 127.957200238000041, -14.581663939999942 ], [ 127.982618192000018, -14.573890897999945 ], [ 128.000118265000083, -14.560690909999948 ], [ 128.031372370000099, -14.583055000999934 ], [ 128.123427293000077, -14.656255 ], [ 128.169436230000088, -14.70278193799993 ], [ 128.182736299000112, -14.741663910999932 ], [ 128.188291321000065, -14.800281912999935 ], [ 128.139982390000114, -14.867772996999975 ], [ 128.087736143000029, -15.025282033999929 ], [ 128.06940927900007, -15.100835838999956 ], [ 128.069882354000015, -15.13624602699997 ], [ 128.079727235000064, -15.206082032999973 ], [ 128.073027244000059, -15.396526920999975 ], [ 128.06317230500008, -15.431664025999964 ], [ 128.053318205000096, -15.451946052999972 ], [ 128.031782245000045, -15.472635942999943 ], [ 128.020845203000022, -15.498226898999974 ], [ 128.043582289000028, -15.491390953999939 ], [ 128.068982305000077, -15.471799931999954 ], [ 128.08607233500004, -15.453190932999973 ], [ 128.097045252000044, -15.434308851999958 ], [ 128.105809203000035, -15.402782 ], [ 128.113863374000061, -15.34305507199997 ], [ 128.118836189000035, -15.290555020999932 ], [ 128.11813630000006, -15.248663944999976 ], [ 128.13213625800006, -15.214055066999947 ], [ 128.181718233000083, -15.233408881999935 ], [ 128.222027308000065, -15.272908935999965 ], [ 128.257618210000032, -15.305973028999972 ], [ 128.264572340000086, -15.351181997999959 ], [ 128.287182356000017, -15.400690881999935 ], [ 128.292754143000025, -15.342217886999947 ], [ 128.291918299000031, -15.303755009999975 ], [ 128.284972384000071, -15.281108951999954 ], [ 128.246382269000037, -15.222599914999932 ], [ 128.224409277000063, -15.190555059999951 ], [ 128.192109278000089, -15.065208894999955 ], [ 128.204682301000048, -15.038055048999979 ], [ 128.220791313000063, -15.014863998999942 ], [ 128.306291252000051, -14.912781973999927 ], [ 128.326282258000106, -14.916463975999932 ], [ 128.328445292000083, -14.948190987999965 ], [ 128.34038229600003, -15.019163914999979 ], [ 128.353009298000075, -15.044235863999972 ], [ 128.448291253000093, -15.047082022999973 ], [ 128.458236213000077, -15.001664009999956 ], [ 128.429900351000015, -14.958335940999973 ], [ 128.418582268000023, -14.931946021999977 ], [ 128.409427218000019, -14.904581957999937 ], [ 128.387682381000104, -14.799999945999957 ], [ 128.510254137000061, -14.764163956999937 ], [ 128.535963446000096, -14.758472979999965 ], [ 128.658018206000065, -14.782499872999949 ], [ 128.902772294000101, -14.840272978999963 ], [ 128.999972363000097, -14.871082004999948 ], [ 129.063872305000018, -14.887499973999979 ], [ 129.089418335000119, -14.899446029999979 ], [ 129.185527248000085, -14.979999975999931 ], [ 129.174409324000067, -15.162499991999937 ], [ 129.191072380000037, -15.182499883999981 ], [ 129.256382326000107, -15.104163957999958 ], [ 129.237745164000103, -15.001526881999951 ], [ 129.218427224000038, -14.86139101599997 ], [ 129.229618239000047, -14.839235801999962 ], [ 129.33274515200003, -14.867217947999961 ], [ 129.462036177000073, -14.930554960999928 ], [ 129.486772347000056, -14.949026831999959 ], [ 129.631300330000045, -15.10749995499998 ], [ 129.668591250000077, -15.1547269499999 ], [ 129.676609211000027, -15.203226821999976 ], [ 129.731963299000085, -15.182190926999965 ], [ 129.695800248000069, -15.130972971999938 ], [ 129.663454149000017, -15.095499919999952 ], [ 129.626482244000044, -15.021664069999929 ], [ 129.613918274000071, -14.946945939999978 ], [ 129.636445142000071, -14.90501781699993 ], [ 129.643809315000112, -14.87274598099998 ], [ 129.647336252000059, -14.837772991999941 ], [ 129.697209246000057, -14.853890888999956 ], [ 129.801572323000073, -14.863955039999951 ], [ 129.864682355000014, -14.843054931999973 ], [ 129.928863426000021, -14.79 ], [ 129.944427279000024, -14.767781920999937 ], [ 129.805545178000102, -14.814999863999958 ], [ 129.765827194000053, -14.82270886799995 ], [ 129.7188541700001, -14.79680895499996 ], [ 129.675382268000021, -14.766046028999938 ], [ 129.603572324000083, -14.674446075999981 ], [ 129.586563430000069, -14.628054923999969 ], [ 129.623782266000035, -14.610390901999949 ], [ 129.647582344000057, -14.609054993999962 ], [ 129.670245167000076, -14.609217937999972 ], [ 129.70342727700006, -14.601945966999949 ], [ 129.768736217000082, -14.557363964999979 ], [ 129.772754166000027, -14.535590964999926 ], [ 129.712463304000039, -14.558890979999944 ], [ 129.659900222000033, -14.572181995999927 ], [ 129.590518180000117, -14.568055081999944 ], [ 129.540118299000028, -14.550281926999958 ], [ 129.454954139000051, -14.503054931999941 ], [ 129.358509279000032, -14.413681882999981 ], [ 129.370236232000025, -14.333335808999948 ], [ 129.430545199000107, -14.222217923999949 ], [ 129.492463323000038, -14.142226906999952 ], [ 129.581082336, -14.08610889199997 ], [ 129.696363345, -14.023190972999942 ], [ 129.713854197000046, -14.013335866999967 ], [ 129.732727226000065, -13.994717815999934 ], [ 129.746609334000027, -13.964163934999931 ], [ 129.787472286000025, -13.74416395399993 ], [ 129.782336191000013, -13.698473025999931 ], [ 129.788572327000111, -13.668054931999961 ], [ 129.828854245000116, -13.516945980999935 ], [ 129.899900262000074, -13.445035788999974 ], [ 129.909500223, -13.507917832999965 ], [ 129.944136259000061, -13.527364015999979 ], [ 129.963863403000119, -13.530835799999977 ], [ 129.993045167000105, -13.526263974999949 ], [ 130.041172379000045, -13.509863942999971 ], [ 130.114963302000092, -13.462499986999944 ], [ 130.164154177000114, -13.429163984999946 ], [ 130.264436273000115, -13.325282028999936 ], [ 130.254700357000047, -13.28805498 ], [ 130.192045128000018, -13.204026902999942 ], [ 130.157882334000078, -13.176390929999968 ], [ 130.12403620900011, -13.169235801999946 ], [ 130.115782381000031, -13.147635804999936 ], [ 130.115509299000109, -13.066663937999976 ], [ 130.124545158000046, -12.970273056999929 ], [ 130.140700271000014, -12.925926921999974 ], [ 130.182191362000026, -12.907917899999973 ], [ 130.196000213000048, -12.933335853999949 ], [ 130.225727303000099, -12.94673583499997 ], [ 130.263182340000071, -12.938755089999972 ], [ 130.294982275000052, -12.920135864999963 ], [ 130.327609336000023, -12.894026906999954 ], [ 130.340791388000071, -12.876108912999939 ], [ 130.353009353000061, -12.83874607599995 ], [ 130.353854249000051, -12.739791003999926 ], [ 130.343982378000078, -12.706108995999955 ], [ 130.354418183, -12.672635865999951 ], [ 130.509000259000118, -12.60444606599998 ], [ 130.554718177000041, -12.663346034999961 ], [ 130.600800372000094, -12.707363934999933 ], [ 130.627445269000077, -12.710835886999973 ], [ 130.688827287000095, -12.701072980999982 ], [ 130.644436225000049, -12.681108963999975 ], [ 130.604127317, -12.676664040999981 ], [ 130.586963358000048, -12.629835855999943 ], [ 130.575518205000094, -12.570899844999929 ], [ 130.591063450000092, -12.534726903999967 ], [ 130.602327219000017, -12.506808962999969 ], [ 130.609327282000095, -12.427155066999944 ], [ 130.579272292000041, -12.40465502099994 ], [ 130.594272378000028, -12.389863978999927 ], [ 130.628445230000011, -12.385135914999978 ], [ 130.656100313000024, -12.389163922999956 ], [ 130.770400304000077, -12.429581962999976 ], [ 130.896363378000046, -12.640281886999958 ], [ 130.896636292000039, -12.607499927999982 ], [ 130.954127264000022, -12.536390878999953 ], [ 130.847672399000089, -12.462426953999966 ], [ 130.815800212000113, -12.44472688899998 ], [ 130.825809210000102, -12.406390912999939 ], [ 130.847182393000026, -12.373055077999936 ], [ 130.885800336000102, -12.354163944999982 ], [ 130.926091306000103, -12.348191000999975 ], [ 130.979400210000108, -12.35528192299995 ], [ 131.026918226000021, -12.358335785999941 ], [ 131.036100265000073, -12.326663925999981 ], [ 131.02636334400006, -12.24069091299998 ], [ 131.003018234000024, -12.20770896199997 ], [ 130.998454120000019, -12.186808853999935 ], [ 131.02431832700006, -12.149581971999964 ], [ 131.114063364000117, -12.153681895999966 ], [ 131.172763341000064, -12.193335841999954 ], [ 131.213291352000056, -12.217499862999944 ], [ 131.344118276000017, -12.223608928999965 ], [ 131.370791336000025, -12.247782002999941 ], [ 131.414554259000056, -12.278190876999929 ], [ 131.436354248000043, -12.289163961999975 ], [ 131.459972439000012, -12.295135899999934 ], [ 131.492600339000091, -12.297217964999959 ], [ 131.67553621400009, -12.288335829999937 ], [ 131.7365003110001, -12.282499845999951 ], [ 131.774427249000041, -12.274726803999954 ], [ 131.93150026, -12.268054976999963 ], [ 131.975254130000053, -12.286663975999943 ], [ 132.062663298000075, -12.309099983999943 ], [ 132.223572370000056, -12.199999957999978 ], [ 132.360927289000074, -12.202363989999981 ], [ 132.384154213000102, -12.231391023999947 ], [ 132.417345209000018, -12.307155046999981 ], [ 132.396227171000078, -12.333817880999959 ], [ 132.384018259000072, -12.358745995999982 ], [ 132.383609222000018, -12.379999987999952 ], [ 132.406218232000015, -12.359999928999969 ], [ 132.437618183000041, -12.325555000999941 ], [ 132.444700220000072, -12.302081983999926 ], [ 132.434354269000096, -12.253308861999926 ], [ 132.427354207, -12.228390972999932 ], [ 132.424563368, -12.185555088999934 ], [ 132.444354215000089, -12.150282028999982 ], [ 132.578154201000075, -12.10291790499997 ], [ 132.601336198000013, -12.117291024999929 ], [ 132.682736213000112, -12.140554997999971 ], [ 132.716282266, -12.145972891999975 ], [ 132.748991302000036, -12.135417896999968 ], [ 132.709827194000013, -12.130626800999949 ], [ 132.638454115000059, -12.078608876999965 ], [ 132.627591336000023, -12.032781994999937 ], [ 132.62466337, -11.808890966999968 ], [ 132.63498233100006, -11.744999909999933 ], [ 132.646363447000113, -11.728335847999972 ], [ 132.691500331000043, -11.658190884999954 ], [ 132.658036253000091, -11.635691006999934 ], [ 132.540254252000068, -11.547499974999937 ], [ 132.489963336000073, -11.476945974999978 ], [ 132.448436202000039, -11.451390892999939 ], [ 132.396363293000036, -11.440835897999932 ], [ 132.37274526900012, -11.437782034999941 ], [ 132.229536262000011, -11.461255051999956 ], [ 132.162472319000017, -11.492082015999927 ], [ 132.105809313, -11.526390989999982 ], [ 132.086772334000102, -11.524726846999954 ], [ 132.062609319000103, -11.510555059999945 ], [ 131.990236279000101, -11.429717973999971 ], [ 131.970582392000097, -11.364372991999971 ], [ 131.902772292, -11.322772935999978 ], [ 131.865245170000094, -11.309163909999938 ], [ 131.830382320000012, -11.313208848999977 ], [ 131.79705419700008, -11.321664009999949 ], [ 131.770954124000014, -11.317635834999976 ], [ 131.764263353000047, -11.306690912999954 ], [ 131.772763442000041, -11.295281969999962 ], [ 131.87411825300012, -11.177226885999971 ], [ 131.98432720400001, -11.127426813999932 ], [ 132.00524525000003, -11.135835874999941 ], [ 132.090236239000092, -11.229999851999935 ], [ 132.16593622500011, -11.406455006999977 ], [ 132.204954152000028, -11.409726798999941 ], [ 132.235509206000074, -11.355281979999972 ], [ 132.19247232400005, -11.222217924999939 ], [ 132.170254246000013, -11.191390961999957 ], [ 132.14668232300005, -11.140000003999944 ], [ 132.181227163000017, -11.131799987999955 ], [ 132.276091364000081, -11.163608975999978 ], [ 132.340518193000094, -11.130135844999927 ], [ 132.458591381000019, -11.218054968999979 ], [ 132.503445292000038, -11.264445952999949 ], [ 132.513600303000089, -11.308472905999963 ], [ 132.649700282000026, -11.490281917999937 ], [ 132.671982399000058, -11.508126822999941 ], [ 132.726345243000083, -11.519517828999938 ], [ 132.772491309000088, -11.483890884999937 ], [ 132.834136183000055, -11.40028190299995 ], [ 132.874682299000028, -11.333363972999962 ], [ 132.918027300000062, -11.336946062999971 ], [ 132.94247228200004, -11.361946094999951 ], [ 132.996509239000034, -11.419717859999935 ], [ 133.051909260000116, -11.502499882999928 ], [ 133.073227290000091, -11.559863951999944 ], [ 133.099118318000023, -11.610835814999973 ], [ 133.146236181000063, -11.687782020999975 ], [ 133.161909334000029, -11.70360889799997 ], [ 133.183045142000083, -11.716664047999927 ], [ 133.204409272000021, -11.72499985099995 ], [ 133.238282387000027, -11.73499996399994 ], [ 133.251372405000097, -11.736946073999945 ], [ 133.307463430000098, -11.699445941999954 ], [ 133.356691354000077, -11.701417868999954 ], [ 133.407200367000087, -11.774172955999973 ], [ 133.548854196000093, -11.83278190599998 ], [ 133.616772422000054, -11.83458200299998 ], [ 133.665254189000052, -11.819445961999975 ], [ 133.762209339000037, -11.767635909999967 ], [ 133.783600291000084, -11.74860899 ], [ 133.799427169000069, -11.718335901999978 ], [ 133.83218230500006, -11.717499890999932 ], [ 133.908327202, -11.736108889999969 ], [ 133.919436241000085, -11.76722687299997 ], [ 133.8501003, -11.806108845999972 ], [ 133.834882284000059, -11.82979090699996 ], [ 133.839400297000111, -11.85416397299997 ], [ 133.871063440000057, -11.882772916999954 ], [ 133.942672386000027, -11.912290962999975 ], [ 133.998091350000095, -11.886455087999934 ], [ 134.015118181000048, -11.864299872999936 ], [ 134.027345198000035, -11.847917945999939 ], [ 134.050400294000042, -11.844445994999944 ], [ 134.185518250000086, -11.946390891999954 ], [ 134.173854161, -11.965835901999981 ], [ 134.187745154000027, -12.046108885999956 ], [ 134.206636287000038, -12.061664021999945 ], [ 134.36996337100004, -12.037781967999933 ], [ 134.39471831600008, -12.050281899999959 ], [ 134.42108225100003, -12.058754997999927 ], [ 134.494554159000018, -12.067500005999932 ], [ 134.516082407000113, -12.066663994999942 ], [ 134.598572404000038, -12.056390965999981 ], [ 134.67268234200003, -12.001181884999937 ], [ 134.771382270000117, -11.995835906999957 ], [ 134.801363332000051, -12.043335816999956 ], [ 134.870654179000098, -12.131663977999949 ], [ 134.906918315000098, -12.14139100899996 ], [ 134.997191245000067, -12.196390877999931 ], [ 135.083863309000094, -12.26666391599997 ], [ 135.192472323000061, -12.276945996999928 ], [ 135.231354128000021, -12.294446069999935 ], [ 135.226072355000042, -12.275554935999935 ], [ 135.24190929100007, -12.223890896999933 ], [ 135.266936313000087, -12.17194606299995 ], [ 135.328309279000109, -12.111663917999977 ], [ 135.379672408000033, -12.09027296599993 ], [ 135.419491310000012, -12.102008971999965 ], [ 135.437809289000029, -12.115281882999966 ], [ 135.586091359000079, -12.09833585399997 ], [ 135.662754257000074, -12.037217865999935 ], [ 135.639282246000107, -12.024655068999948 ], [ 135.612182379000046, -12.039717851999967 ], [ 135.582536258000118, -12.057782026999973 ], [ 135.572400358000095, -12.033055076999972 ], [ 135.59322720800003, -11.957708975999935 ], [ 135.685791247000111, -11.933335909999926 ], [ 135.708454237000069, -11.935973024999953 ], [ 135.73315419700009, -11.940835869999944 ], [ 135.753536304000022, -11.935055038999963 ], [ 135.838009292000038, -11.872499888999926 ], [ 135.880463464000059, -11.834999924999977 ], [ 135.88226339400012, -11.794581884999957 ], [ 135.876345267000033, -11.764790923999954 ], [ 135.912754243000109, -11.765555018999976 ], [ 135.935391249000077, -11.784863905999941 ], [ 135.946627190000072, -11.804163908999953 ], [ 135.916382266000028, -11.852499997999928 ], [ 135.855527302000041, -11.894446058999961 ], [ 135.746000302000084, -11.99450888399997 ], [ 135.788300247000052, -12.043608898999935 ], [ 135.6734452070001, -12.159508994999953 ], [ 135.669145291000063, -12.190835855999978 ], [ 135.674700313000017, -12.214581954999971 ], [ 135.688718208000068, -12.237499921999927 ], [ 135.735509344000093, -12.280835870999965 ], [ 135.786363357000027, -12.25875508799993 ], [ 135.801227321000056, -12.218335873999933 ], [ 135.883572312000069, -12.151808875999961 ], [ 136.023036284000113, -12.11194605299994 ], [ 135.938091228000076, -12.217254943999933 ], [ 135.971836267000072, -12.26770897199998 ], [ 135.998718204000056, -12.264163929999938 ], [ 136.015682338000033, -12.245835892999935 ], [ 136.045945199000016, -12.234026796999956 ], [ 136.063472429000058, -12.264126881999971 ], [ 135.983154183000011, -12.377917922999927 ], [ 136.010527300000035, -12.44472688899998 ], [ 136.034145156000022, -12.469717867999975 ], [ 136.039700346000018, -12.47166397899997 ], [ 136.049136190000013, -12.459999889999949 ], [ 136.081082305000109, -12.445555020999961 ], [ 136.156845155000042, -12.437635798999963 ], [ 136.17101828300008, -12.461181905999979 ], [ 136.240154232, -12.454999916999952 ], [ 136.293727166000053, -12.41430896199995 ], [ 136.349118303000068, -12.291108898999937 ], [ 136.363918229000092, -12.23971794199997 ], [ 136.337463434000028, -12.20569093499995 ], [ 136.312618299000064, -12.206390991999967 ], [ 136.290391336000084, -12.213473028999942 ], [ 136.242954123000118, -12.217155031999937 ], [ 136.181918277000022, -12.191526859999954 ], [ 136.17774526300002, -12.166946089999954 ], [ 136.281645155000092, -12.06555506899997 ], [ 136.45108231100005, -11.954163933999951 ], [ 136.562191311000106, -11.934446009999931 ], [ 136.539154153000027, -12.009726899999976 ], [ 136.601900242000056, -12.183054934999973 ], [ 136.615782350000018, -12.20666390599996 ], [ 136.673236274000033, -12.28451787299997 ], [ 136.718563427000049, -12.283399894999945 ], [ 136.757200312, -12.256254933999969 ], [ 136.754054249000092, -12.234299878999934 ], [ 136.72273627300001, -12.215973015999964 ], [ 136.688309282000091, -12.210899952999966 ], [ 136.694000259000063, -12.191526859999954 ], [ 136.775409327000034, -12.171735844999944 ], [ 136.876400364000119, -12.22270888099996 ], [ 136.931091276000075, -12.283608938999976 ], [ 136.978363366000053, -12.358163956999931 ], [ 136.957454206000079, -12.381663963999927 ], [ 136.803863373000013, -12.477499961999968 ], [ 136.745236151000086, -12.544163920999949 ], [ 136.643582274000096, -12.704164058999936 ], [ 136.620791376000057, -12.825281889999928 ], [ 136.494418259000099, -12.779163987999937 ], [ 136.484345223000105, -12.845945963999952 ], [ 136.546082299000091, -12.958054924999942 ], [ 136.545254167000053, -13.054999848999955 ], [ 136.5283181960001, -13.150000004999981 ], [ 136.476627167000061, -13.212217866999936 ], [ 136.458009284000013, -13.252499951999937 ], [ 136.448854234, -13.220481919999941 ], [ 136.408445246000042, -13.239308847999951 ], [ 136.367736186000116, -13.247217844999966 ], [ 136.37106329900007, -13.174445992999949 ], [ 136.371827225000061, -13.069163924999941 ], [ 136.356627315000082, -13.053754968999954 ], [ 136.325454178000086, -13.0613179599999 ], [ 136.309018272000117, -13.100417862999961 ], [ 136.286100305000105, -13.166390983999975 ], [ 136.243563319000032, -13.205282008999973 ], [ 136.200236256000039, -13.239164008999978 ], [ 136.159700366000038, -13.24208191699995 ], [ 136.145600329000104, -13.203473026999973 ], [ 136.09720037000011, -13.184717847999934 ], [ 135.99329125700001, -13.224717966999947 ], [ 135.927263317000097, -13.277845988999957 ], [ 135.891509303000021, -13.338472965999927 ], [ 135.894636256000013, -13.366035848999957 ], [ 135.934963437000079, -13.396945960999972 ], [ 135.908600339000031, -13.455835870999977 ], [ 135.864136187000099, -13.491663980999931 ], [ 135.84427241700007, -13.581108946999962 ], [ 135.845791386000087, -13.603890959999944 ], [ 135.888991380000107, -13.728681907999942 ], [ 135.92740027800005, -13.7489550499999 ], [ 135.960236216000112, -13.746663939999962 ], [ 135.982609359000094, -13.735835861999931 ], [ 136.008045251000112, -13.715555008999956 ], [ 136.025818238000056, -13.687781907999977 ], [ 136.020263383000042, -13.762499869999942 ], [ 135.988554141, -13.866663959999926 ], [ 135.924682362000112, -13.96194608299993 ], [ 135.90832725700011, -14.067499892999933 ], [ 135.89694513500001, -14.142781956999954 ], [ 135.869127275000096, -14.194581950999975 ], [ 135.803863430000092, -14.230835860999946 ], [ 135.773727303000101, -14.249717941999961 ], [ 135.752772377000042, -14.271108894999941 ], [ 135.621354193000116, -14.437499898999931 ], [ 135.56137228800003, -14.53083591099994 ], [ 135.551363457000093, -14.549163948999933 ], [ 135.540527165000071, -14.573608930999967 ], [ 135.53137228300011, -14.619235820999961 ], [ 135.538300261000018, -14.646663922999949 ], [ 135.505827260000046, -14.669446103999974 ], [ 135.413300268000057, -14.729445945999942 ], [ 135.372745268000017, -14.728890895999939 ], [ 135.405545164000046, -14.830281917999969 ], [ 135.412200227000085, -14.850835852999978 ], [ 135.434009269000057, -14.902363937999951 ], [ 135.451354276000075, -14.932782032999967 ], [ 135.476409294000064, -14.964581967999948 ], [ 135.54289136500006, -15.019308921999937 ], [ 135.588291273000095, -15.039163974999951 ], [ 135.608582352000099, -15.044999958999938 ], [ 135.670536184000071, -15.064445973999966 ], [ 135.851900285000056, -15.177499910999927 ], [ 135.882172366000077, -15.196946093999941 ], [ 135.915409295000018, -15.226799918999973 ], [ 135.936918264000042, -15.253608932999953 ], [ 135.944545293000033, -15.259446089999926 ], [ 136.056636149000042, -15.315555052999969 ], [ 136.212191364000091, -15.394446028999937 ], [ 136.241072385000052, -15.418472921999978 ], [ 136.252772349000111, -15.475281941999981 ], [ 136.265118222000069, -15.540417878999961 ], [ 136.279636181000114, -15.567364021999936 ], [ 136.319963361000077, -15.603055003999941 ], [ 136.34106346100009, -15.611946023999963 ], [ 136.457454234000011, -15.658055040999955 ], [ 136.568572287000052, -15.718335844999956 ], [ 136.598300215000108, -15.739164035999977 ], [ 136.671082292000051, -15.800282023999955 ], [ 136.717472438000073, -15.863190889999942 ], [ 136.765809198000056, -15.904445946999942 ], [ 136.860782363000112, -15.912217982999948 ], [ 136.920536281000068, -15.906390883999961 ], [ 137.030545240000038, -15.91471796899998 ], [ 137.13665426700004, -15.968608912999969 ], [ 137.281372352000062, -16.061946098999954 ], [ 137.302063415000021, -16.080282014999966 ], [ 137.339145290000033, -16.107499898999947 ], [ 137.369127190000086, -16.12763591199996 ], [ 137.434145278000074, -16.156390869999939 ], [ 137.488300252000045, -16.176390928999979 ], [ 137.512618332000102, -16.175690871999961 ], [ 137.543727263000051, -16.174863913999957 ], [ 137.585236292000104, -16.187781934999975 ], [ 137.64663624700006, -16.208055076999926 ], [ 137.737672433000057, -16.251735856999971 ], [ 137.773863312000117, -16.300555077999945 ], [ 137.791500345000031, -16.327635833999977 ], [ 137.81622729500009, -16.374026817999948 ], [ 137.858836197000073, -16.438055003999978 ], [ 137.886654225000029, -16.456664001999968 ], [ 137.933872335000046, -16.49360891699996 ], [ 137.971345142000018, -16.527226886999927 ], [ 138.000272431000099, -16.554717852999943 ], [ 138.066654255000117, -16.614726914999949 ], [ 138.11883629600004, -16.654717980999976 ], [ 138.147491341000091, -16.675826965999931 ], [ 138.194827301000032, -16.707364044999963 ], [ 138.290800260000083, -16.742499976999966 ], [ 138.43524526300007, -16.778891015999932 ], [ 138.466918296000017, -16.785281880999946 ], [ 138.486909303000061, -16.787782035999953 ], [ 138.514163396000072, -16.78833591199998 ], [ 138.589691385000037, -16.783608853999965 ], [ 138.639545269000109, -16.779308936999939 ], [ 138.659000336000076, -16.788054949999946 ], [ 138.687336198000025, -16.812635886999942 ], [ 138.843291230000091, -16.875835939999945 ], [ 138.867736213000057, -16.880554951999954 ], [ 138.906918258000019, -16.884999874999949 ], [ 138.934145194000052, -16.885272956999927 ], [ 138.9874542660001, -16.890281982999966 ], [ 139.010545236000098, -16.899163949999945 ], [ 139.031082407000099, -16.914863925999953 ], [ 139.141354223, -17.074173059999964 ], [ 139.143036303000031, -17.123755034999931 ], [ 139.145827309000083, -17.147217825999974 ], [ 139.150818230000027, -17.168890912999927 ], [ 139.16275422700005, -17.203055047999953 ], [ 139.213009269000054, -17.297154986999942 ], [ 139.24410931500006, -17.329163965999953 ], [ 139.260527284000091, -17.342499909999958 ], [ 139.283600317000037, -17.354173050999975 ], [ 139.336636306000059, -17.367773023999973 ], [ 139.373836199000039, -17.371664070999941 ], [ 139.412127247000058, -17.371317898999962 ], [ 139.437191317000043, -17.379164030999959 ], [ 139.535463432000029, -17.441735943999959 ], [ 139.588718189000019, -17.489163936999944 ], [ 139.616482406000046, -17.520835796999961 ], [ 139.641663319000031, -17.534581949999961 ], [ 139.664982277000036, -17.54194595499996 ], [ 139.692472405000103, -17.549726875999966 ], [ 139.746336191000069, -17.563890950999962 ], [ 139.780272338000032, -17.570881960999941 ], [ 139.814145285000109, -17.575281957999948 ], [ 139.882718306000015, -17.614163929999961 ], [ 139.951909240000077, -17.665972976999967 ], [ 139.979336169000021, -17.697217861999945 ], [ 140.018582251000112, -17.712772997999934 ], [ 140.058582369000078, -17.718473026999959 ], [ 140.132172294000043, -17.719164031999981 ], [ 140.374391360000118, -17.67971795699998 ], [ 140.396636260000037, -17.673335807999933 ], [ 140.494963361000032, -17.640835816999981 ], [ 140.534145238000065, -17.624446010999975 ], [ 140.619963354000106, -17.579999962999977 ], [ 140.637754278000102, -17.56694598699994 ], [ 140.66110022600003, -17.548335814999973 ], [ 140.758027213000105, -17.477772930999947 ], [ 140.78580936700007, -17.463472900999932 ], [ 140.810945186000026, -17.458335799999929 ], [ 140.833300224000027, -17.451946107999959 ], [ 140.85968226500006, -17.411108971999965 ], [ 140.877445194000074, -17.378335898999978 ], [ 140.885800275000065, -17.359717847999946 ], [ 140.942200258000071, -17.151108872999941 ], [ 140.952454175000071, -17.096946019999962 ], [ 140.954818207000017, -17.059508919999928 ], [ 140.94775427400009, -17.023190971999952 ], [ 140.956909324000094, -17.001108847999944 ], [ 140.972472339000092, -16.981390923999982 ], [ 141.051091239000016, -16.883890948999976 ], [ 141.178863462000095, -16.724999903999958 ], [ 141.194427315000098, -16.703890918999946 ], [ 141.214282368000113, -16.667782014999943 ], [ 141.268863310000029, -16.543054936999965 ], [ 141.286100358000112, -16.503335947999972 ], [ 141.298200306000012, -16.448681915999941 ], [ 141.315518324000095, -16.357499884999982 ], [ 141.326909330000035, -16.331945975999929 ], [ 141.350254272000029, -16.256390997999972 ], [ 141.413300266000078, -16.107226815999979 ], [ 141.426572339000018, -16.074372940999979 ], [ 141.400545188000024, -15.905835833999959 ], [ 141.422763434000103, -15.741945989999977 ], [ 141.431636182000034, -15.679164025999967 ], [ 141.435791259000098, -15.655000004999977 ], [ 141.4605093240001, -15.536108909999939 ], [ 141.471618195000019, -15.504446102999964 ], [ 141.571627208000109, -15.278608964999933 ], [ 141.634563399000058, -15.14930888799995 ], [ 141.665527323000106, -15.026526914999977 ], [ 141.658736305000048, -14.993473046999952 ], [ 141.632445292000057, -14.938055087999942 ], [ 141.618009308000069, -14.914163981999934 ], [ 141.60676330900003, -14.894446056999982 ], [ 141.595245232000025, -14.861663930999953 ], [ 141.566500334000011, -14.763608906999934 ], [ 141.520954245000098, -14.481246057999954 ], [ 141.522063339000056, -14.449163987999952 ], [ 141.536100344000033, -14.398608873999933 ], [ 141.54525422100005, -14.373608841999953 ], [ 141.566072354000084, -14.323335862999954 ], [ 141.586345160000064, -14.279717946999938 ], [ 141.593172388000085, -14.255554931999939 ], [ 141.599118342000111, -14.19249988599995 ], [ 141.600109251000049, -14.143754927999964 ], [ 141.593018328000085, -14.104445980999969 ], [ 141.578172301000109, -14.065417827999966 ], [ 141.551636202000054, -14.032217947999982 ], [ 141.522627273000012, -14.009445992999929 ], [ 141.501918272000012, -13.985555054999963 ], [ 141.477463399000044, -13.948473011999965 ], [ 141.469545183000037, -13.925835837999955 ], [ 141.465791264000018, -13.897081886999956 ], [ 141.465791264000018, -13.868326929999967 ], [ 141.468845294000062, -13.828055069999948 ], [ 141.473845267000115, -13.796945971999946 ], [ 141.479672366000045, -13.767226927999957 ], [ 141.497463458000084, -13.67999998199997 ], [ 141.504700226000068, -13.650281943999971 ], [ 141.51776342200003, -13.604308880999952 ], [ 141.541927276000024, -13.532781909999926 ], [ 141.561009349000074, -13.492290947999948 ], [ 141.612454286000116, -13.414717941999982 ], [ 141.683163350000086, -13.280972941999948 ], [ 141.6887182050001, -13.254026799999963 ], [ 141.686627256000065, -13.232917814999951 ], [ 141.67727238100008, -13.210072937999939 ], [ 141.650800319000041, -13.193190945999959 ], [ 141.630918277000092, -13.159446074999948 ], [ 141.58566337600007, -12.986390953999944 ], [ 141.593845287000022, -12.957499874999939 ], [ 141.60676330900003, -12.934581907999927 ], [ 141.642118344000096, -12.911046025999951 ], [ 141.708591362000107, -12.87097298499998 ], [ 141.723018294000099, -12.855281894999962 ], [ 141.747745244000043, -12.824446046999981 ], [ 141.766863359000013, -12.793054980999955 ], [ 141.790682381000011, -12.7195819 ], [ 141.796918350000055, -12.691246037999974 ], [ 141.822872410000059, -12.691746101999968 ], [ 141.856763462000117, -12.709335860999943 ], [ 141.889418351000018, -12.763472897999975 ], [ 141.892763401000025, -12.796526932999939 ], [ 141.891100264000102, -12.821391010999946 ], [ 141.889982286000077, -12.843608920999941 ], [ 141.93191828800002, -12.907217843999945 ], [ 141.940309244000105, -12.864999873999977 ], [ 141.883863329000064, -12.704164058999936 ], [ 141.839354249000053, -12.672499910999932 ], [ 141.768863449000037, -12.569999963999976 ], [ 141.727754237000113, -12.512781907999965 ], [ 141.71774523900001, -12.493326839999952 ], [ 141.747609289000025, -12.469717867999975 ], [ 141.728027320000024, -12.455554965999966 ], [ 141.66220037800008, -12.451108869999928 ], [ 141.653736165000055, -12.509717818999945 ], [ 141.661436284000047, -12.531945955999959 ], [ 141.685245247000012, -12.551664047999964 ], [ 141.626891276000038, -12.569582041999979 ], [ 141.592391362000058, -12.554517917999931 ], [ 141.594118202000118, -12.531663988999981 ], [ 141.606691392000016, -12.509291012999938 ], [ 141.621891303000098, -12.482499934999964 ], [ 141.660245215000032, -12.401390939999942 ], [ 141.668854268000018, -12.381946097999958 ], [ 141.688291399000036, -12.331946033999941 ], [ 141.753054174000113, -12.246664024999973 ], [ 141.775818249000054, -12.213608983999961 ], [ 141.759982320000063, -12.178890972999966 ], [ 141.805391280000094, -12.051663907999966 ], [ 141.820118284000046, -12.028190890999952 ], [ 141.849118328000031, -11.988472907999949 ], [ 141.892436172000089, -11.96899990299994 ], [ 141.891082327000049, -11.994446019999941 ], [ 141.916927254000029, -12.088890957999979 ], [ 142.02366341600009, -12.067781972999967 ], [ 142.031645167000079, -12.043546034999963 ], [ 141.978572297000028, -11.981246030999955 ], [ 141.950518234000015, -11.965399874999946 ], [ 141.946627187000104, -11.924446063999937 ], [ 141.957736227000055, -11.850835854999957 ], [ 141.968854151000073, -11.808473044999971 ], [ 142.05581824, -11.550281927999947 ], [ 142.081909261000078, -11.485555027999965 ], [ 142.100254230000019, -11.446945969999945 ], [ 142.122863408000057, -11.372635871999933 ], [ 142.129118319000099, -11.336946062999971 ], [ 142.158872399000074, -11.149446073999968 ], [ 142.158872399000074, -11.123890991999929 ], [ 142.156918242000074, -11.092499926999949 ], [ 142.15289124100002, -11.051246042999935 ], [ 142.147418193000021, -11.024726874999942 ], [ 142.138172451000059, -10.973608831999968 ], [ 142.147691275000057, -10.94916401699993 ], [ 142.184672400000068, -10.922917931999962 ], [ 142.21150035800008, -10.923335852999969 ], [ 142.304409228000054, -10.907781890999956 ], [ 142.343018286000074, -10.89541791299996 ], [ 142.399554223000109, -10.821946004999973 ], [ 142.411927253000044, -10.795973001999926 ], [ 142.416927226000098, -10.768890904999978 ], [ 142.424000379000063, -10.740972964999969 ], [ 142.444427245000043, -10.709717852999972 ], [ 142.518863407000026, -10.706663990999971 ], [ 142.556636286000071, -10.721663909999961 ], [ 142.613145233000068, -10.750764032999939 ], [ 142.58226345200012, -10.798417834999952 ], [ 142.516300221000051, -10.858263953999938 ], [ 142.509291273000031, -10.950281995999944 ], [ 142.530609303000119, -10.935481901999935 ], [ 142.554136299000106, -10.890281985999934 ], [ 142.572682266000015, -10.870208835999961 ], [ 142.608982277000109, -10.872499945999948 ], [ 142.724409299000058, -10.962917881999942 ], [ 142.744827279000106, -10.986526853999976 ], [ 142.788300356000036, -11.080555043999937 ], [ 142.804136285000027, -11.167226939999978 ], [ 142.86078236100002, -11.361663960999977 ], [ 142.865936225000041, -11.391254928999956 ], [ 142.840100350000057, -11.511254948999976 ], [ 142.856354201000045, -11.623054952999951 ], [ 142.867463408000049, -11.715835915999946 ], [ 142.866363367000076, -11.742217955999934 ], [ 142.860509278000109, -11.778054950999945 ], [ 142.859818274000077, -11.833190942999977 ], [ 142.878018236000116, -11.858608895999964 ], [ 142.968718307000017, -11.927363971999966 ], [ 142.988282340000069, -11.935554934999971 ], [ 143.014282333000097, -11.936526900999979 ], [ 143.037472377000086, -11.932782033999956 ], [ 143.060672312000065, -11.918472951999945 ], [ 143.082609261000016, -11.906390940999927 ], [ 143.103300325000077, -11.903608987999974 ], [ 143.131500232000121, -11.914864039999941 ], [ 143.199127271000066, -11.987499935999949 ], [ 143.161100253000086, -12.045835802999932 ], [ 143.147218312000064, -12.067217870999968 ], [ 143.10217228800002, -12.140281914999946 ], [ 143.081909205000102, -12.224999989999958 ], [ 143.074982400000067, -12.292226876999962 ], [ 143.077472328000113, -12.334300007999957 ], [ 143.128982308000104, -12.34902684399998 ], [ 143.160191319000091, -12.340763963999962 ], [ 143.211763325000106, -12.364164057999972 ], [ 143.222472380000113, -12.376945957999965 ], [ 143.248582344000056, -12.383126940999944 ], [ 143.275818333000075, -12.413055028999963 ], [ 143.276991296000119, -12.45910000899994 ], [ 143.271927285000061, -12.489863939999964 ], [ 143.279345270000022, -12.517635867999957 ], [ 143.323854182000105, -12.562917925999955 ], [ 143.361545253000031, -12.566182006999952 ], [ 143.413182303000099, -12.593335852999928 ], [ 143.429982319000032, -12.616808869999943 ], [ 143.41110023900012, -12.677782018999949 ], [ 143.391509216000031, -12.713746082999933 ], [ 143.375109352000095, -12.742782001999956 ], [ 143.366482362000056, -12.780281965999961 ], [ 143.360227283000086, -12.828054958999928 ], [ 143.362318232000121, -12.848890860999973 ], [ 143.405818298000099, -12.870417935999967 ], [ 143.475527235000072, -12.862782021999976 ], [ 143.50442719900002, -12.85916405699993 ], [ 143.514163450000069, -12.879163948999974 ], [ 143.509982389000015, -13.00166395499997 ], [ 143.50555422900004, -13.044446027999982 ], [ 143.500654169000086, -13.07312688899998 ], [ 143.498291310000013, -13.098608879999972 ], [ 143.516936183000098, -13.269164013999955 ], [ 143.521636252000121, -13.304163991999928 ], [ 143.52859138700012, -13.340555030999951 ], [ 143.544845239000097, -13.364508833999935 ], [ 143.568591338000033, -13.377499944999954 ], [ 143.594682359000103, -13.432008970999959 ], [ 143.586636235000014, -13.526108909999948 ], [ 143.578036234000024, -13.561391021999952 ], [ 143.553318337000064, -13.64167305899997 ], [ 143.530809239000064, -13.756390970999973 ], [ 143.545536243000015, -13.80222690599993 ], [ 143.601345301000038, -13.936108865999927 ], [ 143.616054200000121, -13.955835842999932 ], [ 143.63997229600011, -13.980281998999942 ], [ 143.669282303000045, -14.00291783199998 ], [ 143.685727262000114, -14.023264063999932 ], [ 143.693845303000103, -14.069999878999965 ], [ 143.70330931, -14.14249998899993 ], [ 143.698500276000118, -14.185381973999938 ], [ 143.71190931000001, -14.239446087999966 ], [ 143.737045297, -14.319164021999939 ], [ 143.773036183000045, -14.395281928999964 ], [ 143.782200285000044, -14.413335877999941 ], [ 143.797763468000085, -14.432499925999934 ], [ 143.816072394000116, -14.449445954999931 ], [ 143.860382320000099, -14.478335860999948 ], [ 143.887618309000118, -14.487217827999928 ], [ 143.934418330000085, -14.491946059999975 ], [ 143.963291304000109, -14.493608861999974 ], [ 144.011854207000056, -14.487708839999982 ], [ 144.092327183000066, -14.437217931999953 ], [ 144.153591352000035, -14.379999874999953 ], [ 144.341918300000088, -14.301390866999952 ], [ 144.389163400000029, -14.280554963999975 ], [ 144.435109306000072, -14.254026910999926 ], [ 144.44912720100001, -14.236663965999981 ], [ 144.462327189000121, -14.211526805999938 ], [ 144.471072364000065, -14.188890973999946 ], [ 144.476209297000082, -14.163054930999976 ], [ 144.51594521800007, -14.171663982999974 ], [ 144.559145212000089, -14.229999849999956 ], [ 144.578582343000107, -14.263191013999972 ], [ 144.567609258000061, -14.30389102099997 ], [ 144.566927306000025, -14.358472968999934 ], [ 144.614545234000047, -14.484717841999952 ], [ 144.676772315000107, -14.557363964999979 ], [ 144.783600342000113, -14.598055086999977 ], [ 144.828172454000082, -14.613891016999958 ], [ 144.849818216000017, -14.616526957999952 ], [ 144.896609352000041, -14.618226807999974 ], [ 144.932327324000084, -14.689717903999963 ], [ 144.94024520500011, -14.733472947999928 ], [ 144.959336163000103, -14.753754973999946 ], [ 144.995509272000049, -14.768608879999931 ], [ 145.075863393000077, -14.803172998999969 ], [ 145.206363423000084, -14.862499941999943 ], [ 145.315800233000118, -14.945555046999971 ], [ 145.309709272000077, -15.004445963999956 ], [ 145.284700355000041, -15.035000012999944 ], [ 145.271363406000091, -15.056390964999935 ], [ 145.254972427000098, -15.082781889999978 ], [ 145.243009271000119, -15.104999968999948 ], [ 145.234272311000041, -15.134446097999955 ], [ 145.233991349000121, -15.159726922999937 ], [ 145.237727331000087, -15.193055046999973 ], [ 145.276918261000105, -15.256946103999951 ], [ 145.285518261000107, -15.30444601399995 ], [ 145.289427246000059, -15.331108847999928 ], [ 145.248563456000056, -15.446390862999976 ], [ 145.277772377000019, -15.489446016999977 ], [ 145.304963438000073, -15.554717908999976 ], [ 145.359545219000097, -15.734308901999952 ], [ 145.361636168000018, -15.762217957999951 ], [ 145.357182360000024, -15.818891022999935 ], [ 145.353027283000074, -15.885835941999972 ], [ 145.359191335000105, -15.915417857999955 ], [ 145.376345235000031, -15.931254960999979 ], [ 145.395109299000069, -15.944446064999966 ], [ 145.409972425000092, -15.964717865999944 ], [ 145.449827201000062, -16.03791786499994 ], [ 145.462327301000073, -16.083055083999966 ], [ 145.446209236000072, -16.287499928999978 ], [ 145.418991352000035, -16.320281887999954 ], [ 145.40886333100002, -16.33819099699997 ], [ 145.402054208000095, -16.44097291199995 ], [ 145.411500278000062, -16.470208989999946 ], [ 145.464418250000108, -16.502226853999957 ], [ 145.509427226000071, -16.561108885999943 ], [ 145.616363380000053, -16.698608978999971 ], [ 145.668309219000093, -16.736945959999957 ], [ 145.728300344000104, -16.816390979999937 ], [ 145.773454160000028, -16.885135829999967 ], [ 145.806091279000043, -16.913054942999963 ], [ 145.838854127000104, -16.886246095999979 ], [ 145.931836256000111, -16.87103579199993 ], [ 145.955445227000041, -16.89909102799993 ], [ 145.911100265000073, -16.971664059999966 ], [ 145.89609129400003, -16.998054984999953 ], [ 145.878154189000043, -17.040417961999935 ], [ 145.8828093300001, -17.071735937999961 ], [ 145.953854174000071, -17.188608836999947 ], [ 146.031918191000045, -17.364446078999947 ], [ 146.08550923100006, -17.552781911999944 ], [ 146.104263404000108, -17.691664012999979 ], [ 146.086091270000111, -17.787226929999974 ], [ 146.10080033700001, -17.889717823999945 ], [ 146.093991381000023, -17.955835952999962 ], [ 146.079054159000066, -17.986799876999953 ], [ 146.06315419200007, -18.005417927999929 ], [ 146.037200299000119, -18.050835940999946 ], [ 146.001645272000019, -18.14221796399994 ], [ 146.001372357000037, -18.176108848999945 ], [ 146.009427198000026, -18.238054968999961 ], [ 146.023318191000044, -18.268890984999928 ], [ 146.211909337000066, -18.491664034999928 ], [ 146.228300316000059, -18.504999977999944 ], [ 146.25720028000012, -18.51110887699997 ], [ 146.293309351000062, -18.514446047999968 ], [ 146.33357232600008, -18.535626949999937 ], [ 146.337463373000105, -18.566946098999949 ], [ 146.332182272000068, -18.61749987099995 ], [ 146.326218212000072, -18.647363921999954 ], [ 146.304409338000028, -18.681390927999928 ], [ 146.290800313000091, -18.710555089999957 ], [ 146.281082334000075, -18.747217869999929 ], [ 146.268172359000118, -18.853608863999966 ], [ 146.277618261000043, -18.887017956999955 ], [ 146.335663444000033, -18.960417947999929 ], [ 146.37967229100002, -18.9980550399999 ], [ 146.4235824000001, -19.025555058999942 ], [ 146.448027215000025, -19.071108858999935 ], [ 146.565245281000102, -19.143608968999956 ], [ 146.634427331000097, -19.17528200199996 ], [ 146.654418337000038, -19.183890886999961 ], [ 146.699127241000042, -19.193535942999972 ], [ 146.737745184000119, -19.181182022999963 ], [ 146.76360033800006, -19.186808962999976 ], [ 146.814700276000053, -19.243055052999978 ], [ 146.88579138800003, -19.302991025999972 ], [ 146.953582377000089, -19.305835843999944 ], [ 147.072209273000112, -19.34278193199998 ], [ 147.11773625100011, -19.390282009999964 ], [ 147.139436160000059, -19.402781941999933 ], [ 147.2533272820001, -19.425826810999979 ], [ 147.431918314000086, -19.41236396599993 ], [ 147.446500311000023, -19.382708959999945 ], [ 147.438309347000086, -19.363472994999938 ], [ 147.421909315000107, -19.341946087999929 ], [ 147.40149133500006, -19.307954955999946 ], [ 147.427182371000072, -19.324999891999937 ], [ 147.458863450000081, -19.369999982999957 ], [ 147.555254164000075, -19.535417848999941 ], [ 147.565800274000026, -19.575835888999961 ], [ 147.57608235500004, -19.621391029999927 ], [ 147.587736218000032, -19.676390898999955 ], [ 147.594972315000064, -19.727217921999966 ], [ 147.618563349000055, -19.773190984999928 ], [ 147.669554154000025, -19.824717895999981 ], [ 147.724136270000031, -19.836946086999944 ], [ 147.770109332000061, -19.826254969999979 ], [ 147.762209221000035, -19.803608910999969 ], [ 147.754154212000117, -19.744999961999952 ], [ 147.761363319000111, -19.709999983999978 ], [ 147.821836236000081, -19.710690987999953 ], [ 147.851136185000087, -19.740135943999974 ], [ 147.851345229000117, -19.816245971999933 ], [ 147.863572415000021, -19.850835906999976 ], [ 147.911927279000111, -19.893890893999981 ], [ 147.942609235000077, -19.911808887999939 ], [ 147.971772391000059, -19.918608958999982 ], [ 148.002918202000046, -19.919581929999936 ], [ 148.096927282000024, -19.913054941999974 ], [ 148.219972447000032, -19.947217902999967 ], [ 148.269718205000117, -19.991108900999961 ], [ 148.298782286000119, -20.037917974999971 ], [ 148.266591252000012, -20.04979094 ], [ 148.274691355000073, -20.076663992999954 ], [ 148.333863401000031, -20.145281939999961 ], [ 148.413454266000031, -20.206390875999944 ], [ 148.466354133000095, -20.184508911999956 ], [ 148.47044517300003, -20.12562688 ], [ 148.439272372000119, -20.098545956999942 ], [ 148.452991368000085, -20.06360884299994 ], [ 148.522218345000056, -20.088054998999951 ], [ 148.564145295000117, -20.121108866999975 ], [ 148.63748225400002, -20.182781904999956 ], [ 148.673036276000062, -20.216108854999959 ], [ 148.768891385000074, -20.232463958999972 ], [ 148.803318209000054, -20.276672966999968 ], [ 148.836000255000044, -20.388335842999936 ], [ 148.86667232100001, -20.444826852999938 ], [ 148.890809353, -20.453608907999978 ], [ 148.904009341000119, -20.454790923999951 ], [ 148.93441821600004, -20.534726955999929 ], [ 148.909145269000078, -20.534445993999952 ], [ 148.878572445000032, -20.52139101299997 ], [ 148.855809207000107, -20.508055068999965 ], [ 148.830536260000031, -20.474999860999958 ], [ 148.790254175000086, -20.456946078999977 ], [ 148.741054247000079, -20.475826818999963 ], [ 148.667209344000071, -20.561672930999976 ], [ 148.691654159000109, -20.624446008999939 ], [ 148.729127301000062, -20.717499886999974 ], [ 148.849700308000024, -20.836108846999934 ], [ 148.921354181000083, -20.88305504799996 ], [ 149.028318330000047, -20.91860890199996 ], [ 149.160518210000077, -21.015281917999971 ], [ 149.214691289000029, -21.079999933999943 ], [ 149.204954200000088, -21.154445985999928 ], [ 149.2399633980001, -21.278617846999964 ], [ 149.289427188000104, -21.318608912999935 ], [ 149.29443621300004, -21.339717897999947 ], [ 149.328582410000081, -21.43778197499995 ], [ 149.385527217000117, -21.531390901999941 ], [ 149.443027240000106, -21.58249989199993 ], [ 149.441654285000027, -21.629446093999945 ], [ 149.429963374000067, -21.77319087199993 ], [ 149.46997237700009, -21.91221798 ], [ 149.520809290000102, -22.077226808999967 ], [ 149.589963344000012, -22.233326846999944 ], [ 149.653318295000076, -22.318054980999932 ], [ 149.696636306000073, -22.350554971999941 ], [ 149.703172347000077, -22.380417848999969 ], [ 149.699482297000031, -22.4524998699999 ], [ 149.669482292000112, -22.495172976999982 ], [ 149.712736266000093, -22.478473040999972 ], [ 149.736354290000122, -22.46333582699998 ], [ 149.789427327000112, -22.42236407799993 ], [ 149.814654174000111, -22.383917963999977 ], [ 149.96772734000001, -22.547155025999928 ], [ 149.977172404000044, -22.570835913999929 ], [ 149.976900327000067, -22.586108915999944 ], [ 150.038300282000023, -22.641008872999976 ], [ 150.012209262000056, -22.545835881999949 ], [ 149.986354276000043, -22.475554964999958 ], [ 149.953309293000075, -22.410826890999942 ], [ 149.920809301000077, -22.350554971999941 ], [ 149.921372398000017, -22.303335855999933 ], [ 149.959963350000066, -22.208335867999949 ], [ 149.975527204000059, -22.181799935999948 ], [ 149.999554264000039, -22.160281913999938 ], [ 150.043727229000069, -22.149026861999971 ], [ 150.078991405000011, -22.1627819 ], [ 150.155245266000065, -22.272226924999927 ], [ 150.187118292000036, -22.342499962999966 ], [ 150.185809374000087, -22.37471798699994 ], [ 150.200382318000038, -22.391664015999936 ], [ 150.237518340000065, -22.409299875999977 ], [ 150.321900301000028, -22.43749995099995 ], [ 150.394427233000101, -22.473890989999973 ], [ 150.418991406000032, -22.500554996999938 ], [ 150.47994527700007, -22.538608837999959 ], [ 150.557736211000019, -22.576945986999931 ], [ 150.593018324000013, -22.586108915999944 ], [ 150.535327193000057, -22.458682025999963 ], [ 150.534427312000048, -22.383473052999932 ], [ 150.561918278000121, -22.331108956999969 ], [ 150.634554175000062, -22.343055012999969 ], [ 150.705536322000057, -22.441390997999974 ], [ 150.67580923200012, -22.504900007999936 ], [ 150.683591326000055, -22.553608923999946 ], [ 150.742191391000119, -22.628890987999966 ], [ 150.81911831900004, -22.731945984999982 ], [ 150.804409252000028, -22.781390998999939 ], [ 150.791072303000078, -22.856945977999942 ], [ 150.771363431000054, -22.976108980999982 ], [ 150.755754148000051, -23.13034605799993 ], [ 150.812191347000066, -23.238055022999959 ], [ 150.804963464000025, -23.307781895999938 ], [ 150.797482280000054, -23.335554996999974 ], [ 150.800400356000068, -23.380690874999971 ], [ 150.86719138400008, -23.504999863999956 ], [ 150.948436166000079, -23.546181998999941 ], [ 151.023182290000022, -23.556526943999927 ], [ 151.041445284000019, -23.582635900999946 ], [ 151.052136234000045, -23.61722684199998 ], [ 151.12023618000012, -23.665135956999961 ], [ 151.142345293000062, -23.706391013999962 ], [ 151.155454255000109, -23.771735828999965 ], [ 151.168045214000017, -23.792499981999981 ], [ 151.238982267000097, -23.827917881999952 ], [ 151.271654255000044, -23.827635913999927 ], [ 151.318300385000043, -23.858335807999936 ], [ 151.396945268000081, -23.948890872999982 ], [ 151.424136329000021, -23.978608910999981 ], [ 151.46280037300005, -23.995417979999957 ], [ 151.492763330000116, -23.997363921999977 ], [ 151.546572298000115, -24.0359729799999 ], [ 151.540254187000073, -24.045835797999928 ] ] ], [ [ [ 146.916700326000068, -43.617844802999969 ], [ 146.86328228900004, -43.636390936999931 ], [ 146.833591241000022, -43.648055025999952 ], [ 146.815172344000075, -43.61790900799997 ], [ 146.770400241000061, -43.610691015999976 ], [ 146.686372332000019, -43.603335895999976 ], [ 146.599545202000058, -43.556108900999959 ], [ 146.51443619500003, -43.542782009999939 ], [ 146.296082253, -43.534726832999979 ], [ 146.275172422000082, -43.523755089999952 ], [ 146.260272415000031, -43.495135918999949 ], [ 146.231472364000069, -43.488890898999955 ], [ 146.11036341800002, -43.515417945999957 ], [ 146.038300340000092, -43.498055000999955 ], [ 145.932682325000087, -43.376317914999959 ], [ 145.991909356000065, -43.34583595099997 ], [ 146.102600267000071, -43.357917960999941 ], [ 146.156645270000013, -43.379717950999975 ], [ 146.232527310000023, -43.390973002999942 ], [ 146.234545169000057, -43.325144887999954 ], [ 146.163236295000047, -43.282363988999975 ], [ 146.13970929900006, -43.314717967999968 ], [ 146.124682391000078, -43.333335850999958 ], [ 145.85885418600003, -43.308755081999948 ], [ 145.836909358000071, -43.297226946999956 ], [ 145.758882389000064, -43.184435866999934 ], [ 145.726900231000059, -43.133326876999945 ], [ 145.595245175000059, -42.979164062999985 ], [ 145.573772415000121, -42.963817971999958 ], [ 145.547472350000021, -42.961390907999942 ], [ 145.511582381000039, -42.965655117999972 ], [ 145.459691360000079, -42.904444927999975 ], [ 145.423154141000055, -42.846663942999953 ], [ 145.397763344000055, -42.775555061999967 ], [ 145.353854242000011, -42.658535813999947 ], [ 145.310518293000086, -42.623608925999974 ], [ 145.259982290000039, -42.612426964999941 ], [ 145.231354235000026, -42.456390962999933 ], [ 145.197618248000026, -42.313472975999957 ], [ 145.205227172000036, -42.256954975999975 ], [ 145.223845223000012, -42.239164050999932 ], [ 145.250109246000079, -42.27486408599998 ], [ 145.32302727800004, -42.319999963999976 ], [ 145.378018263000058, -42.349163957999963 ], [ 145.426363404000085, -42.37458191199994 ], [ 145.439754165000068, -42.398744926999939 ], [ 145.445663407000097, -42.457363934999933 ], [ 145.459063388000118, -42.505626932999974 ], [ 145.469418223000048, -42.523055088999968 ], [ 145.475254207000035, -42.520282020999957 ], [ 145.55204518100004, -42.351108894999982 ], [ 145.499682258000121, -42.323472921999951 ], [ 145.458309352000015, -42.326390997999965 ], [ 145.280272363000108, -42.18111786299994 ], [ 145.260682347000056, -42.139999933999945 ], [ 145.265118217, -42.111390989999961 ], [ 145.262772290000044, -42.079999923999935 ], [ 145.247882342000025, -42.034864045999939 ], [ 145.184554214000059, -41.938326983999957 ], [ 145.054963452000038, -41.846664 ], [ 144.954954272, -41.713335914999959 ], [ 144.858582334000062, -41.544444924999937 ], [ 144.781645179000066, -41.390555025999959 ], [ 144.731627178000053, -41.306108859999938 ], [ 144.68579124300004, -41.216590971999949 ], [ 144.695391372000017, -41.181108866999978 ], [ 144.667754226000056, -41.075208883999949 ], [ 144.653591324000104, -41.046954997999933 ], [ 144.637209229000064, -41.031946025999957 ], [ 144.618709363000107, -40.931108880999943 ], [ 144.648863428000027, -40.901246003999972 ], [ 144.680663363000122, -40.896117955999955 ], [ 144.699691289000043, -40.875482044999956 ], [ 144.708591361000117, -40.825563955999939 ], [ 144.701354258000038, -40.759173079999982 ], [ 144.762209222000024, -40.728055096999981 ], [ 144.985991286000058, -40.748681954999938 ], [ 145.036100315000112, -40.77916408699997 ], [ 145.080382412000063, -40.810273017999975 ], [ 145.116345303000116, -40.822364080999932 ], [ 145.274991261000082, -40.802781942999957 ], [ 145.335663332000081, -40.842082004999952 ], [ 145.539154149000069, -40.892773072999944 ], [ 145.751372371000116, -40.987781945999984 ], [ 145.872191303000022, -41.042781982999941 ], [ 146.169436222000058, -41.149991050999972 ], [ 146.193172430000118, -41.156935960999931 ], [ 146.22912727500011, -41.160555098999964 ], [ 146.369691288000013, -41.170835838999949 ], [ 146.405409260000056, -41.171673022999983 ], [ 146.450382362000028, -41.164864067999929 ], [ 146.499145257, -41.150135890999934 ], [ 146.564700290000019, -41.17528193499993 ], [ 146.586091242000066, -41.186664056999973 ], [ 146.58190934300012, -41.151526950999937 ], [ 146.660382397000035, -41.088745992999975 ], [ 146.731491278000021, -41.06972695199994 ], [ 146.764163434000011, -41.073063954999952 ], [ 146.784409251000056, -41.08229092199997 ], [ 146.801091250000013, -41.107508883999969 ], [ 146.806454159000054, -41.148363955999969 ], [ 146.859127212000089, -41.168335851999984 ], [ 146.942809284000077, -41.166873042999953 ], [ 146.912963338000054, -41.134790972999951 ], [ 146.87983621300009, -41.126800001999982 ], [ 146.843018200000074, -41.123054966999973 ], [ 146.823018309000076, -41.10812696499994 ], [ 146.818727277000107, -41.059791043999951 ], [ 146.863772295000103, -41.028399977999982 ], [ 147.017063391000079, -40.976108971999963 ], [ 147.086091381000074, -40.991946075999977 ], [ 147.105809306000083, -40.997782058999974 ], [ 147.124663391000013, -41.004999883999972 ], [ 147.147354209000014, -41.008890930999939 ], [ 147.1717822600001, -41.008890930999939 ], [ 147.199127213000111, -41.002226982999957 ], [ 147.356082374000039, -40.976390939999931 ], [ 147.416500306000103, -41.017773065999961 ], [ 147.461918319000119, -41.001400023999963 ], [ 147.488372443000117, -40.984999991999985 ], [ 147.517491343000074, -40.95332695899998 ], [ 147.541654190000031, -40.92417302399997 ], [ 147.57316344100002, -40.879026919999944 ], [ 147.589127278000092, -40.853055089999941 ], [ 147.611618272000101, -40.84235508699993 ], [ 147.674836262000099, -40.830835837999985 ], [ 147.698791238000013, -40.857364057999973 ], [ 147.803163368000014, -40.892781957999944 ], [ 147.838163346000101, -40.891255110999964 ], [ 147.876082405000034, -40.878746125999953 ], [ 147.901782326000102, -40.863190989999964 ], [ 147.921627320000084, -40.840835950999974 ], [ 147.933591313000079, -40.822090997999965 ], [ 147.944136251000032, -40.795272930999943 ], [ 147.951154250000059, -40.761317840999936 ], [ 147.971836261000021, -40.74479090799997 ], [ 148.014163364000069, -40.745972923999943 ], [ 148.079409272000021, -40.768890890999955 ], [ 148.221072321000065, -40.849026914999968 ], [ 148.273318232000065, -40.901108875999967 ], [ 148.307418329000029, -40.957482036999977 ], [ 148.318863315000044, -40.972355052999944 ], [ 148.328309217000083, -40.995417859999975 ], [ 148.302182321000032, -41.075563941999974 ], [ 148.290254203000018, -41.107781965999948 ], [ 148.279845220000084, -41.130835887999979 ], [ 148.264345237000043, -41.167217873999959 ], [ 148.27200026200012, -41.218463991999954 ], [ 148.313563437000084, -41.259309005999967 ], [ 148.316927263000025, -41.334726856999964 ], [ 148.287472417000117, -41.423891027999957 ], [ 148.27380035900012, -41.454163947999973 ], [ 148.280400270000086, -41.539235906999977 ], [ 148.296354217000044, -41.565835876999984 ], [ 148.312191320000011, -41.591244945999961 ], [ 148.314282269000046, -41.612917864999929 ], [ 148.292209365000076, -41.728881998999952 ], [ 148.270963420000044, -41.782644866999931 ], [ 148.264709347000121, -41.81459098199997 ], [ 148.298036297000067, -42.035 ], [ 148.311491263000107, -42.06347299 ], [ 148.333982256000013, -42.087635837999983 ], [ 148.358718259000057, -42.108681958999966 ], [ 148.363845301000083, -42.222426899999959 ], [ 148.346618311000043, -42.249173049999968 ], [ 148.324554292000016, -42.270690903999935 ], [ 148.311100331000034, -42.277781993999952 ], [ 148.302763355000025, -42.276390932999959 ], [ 148.275272389000065, -42.255564082999967 ], [ 148.270809361000033, -42.23166409199996 ], [ 148.297763382000085, -42.206244796999954 ], [ 148.309691333000046, -42.140554983999948 ], [ 148.238845308, -41.998191039999938 ], [ 148.195263435000015, -41.945444896999959 ], [ 148.079118252000058, -42.117217920999963 ], [ 148.004009359000065, -42.522499871999969 ], [ 147.958727300000078, -42.55639092399997 ], [ 147.943845231000068, -42.613890947999948 ], [ 147.955518205000089, -42.666526952999959 ], [ 147.95495427000003, -42.717499988999975 ], [ 147.92483624800002, -42.741108959999963 ], [ 147.898863412000082, -42.756535852999946 ], [ 147.883182380000108, -42.772217890999968 ], [ 147.842882357000121, -42.872917907999977 ], [ 147.856418293000047, -42.888890965999963 ], [ 147.899800341000059, -42.886626845999956 ], [ 147.881836246000034, -42.857226985999944 ], [ 147.910872332000054, -42.840826953999965 ], [ 147.974200293000081, -42.86950898799995 ], [ 147.999691337000058, -42.907082042999946 ], [ 148.00477244700005, -42.97686406899993 ], [ 147.967009291000068, -42.995444904999943 ], [ 147.951491371000088, -43.082290976999957 ], [ 147.97912717600002, -43.12666410199995 ], [ 148.004700363000097, -43.170835893999936 ], [ 147.995527208000112, -43.227590933999977 ], [ 147.970791373000111, -43.229090958999961 ], [ 147.899418294000043, -43.183435905999943 ], [ 147.827182382000046, -43.206108953999944 ], [ 147.789700355000036, -43.246944915999961 ], [ 147.697209238000028, -43.163609016999942 ], [ 147.631618331000027, -43.065554998999971 ], [ 147.61897238600011, -43.017708915999947 ], [ 147.673918276000109, -42.945135882999978 ], [ 147.706500242000061, -42.938326927999981 ], [ 147.73079133300007, -42.954717906999974 ], [ 147.73579130600001, -42.978881928999954 ], [ 147.719891339000014, -43.002499951999937 ], [ 147.759982317000095, -43.03986396199997 ], [ 147.781782306000082, -43.05110895599995 ], [ 147.808872450000081, -43.054717867999955 ], [ 147.867872331000058, -43.046526904999951 ], [ 147.899418294000043, -43.026873017999947 ], [ 147.825809258000049, -42.931944946999977 ], [ 147.591627265000056, -42.826735968999969 ], [ 147.557463466000058, -42.83055509899998 ], [ 147.502118262000067, -42.860763980999934 ], [ 147.521363447000113, -42.928890916999933 ], [ 147.53594527600012, -42.949026929999945 ], [ 147.552745292000054, -42.978955018999955 ], [ 147.525609216000021, -43.018335881999974 ], [ 147.47662721800009, -43.034172984999941 ], [ 147.42712721800001, -43.041735976999973 ], [ 147.403736176000052, -43.000073055999962 ], [ 147.423018241000022, -42.99110894599994 ], [ 147.408018323000078, -42.889726976999953 ], [ 147.351627225000016, -42.861390946999961 ], [ 147.317472310000085, -42.846663942999953 ], [ 147.348572356000091, -42.904717842999958 ], [ 147.340791268000089, -42.95110899499997 ], [ 147.326082369000119, -43.008609018999948 ], [ 147.292754245000083, -43.028055033999976 ], [ 147.268191246000015, -43.060435834999964 ], [ 147.24190928500002, -43.133609011999965 ], [ 147.240309348000096, -43.155490975999953 ], [ 147.262482332000104, -43.203890934999947 ], [ 147.263318343000037, -43.22486396499994 ], [ 147.247454250000033, -43.269173052999975 ], [ 147.21329128900004, -43.28562689599994 ], [ 147.178163403000099, -43.28221797599997 ], [ 147.098300294000069, -43.24444492899994 ], [ 147.041354146000117, -43.199717919999955 ], [ 147.025745199000085, -43.18187301599994 ], [ 147.022763420000047, -43.138335901999938 ], [ 147.012072303000082, -43.118755105999981 ], [ 146.991291386000057, -43.112426936999952 ], [ 146.970091373000059, -43.1370819699999 ], [ 146.964418333000026, -43.164164065999955 ], [ 146.964145251000105, -43.184308964999957 ], [ 146.96927229400012, -43.204299971999944 ], [ 146.993991364000067, -43.223744813999986 ], [ 147.019436308000081, -43.237781986999948 ], [ 147.061100234000037, -43.258335921999958 ], [ 147.09533628500003, -43.288717973999951 ], [ 147.054963340000086, -43.362500012999931 ], [ 147.002209317000052, -43.42263597699997 ], [ 146.952182263000054, -43.528055005999931 ], [ 146.937472359000026, -43.600626864999981 ], [ 146.916700326000068, -43.617844802999969 ] ] ], [ [ [ 130.958863374000089, -11.938890932999982 ], [ 130.881618269000114, -11.87083591399994 ], [ 130.861345295000092, -11.85874602399997 ], [ 130.818300366000017, -11.85041793299996 ], [ 130.678027205000035, -11.784717892999936 ], [ 130.51165413700005, -11.662781988999939 ], [ 130.493436238000072, -11.64200895099998 ], [ 130.41858232300001, -11.448608939999929 ], [ 130.364682326000093, -11.253054946999953 ], [ 130.36510024800009, -11.215554982999947 ], [ 130.371609299000056, -11.179446078999945 ], [ 130.392682242000092, -11.163399930999958 ], [ 130.531918227000119, -11.283335912999974 ], [ 130.573300353000036, -11.349445995999929 ], [ 130.704954236000049, -11.390281956999956 ], [ 130.812745176000021, -11.368326902999968 ], [ 130.845091276000062, -11.357781965999948 ], [ 130.865100220000045, -11.344308894999926 ], [ 130.899563421000039, -11.307781901999931 ], [ 130.966063429000087, -11.327499993999936 ], [ 131.00415415000009, -11.352217890999952 ], [ 131.058300239000118, -11.307635888999926 ], [ 131.121472296000093, -11.263472981999939 ], [ 131.151718226000071, -11.260763950999944 ], [ 131.16276339500007, -11.296390894999945 ], [ 131.171918278000021, -11.329026840999973 ], [ 131.223509227000022, -11.402008910999939 ], [ 131.227963371000101, -11.376346037999951 ], [ 131.211363347000088, -11.342499911999937 ], [ 131.193572422000102, -11.292226932999938 ], [ 131.205109273000062, -11.242082029999949 ], [ 131.226627295000071, -11.214717965999967 ], [ 131.250654188000112, -11.197081938999929 ], [ 131.271518254000057, -11.190282035999928 ], [ 131.41838227400001, -11.248335935999933 ], [ 131.528591225000014, -11.391946100999974 ], [ 131.536100237000028, -11.427226871999949 ], [ 131.537063318000037, -11.466946028999928 ], [ 131.522200359000067, -11.482290946999967 ], [ 131.457454180000013, -11.559999906999963 ], [ 131.281918184000119, -11.730835834999937 ], [ 131.249500336000096, -11.735417885999937 ], [ 131.12634519900007, -11.813335889999962 ], [ 131.047763348000103, -11.878608955999937 ], [ 130.968854268000086, -11.936108978999926 ], [ 130.958863374000089, -11.938890932999982 ] ] ], [ [ [ 137.91094514800011, -35.729381897999929 ], [ 137.962191266000104, -35.734446076999973 ], [ 138.028445182000041, -35.748190888999943 ], [ 138.062763375000031, -35.763190975999976 ], [ 138.111909324000067, -35.817500008999957 ], [ 138.112727230000019, -35.869717923999929 ], [ 138.04030926300004, -35.922708986999965 ], [ 137.979945143, -35.906254975999957 ], [ 137.956363329000055, -35.889999950999936 ], [ 137.921082389000048, -35.875555081999948 ], [ 137.823582247000104, -35.868054954999934 ], [ 137.792754278000075, -35.866109011999981 ], [ 137.760954175000052, -35.866045979999967 ], [ 137.619691278000118, -35.91999995599997 ], [ 137.601409342000011, -35.940691018999985 ], [ 137.610518291000062, -35.975064030999931 ], [ 137.614472370000044, -36.00958204899996 ], [ 137.586363323000114, -36.033055065999974 ], [ 137.491054210000016, -36.075281920999942 ], [ 137.455445203000068, -36.085346071999936 ], [ 137.394000321000021, -36.040145988999939 ], [ 137.357527307000055, -36.004446121999933 ], [ 137.226072410000029, -35.984026966999977 ], [ 137.189518260000114, -35.99399103899998 ], [ 137.178509301000076, -36.030555079999942 ], [ 137.150118286000065, -36.044172989999936 ], [ 137.03164528100001, -36.035563937999939 ], [ 136.899718315000086, -36.052226825999981 ], [ 136.744691328000044, -36.061108960999945 ], [ 136.712191336000046, -36.056664037999951 ], [ 136.68025427300006, -36.013190960999964 ], [ 136.61218232300007, -35.960826864999945 ], [ 136.580536280000047, -35.94416397699996 ], [ 136.538509250000061, -35.917499968999948 ], [ 136.533872381000037, -35.882217856999944 ], [ 136.581145141000093, -35.769446054999946 ], [ 136.910518230000093, -35.68889093599995 ], [ 136.947482256000058, -35.680826873999933 ], [ 137.004009308000036, -35.67847306799996 ], [ 137.026091264000115, -35.680282050999949 ], [ 137.06665414400004, -35.675281909999967 ], [ 137.120509213000105, -35.662217875999943 ], [ 137.227172284000062, -35.624717910999948 ], [ 137.317200294000031, -35.590690904999974 ], [ 137.337600338000016, -35.588745967999955 ], [ 137.52609123600007, -35.604717851999965 ], [ 137.584963377, -35.650835921999942 ], [ 137.583863336000036, -35.731663954999931 ], [ 137.597882405000064, -35.746946008999942 ], [ 137.693300314000112, -35.757508882999957 ], [ 137.791500345000031, -35.803199978999942 ], [ 137.829682261000016, -35.811945991999949 ], [ 137.850663338000118, -35.806664051999974 ], [ 137.869400245000065, -35.794308958999977 ], [ 137.889845215000037, -35.769026958999973 ], [ 137.91094514800011, -35.729381897999929 ] ] ], [ [ [ 136.908782338000037, -14.179264022999973 ], [ 136.911372346, -14.172781961999931 ], [ 136.924136308000016, -14.154446044999929 ], [ 136.967318197000054, -14.151663923999934 ], [ 136.94165415100008, -14.277781894999976 ], [ 136.926091303000021, -14.286108980999927 ], [ 136.899991230000069, -14.295000000999948 ], [ 136.88916332000008, -14.297781954999948 ], [ 136.874254261000033, -14.295135787999982 ], [ 136.865582344000018, -14.282572990999938 ], [ 136.750672319000046, -14.261673050999946 ], [ 136.734409247000031, -14.261945965999928 ], [ 136.710782338000058, -14.264999995999972 ], [ 136.700809215000049, -14.26805503199995 ], [ 136.632172324000067, -14.27860885399997 ], [ 136.378018267000016, -14.216390991999958 ], [ 136.413027297000099, -14.044445970999959 ], [ 136.405400268000108, -13.970554967999931 ], [ 136.428318236000109, -13.886945986999933 ], [ 136.457182325000076, -13.838891026999931 ], [ 136.554136302000074, -13.82139095399998 ], [ 136.592191316000026, -13.813608859999931 ], [ 136.62399125100012, -13.789581966999947 ], [ 136.624954164000087, -13.778335799999979 ], [ 136.594972432000077, -13.726946015999943 ], [ 136.678863380000053, -13.658054985999968 ], [ 136.713291377000019, -13.651946086999942 ], [ 136.721836225000061, -13.660554971999943 ], [ 136.724118282000063, -13.680835824999974 ], [ 136.7144182400001, -13.706663988999935 ], [ 136.706909229000075, -13.713608898999951 ], [ 136.684963394000079, -13.722081996999975 ], [ 136.67566333700006, -13.733055081999964 ], [ 136.67663630900006, -13.75055498699993 ], [ 136.712891393000064, -13.837917887999936 ], [ 136.792482258000064, -13.854999870999961 ], [ 136.808009230000039, -13.854164027999957 ], [ 136.824982249000072, -13.843891 ], [ 136.833436237000114, -13.835555028999977 ], [ 136.841082376000031, -13.820072983999978 ], [ 136.836000261000095, -13.802008976999957 ], [ 136.830536266000081, -13.78610884099993 ], [ 136.848572445000059, -13.76139094399997 ], [ 136.881363456000031, -13.752781890999927 ], [ 136.898036235000063, -13.761664026999938 ], [ 136.910672289000104, -13.773126949999948 ], [ 136.9184542160001, -13.80958202599993 ], [ 136.873836172000097, -13.859164000999954 ], [ 136.819972386000018, -13.908335932999933 ], [ 136.80525426600002, -13.910282042999938 ], [ 136.789982271000099, -13.919164010999964 ], [ 136.774991237000108, -13.931663942999933 ], [ 136.767336213000021, -13.941664056999969 ], [ 136.706082270000024, -14.07555507 ], [ 136.699263424000037, -14.117773039999975 ], [ 136.708018322000044, -14.167781988999934 ], [ 136.720518254000012, -14.185835937999968 ], [ 136.736636151000084, -14.191664042999946 ], [ 136.777772353000046, -14.198055075999946 ], [ 136.870372434000046, -14.211663933999944 ], [ 136.88302726400002, -14.208335815999931 ], [ 136.895809331, -14.199717877999944 ], [ 136.902482332000091, -14.191946009999981 ], [ 136.908782338000037, -14.179264022999973 ] ] ], [ [ [ 148.128845234000096, -40.274446108999939 ], [ 148.115236208000056, -40.271663987999943 ], [ 148.101072301000045, -40.267217890999973 ], [ 148.06441823800003, -40.253891 ], [ 148.049136184000076, -40.245555029999935 ], [ 148.038591247000113, -40.236246087999973 ], [ 148.013182346000121, -40.161390998999934 ], [ 148.018309221000095, -40.140208923999978 ], [ 147.903872437000018, -39.975554984999974 ], [ 147.80961827100009, -39.913817908999931 ], [ 147.773863419000122, -39.894717898999943 ], [ 147.760745238000027, -39.877981919999968 ], [ 147.783872417000111, -39.850281909999978 ], [ 147.881900284000039, -39.754172995999966 ], [ 147.92580921900003, -39.737499881999952 ], [ 147.967745222000076, -39.725554998999939 ], [ 147.971072335000031, -39.73639095599998 ], [ 147.978300385000011, -39.744717873999946 ], [ 148.06942726300008, -39.838890902999935 ], [ 148.165527292000093, -39.929445967999982 ], [ 148.174409260000061, -39.936108909999973 ], [ 148.18678229000011, -39.944446053999968 ], [ 148.20275417400012, -39.950282037999955 ], [ 148.243854166000119, -39.962081913999953 ], [ 148.279418246000091, -39.965835832999971 ], [ 148.288027299000078, -39.99471786 ], [ 148.335236189000057, -40.192217962999962 ], [ 148.331363415000055, -40.219163936999962 ], [ 148.321345196000038, -40.231946003999951 ], [ 148.303318237000099, -40.239026868999929 ], [ 148.177463458000034, -40.256955088999973 ], [ 148.128845234000096, -40.274446108999939 ] ] ], [ [ [ 153.081636229000082, -25.795835866999937 ], [ 153.074400300000093, -25.799581906999947 ], [ 153.053591387000097, -25.797781976999943 ], [ 153.038036251000108, -25.787363941999956 ], [ 152.997745281000107, -25.737781966999933 ], [ 152.994109211000023, -25.728054935999978 ], [ 152.954127197000048, -25.615272907999952 ], [ 152.943572370000084, -25.583055051999963 ], [ 152.942200252000021, -25.571390962999942 ], [ 152.943027211000071, -25.558335812999928 ], [ 152.99190929700012, -25.448335906999944 ], [ 152.99660936500004, -25.439446059999966 ], [ 153.008882315000051, -25.423055080999973 ], [ 153.015809288000014, -25.415554953999958 ], [ 153.032627241000114, -25.399999984999965 ], [ 153.054982280000104, -25.360835877999932 ], [ 153.064282337000122, -25.338608914999952 ], [ 153.063600385000086, -25.252226863999965 ], [ 153.06067241900007, -25.237772942999982 ], [ 153.049409320000109, -25.230826859999979 ], [ 153.090791279000086, -25.152217850999932 ], [ 153.134982349000097, -25.124446090999982 ], [ 153.171627192000074, -25.096108887999947 ], [ 153.194427310000037, -25.075554952999937 ], [ 153.211091371000066, -25.056390904999944 ], [ 153.218845302000091, -25.042782046999946 ], [ 153.23108237800011, -25.018890939999949 ], [ 153.237182392000022, -25.00333580399996 ], [ 153.240236255000013, -24.993055064999965 ], [ 153.246609351000075, -24.964163984999971 ], [ 153.248154136000039, -24.948890983999945 ], [ 153.244845296000108, -24.931999940999958 ], [ 153.237727216000053, -24.914163920999954 ], [ 153.231900284000062, -24.905281953999975 ], [ 153.189972328000067, -24.84139089699994 ], [ 153.184145229000023, -24.833055093999974 ], [ 153.178036330000054, -24.824717949999979 ], [ 153.169127205000109, -24.819172985999955 ], [ 153.158600373000013, -24.814999970999963 ], [ 153.173036190000062, -24.78499996599993 ], [ 153.189145202000077, -24.758335958999965 ], [ 153.196072342000093, -24.75083583199995 ], [ 153.219418289000032, -24.731108854999945 ], [ 153.23608235100005, -24.718890889999955 ], [ 153.24969137700009, -24.710826828999927 ], [ 153.281645203000039, -24.699164080999935 ], [ 153.283600366000087, -24.724717988999942 ], [ 153.284145190000118, -24.758335958999965 ], [ 153.283872443000064, -24.784173007999982 ], [ 153.283054201000027, -24.803335882999932 ], [ 153.282200253000042, -24.816391031999956 ], [ 153.281372456000099, -24.849163937999947 ], [ 153.281918286000064, -24.862217913999928 ], [ 153.284145190000118, -24.880835797999964 ], [ 153.289982347000091, -24.90416397499996 ], [ 153.295536196000057, -24.921664047999968 ], [ 153.31301833200007, -24.950272992999942 ], [ 153.320527344000084, -24.957772951999971 ], [ 153.32885426200005, -24.963335852999933 ], [ 153.34906336500012, -24.970690972999932 ], [ 153.36107245300002, -24.978745981999964 ], [ 153.368836275000035, -25.002499960999955 ], [ 153.371063347000018, -25.014164049999977 ], [ 153.366363446000037, -25.03055502899997 ], [ 153.301091387000042, -25.171390951999967 ], [ 153.254972311000074, -25.266945988999964 ], [ 153.236636227000076, -25.304717862999951 ], [ 153.184963470000071, -25.409999930999959 ], [ 153.127163375, -25.536390984999969 ], [ 153.085782422000079, -25.656663919999971 ], [ 153.082736270000055, -25.667782010999929 ], [ 153.081909312000107, -25.687499935999938 ], [ 153.087463328000013, -25.706390900999963 ], [ 153.095245255000123, -25.730826830999945 ], [ 153.097472327000105, -25.748608870999931 ], [ 153.096345296000095, -25.767781971999966 ], [ 153.091645228000061, -25.78417295099996 ], [ 153.086363455000082, -25.793055086999971 ], [ 153.081636229000082, -25.795835866999937 ] ] ], [ [ [ 130.493563308000034, -11.838608836999981 ], [ 130.327745291000042, -11.775899963999962 ], [ 130.311645163000094, -11.776390975999959 ], [ 130.236354215000119, -11.792499987999975 ], [ 130.226072302000034, -11.795281940999928 ], [ 130.202754182000035, -11.804999919999943 ], [ 130.184691349000104, -11.813890939999965 ], [ 130.174682350000012, -11.817499851999969 ], [ 130.124118184000054, -11.830555001999926 ], [ 130.096345251000116, -11.833608863999928 ], [ 130.040527308000037, -11.822917913999959 ], [ 130.024700263000113, -11.798472931999981 ], [ 130.017491323000058, -11.772499927999945 ], [ 130.072600325000053, -11.673755073999928 ], [ 130.083163367000111, -11.673472938999964 ], [ 130.097200373000078, -11.683890973999951 ], [ 130.108582327000022, -11.693335869999942 ], [ 130.11899130900008, -11.700690989999941 ], [ 130.1566451650001, -11.702917893999938 ], [ 130.169963339000105, -11.69486405899994 ], [ 130.185245225000017, -11.678335783999955 ], [ 130.193572310000036, -11.667226911999933 ], [ 130.196927251000034, -11.655835905999936 ], [ 130.190800247000084, -11.528054964999967 ], [ 130.173854218000088, -11.484999977999962 ], [ 130.255672322, -11.344164054999965 ], [ 130.343991263000021, -11.325555056999974 ], [ 130.398182279000025, -11.435835924999935 ], [ 130.398182279000025, -11.447781980999935 ], [ 130.43219134800006, -11.556108859999938 ], [ 130.491054269000074, -11.68860898 ], [ 130.561645149000014, -11.706663933999948 ], [ 130.579127285000027, -11.717782025999952 ], [ 130.604127317, -11.735555013999942 ], [ 130.615509271000064, -11.744999909999933 ], [ 130.626345228000105, -11.755281990999947 ], [ 130.636582381000039, -11.772917849999942 ], [ 130.630245160000072, -11.792499987999975 ], [ 130.613845128000094, -11.822499992999951 ], [ 130.568845204000013, -11.831946061999929 ], [ 130.493563308000034, -11.838608836999981 ] ] ], [ [ [ 143.921627210000111, -40.136390966999954 ], [ 143.913882332000071, -40.134726823999983 ], [ 143.886309223000012, -40.116735906999963 ], [ 143.873563366000099, -40.064999949999958 ], [ 143.892345199000033, -40.054299947999937 ], [ 143.891936162000093, -39.98471791399993 ], [ 143.885545296000032, -39.970135916999936 ], [ 143.870509335000065, -39.956945985999937 ], [ 143.85162725400005, -39.945273012999962 ], [ 143.840382261000059, -39.936799913999948 ], [ 143.834827238000116, -39.927500024999972 ], [ 143.837736261000032, -39.873055037999961 ], [ 143.855236167000044, -39.711945972999956 ], [ 143.87106337900002, -39.700282051999977 ], [ 143.899718256000028, -39.68860891099996 ], [ 143.916654227000095, -39.680555074999972 ], [ 143.925809277000099, -39.674172926999972 ], [ 143.933591371000034, -39.666946049999979 ], [ 143.941636322000022, -39.655690997999955 ], [ 143.945527201000118, -39.640835917999937 ], [ 143.943845289000024, -39.628881982999985 ], [ 143.935518203000015, -39.608609008999963 ], [ 143.93191834300012, -39.598335812999949 ], [ 143.93545416500001, -39.583055100999957 ], [ 143.977463426000099, -39.573890998999957 ], [ 143.98772723400009, -39.576955086999931 ], [ 144.066791380000041, -39.616108968999981 ], [ 144.108582376000072, -39.662499952999951 ], [ 144.11218240300002, -39.673054947999958 ], [ 144.12219123400007, -39.812217842999985 ], [ 144.12219123400007, -39.824999909999974 ], [ 144.146454162000055, -39.929435908999949 ], [ 144.136918238000021, -39.984308876999933 ], [ 144.106063446000121, -40.036391005999974 ], [ 144.008882320000112, -40.087773077999941 ], [ 143.957736282000042, -40.109999873999982 ], [ 143.921627210000111, -40.136390966999954 ] ] ], [ [ [ 139.148318243000062, -16.760835892999978 ], [ 139.141509288000066, -16.757081973999959 ], [ 139.138582327000108, -16.715555007999967 ], [ 139.138582327000108, -16.702499858999943 ], [ 139.160800238000093, -16.610555073999933 ], [ 139.16498230500008, -16.600554960999943 ], [ 139.222472438000068, -16.523890888999972 ], [ 139.277463423000086, -16.48139095199997 ], [ 139.289427248000038, -16.472499931999948 ], [ 139.306636301000026, -16.462499985999955 ], [ 139.318845214000021, -16.461945941999943 ], [ 139.364682322000021, -16.461945941999943 ], [ 139.451354219000109, -16.447217931999944 ], [ 139.479672311000058, -16.442217959999937 ], [ 139.534427261000019, -16.413890981999941 ], [ 139.72732720800002, -16.444299856999976 ], [ 139.733582287000104, -16.4558358699999 ], [ 139.737872313000025, -16.480826849999971 ], [ 139.732882398000015, -16.50278190399996 ], [ 139.689145292000035, -16.522499995999965 ], [ 139.623836185000073, -16.53583593899998 ], [ 139.580809361000092, -16.502499936999982 ], [ 139.489136318000078, -16.538054963999969 ], [ 139.503600298000038, -16.569172947999959 ], [ 139.451782366000089, -16.659999920999951 ], [ 139.441927260000057, -16.667782014999943 ], [ 139.330263378000041, -16.708890891999943 ], [ 139.230809246000035, -16.72888189899993 ], [ 139.185245221000059, -16.734999849999951 ], [ 139.148318243000062, -16.760835892999978 ] ] ], [ [ [ 113.205554193000012, -26.144717834999938 ], [ 113.176091300000053, -26.123054973999956 ], [ 113.027482336000048, -25.920272930999943 ], [ 112.952491292000104, -25.784446033999927 ], [ 112.907209234000106, -25.627499925999928 ], [ 112.907491368000024, -25.583890894999968 ], [ 112.908336264000013, -25.564726846999974 ], [ 112.913882234000084, -25.539717929999938 ], [ 112.919709333000014, -25.526946088999978 ], [ 112.943309252000063, -25.495281940999973 ], [ 112.953872294, -25.487772928999959 ], [ 113.003254110000057, -25.499026974999936 ], [ 112.997482331000015, -25.513335888999961 ], [ 112.9872093030001, -25.528755070999978 ], [ 112.98304517300005, -25.543608976999963 ], [ 112.983463430000029, -25.558055018999937 ], [ 112.987200250000114, -25.570835912999939 ], [ 113.026927286000046, -25.65444606799997 ], [ 113.076100224000015, -25.785835920999943 ], [ 113.099427229000071, -25.849446016999934 ], [ 113.10526338000011, -25.876390985999933 ], [ 113.159145271000057, -25.977772954999978 ], [ 113.182482334000042, -25.998054980999939 ], [ 113.190263422000044, -26.005282025999975 ], [ 113.196927203000087, -26.018890883999973 ], [ 113.206936201000076, -26.04278199 ], [ 113.227072383000063, -26.108817975999955 ], [ 113.209154221000063, -26.140835840999955 ], [ 113.205554193000012, -26.144717834999938 ] ] ], [ [ [ 148.33914517300002, -40.503335936999974 ], [ 148.33969133800008, -40.466946071999985 ], [ 148.336091311000018, -40.454717880999965 ], [ 148.32997235400012, -40.442918004999967 ], [ 148.318300386000033, -40.435273038999981 ], [ 148.292209365000076, -40.434435853999958 ], [ 148.129945275000068, -40.447217920999947 ], [ 148.114682332000029, -40.448882063999974 ], [ 148.103854254000112, -40.454445971999974 ], [ 148.086636316000067, -40.458055051999963 ], [ 148.068572309000047, -40.454717880999965 ], [ 147.997036286000025, -40.428199885999959 ], [ 147.99356332800005, -40.417081961999941 ], [ 147.995518323000056, -40.401391038999975 ], [ 147.998563468000043, -40.389726949999954 ], [ 148.008045245000062, -40.379164075999938 ], [ 148.065245196000092, -40.348190931999966 ], [ 148.083591339, -40.344717973999934 ], [ 148.099118311000097, -40.343326912999942 ], [ 148.116909236000083, -40.343608880999966 ], [ 148.133027301000084, -40.344999940999969 ], [ 148.148318239000105, -40.347217959999966 ], [ 148.187745203000077, -40.362500013999977 ], [ 148.202609335000034, -40.361254965999933 ], [ 148.288027299000078, -40.324717914999951 ], [ 148.308872421000046, -40.314164092999931 ], [ 148.329127290000088, -40.305135944999961 ], [ 148.343018283000106, -40.306663965999974 ], [ 148.354672314000027, -40.315554985999938 ], [ 148.47914525300007, -40.430690987999981 ], [ 148.477191264000112, -40.441390989999945 ], [ 148.463227180000104, -40.442081993999977 ], [ 148.407609229000059, -40.461946098999931 ], [ 148.358309222000116, -40.490555042999972 ], [ 148.33914517300002, -40.503335936999974 ] ] ], [ [ [ 151.227172333000112, -23.786663997999938 ], [ 151.21732728500001, -23.784308850999935 ], [ 151.178863402000047, -23.748054939999975 ], [ 151.172482259000049, -23.740273013999968 ], [ 151.159991379000076, -23.709035839999956 ], [ 151.133572458000117, -23.66124608399997 ], [ 151.066072321000092, -23.605281959999957 ], [ 151.047482266000088, -23.57528195499998 ], [ 151.038300226000047, -23.556108853999945 ], [ 151.027772388000017, -23.525835933999929 ], [ 151.018463446000055, -23.456391027999928 ], [ 151.062745209000013, -23.44708191899997 ], [ 151.130245178000109, -23.485555021999971 ], [ 151.203036308000037, -23.528890969999964 ], [ 151.222472432000018, -23.558608840999966 ], [ 151.287063378000084, -23.672499961999961 ], [ 151.299072299000045, -23.750555093999935 ], [ 151.272354144000019, -23.77999988199997 ], [ 151.227172333000112, -23.786663997999938 ] ] ], [ [ [ 147.302763411000115, -43.513335880999932 ], [ 147.239136217, -43.491673019999951 ], [ 147.175536179000119, -43.501672965999944 ], [ 147.123018191000028, -43.421944804999953 ], [ 147.190245246000018, -43.354444835999971 ], [ 147.289563423000118, -43.26402689899993 ], [ 147.300263425000026, -43.262782018999985 ], [ 147.307736227000078, -43.270281977999957 ], [ 147.362454129000071, -43.374172985999962 ], [ 147.364963336000073, -43.38583590199994 ], [ 147.362727212000095, -43.398055039999974 ], [ 147.32066346900001, -43.502917845999946 ], [ 147.310518348000073, -43.5119448199999 ], [ 147.302763411000115, -43.513335880999932 ] ] ], [ [ [ 146.289982406000036, -18.493890938999982 ], [ 146.233018322000021, -18.476663948999942 ], [ 146.22051822200001, -18.468326804999947 ], [ 146.214963367000109, -18.458608993999974 ], [ 146.208863353000083, -18.444999967999934 ], [ 146.206082405000075, -18.434445978999975 ], [ 146.204127243000016, -18.422773004999954 ], [ 146.207600368000044, -18.401664019999942 ], [ 146.20580932300004, -18.386391018999973 ], [ 146.201627256000052, -18.376663987999962 ], [ 146.193300338000086, -18.364164055999936 ], [ 146.157545151000022, -18.319373008999946 ], [ 146.127445233000117, -18.309445985999957 ], [ 146.118282305000093, -18.30499988899993 ], [ 146.111082417000034, -18.298054978999971 ], [ 146.096345187000111, -18.278617848999943 ], [ 146.086000243000058, -18.254373025999939 ], [ 146.114682277000043, -18.245826836999981 ], [ 146.127445233000117, -18.244999878999977 ], [ 146.224972365000099, -18.280555073999949 ], [ 146.26971831700007, -18.308335885999952 ], [ 146.352191383000104, -18.422917843999983 ], [ 146.323027222000064, -18.477499959999932 ], [ 146.299409365000088, -18.489435789999959 ], [ 146.289982406000036, -18.493890938999982 ] ] ], [ [ [ 136.503327217000106, -11.456390865999936 ], [ 136.498982373000104, -11.450555049999934 ], [ 136.507200327000078, -11.409863926999947 ], [ 136.643036276000089, -11.216390993999937 ], [ 136.72870033300012, -11.045135802999937 ], [ 136.736636151000084, -11.035835913999961 ], [ 136.764163327000119, -11.018608923999977 ], [ 136.773863368000093, -11.021246037999958 ], [ 136.777954240000099, -11.034717935999936 ], [ 136.728572425000038, -11.196390933999965 ], [ 136.724972398000091, -11.206946097999946 ], [ 136.562191311000106, -11.432499926999981 ], [ 136.540191330000084, -11.452217851999933 ], [ 136.503327217000106, -11.456390865999936 ] ] ], [ [ [ 153.406918279000024, -27.731108853999956 ], [ 153.397891304000041, -27.728472912999962 ], [ 153.391663383000036, -27.711664011999972 ], [ 153.389436311000054, -27.696526964999975 ], [ 153.395263410000098, -27.611390967999967 ], [ 153.396945155000026, -27.59916395099998 ], [ 153.408327277000012, -27.521117870999944 ], [ 153.433591339000031, -27.416108884999971 ], [ 153.472200229000123, -27.4075 ], [ 153.540936194000096, -27.418054994999977 ], [ 153.540800239000077, -27.431108970999958 ], [ 153.525272428000108, -27.465272937999941 ], [ 153.51193631700005, -27.494717892999972 ], [ 153.489963326000066, -27.565281950999974 ], [ 153.474972460000117, -27.613890954999931 ], [ 153.465518343000099, -27.653055061999964 ], [ 153.460782400000085, -27.686526851999929 ], [ 153.453991382000027, -27.72639101599998 ], [ 153.406918279000024, -27.731108853999956 ] ] ], [ [ [ 132.596072363000076, -11.34471793199998 ], [ 132.591336252000019, -11.342781879999961 ], [ 132.578309266000019, -11.328335836999941 ], [ 132.56665423000004, -11.313608832999932 ], [ 132.531645199000081, -11.218054968999979 ], [ 132.512482324000075, -11.143055039999979 ], [ 132.502200244000051, -11.051390881999964 ], [ 132.578854257000103, -11.022499970999945 ], [ 132.595245237000086, -11.064999907999947 ], [ 132.613591379000013, -11.114446095999938 ], [ 132.626345283000092, -11.177781935999974 ], [ 132.62606331500001, -11.224999878999938 ], [ 132.624545185000102, -11.276255048999928 ], [ 132.596072363000076, -11.34471793199998 ] ] ], [ [ [ 137.054409356000065, -15.829999893999968 ], [ 137.041072407000115, -15.828335918999926 ], [ 137.004427230000033, -15.796664058999966 ], [ 136.997191300000054, -15.789163931999951 ], [ 136.940800370000034, -15.719163976999937 ], [ 136.934418221000101, -15.698891002999972 ], [ 136.935672322000073, -15.683754961999966 ], [ 136.953036272000077, -15.647499877999962 ], [ 136.994691314000079, -15.597781947999977 ], [ 137.010191297000119, -15.593055057999948 ], [ 137.055545272000018, -15.647499877999962 ], [ 137.072754157000077, -15.69278193599996 ], [ 137.093018247000032, -15.766390971999954 ], [ 137.092318190000015, -15.787635910999938 ], [ 137.06720030800011, -15.829446017999942 ], [ 137.054409356000065, -15.829999893999968 ] ] ], [ [ [ 136.201354234000064, -13.860000011999944 ], [ 136.204409270000042, -13.82416402299998 ], [ 136.188563450000061, -13.786946025999953 ], [ 136.18316332500001, -13.775972940999964 ], [ 136.172482266000088, -13.769163985999967 ], [ 136.157745204000094, -13.771108922999929 ], [ 136.146636164000029, -13.78639097599995 ], [ 136.150272402000041, -13.806390867999937 ], [ 136.158582388000013, -13.821255 ], [ 136.162627327000109, -13.834163968999974 ], [ 136.153736307000031, -13.838891026999931 ], [ 136.120654276000096, -13.834581890999971 ], [ 136.105100314000083, -13.815281887999959 ], [ 136.114045145000091, -13.731945988999939 ], [ 136.183318223000015, -13.67639090199998 ], [ 136.201763439000047, -13.66458197399993 ], [ 136.244554228000084, -13.672081932999959 ], [ 136.283445253000082, -13.710135940999976 ], [ 136.288863315000071, -13.730282012999965 ], [ 136.27484525300008, -13.794308856999976 ], [ 136.241909235000094, -13.846664068999928 ], [ 136.210236202000033, -13.858890918999975 ], [ 136.201354234000064, -13.860000011999944 ] ] ], [ [ [ 124.522491271000035, -15.445281936999947 ], [ 124.513891270000045, -15.417226868999933 ], [ 124.460536265000087, -15.369164029999979 ], [ 124.469154203000016, -15.324717981999981 ], [ 124.494282311, -15.286182014999952 ], [ 124.542209195000055, -15.261663941999927 ], [ 124.559709268, -15.259999966999942 ], [ 124.64651829200011, -15.400690881999935 ], [ 124.626227213000107, -15.410555040999952 ], [ 124.522491271000035, -15.445281936999947 ] ] ], [ [ [ 115.368872279000016, -20.88083585499993 ], [ 115.357345151000118, -20.860972923999952 ], [ 115.334982233, -20.853535828999952 ], [ 115.31005411700005, -20.876046100999929 ], [ 115.301936244000103, -20.868608837999943 ], [ 115.298027260000026, -20.856663954999931 ], [ 115.299991307000028, -20.831672975999936 ], [ 115.302763370000093, -20.815973 ], [ 115.312763316000087, -20.801108868999961 ], [ 115.341091299000027, -20.764726881999934 ], [ 115.405254098000114, -20.686108988999933 ], [ 115.4276181890001, -20.669999976999975 ], [ 115.438172346000101, -20.667217855999979 ], [ 115.449991332000081, -20.67368197899998 ], [ 115.464154234000034, -20.742217951999976 ], [ 115.463045141000066, -20.760563925999975 ], [ 115.45971819600004, -20.772781890999966 ], [ 115.454991305000021, -20.782499869999981 ], [ 115.401927153000088, -20.857773048999945 ], [ 115.378036214000076, -20.876108964999958 ], [ 115.368872279000016, -20.88083585499993 ] ] ], [ [ [ 145.355809237000017, -38.43111790699993 ], [ 145.33190924500002, -38.42749994199994 ], [ 145.28386333800006, -38.409026897999979 ], [ 145.273591316000079, -38.374446014999933 ], [ 145.271091329000114, -38.36333597 ], [ 145.295672434000039, -38.298755081999957 ], [ 145.305818225000053, -38.296954984999957 ], [ 145.455582383000092, -38.324790949999965 ], [ 145.486909243000014, -38.352226930999961 ], [ 145.496491268000113, -38.362364004999961 ], [ 145.494672395000066, -38.372499904999984 ], [ 145.485509298000011, -38.37666403399993 ], [ 145.462463423000031, -38.374717923999981 ], [ 145.421354211000107, -38.377499877999981 ], [ 145.408327225000107, -38.384446128999969 ], [ 145.36328237400005, -38.423335812999937 ], [ 145.355809237000017, -38.43111790699993 ] ] ], [ [ [ 153.425263415000018, -27.362782042999982 ], [ 153.405545155000027, -27.301390972999968 ], [ 153.388027313000066, -27.263054996999983 ], [ 153.376618202000031, -27.245282009999983 ], [ 153.36746331900008, -27.22666395899995 ], [ 153.358718312000065, -27.196663953999973 ], [ 153.3583542020001, -27.061526886999957 ], [ 153.368282399000122, -27.051664068999969 ], [ 153.444427296000072, -27.019308916999933 ], [ 153.459609269000111, -27.021317890999967 ], [ 153.466372459000013, -27.034173048999946 ], [ 153.463863420000052, -27.054172939999944 ], [ 153.459136195000042, -27.069999984999981 ], [ 153.451354268000046, -27.090282011999932 ], [ 153.44525425400002, -27.105555012999957 ], [ 153.421627345000047, -27.17471795199998 ], [ 153.418582368000102, -27.185555081999951 ], [ 153.416072323000094, -27.197217829999943 ], [ 153.414427291000038, -27.20889097099996 ], [ 153.413609217000044, -27.221945952999931 ], [ 153.414982340000051, -27.248055077999936 ], [ 153.425263415000018, -27.362782042999982 ] ] ], [ [ [ 158.879672425000081, -54.753891021999948 ], [ 158.83511825100004, -54.751108899999963 ], [ 158.828854287000013, -54.736108981999962 ], [ 158.829954160000057, -54.710555072999966 ], [ 158.833863480000105, -54.668890978999968 ], [ 158.848300302000098, -54.62360892099997 ], [ 158.891082374000121, -54.520000047999986 ], [ 158.910127232000036, -54.493326987999978 ], [ 158.960372383000049, -54.476381964999973 ], [ 158.951909343000011, -54.549164041999973 ], [ 158.945527194000078, -54.576390977999949 ], [ 158.941927335000059, -54.588055066999971 ], [ 158.937191392000045, -54.602363980999939 ], [ 158.931091378000019, -54.616108961999942 ], [ 158.906100398000035, -54.663326903999973 ], [ 158.88830930600011, -54.687499977999948 ], [ 158.884709278000059, -54.69916406699997 ], [ 158.882172411000056, -54.71139091699996 ], [ 158.879672425000081, -54.753891021999948 ] ] ], [ [ [ 125.138318248000019, -14.648608859999968 ], [ 125.13275417300008, -14.648608859999968 ], [ 125.085963372000037, -14.620973053999933 ], [ 125.086109217000057, -14.603608935999944 ], [ 125.092482313000119, -14.544445942999971 ], [ 125.115263320000054, -14.486663951999958 ], [ 125.152209241000037, -14.441664027999934 ], [ 125.162200302000088, -14.439026913999953 ], [ 125.173309341000049, -14.44583586899995 ], [ 125.208036237000101, -14.48916393899998 ], [ 125.185254224000118, -14.598890930999971 ], [ 125.149082288000045, -14.615690946999962 ], [ 125.138318248000019, -14.648608859999968 ] ] ], [ [ [ 142.183318220000046, -10.77028196599997 ], [ 142.150818228000048, -10.75499991199996 ], [ 142.120654273000014, -10.720554983999932 ], [ 142.115782376000084, -10.705281982999963 ], [ 142.115800313000022, -10.657499937999944 ], [ 142.123354252000013, -10.645346009999969 ], [ 142.175809208000032, -10.618608912999946 ], [ 142.216918252000028, -10.61028199499998 ], [ 142.265809223000019, -10.683608895999953 ], [ 142.259018205000075, -10.72097290499994 ], [ 142.211363397000014, -10.733126832999972 ], [ 142.19885424500012, -10.746390858999973 ], [ 142.190800242000023, -10.757499897999935 ], [ 142.183318220000046, -10.77028196599997 ] ] ], [ [ [ 147.361636223000119, -43.263063985999963 ], [ 147.293027328000107, -43.15708202899998 ], [ 147.329127179000011, -43.102635867999936 ], [ 147.357182415000011, -43.074999894999962 ], [ 147.396518351000054, -43.119717850999962 ], [ 147.431636179000066, -43.213891047999937 ], [ 147.432736220000038, -43.241944942999964 ], [ 147.429691242000104, -43.253617916999985 ], [ 147.361636223000119, -43.263063985999963 ] ] ], [ [ [ 136.182736183000088, -11.690835883999966 ], [ 136.178318250000075, -11.687782020999975 ], [ 136.18261833400004, -11.644446072999926 ], [ 136.273745212000108, -11.572217871999953 ], [ 136.289763364, -11.572155007999982 ], [ 136.348845220000044, -11.568608959999949 ], [ 136.417482279000069, -11.52028192299997 ], [ 136.428591318000031, -11.511108935999971 ], [ 136.449127316000045, -11.490273032999937 ], [ 136.481218271000103, -11.467217937999976 ], [ 136.475936163000029, -11.506945979999955 ], [ 136.472045283000057, -11.51721783499994 ], [ 136.373291376000111, -11.592499897999971 ], [ 136.343291371000078, -11.609717835999959 ], [ 136.266663342000015, -11.653335918999971 ], [ 136.197209215000044, -11.685282034999943 ], [ 136.182736183000088, -11.690835883999966 ] ] ], [ [ [ 148.014163364000069, -42.753064068999947 ], [ 148.009982303000015, -42.731109013999969 ], [ 148.011109334000025, -42.652217870999948 ], [ 148.012636181000062, -42.628608898999971 ], [ 148.018736195000088, -42.61971787899995 ], [ 148.076491364000049, -42.586944805999963 ], [ 148.128009223000049, -42.590272923999976 ], [ 148.172900349000088, -42.655281958999979 ], [ 148.168163401000015, -42.66555498799994 ], [ 148.154982355000016, -42.668890984999962 ], [ 148.09774518800009, -42.666108863999966 ], [ 148.0416541620001, -42.732217939999941 ], [ 148.014163364000069, -42.753064068999947 ] ] ], [ [ [ 142.279972292000025, -10.265554935999944 ], [ 142.210527219000028, -10.236799977999965 ], [ 142.201354231000096, -10.225554984999974 ], [ 142.189418234000073, -10.204164032999927 ], [ 142.212891251000087, -10.156946089999963 ], [ 142.228572450000115, -10.145555082999977 ], [ 142.284145139000088, -10.13569092399996 ], [ 142.316927265000118, -10.151663981999945 ], [ 142.330536291000044, -10.171946007999964 ], [ 142.339963418000025, -10.191391017999933 ], [ 142.338563305000093, -10.20278202399993 ], [ 142.288863312000103, -10.261108838999974 ], [ 142.279972292000025, -10.265554935999944 ] ] ], [ [ [ 139.428318234000017, -17.146108899999945 ], [ 139.423309209000081, -17.143608913999969 ], [ 139.414982291000115, -17.129999887999929 ], [ 139.408018270000071, -17.115835812999933 ], [ 139.400118327000087, -17.088755056999958 ], [ 139.502772333000053, -16.99666392499995 ], [ 139.53802728900007, -17.018608920999952 ], [ 139.554136301000085, -17.031872946999954 ], [ 139.576082303000021, -17.095835920999946 ], [ 139.570254198000043, -17.104999855999949 ], [ 139.560791364000011, -17.109445952999977 ], [ 139.517491291000056, -17.110835839999936 ], [ 139.467609244000073, -17.099717915999975 ], [ 139.452754164000112, -17.102782003999948 ], [ 139.443845207000095, -17.108335852999971 ], [ 139.434418248000043, -17.119446065999966 ], [ 139.429700242000081, -17.131945997999935 ], [ 139.428318234000017, -17.146108899999945 ] ] ], [ [ [ 145.354127324000046, -38.570000007999965 ], [ 145.336091312000121, -38.552226852999979 ], [ 145.319972410000105, -38.537781983999935 ], [ 145.310245211000051, -38.532499875999974 ], [ 145.298582295000074, -38.527782037999941 ], [ 145.271363406000091, -38.520835954999939 ], [ 145.254972427000098, -38.520554992999962 ], [ 145.241054276000114, -38.522499929999981 ], [ 145.228572449000012, -38.525835926999946 ], [ 145.182463432000077, -38.529446012999983 ], [ 145.117054244000087, -38.531108982999967 ], [ 145.120236183000088, -38.520554992999962 ], [ 145.161654184000099, -38.484173006999981 ], [ 145.179409234000104, -38.47166402199997 ], [ 145.190245191000031, -38.466946016999941 ], [ 145.202454271000079, -38.463617897999939 ], [ 145.26470934800011, -38.454173001999948 ], [ 145.282900257000051, -38.452499973999977 ], [ 145.293027273000121, -38.455273042999977 ], [ 145.309691335000025, -38.465973044999942 ], [ 145.362745262000089, -38.566809016999969 ], [ 145.354127324000046, -38.570000007999965 ] ] ], [ [ [ 136.524691347000044, -15.646108984999955 ], [ 136.516391251000073, -15.644164047999936 ], [ 136.498836193000102, -15.633335801999976 ], [ 136.519436229, -15.549717935999979 ], [ 136.576909263000061, -15.511946062999982 ], [ 136.605518207000046, -15.524863916999948 ], [ 136.610227328000065, -15.543054993999931 ], [ 136.598436169000024, -15.613054948999945 ], [ 136.587736167000116, -15.634726862999969 ], [ 136.52997244900007, -15.645282025999961 ], [ 136.524691347000044, -15.646108984999955 ] ] ], [ [ [ 144.888882411000054, -40.729435930999955 ], [ 144.878572335000058, -40.726246113999935 ], [ 144.870945306000067, -40.719435817999965 ], [ 144.865936280000028, -40.671118001999957 ], [ 144.926227310000058, -40.617218005999973 ], [ 144.993282368000109, -40.666664025999978 ], [ 145.016082318000031, -40.69554605299993 ], [ 144.926363432000016, -40.722499906999985 ], [ 144.888882411000054, -40.729435930999955 ] ] ] ] }
        }
    ]
}