{
    "type": "FeatureCollection",
    "features": [
        {
            "type": "Feature",
            "properties": {
                "WCID": "BRA",
                "COUNTRY": "Brazil"
            },
            "geometry": { "type": "MultiPolygon", "coordinates": [ [ [ [ -44.695008924999968, -1.817781879999927 ], [ -44.640008886999965, -1.789164050999943 ], [ -44.569172920999961, -1.816663901999959 ], [ -44.53889094799996, -1.832217863999972 ], [ -44.527781908999941, -1.859164006999947 ], [ -44.511390929999948, -1.907499927999936 ], [ -44.489726894999933, -1.98666398599994 ], [ -44.496526797999934, -2.047635793999973 ], [ -44.58889084499998, -2.17028198099996 ], [ -44.636945971999978, -2.22360882199996 ], [ -44.661390954999945, -2.281108845999938 ], [ -44.65493588399994, -2.323681872999941 ], [ -44.634172903999968, -2.283890966999934 ], [ -44.616254908999963, -2.257081952999954 ], [ -44.504372929999931, -2.148546028999931 ], [ -44.450835869999935, -2.146390873999962 ], [ -44.428126779999957, -2.156455025999946 ], [ -44.394999821999932, -2.198754970999971 ], [ -44.366390877999947, -2.294717871999978 ], [ -44.361672871999986, -2.320282005999957 ], [ -44.360554893999961, -2.341946039999925 ], [ -44.379099854999936, -2.399517812999932 ], [ -44.406390827999985, -2.40999988599998 ], [ -44.441535812999973, -2.412081950999948 ], [ -44.507508934999976, -2.47083590699998 ], [ -44.582090941999979, -2.566808865999974 ], [ -44.577781972999958, -2.616663923999965 ], [ -44.60833585499995, -2.67471782299998 ], [ -44.651808930999948, -2.768055008999966 ], [ -44.682499939999957, -2.912499843999967 ], [ -44.691463881999937, -2.995135853999955 ], [ -44.677708843999937, -3.016808941999955 ], [ -44.623608855999976, -3.034164006999958 ], [ -44.625972887999978, -3.055135863999965 ], [ -44.756390942999985, -3.193335845999968 ], [ -44.78389096099994, -3.204517807999935 ], [ -44.786390947999962, -3.297499936999941 ], [ -44.753335738999965, -3.274446014999967 ], [ -44.659999893999952, -3.18805508 ], [ -44.616108895999957, -3.109999946999949 ], [ -44.546672874999956, -3.056390970999928 ], [ -44.480281830999957, -3.008191003999968 ], [ -44.456945941999948, -2.98305501699997 ], [ -44.43695493599995, -2.954999948999955 ], [ -44.423063942999931, -2.934446013999946 ], [ -44.410564009999973, -2.89805497499998 ], [ -44.405554984999981, -2.868054969999946 ], [ -44.384172917999933, -2.701390882999931 ], [ -44.36749980299993, -2.555281904999958 ], [ -44.356945981999957, -2.526663908999979 ], [ -44.283199817999957, -2.48139090199993 ], [ -44.256390970999973, -2.482781962999979 ], [ -44.211945928999967, -2.473473020999961 ], [ -44.167499881999959, -2.45360891699994 ], [ -44.123754896999969, -2.425690975999942 ], [ -44.104863930999954, -2.413890932999948 ], [ -44.063335790999986, -2.405835923999973 ], [ -44.033890835999955, -2.41360896599997 ], [ -44.029026817999977, -2.518890866999925 ], [ -44.041946012999972, -2.547635932999981 ], [ -44.132917825999982, -2.668055048999975 ], [ -44.162090871999965, -2.690135830999964 ], [ -44.187090903999945, -2.695417938999981 ], [ -44.232781831999944, -2.713335933999929 ], [ -44.267226759999971, -2.733608907999951 ], [ -44.338372856999968, -2.780799860999934 ], [ -44.340355009999939, -2.827364014999944 ], [ -44.293335885999966, -2.835345933999974 ], [ -44.277499955999986, -2.810282031999975 ], [ -44.264517896999962, -2.78312684499997 ], [ -44.190626893999934, -2.763399867999965 ], [ -44.176808822999931, -2.816563932999941 ], [ -44.214372992999984, -2.84951788799998 ], [ -44.1983357299999, -2.868890980999936 ], [ -44.177781961999983, -2.848055078999948 ], [ -44.121117781999942, -2.770835789999978 ], [ -44.021390903999929, -2.651108851999936 ], [ -44.005281891999971, -2.633055070999944 ], [ -43.928335852999965, -2.548472949999962 ], [ -43.87306390699996, -2.569717889999936 ], [ -43.799790817999963, -2.551663940999958 ], [ -43.707499860999974, -2.50999984699996 ], [ -43.560281956999972, -2.523054995999928 ], [ -43.44833577199995, -2.537782 ], [ -43.458335885999929, -2.458055012999978 ], [ -43.478617911999947, -2.410973024999976 ], [ -43.477708810999957, -2.382782001999942 ], [ -43.438335826999946, -2.367917869999928 ], [ -43.347499800999969, -2.36583580599995 ], [ -43.321663924999939, -2.36763590299995 ], [ -43.283335828999952, -2.373335932999964 ], [ -43.169245888999967, -2.397917874999962 ], [ -43.115835730999947, -2.42583581599996 ], [ -43.039726875999975, -2.453890883999975 ], [ -43.000835850999977, -2.465346095999962 ], [ -42.96306397799998, -2.465690926999969 ], [ -42.934099808999974, -2.472217914999931 ], [ -42.890008817999956, -2.503054936999945 ], [ -42.796181961999935, -2.560899959999972 ], [ -42.754999826999949, -2.558054973999958 ], [ -42.706672958999945, -2.562782031999973 ], [ -42.682299892999936, -2.583126922999952 ], [ -42.625835871999982, -2.64639101399996 ], [ -42.504445964999945, -2.731663970999932 ], [ -42.457499930999973, -2.750690890999977 ], [ -42.344099821999976, -2.768890852999959 ], [ -42.31278184599995, -2.75971786599996 ], [ -42.29139089399996, -2.754164015999947 ], [ -42.269863986999951, -2.756526874999963 ], [ -42.233754915999953, -2.805690927999933 ], [ -42.235835806999944, -2.837781882999934 ], [ -42.233608902999947, -2.833054991999973 ], [ -42.2116729599999, -2.808817880999925 ], [ -42.109999802999937, -2.802781904999961 ], [ -42.061672934999933, -2.819445966999979 ], [ -42.027499914999964, -2.829999955999938 ], [ -41.952090949999956, -2.844999874999928 ], [ -41.936808895999945, -2.820555059999947 ], [ -41.935345918999985, -2.787017891999938 ], [ -41.978199907999965, -2.756808841999941 ], [ -41.949445955999977, -2.74555496399995 ], [ -41.870835773999943, -2.732217846999959 ], [ -41.834345996999957, -2.739617893999934 ], [ -41.840263955999944, -2.766917919999969 ], [ -41.826390899999979, -2.762217851999935 ], [ -41.793063949999976, -2.774717951999946 ], [ -41.727226782999935, -2.813335893999977 ], [ -41.699445969999942, -2.830281922999973 ], [ -41.679864, -2.844445998999959 ], [ -41.66652688399995, -2.863264041999969 ], [ -41.69451791399996, -2.864099884999973 ], [ -41.674726899999939, -2.883055056999979 ], [ -41.603890932999946, -2.904581962999941 ], [ -41.519999815999938, -2.912364056999934 ], [ -41.495281918999979, -2.906390945999931 ], [ -41.475763986999937, -2.897426834999976 ], [ -41.401390856999967, -2.908473009999966 ], [ -41.332090957999981, -2.930417838999972 ], [ -41.268890904999978, -2.985281920999967 ], [ -41.24807293899994, -3.02355503299998 ], [ -41.236045913999931, -3.014999958999965 ], [ -41.238472977999947, -2.974999840999942 ], [ -41.263890931999981, -2.932363948999978 ], [ -41.222781887999929, -2.880281987999979 ], [ -40.910281904999977, -2.872782027999961 ], [ -40.790835760999983, -2.865835777999962 ], [ -40.656390871999974, -2.839717934999953 ], [ -40.630835789999935, -2.839717934999953 ], [ -40.605699803999983, -2.838335926999946 ], [ -40.548890951999965, -2.821663985999976 ], [ -40.50694589699998, -2.802217969999958 ], [ -40.4727819299999, -2.795835821999958 ], [ -40.320555000999946, -2.805554973999961 ], [ -40.191117795999958, -2.819999842999948 ], [ -39.998754960999975, -2.84652689 ], [ -39.863199804999965, -2.919026831999929 ], [ -39.830281891999959, -2.954863994999926 ], [ -39.73861790199993, -3.015281925999943 ], [ -39.717226781999955, -3.025835915999949 ], [ -39.575281932999985, -3.093608967999955 ], [ -39.474863882999955, -3.155554919999929 ], [ -39.38083586099998, -3.189581926999949 ], [ -39.219999878999943, -3.289445932999968 ], [ -39.072226757999942, -3.382781945999966 ], [ -39.02305499299996, -3.386663940999938 ], [ -38.994445880999933, -3.395554960999959 ], [ -38.957781927999974, -3.420835785999941 ], [ -38.930281908999973, -3.461664036999935 ], [ -38.852499858999977, -3.542781916999957 ], [ -38.661255002999951, -3.678608981999957 ], [ -38.635563966999939, -3.690281954999932 ], [ -38.530145943999969, -3.720835836999925 ], [ -38.496535852999955, -3.724864011999955 ], [ -38.339726872999961, -3.911946078999961 ], [ -38.311954944999968, -3.935691004999967 ], [ -38.291808872999979, -3.943190964999928 ], [ -38.261945995999952, -3.951526934999947 ], [ -38.177508882999973, -4.057217872999956 ], [ -38.163963894999938, -4.091390891999936 ], [ -38.141399810999985, -4.121663979999937 ], [ -38.108754980999947, -4.157917889999965 ], [ -38.072226813999976, -4.196808914999963 ], [ -38.01137285599998, -4.253235887999949 ], [ -37.918890958999953, -4.317781906999926 ], [ -37.805554887999961, -4.39499985499998 ], [ -37.731946019999953, -4.484726954999928 ], [ -37.712226753999971, -4.523126799999943 ], [ -37.645145879999973, -4.586945940999954 ], [ -37.596254908999981, -4.617499989999942 ], [ -37.549026739999931, -4.639445990999945 ], [ -37.475563884999929, -4.641390927999964 ], [ -37.422499899999934, -4.657781907999947 ], [ -37.344454992999943, -4.690554981999981 ], [ -37.323608864999983, -4.700835888999961 ], [ -37.289726864999977, -4.72610883599998 ], [ -37.272781841999972, -4.743608907999942 ], [ -37.240917868999929, -4.831408840999927 ], [ -37.225417885999946, -4.85972693399998 ], [ -37.211108803999934, -4.879863952999926 ], [ -37.174446023999963, -4.918608965999965 ], [ -37.155835851999939, -4.928055034999943 ], [ -37.125281970999936, -4.930135925999934 ], [ -37.068335822999984, -4.928335828999934 ], [ -36.955563853999934, -4.927917906999937 ], [ -36.877090799999962, -4.953682033999939 ], [ -36.817499826999949, -5.0144459699999 ], [ -36.804935856999975, -5.036664048999967 ], [ -36.769172957999956, -5.066664053999943 ], [ -36.684581952999963, -5.098473040999977 ], [ -36.61278189899997, -5.09944601199993 ], [ -36.581672967999964, -5.088055005999934 ], [ -36.470699922999984, -5.077781977999962 ], [ -36.424726859999964, -5.080835839999963 ], [ -36.340835743999946, -5.094163904999959 ], [ -36.286526877999961, -5.111108927999965 ], [ -36.123755011999947, -5.095835926999939 ], [ -36.068890928999963, -5.074164012999972 ], [ -36.004445995999959, -5.05083583499993 ], [ -35.974308862999976, -5.049163980999936 ], [ -35.93471778199995, -5.052217843999927 ], [ -35.849726791999956, -5.078890903999934 ], [ -35.686108855999976, -5.108055064999974 ], [ -35.641672866999954, -5.11083584499994 ], [ -35.604445984999984, -5.11083584499994 ], [ -35.511390933999962, -5.149863997999944 ], [ -35.479726785999958, -5.166108964999978 ], [ -35.41444600899996, -5.218472893999945 ], [ -35.373199836999959, -5.279026946999977 ], [ -35.315563858999951, -5.386663995999925 ], [ -35.225563843999964, -5.583608880999975 ], [ -35.193545979999953, -5.698126800999944 ], [ -35.19569979299996, -5.74652692799998 ], [ -35.145563941999967, -5.93889093599995 ], [ -35.131808903999968, -5.959446044999936 ], [ -35.100835759999939, -6.091664029999947 ], [ -35.092781923999951, -6.178890975999934 ], [ -35.087781951999943, -6.199163949999956 ], [ -35.041390799999931, -6.233891012999948 ], [ -34.980281863999949, -6.406390915999964 ], [ -34.97194589299994, -6.438890906999973 ], [ -34.967226881999977, -6.482499937999933 ], [ -34.96635499599995, -6.504081997999947 ], [ -34.961108930999956, -6.54110888799994 ], [ -34.964026838999985, -6.602781924999931 ], [ -34.965281944999958, -6.62791791199993 ], [ -34.960554886999944, -6.657499994999966 ], [ -34.954445987999975, -6.678608979999979 ], [ -34.883054971999968, -6.906663969999954 ], [ -34.868054884999935, -6.93860891199995 ], [ -34.863963845999933, -6.979608823999968 ], [ -34.87555501199995, -7.039999933999979 ], [ -34.899517867999975, -7.068854970999951 ], [ -34.898399889999951, -7.097946041999933 ], [ -34.901290807999942, -7.125254952999967 ], [ -34.864099800999952, -7.07743586 ], [ -34.847326773999953, -7.021508951999976 ], [ -34.831290851999938, -6.981799852999927 ], [ -34.823835819999942, -7.032317918999979 ], [ -34.83650892199995, -7.062890910999954 ], [ -34.830835881999974, -7.108608828999934 ], [ -34.792917828999975, -7.172782020999932 ], [ -34.799445989999981, -7.336390903999927 ], [ -34.801945976999946, -7.389164036999944 ], [ -34.810281946999964, -7.504163915999925 ], [ -34.833063959999947, -7.54278202699993 ], [ -34.89319992399993, -7.543090983999946 ], [ -34.837090961999934, -7.557781944999931 ], [ -34.818608864999931, -7.590281936999929 ], [ -34.80180884899994, -7.636255 ], [ -34.827363930999979, -7.682635925999932 ], [ -34.854726820999929, -7.699717908999958 ], [ -34.883054971999968, -7.745835810999949 ], [ -34.890008765999937, -7.781391005999978 ], [ -34.889926790999937, -7.812017809999929 ], [ -34.865281816999982, -7.832226913999932 ], [ -34.844726874999935, -7.835555031999945 ], [ -34.82778185199993, -7.867217838999977 ], [ -34.815835795999931, -7.909581989999936 ], [ -34.815281919999961, -7.935281910999947 ], [ -34.830981894999979, -8.009308867999948 ], [ -34.846390850999967, -8.062917844999959 ], [ -34.865008901999943, -8.073054917999968 ], [ -34.90416395699998, -8.195282009999971 ], [ -34.941117755999983, -8.342499913999973 ], [ -35.04194601699993, -8.616108870999938 ], [ -35.067781891999971, -8.673055018999946 ], [ -35.104999888999942, -8.776108841999928 ], [ -35.131954916999973, -8.87083591499993 ], [ -35.148890886999936, -8.913308862999941 ], [ -35.164026760999946, -8.955554995999933 ], [ -35.181117795999967, -8.986663926999938 ], [ -35.19930887299995, -9.010281950999968 ], [ -35.220563870999968, -9.030554924999933 ], [ -35.289517764999971, -9.165763907999974 ], [ -35.32750890899996, -9.228890870999976 ], [ -35.376945876999969, -9.290281941999979 ], [ -35.401945908999949, -9.319445935999966 ], [ -35.618899906999957, -9.555282013999943 ], [ -35.674445940999931, -9.610835926999926 ], [ -35.777226849999977, -9.709208960999945 ], [ -35.848454921999974, -9.78322686599995 ], [ -35.878063994999934, -9.84028197799995 ], [ -35.906108836999977, -9.88222686499995 ], [ -36.04312680299995, -10.07395502199995 ], [ -36.127781845999948, -10.152217857999972 ], [ -36.165835853999965, -10.176390931999947 ], [ -36.220835723999983, -10.219717826999954 ], [ -36.256108783999935, -10.256672967999975 ], [ -36.285135817999958, -10.295417812999972 ], [ -36.320554890999972, -10.385554955999964 ], [ -36.3898640099999, -10.489163995999945 ], [ -36.404826880999963, -10.498790946999975 ], [ -36.46305495699994, -10.518890918999944 ], [ -36.520835773999977, -10.53028192499994 ], [ -36.557499894999978, -10.547226948999935 ], [ -36.657226772999934, -10.607226958999945 ], [ -36.700281927999981, -10.633335916999954 ], [ -36.850281952999978, -10.733890926999948 ], [ -36.912363859999971, -10.789999889999933 ], [ -36.955281886999956, -10.847363958999949 ], [ -36.994999869999958, -10.908054972999935 ], [ -37.011945898999954, -10.929726886999958 ], [ -37.032299841999929, -10.92875492099995 ], [ -37.036254926999959, -10.892500004999931 ], [ -37.02528184199997, -10.858890919999965 ], [ -37.058617844999958, -10.799163991999933 ], [ -37.092226761999939, -10.743890872999941 ], [ -37.155699897999966, -10.75402694099995 ], [ -37.134099900999956, -10.827635808999958 ], [ -37.084163873999955, -10.827364066999962 ], [ -37.054590842999971, -10.827081932999931 ], [ -37.039864006999949, -10.842499940999971 ], [ -37.073063886999932, -10.967226850999964 ], [ -37.154517881999936, -11.099791008999944 ], [ -37.188472970999953, -11.077217872999938 ], [ -37.192363850999982, -11.056808944999943 ], [ -37.212363909999965, -11.035282037999934 ], [ -37.238890956999967, -11.02639101799997 ], [ -37.27562682699994, -11.025208833999955 ], [ -37.262917850999941, -11.068190898999944 ], [ -37.225008848999948, -11.098608992999971 ], [ -37.190281953999943, -11.107226929999968 ], [ -37.207226808999962, -11.219446029999972 ], [ -37.262499928999944, -11.292054936999932 ], [ -37.274008784999978, -11.313890967999953 ], [ -37.31167286699997, -11.386108942999954 ], [ -37.322090901999957, -11.42007291799996 ], [ -37.371881921999943, -11.429863986999976 ], [ -37.391108833999965, -11.400835946999962 ], [ -37.360145915999965, -11.312217939999925 ], [ -37.334163859999933, -11.304163936999942 ], [ -37.313917875999948, -11.276999864999937 ], [ -37.297835852999981, -11.247335806999956 ], [ -37.290145959999961, -11.211255065999978 ], [ -37.342363875999979, -11.187499913999943 ], [ -37.336108796999952, -11.230281986999955 ], [ -37.364590838999959, -11.301808957999981 ], [ -37.395281847999968, -11.3338908599999 ], [ -37.412226871999962, -11.402781889999972 ], [ -37.394099831999938, -11.447781980999935 ], [ -37.410972938999976, -11.480835848999959 ], [ -37.449172959999942, -11.504999869999949 ], [ -37.467781957999932, -11.514445938999927 ], [ -37.487908919999938, -11.520226937999951 ], [ -37.446672972999977, -11.519163944999946 ], [ -37.423335742999939, -11.54528195499995 ], [ -37.455281857999978, -11.610281937999957 ], [ -37.566526812999939, -11.85222691499996 ], [ -37.581117861999985, -11.886390881999944 ], [ -37.603617907999933, -11.940281993999974 ], [ -37.617499848999955, -11.97500000399998 ], [ -37.631108873999949, -12.003055071999938 ], [ -37.659172994999949, -12.058335902999943 ], [ -37.684445941999968, -12.102499983999962 ], [ -37.700281870999959, -12.128608941999971 ], [ -37.793335748999937, -12.258335824999961 ], [ -37.871672848999935, -12.366390961999969 ], [ -37.92972674799995, -12.429717916999948 ], [ -37.954654863999963, -12.476108901999964 ], [ -37.995563915999981, -12.576108862999945 ], [ -38.041390965999938, -12.633055009999964 ], [ -38.317917830999932, -12.937226900999974 ], [ -38.350281867999968, -12.960417950999954 ], [ -38.474654894999958, -13.01660000399994 ], [ -38.530526817999942, -13.016008911999961 ], [ -38.511390932999973, -12.926254989999961 ], [ -38.487781960999939, -12.916808919999937 ], [ -38.478754986999945, -12.847708844999943 ], [ -38.507363930999929, -12.726455059999978 ], [ -38.549726739999983, -12.725555011999973 ], [ -38.609726749999936, -12.721108914999945 ], [ -38.626946028999953, -12.71055492499994 ], [ -38.641945947999943, -12.687781964999942 ], [ -38.654445879999969, -12.628608912999937 ], [ -38.697990872999981, -12.581108835999942 ], [ -38.721672934999958, -12.618608967999933 ], [ -38.748272904999965, -12.722882022999954 ], [ -38.751108837999936, -12.76499991299994 ], [ -38.783199791999948, -12.819582027999957 ], [ -38.818263975999969, -12.843546056999969 ], [ -38.854308841999966, -12.825281889999928 ], [ -38.87528187199996, -12.756672994999974 ], [ -38.885563952999973, -12.715691019999952 ], [ -38.878754997999977, -12.695281923999971 ], [ -38.859099937999929, -12.687154997999926 ], [ -38.861181834999968, -12.662781932999962 ], [ -38.901117914999929, -12.705554951999943 ], [ -38.917226759999949, -12.74360896099995 ], [ -38.897781917999964, -12.785835814999928 ], [ -38.857646012999965, -12.849864 ], [ -38.827854884999965, -12.864308868999956 ], [ -38.804026809999982, -12.854726844999959 ], [ -38.730135806999954, -12.871254952999948 ], [ -38.759445981999932, -12.984999893999941 ], [ -38.786117867999963, -13.020835882999961 ], [ -38.836808936999944, -13.05694596 ], [ -38.852917780999974, -13.171255002999942 ], [ -38.932708805999937, -13.231946016999927 ], [ -38.955281941999942, -13.273890904999973 ], [ -38.963335776999941, -13.293608996999978 ], [ -38.968335749999937, -13.326390954999965 ], [ -38.956672834999949, -13.379999931999976 ], [ -38.968890966999936, -13.37305502199996 ], [ -38.998890804999974, -13.359999872999936 ], [ -39.043335845999934, -13.355835910999929 ], [ -39.05709088499998, -13.380281898999954 ], [ -39.08028193399997, -13.538335926999935 ], [ -39.057055009999942, -13.493335835999972 ], [ -39.009035756999936, -13.506255030999966 ], [ -38.993617916999938, -13.54028203699994 ], [ -39.008072843999969, -13.565964020999957 ], [ -39.004035783999939, -13.604882035999935 ], [ -38.984581889999959, -13.623681973999965 ], [ -38.963472904999946, -13.686108880999939 ], [ -38.999454906999972, -13.791108981999969 ], [ -39.030008787999975, -13.843335949999926 ], [ -39.009726760999968, -13.972226822999971 ], [ -38.994999924999945, -14.010835879999945 ], [ -38.993308791999937, -14.058346016999963 ], [ -39.028617894999968, -14.089163927999948 ], [ -39.065417802999946, -14.075281986999926 ], [ -39.074590957999931, -14.14610890199998 ], [ -39.036526890999937, -14.174999980999928 ], [ -38.959308774999954, -14.067635846999963 ], [ -38.956672834999949, -14.044999846999929 ], [ -38.969172933999971, -13.985281971999939 ], [ -38.976390926999954, -13.954445955999972 ], [ -38.989135777999934, -13.929481965999969 ], [ -38.936526762999961, -13.891599954999947 ], [ -38.920699884999976, -13.92513594899998 ], [ -38.924726886999963, -14.035282035999955 ], [ -38.952199915999984, -14.113682 ], [ -38.986254917999929, -14.198472997999943 ], [ -38.991108877999977, -14.244446059999973 ], [ -39.001399842999945, -14.33860886399998 ], [ -39.033890949999943, -14.537781994999932 ], [ -39.060145920999958, -14.626254994999954 ], [ -39.066672908999976, -14.650417841999968 ], [ -39.063335737999978, -14.714446026999951 ], [ -39.053754886999968, -14.804446041999938 ], [ -39.039999848999969, -14.821663979999926 ], [ -39.003617862999931, -14.981808957999931 ], [ -39.002499883999974, -15.04472687599997 ], [ -38.991390844999955, -15.264163928999949 ], [ -38.951954996999973, -15.546108855999933 ], [ -38.935563849999937, -15.66222688199997 ], [ -38.910563984999953, -15.743890925999949 ], [ -38.886672878999946, -15.795281883999962 ], [ -38.871946041999934, -15.874173026999927 ], [ -38.944172901999934, -16.079172921999941 ], [ -39.01389089099996, -16.286946052999951 ], [ -39.046672849999936, -16.421672908999938 ], [ -39.064446004999979, -16.498608889999957 ], [ -39.077226897999935, -16.562499946999935 ], [ -39.081390859999942, -16.607499870999959 ], [ -39.084445895999977, -16.632226819999971 ], [ -39.100554907999935, -16.697990897999944 ], [ -39.117917852999938, -16.727917979999972 ], [ -39.130835874999946, -16.76056398399993 ], [ -39.134726753999985, -16.788199956999961 ], [ -39.136117814999977, -16.850282031999939 ], [ -39.129863908999937, -16.871526803999927 ], [ -39.141108902999974, -16.93694605 ], [ -39.169445938999957, -17.04167290099997 ], [ -39.198754938999969, -17.132499874999951 ], [ -39.209026793999953, -17.166117843999928 ], [ -39.213335762999975, -17.252226811999947 ], [ -39.214726823999968, -17.309717950999982 ], [ -39.210554982999952, -17.379445997999937 ], [ -39.194455022999932, -17.545281952999972 ], [ -39.189590836999969, -17.581526810999947 ], [ -39.18306384899995, -17.605972966999957 ], [ -39.161254974999963, -17.643891019999955 ], [ -39.138199879999945, -17.666945947999977 ], [ -39.132226767999953, -17.686317867999946 ], [ -39.275554965999959, -17.869164056999978 ], [ -39.297781928999939, -17.882364044999974 ], [ -39.328055015999951, -17.894999931999962 ], [ -39.39167299099995, -17.910281985999973 ], [ -39.424299884999982, -17.925417858999936 ], [ -39.451663948999965, -17.949717833999955 ], [ -39.504717875999972, -18.016946062999978 ], [ -39.625972833999981, -18.187917944999981 ], [ -39.646255027999985, -18.23125506599996 ], [ -39.658617832999937, -18.278617848999943 ], [ -39.668926902999942, -18.325599924999949 ], [ -39.684717905999946, -18.365554948999943 ], [ -39.713199947999954, -18.460699942999952 ], [ -39.728199866999944, -18.530146022999929 ], [ -39.744726799999967, -18.673617886999978 ], [ -39.748063970999965, -18.705282034999982 ], [ -39.74694599299994, -18.793335939999963 ], [ -39.740281876999973, -18.923890954999933 ], [ -39.730835807999938, -19.024445965999973 ], [ -39.723335847999977, -19.079172919999962 ], [ -39.716663852999943, -19.106946020999942 ], [ -39.703472916999942, -19.20125500499995 ], [ -39.694172859999981, -19.298890933999928 ], [ -39.694454994999944, -19.319446042999971 ], [ -39.699172832999977, -19.393055077999975 ], [ -39.704035845999954, -19.423608959999967 ], [ -39.714172918999964, -19.44917292599996 ], [ -39.787508872999979, -19.603617874999941 ], [ -39.809935827999936, -19.642017887999941 ], [ -39.873608787999956, -19.673335862999977 ], [ -39.896808889999932, -19.682364010999947 ], [ -39.935008910999954, -19.698063985999966 ], [ -39.98583576599998, -19.726390962999972 ], [ -40.006672841999944, -19.741390881999962 ], [ -40.021117878999974, -19.762782001999938 ], [ -40.128063922999957, -19.964726860999974 ], [ -40.145281860999944, -20.025555002999965 ], [ -40.167499939999971, -20.118335797999976 ], [ -40.19083582899998, -20.19458194799995 ], [ -40.240554930999963, -20.283817868999961 ], [ -40.293199820999973, -20.242535821999979 ], [ -40.349726873999941, -20.234726905999935 ], [ -40.364726791999942, -20.284446007999975 ], [ -40.368335871999932, -20.311872936999976 ], [ -40.331808878999936, -20.325000002999957 ], [ -40.28222690399997, -20.343609001999937 ], [ -40.335554918999946, -20.468608994999954 ], [ -40.344999815999984, -20.487781927999947 ], [ -40.406108918999962, -20.599445976999959 ], [ -40.417499924999959, -20.616672967999932 ], [ -40.627154960999974, -20.831181963999938 ], [ -40.642708923999976, -20.814445984999963 ], [ -40.740835864999951, -20.84166403699993 ], [ -40.761881984999945, -20.854654980999953 ], [ -40.813126761999968, -20.928199978999942 ], [ -40.821535822999977, -20.969655027999977 ], [ -40.81708184699994, -21.011946087999945 ], [ -40.832226772999945, -21.057499887999938 ], [ -40.843817770999976, -21.087081970999975 ], [ -40.865008898999974, -21.118199954999966 ], [ -40.890008930999954, -21.143335940999975 ], [ -40.933335826999951, -21.192499993999945 ], [ -40.945554964999985, -21.208890973999928 ], [ -40.960554883999976, -21.235835942999927 ], [ -40.966535874999977, -21.258335820999946 ], [ -40.964335792999975, -21.276563945999953 ], [ -40.96111781299993, -21.283608934999961 ], [ -40.969235853999976, -21.352573055999983 ], [ -41.014726788999951, -21.427499893999936 ], [ -41.029163946999972, -21.448891013999969 ], [ -41.043335733999982, -21.576664075999929 ], [ -41.018054907999954, -21.675554942999952 ], [ -40.966808789999959, -21.957917959999975 ], [ -40.970145960999957, -21.982499902999962 ], [ -40.987226770999939, -22.008608860999971 ], [ -41.001945895999938, -22.023055070999931 ], [ -41.020281978999947, -22.033891027999971 ], [ -41.199308870999971, -22.12778192199994 ], [ -41.233890926999948, -22.140554936999933 ], [ -41.278617767999947, -22.154163962999974 ], [ -41.30139089599993, -22.160554995999973 ], [ -41.343054989999985, -22.169999891999964 ], [ -41.400281930999938, -22.186108904999969 ], [ -41.521117794999952, -22.224163918999977 ], [ -41.543063963999941, -22.231108995999932 ], [ -41.581672853999976, -22.243617980999943 ], [ -41.60778198, -22.253891008999972 ], [ -41.67110893499995, -22.284999939999977 ], [ -41.698890920999929, -22.301108951999936 ], [ -41.763063944999942, -22.34610887499997 ], [ -41.849726788999931, -22.437781917999928 ], [ -41.966045979999933, -22.534517965999953 ], [ -41.987435758999936, -22.565699986999959 ], [ -41.995563857999969, -22.624172981999948 ], [ -41.994726840999931, -22.664172932999975 ], [ -41.990145963999964, -22.705699898999967 ], [ -41.975135818999945, -22.735146027999974 ], [ -41.987499796999941, -22.831108928999981 ], [ -42.034445997999967, -22.919173058999945 ], [ -42.150835764999954, -22.949717887999952 ], [ -42.429454920999945, -22.941109002999951 ], [ -42.548617923999984, -22.939446032999967 ], [ -42.570281958999942, -22.939446032999967 ], [ -42.626390921999985, -22.944172923999929 ], [ -42.659863884999936, -22.950691026999948 ], [ -42.680145910999954, -22.959999968999966 ], [ -42.941108923999934, -22.980835870999954 ], [ -43.094172869999966, -22.953335852999942 ], [ -43.125417922999929, -22.931046024999944 ], [ -43.129445929999974, -22.890555061999976 ], [ -43.091672882999944, -22.828055065999934 ], [ -43.0636089299999, -22.802781950999929 ], [ -43.026526887999978, -22.743199862999973 ], [ -43.020564001999958, -22.716391015999932 ], [ -43.026117850999981, -22.67930897399998 ], [ -43.075835779999977, -22.668335888999934 ], [ -43.254308794999986, -22.736599952999939 ], [ -43.271254991999967, -22.777645964999977 ], [ -43.262217790999955, -22.806663945999958 ], [ -43.251672853999935, -22.824864074999937 ], [ -43.229517807999969, -22.835626941999976 ], [ -43.163335808999932, -22.894446109999933 ], [ -43.147435840999947, -22.951809004999973 ], [ -43.185146023999948, -22.982781981999949 ], [ -43.227226865999967, -22.999026947999937 ], [ -43.289454952999961, -23.013055068999961 ], [ -43.333617859999947, -23.009999864999941 ], [ -43.390281872999935, -23.011108958999955 ], [ -43.639726808999967, -23.046108936999929 ], [ -43.905563897999969, -23.074445971999978 ], [ -43.944454922999967, -23.08278194199994 ], [ -43.976954914999965, -23.094172948999983 ], [ -43.996945920999963, -23.103055083999948 ], [ -44.005281891999971, -23.099863925999955 ], [ -44.006390816999954, -23.077500001999965 ], [ -44.001108876999979, -23.057090905999928 ], [ -43.977090868999937, -23.040899918999969 ], [ -43.894726767999941, -23.050835826999958 ], [ -43.816117758999951, -23.054172997999956 ], [ -43.793335745999968, -23.05499995699995 ], [ -43.772781978999944, -23.053891030999978 ], [ -43.704726791999974, -23.045417931999964 ], [ -43.606808895999961, -23.018890884999962 ], [ -43.76889093099993, -22.926673018999963 ], [ -43.858754991999945, -22.896808967999959 ], [ -44.038608841999974, -22.936946046999935 ], [ -44.075699936999968, -22.986808982999946 ], [ -44.09222687099998, -23.006808874999933 ], [ -44.125835787999961, -23.032081988999948 ], [ -44.191946037999969, -23.051108908999936 ], [ -44.236708920999945, -23.048299965999945 ], [ -44.323063981999951, -22.920699906999971 ], [ -44.35375499099996, -22.920417939999936 ], [ -44.411526755999944, -22.945282016999954 ], [ -44.430355024999983, -22.963335797999946 ], [ -44.473335747999954, -23.008055095999964 ], [ -44.533617892999985, -23.027781904999983 ], [ -44.602781837999942, -23.040555087999962 ], [ -44.645563909999964, -23.043335867999929 ], [ -44.675208857999962, -23.055700012999978 ], [ -44.696945981999932, -23.109445949999952 ], [ -44.714863976999936, -23.200417929999958 ], [ -44.709308786999941, -23.22222697199993 ], [ -44.643054870999947, -23.228617837999934 ], [ -44.569099829999971, -23.230072935999942 ], [ -44.500764017999984, -23.289581933999955 ], [ -44.57430884799993, -23.353682035999952 ], [ -44.600835727999936, -23.356390899999951 ], [ -44.634726779999937, -23.34333591799998 ], [ -44.717572839999946, -23.346672920999936 ], [ -44.725645953999958, -23.35328205199994 ], [ -44.729790972999979, -23.364863997999976 ], [ -44.838199826999983, -23.389717849999954 ], [ -44.851317840999968, -23.372499911999967 ], [ -44.906463889999941, -23.341255026999931 ], [ -44.943890931999931, -23.362226883999938 ], [ -45.001399840999966, -23.406672930999946 ], [ -45.028890806999982, -23.445281988999966 ], [ -45.01139090199996, -23.458246110999937 ], [ -45.060008789999983, -23.496108843999934 ], [ -45.092226813999957, -23.510563938999951 ], [ -45.26639991299993, -23.587499919999971 ], [ -45.410835862999932, -23.628890930999944 ], [ -45.428890817999957, -23.655072978999954 ], [ -45.426599875999955, -23.711390986999959 ], [ -45.402781859999948, -23.754445973999964 ], [ -45.394726850999973, -23.803126893999945 ], [ -45.415481951999936, -23.828055009999957 ], [ -45.504999839999982, -23.843335889999935 ], [ -45.530972842999972, -23.826391033999982 ], [ -45.549726848999967, -23.805554963999953 ], [ -45.63528194099996, -23.788335852999978 ], [ -45.666390870999976, -23.783055085999933 ], [ -45.835008779999953, -23.758890896999958 ], [ -45.890008816999966, -23.767781916999979 ], [ -45.919172978999939, -23.774726826999938 ], [ -45.974864019999984, -23.787646021999933 ], [ -46.085835891999977, -23.836108844999956 ], [ -46.129445928999985, -23.858335807999936 ], [ -46.226945902999944, -23.919099912999968 ], [ -46.18639090299996, -23.916526835999946 ], [ -46.15055491399994, -23.878817826999978 ], [ -46.117708916999959, -23.865899972999955 ], [ -46.165835793999975, -23.960282046999964 ], [ -46.19555500499996, -23.992226820999974 ], [ -46.279726746999984, -24.025835905999941 ], [ -46.311672862999956, -24.018890996999971 ], [ -46.300208933999954, -24.000899911999966 ], [ -46.274799864999977, -23.991045978999978 ], [ -46.282617832999961, -23.962108966999949 ], [ -46.305490873999986, -23.919099912999968 ], [ -46.380417879999982, -23.868755016999955 ], [ -46.433617819999938, -23.941254958999934 ], [ -46.416808918999948, -23.985700000999941 ], [ -46.43610892099997, -24.021390982999947 ], [ -46.477781899999968, -24.03778196199994 ], [ -46.591945935999945, -24.0922269499999 ], [ -46.82306400899995, -24.211672925999949 ], [ -46.841945921999979, -24.221673039999928 ], [ -46.901672849999954, -24.256946099999936 ], [ -46.924445977999937, -24.270835918999978 ], [ -46.950835896999934, -24.288064082999938 ], [ -46.972226848999981, -24.303608992999955 ], [ -46.985346035999953, -24.319099923999943 ], [ -47.005490934999955, -24.38694606599995 ], [ -47.214726875999986, -24.563055048999956 ], [ -47.317499904999977, -24.622217873999944 ], [ -47.422781973999975, -24.677499878999981 ], [ -47.484455011999955, -24.694446074999973 ], [ -47.545563947999938, -24.708617861999983 ], [ -47.596672937999983, -24.738054937999948 ], [ -47.716663904999962, -24.82278189799996 ], [ -47.798055034999948, -24.873335837999946 ], [ -47.833890856999972, -24.896117850999929 ], [ -47.983063922999975, -25.010281886999962 ], [ -48.026117903999932, -25.014999892999981 ], [ -48.054099881999946, -25.051355056999967 ], [ -47.996672948999958, -25.076664045999962 ], [ -47.954581880999967, -25.080072965999932 ], [ -47.920417913999984, -25.065281924999965 ], [ -47.894864005999978, -25.059026844999948 ], [ -47.89499996, -25.103617899999961 ], [ -47.914308847999962, -25.152364030999934 ], [ -47.935008795999977, -25.180000003999965 ], [ -47.952499815999943, -25.199446019999982 ], [ -47.984517847999939, -25.217781935999938 ], [ -48.019726870999932, -25.229446024999959 ], [ -48.043890891999979, -25.255281899999943 ], [ -48.063608815999942, -25.278335821999974 ], [ -48.074863867999966, -25.295563985999934 ], [ -48.082699941999977, -25.314917967999975 ], [ -48.169035891999954, -25.373755072999927 ], [ -48.185008781999954, -25.393335868999941 ], [ -48.198617806999948, -25.425835860999939 ], [ -48.208199830999945, -25.460135949999938 ], [ -48.243399801999942, -25.453126834999978 ], [ -48.24653580699993, -25.420282011999973 ], [ -48.226390907999985, -25.340281942999979 ], [ -48.208617920999984, -25.325554938999971 ], [ -48.169590940999967, -25.303817980999952 ], [ -48.134055023999963, -25.284726855999963 ], [ -48.224164003999931, -25.301390917999981 ], [ -48.281390944999941, -25.329999861999966 ], [ -48.337226825999949, -25.328335885999934 ], [ -48.358890860999963, -25.305835840999976 ], [ -48.394999931999962, -25.29610897699996 ], [ -48.429726826999968, -25.317781896999975 ], [ -48.441117833999954, -25.34972683899997 ], [ -48.447499814999958, -25.371673007999959 ], [ -48.436108808999961, -25.388617863999968 ], [ -48.414372856999933, -25.418126856999947 ], [ -48.461399859999972, -25.473890987999937 ], [ -48.480699862999984, -25.480135840999935 ], [ -48.566390908999949, -25.46528193599994 ], [ -48.639454953999973, -25.449172922999935 ], [ -48.689790964999986, -25.417854947999956 ], [ -48.718608785999947, -25.424726934999967 ], [ -48.730281926999965, -25.477217932999963 ], [ -48.708472885999981, -25.498472930999981 ], [ -48.64444604199997, -25.524173019999978 ], [ -48.605563900999982, -25.530835794999973 ], [ -48.562226779999946, -25.52528194599995 ], [ -48.515699840999957, -25.516808846999936 ], [ -48.379308840999954, -25.551673037999933 ], [ -48.361808935999932, -25.579445971999974 ], [ -48.377781825999932, -25.594099884999935 ], [ -48.424026797999943, -25.618890872999941 ], [ -48.45083581199998, -25.652499957999964 ], [ -48.492226823999943, -25.719172968999942 ], [ -48.522781878999979, -25.780281903999935 ], [ -48.601954988999978, -25.824999860999981 ], [ -48.757090941999934, -25.857781986999953 ], [ -48.770145923999962, -25.884099989999982 ], [ -48.64167297299997, -25.881946007999943 ], [ -48.581117912999957, -25.872217970999941 ], [ -48.571672848999981, -25.941109000999973 ], [ -48.58410891099993, -25.981199979999928 ], [ -48.608608878999974, -26.037782016999984 ], [ -48.60902680099997, -26.057917862999943 ], [ -48.586672935999957, -26.130417972999965 ], [ -48.576663936999978, -26.153335940999966 ], [ -48.581045995999943, -26.175690978999967 ], [ -48.652226794999933, -26.22610896499998 ], [ -48.676808904999973, -26.241526972999964 ], [ -48.698890861999985, -26.240135912999961 ], [ -48.739654906999931, -26.213608864999969 ], [ -48.745699934999948, -26.177635915999929 ], [ -48.77139097099996, -26.103617843999928 ], [ -48.791881874999945, -26.06757297799993 ], [ -48.793335799999966, -26.132226955999954 ], [ -48.755563926999969, -26.289445978999936 ], [ -48.645835760999944, -26.385000009999942 ], [ -48.609726857999931, -26.439655047999963 ], [ -48.616255018999937, -26.468890958999964 ], [ -48.637499957999978, -26.501108982999938 ], [ -48.674446046999947, -26.571808995999959 ], [ -48.681308813999976, -26.600654979999945 ], [ -48.684445991999951, -26.673055009999928 ], [ -48.684717900999942, -26.705281918999958 ], [ -48.678545970999949, -26.730208860999937 ], [ -48.629863876999934, -26.772226838999927 ], [ -48.629445954999937, -26.876390928999967 ], [ -48.613063860999944, -27.108891009999979 ], [ -48.593072853999956, -27.14060897 ], [ -48.565272930999981, -27.151891011999965 ], [ -48.543445951999956, -27.139264009999977 ], [ -48.515972922999936, -27.122572957999978 ], [ -48.493335749999972, -27.1638908799999 ], [ -48.486945889999959, -27.21347302199996 ], [ -48.516808933999982, -27.217063996999968 ], [ -48.544581867999966, -27.200954984999953 ], [ -48.620563987999958, -27.237081993999936 ], [ -48.642499930999975, -27.456946019999975 ], [ -48.605835809999974, -27.604999934999967 ], [ -48.642081841999982, -27.647635826999931 ], [ -48.621945995999965, -27.757499945999939 ], [ -48.589999880999983, -27.808199899999977 ], [ -48.576117772999964, -27.826808897999967 ], [ -48.563899807999974, -27.864445989999979 ], [ -48.619172926999966, -27.997781953999947 ], [ -48.628890905999981, -28.086673042999962 ], [ -48.652499876999968, -28.225564028999941 ], [ -48.761808779999967, -28.490699887999938 ], [ -48.783545904999983, -28.485072948999971 ], [ -48.806845918999954, -28.442117873999962 ], [ -48.793608881999944, -28.387017924999952 ], [ -48.85278193399995, -28.320282049999946 ], [ -48.869381957999963, -28.339235879999933 ], [ -48.868899830999965, -28.427226919999953 ], [ -48.857917860999976, -28.477081976999955 ], [ -48.783545904999983, -28.524099927999941 ], [ -48.842508905999978, -28.61778194599998 ], [ -48.916945905999967, -28.64194596699997 ], [ -48.947299794999935, -28.654726859999982 ], [ -49.189445936999959, -28.810835951999934 ], [ -49.2116729, -28.826390919999938 ], [ -49.391390962999935, -28.970554960999948 ], [ -49.450281879999977, -29.026672976999976 ], [ -49.631954937999978, -29.220554946999982 ], [ -49.659172988999956, -29.265555038999935 ], [ -49.689172993999932, -29.308335936999981 ], [ -49.702381867999975, -29.324681989999931 ], [ -49.752499948999969, -29.369726839999942 ], [ -49.792090862999942, -29.421673014999953 ], [ -49.90249980699997, -29.584446053999955 ], [ -49.946672939999985, -29.655835896999974 ], [ -50.042172991999962, -29.81589102099997 ], [ -50.058490880999955, -29.846799959999942 ], [ -50.082681891999982, -29.898435835999976 ], [ -50.17249985199993, -30.125000020999948 ], [ -50.225281869999947, -30.265281899999934 ], [ -50.231390935999968, -30.28806408 ], [ -50.238335845999984, -30.309717888999955 ], [ -50.258608819999949, -30.358199990999935 ], [ -50.27111780499996, -30.385564054999975 ], [ -50.311390837999966, -30.461672908999958 ], [ -50.370563888999982, -30.555835879999961 ], [ -50.421808833999933, -30.625699881999935 ], [ -50.476672915999984, -30.699446044999945 ], [ -50.636117837999961, -30.91863583099996 ], [ -50.65139083899993, -30.94667296199998 ], [ -50.675699866999935, -30.991809007999962 ], [ -50.715281895999965, -31.041390982999928 ], [ -50.749454914999944, -31.081108966999977 ], [ -50.847499880999976, -31.186946084999931 ], [ -50.916390910999951, -31.258890977999954 ], [ -51.041390903999968, -31.386390956999946 ], [ -51.063899833999983, -31.408335952999948 ], [ -51.133608937999952, -31.465835808999941 ], [ -51.233063907999963, -31.545835877999934 ], [ -51.480835815999967, -31.735000010999954 ], [ -51.613890817999959, -31.807499952999933 ], [ -51.63556390499997, -31.816390972999955 ], [ -51.679026754999938, -31.831946108999944 ], [ -51.837090841999952, -31.914164029999938 ], [ -51.871390930999951, -31.936390992999975 ], [ -51.90389092199996, -31.963891011999976 ], [ -51.941945935999968, -32.014726918999941 ], [ -51.973890877999963, -32.057226855999943 ], [ -52.06965496, -32.171946109999965 ], [ -52.080972876999965, -32.148055003999957 ], [ -52.066390879999972, -32.109026850999953 ], [ -52.048064015999955, -32.08292694499994 ], [ -52.039864, -32.061955087999934 ], [ -52.017572998999981, -31.942990903999942 ], [ -52.051672927999959, -31.896946091999951 ], [ -52.075563866999971, -31.868891023999936 ], [ -52.093754943999954, -31.84930888599996 ], [ -52.086745995999934, -31.826809007999941 ], [ -52.052917807999961, -31.814581990999955 ], [ -52.027226771999949, -31.817499898999984 ], [ -51.992290831999981, -31.826390918999948 ], [ -51.962499871999967, -31.839308939999967 ], [ -51.942781946999958, -31.856945972999938 ], [ -51.926808889999961, -31.870835959999965 ], [ -51.897226805999935, -31.879308890999937 ], [ -51.861255030999985, -31.872917857999937 ], [ -51.696108905999949, -31.796108945999947 ], [ -51.660281969999971, -31.77166396399997 ], [ -51.643617907999953, -31.758608981999942 ], [ -51.534445965999964, -31.637217900999929 ], [ -51.460835756999984, -31.555281947999958 ], [ -51.413199891999966, -31.517708892999963 ], [ -51.384172858999932, -31.528064063999977 ], [ -51.348472991999984, -31.52610890099993 ], [ -51.318890907999958, -31.517781982999963 ], [ -51.268890843999941, -31.484445980999965 ], [ -51.251399823999975, -31.471672965999971 ], [ -51.232781939999938, -31.453055082999981 ], [ -51.192155022999941, -31.401455080999938 ], [ -51.168063924999956, -31.32055496299995 ], [ -51.156535789999964, -31.26930901299994 ], [ -51.158890937999956, -31.203890939999951 ], [ -51.161390923999932, -31.182226905999983 ], [ -51.171463959999983, -31.153681998999957 ], [ -51.158963859999972, -31.077846058999967 ], [ -51.058064017999982, -31.073890974999983 ], [ -51.010972976999938, -31.090555035999955 ], [ -50.993581868999968, -31.136282005999931 ], [ -50.970835897999962, -31.12221784299993 ], [ -50.989308942999969, -31.044999894999933 ], [ -50.956945910999934, -30.930555064999965 ], [ -50.926390856999944, -30.899173051999981 ], [ -50.873064014999954, -30.876946088999944 ], [ -50.771254903999932, -30.824446037999962 ], [ -50.750835749999965, -30.81110892199996 ], [ -50.728199916999984, -30.791045997999959 ], [ -50.703617806999944, -30.751390878999928 ], [ -50.694172910999953, -30.721391040999947 ], [ -50.67667300599993, -30.63139102599996 ], [ -50.673335834999932, -30.599163949999934 ], [ -50.686954918999959, -30.472499980999942 ], [ -50.65139083899993, -30.434864061999974 ], [ -50.618899899999974, -30.479446063999944 ], [ -50.595354965999945, -30.48097291199997 ], [ -50.568099866999944, -30.457555047999961 ], [ -50.543335868999975, -30.350564076999945 ], [ -50.537226802999953, -30.306664025999964 ], [ -50.537508936999984, -30.286663966999981 ], [ -50.54403575799995, -30.261946069999965 ], [ -50.604999853999971, -30.194026837999957 ], [ -50.627499899999975, -30.186254968999947 ], [ -50.647855016999983, -30.192364035999958 ], [ -50.664935826999965, -30.230764048999959 ], [ -50.654099869999982, -30.2525 ], [ -50.662917799999946, -30.284517864999941 ], [ -50.685417844999961, -30.29562690399996 ], [ -50.781954906999943, -30.294446060999974 ], [ -50.91056397899996, -30.316526843999952 ], [ -50.923263903999953, -30.334935850999955 ], [ -50.932226840999931, -30.406108937999932 ], [ -50.966390974999968, -30.408890890999942 ], [ -51.018055014999959, -30.384446075999961 ], [ -51.021663926999963, -30.320281936999947 ], [ -51.0119089, -30.289408872999957 ], [ -51.064445998999986, -30.240135854999949 ], [ -51.109445922999953, -30.248546088999944 ], [ -51.131181873999935, -30.258126939999954 ], [ -51.16972689399995, -30.231391014999929 ], [ -51.216663875999984, -30.161390891999929 ], [ -51.24174605099995, -30.080764023999961 ], [ -51.234026820999986, -30.049026952999952 ], [ -51.275035784999943, -30.010555022999938 ], [ -51.314590823999936, -30.161390891999929 ], [ -51.286326878999944, -30.286599928999976 ], [ -51.206254892999937, -30.403890917999945 ], [ -51.242781885999932, -30.448608874999934 ], [ -51.26902679899996, -30.509308940999972 ], [ -51.289726913999971, -30.59000001499993 ], [ -51.286163934999934, -30.649908996999955 ], [ -51.265835807999963, -30.757781911999928 ], [ -51.267781917999969, -30.780835833999959 ], [ -51.277290851999965, -30.799935844999936 ], [ -51.308263995999937, -30.779935952999949 ], [ -51.291390889999946, -30.766600009999934 ], [ -51.293335826999964, -30.726946063999947 ], [ -51.323217813999975, -30.656190898999967 ], [ -51.352226910999946, -30.634726855999929 ], [ -51.376945981999938, -30.651108950999969 ], [ -51.385972955999932, -30.671109009999952 ], [ -51.387781937999932, -30.746945954999944 ], [ -51.46222681699993, -30.896735929999977 ], [ -51.47861779699997, -30.928055078999932 ], [ -51.484726862999935, -30.958055083999966 ], [ -51.484726862999935, -30.978054975999953 ], [ -51.481808786999977, -31.032364008999934 ], [ -51.467781839999986, -31.060972952999975 ], [ -51.513335807999965, -31.099446055999977 ], [ -51.57194593, -31.123891038999943 ], [ -51.616455009999981, -31.134791032999942 ], [ -51.640008827999964, -31.168608994999943 ], [ -51.648054952999985, -31.189726864999955 ], [ -51.655699918999971, -31.221808934999956 ], [ -51.918199836999975, -31.308055030999981 ], [ -51.96375497799994, -31.337364031999982 ], [ -51.991390950999971, -31.398335839999959 ], [ -51.997917770999948, -31.424581924999984 ], [ -52.004717841999934, -31.549163996999937 ], [ -52.042635894999933, -31.634999881999931 ], [ -52.066808800999979, -31.673754952999957 ], [ -52.086808860999952, -31.688199988999941 ], [ -52.124455004999959, -31.699999864999938 ], [ -52.158890880999934, -31.711108903999957 ], [ -52.196945894999942, -31.72652691199994 ], [ -52.21763578499997, -31.744999955999958 ], [ -52.224726874999931, -31.841117922999956 ], [ -52.193890858999964, -31.886945977999972 ], [ -52.178335890999961, -31.942635845999973 ], [ -52.238754995999955, -31.973199952999948 ], [ -52.254717827999968, -32.05528192 ], [ -52.227190818999986, -32.088299912999958 ], [ -52.183617830999935, -32.080555033999929 ], [ -52.122781976999931, -32.103055079999933 ], [ -52.100835807999943, -32.115008846999956 ], [ -52.090763944999935, -32.164381944999946 ], [ -52.154163990999962, -32.201663979999978 ], [ -52.227572866999935, -32.254655042999957 ], [ -52.255008846999942, -32.28860895899993 ], [ -52.268617872999982, -32.31222698299996 ], [ -52.375908915999958, -32.500282021999965 ], [ -52.426390939999976, -32.651946021999947 ], [ -52.44194590799998, -32.702226879999955 ], [ -52.447363969999969, -32.729726898999957 ], [ -52.455554933999963, -32.761673013999939 ], [ -52.499454983999954, -32.872782013999938 ], [ -52.518890940999938, -32.912781964999965 ], [ -52.628617932999987, -33.115282040999944 ], [ -52.639863932999958, -33.133755084999962 ], [ -52.736117852999939, -33.25097298399993 ], [ -52.911390824999955, -33.395563998999933 ], [ -52.950281849999953, -33.425835912999958 ], [ -53.146945941999945, -33.577508965999982 ], [ -53.216117933999953, -33.640554959999974 ], [ -53.23541776899998, -33.655417917999955 ], [ -53.268890898999985, -33.679173069999933 ], [ -53.310563877999982, -33.706526907999944 ], [ -53.374299869999959, -33.740672937999932 ], [ -53.397635758999968, -33.741117848999977 ], [ -53.521317780999937, -33.681735920999984 ], [ -53.534446020999951, -33.656954990999964 ], [ -53.528890830999956, -33.611117882999963 ], [ -53.523055014999954, -33.57417296899996 ], [ -53.513890911999965, -33.524726947999966 ], [ -53.508335889999955, -33.48639097299997 ], [ -53.505008944999986, -33.460282014999962 ], [ -53.501399864999939, -33.428063990999931 ], [ -53.501108844999976, -33.408055046999948 ], [ -53.509172905999947, -33.321391028999983 ], [ -53.515699893999965, -33.290417884999954 ], [ -53.522226881999984, -33.259446081999954 ], [ -53.528617915999973, -33.221117985999967 ], [ -53.530281890999959, -33.199446071999944 ], [ -53.524581861999934, -33.157081921999975 ], [ -53.521046039999931, -33.141608927999982 ], [ -53.515835848999984, -33.129308987999934 ], [ -53.500281885999982, -33.099999986999933 ], [ -53.480417781999961, -33.07486400099998 ], [ -53.462226871999974, -33.059172909999972 ], [ -53.435563870999943, -33.040281944999947 ], [ -53.298617821999983, -32.946673016999966 ], [ -53.245563894999975, -32.862226850999946 ], [ -53.170799832999933, -32.802181913999959 ], [ -53.098299890999954, -32.723435944999949 ], [ -53.159172959999978, -32.66111783599996 ], [ -53.191672950999987, -32.634026854999945 ], [ -53.259999878999963, -32.600835858999972 ], [ -53.349726811999972, -32.579172997999933 ], [ -53.378199801999983, -32.574308978999966 ], [ -53.404172972999959, -32.568055073999972 ], [ -53.521117788999959, -32.474445978999938 ], [ -53.537226800999974, -32.460835946999964 ], [ -53.553335812999933, -32.446108942999956 ], [ -53.567508940999971, -32.431117909999955 ], [ -53.630763978999937, -32.357991000999959 ], [ -53.643617795999944, -32.30562690499994 ], [ -53.637226761999955, -32.271391020999943 ], [ -53.664726780999956, -32.206946087999938 ], [ -53.743054994999966, -32.096672930999944 ], [ -53.875417819999939, -31.974446006999983 ], [ -53.918545896999944, -31.942155059999948 ], [ -54.07132687, -31.875699978999933 ], [ -54.095835889999933, -31.884164024999961 ], [ -54.164455010999973, -31.887217886999963 ], [ -54.285835865999957, -31.804446089999942 ], [ -54.351108930999942, -31.750146109999946 ], [ -54.383199885999943, -31.715700007999942 ], [ -54.414999820999981, -31.693608998999935 ], [ -54.441672880999931, -31.681663948999983 ], [ -54.463399946999971, -31.672608978999961 ], [ -54.472226761999934, -31.579790967999941 ], [ -54.59409980199996, -31.460908925999945 ], [ -54.705008809999981, -31.440135887999929 ], [ -54.728335813999934, -31.438608872999964 ], [ -54.763054997999973, -31.441108858999939 ], [ -54.80709083499994, -31.435690964999935 ], [ -54.834035803999939, -31.426673042999937 ], [ -54.865835738999976, -31.409726845999955 ], [ -54.913608899999986, -31.374446073999934 ], [ -54.942508863999933, -31.35083592899997 ], [ -54.976954964999948, -31.318890987999964 ], [ -55.063126797999985, -31.325282020999964 ], [ -55.089581927999973, -31.325690889999976 ], [ -55.228754880999986, -31.249726874999965 ], [ -55.247363879999966, -31.231255003999934 ], [ -55.330208934999973, -31.078399935999983 ], [ -55.350699837999969, -31.04569995199995 ], [ -55.421672932999968, -30.963055056999963 ], [ -55.521117843999946, -30.888890971999956 ], [ -55.584172889999934, -30.846255079999935 ], [ -55.629026800999952, -30.850417867999965 ], [ -55.640417806999949, -30.870699894999973 ], [ -55.67195488599998, -30.949446030999979 ], [ -55.759446029999935, -31.016946000999951 ], [ -55.837917909999987, -31.072782048999954 ], [ -55.890554920999932, -31.079999872999963 ], [ -55.910563864999972, -31.082226944999945 ], [ -55.986672887999987, -31.081673068999976 ], [ -56.008917787999962, -31.079790995999929 ], [ -56.012217910999937, -31.066391014999965 ], [ -56.00667294699997, -30.963608932999932 ], [ -56.002226849999943, -30.921872921999977 ], [ -55.985008911999955, -30.890699953999956 ], [ -55.976808895999966, -30.851046007999969 ], [ -55.989726917999974, -30.812781948999941 ], [ -56.001672973999973, -30.795835919999945 ], [ -56.116390885999976, -30.675835899999981 ], [ -56.235835856999984, -30.558335866999982 ], [ -56.266945960999976, -30.535835820999978 ], [ -56.315281881999965, -30.508335801999976 ], [ -56.387508909999951, -30.459999880999931 ], [ -56.511117841999976, -30.358890994999967 ], [ -56.526946059999943, -30.345835844999954 ], [ -56.548055044999955, -30.323064057999943 ], [ -56.567781853999975, -30.299164066999936 ], [ -56.639172870999971, -30.228472939999961 ], [ -56.790281988999936, -30.115554956999972 ], [ -56.811390973999949, -30.105281928999943 ], [ -56.860555027999965, -30.096673043999942 ], [ -56.933617898999955, -30.097500001999947 ], [ -57.07097298399998, -30.108891008999933 ], [ -57.103890897999975, -30.135417887999949 ], [ -57.144172982999976, -30.184999862999973 ], [ -57.147090890999948, -30.20805495899998 ], [ -57.147917849999942, -30.238199970999972 ], [ -57.193617829999937, -30.282635959999936 ], [ -57.213890971999945, -30.292082028999971 ], [ -57.233890862999942, -30.293335961999958 ], [ -57.285281987999952, -30.293335961999958 ], [ -57.30375503199997, -30.275417967999942 ], [ -57.322226902999944, -30.266672959999937 ], [ -57.356390869999984, -30.272226976999946 ], [ -57.495417809999935, -30.27986406399998 ], [ -57.524863938999943, -30.274581956999953 ], [ -57.547363984999947, -30.266390992999959 ], [ -57.566599949999954, -30.247435821999943 ], [ -57.564308839999967, -30.215146048999941 ], [ -57.576808939999978, -30.197082040999931 ], [ -57.607999845999984, -30.184926940999958 ], [ -57.58250880199995, -30.180835900999966 ], [ -57.553890972999966, -30.172781897999982 ], [ -57.533617830999958, -30.163335828999948 ], [ -57.48694605299994, -30.132226897999942 ], [ -57.344526788999985, -29.999999859999946 ], [ -57.325490983999941, -29.978272960999959 ], [ -57.31892678, -29.910835855999949 ], [ -57.318681860999959, -29.875282001999949 ], [ -57.297426862999941, -29.825835813999959 ], [ -57.27991790599998, -29.805699967999942 ], [ -57.257499834999976, -29.791390885999931 ], [ -57.227781964999963, -29.780555096999933 ], [ -57.194726755999966, -29.77749989299997 ], [ -57.144726858999945, -29.77652692199996 ], [ -57.103890897999975, -29.76215497499993 ], [ -57.076254924999944, -29.73791786399994 ], [ -57.045008865999932, -29.706108875999973 ], [ -56.913063962999956, -29.558890972999961 ], [ -56.813335743999971, -29.467226814999947 ], [ -56.695835877999968, -29.343263997999941 ], [ -56.655208792999986, -29.263263928999947 ], [ -56.654863960999933, -29.230835853999963 ], [ -56.644173010999964, -29.200699894999957 ], [ -56.624999910999975, -29.174446097999976 ], [ -56.592226836999941, -29.140691 ], [ -56.571672901999932, -29.124726826999961 ], [ -56.534172936999937, -29.103335874999971 ], [ -56.515008888999944, -29.092782052999951 ], [ -56.427390842999955, -29.069573065999975 ], [ -56.413063990999945, -29.046390900999938 ], [ -56.301672855999982, -28.831946109999933 ], [ -56.295417776999955, -28.797435802999928 ], [ -56.275563897999973, -28.776672990999941 ], [ -56.170008914999983, -28.728335895999976 ], [ -56.066117906999978, -28.626108863999946 ], [ -56.011117869999964, -28.561108880999939 ], [ -55.978890960999934, -28.488335855999935 ], [ -55.893063959999949, -28.369726896999964 ], [ -55.869790934999969, -28.356317862999958 ], [ -55.833063949999939, -28.353054955999937 ], [ -55.732917808999957, -28.363191023999946 ], [ -55.720626753999966, -28.387635838999984 ], [ -55.697535783999967, -28.407708987999968 ], [ -55.667635858999972, -28.335626966999939 ], [ -55.680835847999958, -28.30242691899997 ], [ -55.717781935999938, -28.28083580699996 ], [ -55.767508917999976, -28.256255037999949 ], [ -55.770281986999976, -28.235626838999963 ], [ -55.748335816999941, -28.217082045999973 ], [ -55.709445964999986, -28.208617831999959 ], [ -55.678608943999961, -28.195554970999979 ], [ -55.633890818999987, -28.158817927999962 ], [ -55.626299832999962, -28.141017950999981 ], [ -55.582226779999985, -28.133054974999936 ], [ -55.447781890999977, -28.086673042999962 ], [ -55.380281920999948, -28.025835847999929 ], [ -55.379581864999977, -27.993472984999983 ], [ -55.374172854999983, -27.973608879999972 ], [ -55.321254882999938, -27.922081967999929 ], [ -55.179726781999932, -27.856255026999975 ], [ -55.063754936999942, -27.845699863999982 ], [ -55.021663868999951, -27.833890935999932 ], [ -54.908199889999935, -27.730281894999962 ], [ -54.901672901999973, -27.711108961999969 ], [ -54.898608812999953, -27.670282052999937 ], [ -54.813608938999948, -27.535555028999966 ], [ -54.792499953999936, -27.533055041999944 ], [ -54.789517839999974, -27.553890944999978 ], [ -54.771255013999962, -27.565135938999958 ], [ -54.686117843999966, -27.55528200599997 ], [ -54.626945965999937, -27.53083585 ], [ -54.52972678499998, -27.490835898999933 ], [ -54.450835809999944, -27.469173037999951 ], [ -54.358063898999944, -27.456946019999975 ], [ -54.280281848999948, -27.424517944999934 ], [ -54.234173, -27.381390873999976 ], [ -54.145554992999962, -27.289999965999982 ], [ -54.113754889999939, -27.29083580899993 ], [ -54.091946015999952, -27.283335849999958 ], [ -54.070835857999953, -27.26805497 ], [ -54.048617778999983, -27.250281981999933 ], [ -54.026390815999946, -27.224999982999975 ], [ -54.005835874999946, -27.191108930999974 ], [ -53.899726847999943, -27.155281994999939 ], [ -53.857781959999954, -27.149172927999928 ], [ -53.838755039999967, -27.17111792399993 ], [ -53.807781895999938, -27.12917303699993 ], [ -53.745563866999987, -27.002781982999977 ], [ -53.734172859999944, -26.978055032999976 ], [ -53.705281948999982, -26.911663989999965 ], [ -53.698617832999957, -26.882917916999929 ], [ -53.717090876999976, -26.782646047999947 ], [ -53.735835829999985, -26.69583585 ], [ -53.725835883999935, -26.656672915999934 ], [ -53.709445910999932, -26.511108928999931 ], [ -53.711735845999954, -26.364099901999964 ], [ -53.690972865999981, -26.334863991999953 ], [ -53.668890909999959, -26.309999913999945 ], [ -53.653890823999973, -26.277499922999937 ], [ -53.650281911999969, -26.26305505299996 ], [ -53.650008828999944, -26.249999903999935 ], [ -53.654172958999936, -26.217635866999956 ], [ -53.664308858999959, -26.193335890999947 ], [ -53.738617782999938, -26.087781913999947 ], [ -53.826881905999983, -25.951390913999944 ], [ -53.834726864999936, -25.88139095899993 ], [ -53.825690837999957, -25.82278200899998 ], [ -53.825281968999946, -25.801390888999947 ], [ -53.861663954999983, -25.685281915999951 ], [ -53.888617808999982, -25.633755004999955 ], [ -54.107572900999969, -25.496391033999942 ], [ -54.156108814999982, -25.535554973999979 ], [ -54.177508818999968, -25.561946066999951 ], [ -54.278681911999968, -25.552746089999971 ], [ -54.313335883999969, -25.555281950999984 ], [ -54.384035896999933, -25.580699903999971 ], [ -54.452508837999972, -25.633054947999938 ], [ -54.468890931999965, -25.620555015999969 ], [ -54.546390846999941, -25.57028203699997 ], [ -54.59891788799996, -25.57322693499998 ], [ -54.59891788799996, -25.510455028999957 ], [ -54.616455007999946, -25.445690912999964 ], [ -54.57430878699995, -25.354446017999976 ], [ -54.549590889999934, -25.332226933999948 ], [ -54.524446018999981, -25.303199899999981 ], [ -54.505699891999939, -25.280417886999942 ], [ -54.427508804999945, -25.153055035999955 ], [ -54.423546008999949, -25.13312689299994 ], [ -54.455417860999944, -25.089726906999942 ], [ -54.458335768999973, -25.066526971999963 ], [ -54.45361793099994, -25.017226964999963 ], [ -54.408054910999965, -24.838890909999975 ], [ -54.396390821999944, -24.804445981999947 ], [ -54.330554995999933, -24.67944598899993 ], [ -54.325008857999933, -24.661946083999965 ], [ -54.315563961999942, -24.627781948999939 ], [ -54.311808868999947, -24.602781916999959 ], [ -54.321535899999958, -24.554790994999962 ], [ -54.334308914999951, -24.518473046999929 ], [ -54.331390838999937, -24.492782009999928 ], [ -54.323335829999962, -24.469726914999967 ], [ -54.312499872999979, -24.450554987999965 ], [ -54.293617791999964, -24.42889095299995 ], [ -54.275972879999983, -24.413335816999961 ], [ -54.249446000999967, -24.353546024999957 ], [ -54.26299082099996, -24.293264047999969 ], [ -54.280135835999943, -24.272635848999982 ], [ -54.302645939999934, -24.257226893999928 ], [ -54.316672887999971, -24.241672930999982 ], [ -54.336672946999954, -24.148054950999949 ], [ -54.325835816999984, -24.117499896999959 ], [ -54.294308796999985, -24.085417826999958 ], [ -54.269581846999984, -24.065691017999939 ], [ -54.243899862999967, -24.053608839999981 ], [ -54.288608934999957, -24.020281889999978 ], [ -54.407226778999984, -23.916673015999947 ], [ -54.539454989999967, -23.847500018999938 ], [ -54.625699911999959, -23.804926823999949 ], [ -54.88145491299997, -23.921108886999946 ], [ -54.902572949999978, -23.948963962999983 ], [ -54.924726823999947, -23.965282019999961 ], [ -55.031390899999963, -23.994446013999948 ], [ -55.150281994999943, -24.0163910099999 ], [ -55.17499989199996, -24.020554971999957 ], [ -55.19639084399995, -24.019308917999979 ], [ -55.347499962999962, -23.992635857999971 ], [ -55.371254946999954, -23.984446067999954 ], [ -55.396664015999932, -23.971108951999952 ], [ -55.412090908999971, -23.954308934999972 ], [ -55.420281871999975, -23.924726851999935 ], [ -55.420564006999939, -23.878335867999965 ], [ -55.427781830999947, -23.802781894999953 ], [ -55.433063938999965, -23.750555093999935 ], [ -55.442154950999964, -23.702708843999972 ], [ -55.462990853999941, -23.661390922999942 ], [ -55.485008939999943, -23.638055033999933 ], [ -55.505281913999966, -23.624172925999972 ], [ -55.520835876999968, -23.605281959999957 ], [ -55.535208828999941, -23.459172981999927 ], [ -55.502426869999965, -23.379717903999961 ], [ -55.543608836999965, -23.333055010999942 ], [ -55.549655038999958, -23.307017969999947 ], [ -55.54917291199996, -23.137500011999975 ], [ -55.583890922999956, -23.085281928999962 ], [ -55.60639096899996, -23.020281945999955 ], [ -55.645008910999934, -22.857917942999961 ], [ -55.648399893999965, -22.814926825999976 ], [ -55.632854983999948, -22.77742686199997 ], [ -55.610072970999965, -22.734099965999974 ], [ -55.609172921999971, -22.638473011999963 ], [ -55.62610889299998, -22.62090890099995 ], [ -55.664172958999984, -22.607226952999952 ], [ -55.68972686799998, -22.591117940999936 ], [ -55.709445964999986, -22.573890950999953 ], [ -55.727226831999985, -22.546254977999979 ], [ -55.7343088699999, -22.526255085999935 ], [ -55.739726763999954, -22.47778203699994 ], [ -55.740835857999969, -22.453608962999965 ], [ -55.741254952999952, -22.420146058999933 ], [ -55.744308814999954, -22.3975 ], [ -55.84972683899997, -22.288890986999945 ], [ -55.988890906999984, -22.273335850999956 ], [ -56.04667289799994, -22.278335823999953 ], [ -56.085563922999938, -22.292155066999953 ], [ -56.168199932999983, -22.283891013999948 ], [ -56.202917775999936, -22.274726910999959 ], [ -56.309172982999939, -22.203335894999952 ], [ -56.329445956999962, -22.186673006999968 ], [ -56.360835849999944, -22.157709004999958 ], [ -56.370835794999948, -22.126108894999959 ], [ -56.39652683199995, -22.068681960999982 ], [ -56.456945936999944, -22.07583591599996 ], [ -56.495281911999939, -22.088308857999948 ], [ -56.526117927999962, -22.115417944999933 ], [ -56.545972979999931, -22.144445983999958 ], [ -56.555972925999981, -22.166672946999938 ], [ -56.573890920999986, -22.189446075999967 ], [ -56.634172897999974, -22.251946071999953 ], [ -56.677781928999934, -22.233681904999969 ], [ -56.698126818999981, -22.216108909999946 ], [ -56.758054912999967, -22.241390908999961 ], [ -56.769526887999973, -22.248045971999943 ], [ -56.808335770999975, -22.264726965999955 ], [ -56.877499882999984, -22.274173034999933 ], [ -56.988890849999962, -22.23278202399996 ], [ -57.153335744999936, -22.203608976999931 ], [ -57.197781959999986, -22.207226941999977 ], [ -57.239581839999971, -22.212499996999952 ], [ -57.331946054999946, -22.218055019999952 ], [ -57.374590831999967, -22.217781936999927 ], [ -57.609446059999982, -22.174999864999961 ], [ -57.640008825999985, -22.121108921999962 ], [ -57.767781886999956, -22.113055085999974 ], [ -57.791672993999953, -22.129172982999933 ], [ -57.824863988999937, -22.144026888999974 ], [ -57.892226830999959, -22.129026969999927 ], [ -57.928890951999961, -22.117781976999936 ], [ -57.985108878999938, -22.091826909999952 ], [ -57.987226818999943, -22.060835828999927 ], [ -57.984026775999951, -22.025691011999982 ], [ -57.963335879999931, -21.972226874999933 ], [ -57.935672916999977, -21.771945991999928 ], [ -57.926399849999939, -21.656663976999937 ], [ -57.937781971999982, -21.636526957999934 ], [ -57.954308904999948, -21.513890996999976 ], [ -57.932499863999965, -21.461672912999973 ], [ -57.915555007999956, -21.429172921999964 ], [ -57.879172854999979, -21.380281950999972 ], [ -57.852645974999973, -21.341664008999942 ], [ -57.814590960999965, -20.978755092999961 ], [ -57.85667297699996, -20.838609000999952 ], [ -57.859582, -20.734726876999957 ], [ -57.908890891999931, -20.676391010999964 ], [ -57.935908951999977, -20.671463959999983 ], [ -57.967745934999982, -20.710135881999975 ], [ -57.995972998999946, -20.618054975999939 ], [ -58.008826815999953, -20.513472963999959 ], [ -58.058890917999975, -20.40110885799993 ], [ -58.09722689299997, -20.34139098199995 ], [ -58.136946049999949, -20.278890985999965 ], [ -58.155835841999931, -20.22861783899998 ], [ -58.158890877999966, -20.168055067999944 ], [ -58.109726824999939, -20.149172986999929 ], [ -57.900835882999957, -20.029026954999949 ], [ -57.85187299599994, -19.975508837999939 ], [ -58.103335791999939, -19.760282015999962 ], [ -58.121117831999982, -19.741390881999962 ], [ -58.087226778999934, -19.677226909999945 ], [ -57.96055493199998, -19.421108972999946 ], [ -57.854999948999932, -19.206390931999977 ], [ -57.821399915999962, -19.137217934999967 ], [ -57.787226896999982, -19.068054995999944 ], [ -57.776672906999977, -19.047499886999958 ], [ -57.704726840999967, -19.043608839999933 ], [ -57.716664012999956, -18.9344459499999 ], [ -57.723035767999932, -18.913608873999976 ], [ -57.770281873999977, -18.906108914999948 ], [ -57.626945964999948, -18.468055063999941 ], [ -57.563335868999957, -18.274726968999971 ], [ -57.552363957999944, -18.246808860999977 ], [ -57.521117898999933, -18.203891001999978 ], [ -57.581672958999945, -18.096108946999948 ], [ -57.718890916999953, -17.844999867999945 ], [ -57.72111782099995, -17.774999911999942 ], [ -57.718172922999941, -17.738581883999927 ], [ -57.717281925999941, -17.727581976999943 ], [ -57.729454963999956, -17.720555091999927 ], [ -57.759173001999955, -17.68694600699996 ], [ -57.779481850999957, -17.637746079999943 ], [ -57.76583577699995, -17.612781921999954 ], [ -57.745508823999955, -17.593890955999939 ], [ -57.788063913999963, -17.553608870999938 ], [ -57.880835823999973, -17.476945971999953 ], [ -57.901672899999937, -17.461946053999952 ], [ -57.983555041999978, -17.500690897999959 ], [ -58.016672946999961, -17.497635861999981 ], [ -58.091663990999962, -17.455555019999963 ], [ -58.108890981999934, -17.438890957999945 ], [ -58.120563954999966, -17.412782 ], [ -58.249999818999981, -17.326117982999961 ], [ -58.294446033999975, -17.299726889999931 ], [ -58.321946052999976, -17.292917934999934 ], [ -58.351108872999987, -17.287226957999962 ], [ -58.371117817999959, -17.278890986999954 ], [ -58.390417819999982, -17.259581931999946 ], [ -58.403063932999942, -17.226390936999962 ], [ -58.409445913999946, -17.190554947999942 ], [ -58.406673012999931, -17.138335857999948 ], [ -58.407364016999963, -17.112081893999971 ], [ -58.424446, -17.009726952999927 ], [ -58.435146002999943, -16.970973055999934 ], [ -58.44513589, -16.952781978999951 ], [ -58.458754973999987, -16.924445949999949 ], [ -58.463481864999949, -16.900690964999967 ], [ -58.476390833999972, -16.721672958999932 ], [ -58.4757729199999, -16.674635897999963 ], [ -58.467917902999943, -16.644026863999954 ], [ -58.431672876999983, -16.589999964999947 ], [ -58.419446026999935, -16.573608985999954 ], [ -58.397781992999967, -16.553055050999944 ], [ -58.362090842999976, -16.525835825999934 ], [ -58.346390867999958, -16.506108848999929 ], [ -58.324446038999952, -16.396117826999955 ], [ -58.325835758999972, -16.306663976999971 ], [ -58.327508953999939, -16.27916395799997 ], [ -58.388890972999945, -16.282917877999978 ], [ -58.400699900999939, -16.305555050999942 ], [ -58.415008814999965, -16.3199999199999 ], [ -58.43917300399994, -16.329726950999941 ], [ -58.541946033999977, -16.326664035999954 ], [ -58.972781892999933, -16.31083581799993 ], [ -59.48972688799995, -16.290835925999943 ], [ -59.532781874999955, -16.289172956999948 ], [ -60.005563962999986, -16.26999985599997 ], [ -60.106673016999935, -16.265835893999963 ], [ -60.160281993999945, -16.263054945999954 ], [ -60.184308886999986, -15.980417840999962 ], [ -60.227226913999971, -15.47860888699995 ], [ -60.439726767999957, -15.241390967999962 ], [ -60.571399928999938, -15.09750000899993 ], [ -60.38472689799994, -15.092499868999937 ], [ -60.292499810999971, -15.094445978999943 ], [ -60.258899946999975, -15.093608961999962 ], [ -60.259999819999962, -15.03666398799993 ], [ -60.264454968999985, -14.913608931999931 ], [ -60.276117884999962, -14.706663932999959 ], [ -60.281108804999974, -14.623335912999949 ], [ -60.346508939999978, -14.483417975999942 ], [ -60.427472927999986, -14.324299948999965 ], [ -60.450517796999975, -14.291126890999976 ], [ -60.481999890999987, -14.167863963999935 ], [ -60.464863927999943, -14.101808866999932 ], [ -60.425835774999939, -14.067081970999936 ], [ -60.400554948999968, -14.02972684599996 ], [ -60.384499915999982, -13.987255071999982 ], [ -60.476808809999966, -13.803472959999965 ], [ -60.583335758999965, -13.768608935999964 ], [ -60.675564018999978, -13.738608930999931 ], [ -60.744290931999956, -13.682364013999972 ], [ -60.770655034999947, -13.683299936999958 ], [ -60.791599901999973, -13.679454990999943 ], [ -60.957781861999933, -13.582781974999932 ], [ -61.004173013999946, -13.540835913999956 ], [ -61.038981883999952, -13.493117905999952 ], [ -61.261645968999972, -13.523090921999938 ], [ -61.492781978999972, -13.553335845999982 ], [ -61.521135777999973, -13.550381895999976 ], [ -61.577499886999988, -13.525972954999929 ], [ -61.593526923999946, -13.507235880999929 ], [ -61.616390911999986, -13.513054933999967 ], [ -61.730181952999942, -13.53688200199997 ], [ -61.810064004999958, -13.548663940999973 ], [ -61.840308928999946, -13.538745969999979 ], [ -61.868445971999961, -13.480882003999966 ], [ -61.874181875999966, -13.453946087999952 ], [ -61.944454914999938, -13.395835860999966 ], [ -61.972946009999987, -13.375426932999972 ], [ -62.002499929999942, -13.362217891999933 ], [ -62.08555503499997, -13.271390917999952 ], [ -62.109726766999984, -13.183335839999927 ], [ -62.113672966999957, -13.153708829999971 ], [ -62.213754902999938, -13.120972970999958 ], [ -62.244590918999961, -13.126673000999972 ], [ -62.268526784999949, -13.140890887999944 ], [ -62.330835841999942, -13.147781985999927 ], [ -62.384726784999941, -13.145835875999978 ], [ -62.419217813999978, -13.132517869999958 ], [ -62.645481926999935, -13.032364016999963 ], [ -62.645863973999951, -13.007363984999927 ], [ -62.688254945999972, -12.968599861999962 ], [ -62.769726877999972, -13.005835795999928 ], [ -62.843846035999945, -12.942335838999952 ], [ -62.896663928999942, -12.900281985999982 ], [ -62.973764026999959, -12.852899925999964 ], [ -62.994172954999954, -12.839335826999957 ], [ -63.049172992999956, -12.747500007999975 ], [ -63.062299890999952, -12.697890874999928 ], [ -63.067099871999972, -12.659872908999944 ], [ -63.133345907999967, -12.63588189099994 ], [ -63.163335854999957, -12.648890939999944 ], [ -63.216108820999978, -12.680899918999955 ], [ -63.24709084899996, -12.705835913999977 ], [ -63.324872898999956, -12.704208985999969 ], [ -63.394617877999963, -12.668363944999953 ], [ -63.415555033999965, -12.653890912999941 ], [ -63.464364029999956, -12.595917813999961 ], [ -63.471390913999983, -12.570417885999973 ], [ -63.671954937999942, -12.470555052999941 ], [ -63.797499921999986, -12.459999889999949 ], [ -63.832508952999945, -12.474163964999946 ], [ -63.870563966999953, -12.49389094199995 ], [ -63.898608808999938, -12.528608952999946 ], [ -63.92796391, -12.547272935999956 ], [ -64.020008941999947, -12.537081882999928 ], [ -64.039517821999937, -12.517990924999935 ], [ -64.176390947999948, -12.485554970999942 ], [ -64.23889094499998, -12.479172989999938 ], [ -64.293308942999943, -12.482072960999972 ], [ -64.37306392499994, -12.468335859999968 ], [ -64.399445964999984, -12.458090994999964 ], [ -64.421399845999986, -12.441108923999934 ], [ -64.496945939999932, -12.366255007999939 ], [ -64.516535788999988, -12.242217927999945 ], [ -64.61765490099998, -12.210973042999967 ], [ -64.738617833999967, -12.150072983999962 ], [ -64.763335898999969, -12.097781977999944 ], [ -64.791117884999949, -12.041526834999956 ], [ -64.809590928999967, -12.028608980999934 ], [ -64.835846066999977, -12.02319997099994 ], [ -64.896117818999983, -12.023335924999969 ], [ -64.98430885099998, -12.011108907999926 ], [ -65.008345969999937, -11.989446046999944 ], [ -65.01695502299998, -11.969999863999931 ], [ -65.03557290699996, -11.881673043999967 ], [ -65.04333589, -11.809717925999962 ], [ -65.062372868999944, -11.75486406899995 ], [ -65.118381918999944, -11.698954929999957 ], [ -65.149517839999987, -11.772154928999953 ], [ -65.191746035999984, -11.7520179099999 ], [ -65.209163965999949, -11.7116729599999 ], [ -65.200835873999949, -11.685554948999936 ], [ -65.188335774999985, -11.656390954999949 ], [ -65.169455034999942, -11.614726861999941 ], [ -65.222926882999957, -11.518755075999934 ], [ -65.241535881999937, -11.505973008999945 ], [ -65.289735848999953, -11.504999869999949 ], [ -65.310281904999954, -11.494135916999937 ], [ -65.348345970999958, -11.404726826999934 ], [ -65.39070894799994, -11.274726860999976 ], [ -65.401946062999968, -11.169726926999942 ], [ -65.393617803999973, -11.149446073999968 ], [ -65.343335772999978, -11.058054997999932 ], [ -65.302655043999948, -10.985555055999953 ], [ -65.315845979999949, -10.880835915999967 ], [ -65.32919097599995, -10.851891024999929 ], [ -65.390017943999965, -10.75583592299995 ], [ -65.438064018999967, -10.618754924999962 ], [ -65.441973003999976, -10.473481957999979 ], [ -65.402363984999965, -10.442217961999972 ], [ -65.391254945999947, -10.413755030999937 ], [ -65.395772958999942, -10.393581968999968 ], [ -65.395846048999942, -10.393335875999981 ], [ -65.38889996599994, -10.372499973999936 ], [ -65.378199963999975, -10.354863946999956 ], [ -65.347926875999974, -10.325554945999954 ], [ -65.324726773999942, -10.306808986999954 ], [ -65.311526784999955, -10.288755037999977 ], [ -65.289172919999942, -10.217781942999977 ], [ -65.288617869999939, -10.195417851999935 ], [ -65.303754916999935, -10.100835785999948 ], [ -65.31306402599995, -10.075281876999952 ], [ -65.330417918999956, -10.043890978999968 ], [ -65.336454900999968, -9.947082008999928 ], [ -65.322717798999975, -9.903546068999958 ], [ -65.301808806999986, -9.842154997999955 ], [ -65.341946052999958, -9.762499927999954 ], [ -65.376954915999988, -9.703335928999934 ], [ -65.40688199799996, -9.686254950999967 ], [ -65.442335771999979, -9.679191017999926 ], [ -65.492508838999981, -9.719163978999973 ], [ -65.512217878999934, -9.741390942999942 ], [ -65.515699888999961, -9.773964023999952 ], [ -65.569308864999982, -9.835135823999963 ], [ -65.605981870999983, -9.834926946999929 ], [ -65.745835769999985, -9.770554936999929 ], [ -65.79223580699994, -9.77499986 ], [ -65.843899845999942, -9.777781980999976 ], [ -65.97195504299998, -9.779726917999938 ], [ -66.077645980999932, -9.775555076999979 ], [ -66.174999942999932, -9.79722682299996 ], [ -66.383346060999941, -9.866664017999938 ], [ -66.43709099199998, -9.888608845999954 ], [ -66.479317845999958, -9.881808943999943 ], [ -66.545699837999962, -9.887917841999979 ], [ -66.630481949999933, -9.90576392 ], [ -66.640254913999968, -9.918272904999981 ], [ -66.642508807999945, -9.930135811999946 ], [ -66.659235900999988, -9.948545991999936 ], [ -66.693481842999972, -9.963191020999943 ], [ -66.732226855999954, -9.976946059999932 ], [ -66.760281923999969, -9.990835878999974 ], [ -66.893755014999954, -10.091526843999929 ], [ -66.925281867999956, -10.123190991999934 ], [ -66.950008816999969, -10.151390898999978 ], [ -66.970835834999946, -10.172226801999955 ], [ -67.046399865999945, -10.243608933999951 ], [ -67.076954920999981, -10.268754978999937 ], [ -67.183208954999941, -10.323681925999949 ], [ -67.22541787199998, -10.311946087999956 ], [ -67.300290898999947, -10.316663925999933 ], [ -67.323272903999964, -10.323473048999972 ], [ -67.326672938999934, -10.358964037999954 ], [ -67.449446027999954, -10.44166391899995 ], [ -67.509172955999986, -10.472781901999952 ], [ -67.529173014999969, -10.481108986999971 ], [ -67.582508908999955, -10.504446049999956 ], [ -67.609735844999989, -10.530135912999981 ], [ -67.674999857999978, -10.619999972999949 ], [ -67.70333588799997, -10.694726819999971 ], [ -67.742372924999984, -10.712917895999965 ], [ -67.787226835999945, -10.684163944999966 ], [ -67.817508808999946, -10.665282031999936 ], [ -67.836681908999935, -10.659308919999944 ], [ -67.865846070999964, -10.656946060999928 ], [ -68.017646025999966, -10.660281890999954 ], [ -68.061108875999935, -10.67639090299997 ], [ -68.082226913999932, -10.690281895999931 ], [ -68.10196394899998, -10.705281982999963 ], [ -68.118963956999949, -10.731945989999929 ], [ -68.124599948999958, -10.759308880999981 ], [ -68.230282001999967, -10.911664052999981 ], [ -68.280908864999958, -10.979726950999975 ], [ -68.31306402499996, -10.996663927999975 ], [ -68.34403582799996, -11.006872917999942 ], [ -68.402508822999948, -11.017781964999926 ], [ -68.522572879999984, -11.059308930999975 ], [ -68.552226880999967, -11.088891013999955 ], [ -68.576454938999973, -11.103073026999937 ], [ -68.620835775999979, -11.116390864999971 ], [ -68.65472682799998, -11.124446041999931 ], [ -68.70056393599998, -11.134726948999969 ], [ -68.766708886999936, -11.137117970999952 ], [ -68.761835815999973, -11.003317817999971 ], [ -68.84889093299995, -11.016108936999956 ], [ -69.07612684299994, -10.967226850999964 ], [ -69.222781985999973, -10.950835871999971 ], [ -69.412226912999984, -10.937781895999933 ], [ -69.447645985999941, -10.947635828999978 ], [ -69.486954931999946, -10.951108953999949 ], [ -69.540555023999957, -10.952217879999978 ], [ -69.567508877999956, -10.950555077999979 ], [ -69.586117875999946, -10.950281995999944 ], [ -69.666117945999986, -10.953335857999946 ], [ -69.688608938999948, -10.958608913999967 ], [ -69.737917830999947, -10.96159991199994 ], [ -69.780208890999972, -10.924717860999976 ], [ -69.925981922999938, -10.91402691199994 ], [ -69.950008815999979, -10.919999855999947 ], [ -69.969454998999936, -10.928608908999934 ], [ -69.999999827999943, -10.946945997999933 ], [ -70.051681971999983, -10.979172906999963 ], [ -70.154172866999943, -11.029999929999974 ], [ -70.174999884999977, -11.037499888999946 ], [ -70.226526796999963, -11.052781942999957 ], [ -70.328899841999942, -11.06917292199995 ], [ -70.352781895999954, -11.066108833999976 ], [ -70.402508877999935, -11.045555065999963 ], [ -70.436673011999972, -11.026946066999926 ], [ -70.456945985999937, -11.001664067999968 ], [ -70.471117939999942, -10.981108958999926 ], [ -70.499308962999976, -10.953472985999952 ], [ -70.52639994499998, -10.935690945999966 ], [ -70.581681948999972, -10.971108845999936 ], [ -70.631390993999958, -11.00916402699994 ], [ -70.631954927999971, -10.975282027999981 ], [ -70.631954927999971, -10.913054945999932 ], [ -70.630846001999942, -10.781663919999971 ], [ -70.630281899999943, -10.608608966999952 ], [ -70.629454941999938, -10.338608921999935 ], [ -70.629181858999971, -10.186390876999951 ], [ -70.629454941999938, -10.068891010999948 ], [ -70.628617924999958, -9.948491006999973 ], [ -70.6288908399999, -9.895835890999933 ], [ -70.625563894999971, -9.825972895999939 ], [ -70.612646040999948, -9.798755011999958 ], [ -70.595290974999955, -9.78139089299998 ], [ -70.590835825999989, -9.631599912999945 ], [ -70.607590914999946, -9.575663952999946 ], [ -70.577226799999949, -9.538608899999929 ], [ -70.545290910999938, -9.500835852999955 ], [ -70.514663938999945, -9.42799996399998 ], [ -70.568064038999978, -9.433473010999933 ], [ -70.588617805999945, -9.440835842999945 ], [ -70.643335875999981, -9.490835906999962 ], [ -70.779173, -9.605554992999942 ], [ -70.843608879999977, -9.645554943999969 ], [ -70.881954913999948, -9.669999925999946 ], [ -70.969317814999954, -9.763890987999957 ], [ -70.985354909999955, -9.796735810999962 ], [ -71.013964021999982, -9.820835794999937 ], [ -71.138545925999949, -9.863817858999937 ], [ -71.158899868999981, -9.889999906999947 ], [ -71.180417890999934, -9.932226929999956 ], [ -71.296390908999967, -9.995417929999974 ], [ -71.368055007999942, -10.003890860999945 ], [ -71.459163948999958, -10.00416394299998 ], [ -71.641954984999984, -10.004446077999944 ], [ -71.930281893999961, -10.004446077999944 ], [ -71.979172864999953, -10.004446077999944 ], [ -72.010281962999954, -10.004446077999944 ], [ -72.052226850999944, -10.00471781899995 ], [ -72.143890840999973, -10.00471781899995 ], [ -72.185835896999947, -10.002499967999938 ], [ -72.168335823999939, -9.954446013999927 ], [ -72.15077288699996, -9.88701796099997 ], [ -72.164735795999945, -9.834717902999955 ], [ -72.180281879999939, -9.80339992699993 ], [ -72.226526851999949, -9.777781980999976 ], [ -72.260355038999933, -9.759163929999943 ], [ -72.269308923999972, -9.730554985999959 ], [ -72.257646007999938, -9.692572893999966 ], [ -72.252508906999935, -9.656945949999965 ], [ -72.301526779999961, -9.533191004999935 ], [ -72.371672916999955, -9.492635836999966 ], [ -72.402235849999954, -9.483608862999972 ], [ -72.606946065999978, -9.446108897999977 ], [ -72.730008833999989, -9.413055030999942 ], [ -72.840835865999964, -9.4116639699999 ], [ -72.861954909999952, -9.412226898999961 ], [ -72.980835777999971, -9.410835837999969 ], [ -73.200699971999938, -9.400763974999961 ], [ -73.182926816999952, -9.364999902999955 ], [ -73.158063912999978, -9.344445967999945 ], [ -73.119445969999958, -9.313335862999963 ], [ -73.023617849999937, -9.22110894399998 ], [ -72.966399961999969, -9.143054984999935 ], [ -72.955290921999961, -9.11916404699997 ], [ -72.949172970999939, -9.090135839999959 ], [ -72.948064044999967, -9.066526867999926 ], [ -72.951126792999958, -9.045835804999967 ], [ -72.96236390699994, -8.988472908999938 ], [ -73.005763893999983, -8.930346086999975 ], [ -73.058817819999945, -8.902426804999948 ], [ -73.12194595699998, -8.807499907999954 ], [ -73.132781912999974, -8.790555051999945 ], [ -73.141954900999963, -8.762226901999952 ], [ -73.152508889999979, -8.734999964999929 ], [ -73.166672965999965, -8.714164062999942 ], [ -73.183899955999948, -8.700135941999974 ], [ -73.215563935999967, -8.686108826999941 ], [ -73.240981889999944, -8.679582006999965 ], [ -73.273335868999936, -8.674235860999943 ], [ -73.345699856999943, -8.602364058999967 ], [ -73.404726894999953, -8.450555050999981 ], [ -73.478617897999982, -8.398608876999958 ], [ -73.533199845999945, -8.352363904999947 ], [ -73.541399861999935, -8.302781929999981 ], [ -73.556673030999946, -8.24917295399996 ], [ -73.595699842999977, -8.121391006999943 ], [ -73.651673018999986, -8.016663987999948 ], [ -73.70987293099995, -7.983890913999971 ], [ -73.756326779999938, -7.967082012999981 ], [ -73.771955005999985, -7.948054924999951 ], [ -73.777017842999953, -7.872881993999954 ], [ -73.725390851999975, -7.879581984999959 ], [ -73.698199957999975, -7.846181943999966 ], [ -73.693755033999935, -7.803335834999928 ], [ -73.706664002999958, -7.776390865999929 ], [ -73.724163908999969, -7.764445982999973 ], [ -73.751954946999945, -7.756946023999944 ], [ -73.821535806999975, -7.73166402399994 ], [ -73.84222687099998, -7.717363994999971 ], [ -73.851954907999982, -7.699581954999928 ], [ -73.865563932999976, -7.675281978999976 ], [ -73.932508852999945, -7.609164017999944 ], [ -73.974163893999958, -7.574446006999949 ], [ -74.004590873999973, -7.554373024999961 ], [ -74.002154924999957, -7.530454928999973 ], [ -73.987155005999966, -7.528835880999964 ], [ -73.962435767999978, -7.527364018999947 ], [ -73.930526867999959, -7.442990942999927 ], [ -73.931117791999952, -7.359164031999967 ], [ -73.738199907999956, -7.333954954999967 ], [ -73.705835870999977, -7.309235883999975 ], [ -73.719999946999963, -7.223055 ], [ -73.775563917999989, -7.13721794099996 ], [ -73.795135829999936, -7.122626890999925 ], [ -73.799726933999978, -7.08083589499995 ], [ -73.754454932999977, -6.894164037999928 ], [ -73.744173019999948, -6.876946099999941 ], [ -73.676390915999946, -6.804445989999977 ], [ -73.587508878999984, -6.734999910999932 ], [ -73.361190954999984, -6.581990949999977 ], [ -73.335008906999974, -6.574446062999925 ], [ -73.298763880999957, -6.574446062999925 ], [ -73.276399956999967, -6.574999939999941 ], [ -73.216673029999981, -6.566663968999933 ], [ -73.186117807999949, -6.547363966999967 ], [ -73.160846033999974, -6.515554978999944 ], [ -73.14500893099995, -6.489164053999957 ], [ -73.123899945999938, -6.447217824999939 ], [ -73.12000889899997, -6.418055004999928 ], [ -73.118617837999977, -6.381526837999957 ], [ -73.16639988299994, -6.240281878999951 ], [ -73.218608913999958, -6.146255029999963 ], [ -73.225572934999946, -6.121390951999956 ], [ -73.229735890999962, -6.093608965999977 ], [ -73.218063922999988, -6.045281929999931 ], [ -73.205563990999963, -6.017499943999951 ], [ -73.130281926999942, -5.876390938999975 ], [ -73.082226799999944, -5.827217833999953 ], [ -73.048064005999947, -5.791945946999931 ], [ -72.988890954999988, -5.71166391 ], [ -72.961955037999985, -5.648608863999925 ], [ -72.942790989999935, -5.537499863999926 ], [ -72.95256395399997, -5.510281979999945 ], [ -72.964172889999986, -5.477226938999934 ], [ -72.961399820999986, -5.452499988999932 ], [ -72.918335781999986, -5.321664012999975 ], [ -72.898617856999977, -5.172781965999945 ], [ -72.851964015999954, -5.124717953999948 ], [ -72.786663960999988, -5.08889101699998 ], [ -72.75667300899994, -5.076945966999972 ], [ -72.617508940999983, -5.020281953999927 ], [ -72.476964037999949, -4.941108843999928 ], [ -72.403335890999983, -4.87451780799995 ], [ -72.390563881999981, -4.838608895999926 ], [ -72.389590910999971, -4.805690982999977 ], [ -72.375290880999955, -4.784446043999935 ], [ -72.325290984999981, -4.760835898999972 ], [ -72.300981956999976, -4.756990951999967 ], [ -72.279172914999947, -4.763608967999971 ], [ -72.253617832999964, -4.761664030999953 ], [ -72.234999949999974, -4.753335938999953 ], [ -72.129181941999946, -4.693608843999925 ], [ -72.02806400299994, -4.61249984899996 ], [ -71.902481970999986, -4.518190864999951 ], [ -71.881972962999953, -4.510863907999976 ], [ -71.747190952999972, -4.490355067999928 ], [ -71.726681944999939, -4.493282027999953 ], [ -71.65056403799997, -4.508890975999975 ], [ -71.382235846999947, -4.430835843999944 ], [ -71.285935825999957, -4.381035938999958 ], [ -71.169445978999988, -4.357782024999949 ], [ -71.065145934999975, -4.362917951999975 ], [ -71.036655007999968, -4.381935819999967 ], [ -70.956264005999969, -4.38221795499993 ], [ -70.872554944999933, -4.280117824999934 ], [ -70.868899931999977, -4.251108895999948 ], [ -70.832226925999976, -4.187017846999936 ], [ -70.810290982999959, -4.170554949999939 ], [ -70.762435847999939, -4.147708899999941 ], [ -70.625699848999943, -4.160555004999935 ], [ -70.584163997999951, -4.195554982999965 ], [ -70.499999966999951, -4.179717878999952 ], [ -70.465290840999955, -4.154726899999957 ], [ -70.429381929999977, -4.132017808999933 ], [ -70.320145949999983, -4.139717928999971 ], [ -70.29972679499997, -4.174164029999929 ], [ -70.298335901999963, -4.199026934999949 ], [ -70.308763995999982, -4.230281877999971 ], [ -70.301390938999987, -4.249999969999976 ], [ -70.255846022999947, -4.291390981999939 ], [ -70.197826824999936, -4.33265492299995 ], [ -70.016963961999977, -4.337946083999952 ], [ -69.979590898999959, -4.312499966999951 ], [ -69.960563978999971, -4.28319096599995 ], [ -69.950290950999943, -4.262499901999945 ], [ -69.956926903999943, -4.236872903999938 ], [ -69.943335814999955, -4.212364050999952 ], [ -69.881954969999981, -3.920281881999927 ], [ -69.793063880999966, -3.419163931999947 ], [ -69.635281928999973, -2.534446002999971 ], [ -69.625835859999938, -2.482217860999981 ], [ -69.607790962999957, -2.386390914999936 ], [ -69.594181937999963, -2.311108850999972 ], [ -69.522508953999989, -1.914164043999961 ], [ -69.452635899999962, -1.526035824999951 ], [ -69.391046010999958, -1.381526951999945 ], [ -69.378545910999946, -1.337917921999974 ], [ -69.390017886999942, -1.246108923999941 ], [ -69.411955003999935, -1.13194606199994 ], [ -69.431399845999977, -1.040972907999958 ], [ -69.441972945999964, -1.017808847999959 ], [ -69.434235778999948, -1.00118200199995 ], [ -69.480846033999967, -0.954999893999968 ], [ -69.517781895999974, -0.933472987999949 ], [ -69.612645928999939, -0.755835815999944 ], [ -69.615290922999975, -0.724308962999942 ], [ -69.596317813999974, -0.700490946999935 ], [ -69.582781878999981, -0.668054993999931 ], [ -69.573546026999963, -0.634926861999929 ], [ -69.606535856999983, -0.519863950999934 ], [ -69.630417910999938, -0.494164029999979 ], [ -69.688617823999948, -0.466808850999939 ], [ -69.717090980999956, -0.460973033999949 ], [ -69.739454904999945, -0.455690925999932 ], [ -69.933481881999967, -0.304308892999927 ], [ -70.021664029999954, -0.203608875999976 ], [ -70.058063952999987, -0.157499858999927 ], [ -70.057508903999974, -0.088054951999936 ], [ -70.055526918999988, 0.000000126000032 ], [ -70.052508930999977, 0.14360911700004 ], [ -70.049454900999933, 0.306945086000042 ], [ -70.048335916999974, 0.368335989000059 ], [ -70.046399864999955, 0.51139110400004 ], [ -70.044726836999985, 0.585000140000034 ], [ -69.983472893999988, 0.597917994000056 ], [ -69.922499912999967, 0.597782039000037 ], [ -69.795708874999946, 0.601527074000046 ], [ -69.749999841999966, 0.633891111000025 ], [ -69.683481895999932, 0.677218006000032 ], [ -69.459281910999948, 0.736600102000068 ], [ -69.328899897999975, 0.656391156000041 ], [ -69.287508886999944, 0.622918026000036 ], [ -69.209781989999954, 0.616309063000074 ], [ -69.127817872999969, 0.644027011000048 ], [ -69.159308850999935, 0.75291799200005 ], [ -69.140290982999943, 0.863473116000023 ], [ -69.227917913999988, 0.999027098000056 ], [ -69.264872886999967, 1.033891122000057 ], [ -69.338481921999971, 1.072918101000027 ], [ -69.376817897999956, 1.056527122000034 ], [ -69.435290892999944, 1.038336045000051 ], [ -69.613617894999948, 1.078054028000054 ], [ -69.718335860999957, 1.072500012000035 ], [ -69.842226928999935, 1.072218044000067 ], [ -69.842226928999935, 1.698054020000029 ], [ -69.846099870999979, 1.710454040000059 ], [ -69.784946007999963, 1.707573180000054 ], [ -69.700563879999947, 1.745282189000022 ], [ -69.553899851999972, 1.783891079000057 ], [ -69.459163893999971, 1.760282108000069 ], [ -69.400281861999986, 1.744445005000046 ], [ -69.372472886999958, 1.728054025000063 ], [ -69.24000880899996, 1.728054025000063 ], [ -69.103055048999977, 1.727500149000036 ], [ -68.828899925999963, 1.726109088000044 ], [ -68.153063885999984, 1.724164152000071 ], [ -68.182645969999953, 1.766526961000068 ], [ -68.211535874999981, 1.771873106000044 ], [ -68.232790872999942, 1.775553935000062 ], [ -68.257235855999966, 1.852782109000032 ], [ -68.236955002999935, 1.909718031000068 ], [ -68.226672921999977, 1.933609137000076 ], [ -68.196399834999966, 1.977500135000071 ], [ -68.17445500599996, 1.977500135000071 ], [ -68.124026793999974, 1.963744929000029 ], [ -68.104863919999957, 1.951809099000059 ], [ -68.088481992999959, 1.927082149000057 ], [ -68.075146049999944, 1.872082112000044 ], [ -68.065564024999958, 1.853335985000058 ], [ -68.03528188599995, 1.801391152000065 ], [ -68.010146066999937, 1.768473071000074 ], [ -67.990708935999976, 1.753745061000075 ], [ -67.967781915999979, 1.745836065000049 ], [ -67.941808912999988, 1.742500068000027 ], [ -67.91473586799998, 1.745282189000022 ], [ -67.87250884599996, 1.755135954000025 ], [ -67.811672991999956, 1.784309001000054 ], [ -67.771045907999962, 1.818818135000072 ], [ -67.687226875999954, 1.919582190000028 ], [ -67.676955020999969, 1.936944967000045 ], [ -67.666399857999977, 1.973336005000021 ], [ -67.585981866999987, 2.053053940000041 ], [ -67.56584602099997, 2.067218015000037 ], [ -67.50584601099996, 2.106945051000025 ], [ -67.422572975999969, 2.14284507800005 ], [ -67.339726914999972, 2.113053950000051 ], [ -67.325426885999946, 2.08847318100004 ], [ -67.319735908999974, 2.06305405300003 ], [ -67.308899951999933, 2.032782139000062 ], [ -67.264726818999975, 1.946945080000035 ], [ -67.22819982599998, 1.891809089000049 ], [ -67.20659982899997, 1.875836031000063 ], [ -67.160846036999942, 1.818609090000052 ], [ -67.113617867999949, 1.735000108000065 ], [ -67.071181968999952, 1.620409098000039 ], [ -67.056881938999936, 1.520136055000023 ], [ -67.063608918999932, 1.438336056000026 ], [ -67.073899883999957, 1.414444949000028 ], [ -67.08041782, 1.385282129000075 ], [ -67.087781992999965, 1.286391094000066 ], [ -67.087781992999965, 1.266391035000026 ], [ -67.084164027999975, 1.193891092000058 ], [ -67.075290944999949, 1.172500140000068 ], [ -67.032781954999962, 1.182500086000061 ], [ -66.885290968999982, 1.221100091000039 ], [ -66.870455000999982, 1.220927089000043 ], [ -66.787226892999968, 1.14944504500005 ], [ -66.338054949999957, 0.765836013000069 ], [ -66.314726771999972, 0.751391144000024 ], [ -66.286955011999964, 0.747782064000035 ], [ -66.12709082799995, 0.734164154000041 ], [ -65.979590956999971, 0.798745042000064 ], [ -65.955145973999947, 0.81833606400005 ], [ -65.929035842999951, 0.854027046000056 ], [ -65.912781991999964, 0.871809086000042 ], [ -65.870835762999945, 0.908336079000037 ], [ -65.735290832999965, 0.982782131000022 ], [ -65.657226815999934, 0.989717989000042 ], [ -65.595426875999976, 0.990418045000069 ], [ -65.559446046999938, 0.971108990000062 ], [ -65.539735833999941, 0.950000005000049 ], [ -65.522090921999961, 0.926945077000028 ], [ -65.510135813999966, 0.901945045000048 ], [ -65.506955048999941, 0.871809086000042 ], [ -65.511117837999961, 0.838891173000036 ], [ -65.527372862999982, 0.80666409600002 ], [ -65.567508934999978, 0.764718035000044 ], [ -65.582572891999973, 0.729791147000071 ], [ -65.575563943999953, 0.696391107000068 ], [ -65.558617914999957, 0.666109135000056 ], [ -65.542363895999983, 0.651664098000026 ], [ -65.521663947999969, 0.649164112000051 ], [ -65.485772973999985, 0.661873089000039 ], [ -65.436108855999976, 0.695282181000039 ], [ -65.400281919999941, 0.753953995000074 ], [ -65.398346035999964, 0.789027063000049 ], [ -65.395008864999966, 0.818609146000028 ], [ -65.385845935999953, 0.837082190000046 ], [ -65.321672910999951, 0.911944991000041 ], [ -65.29146402899994, 0.926600078000035 ], [ -65.253064015999939, 0.91528216200004 ], [ -65.227646061999963, 0.915000027000076 ], [ -65.192508956999973, 0.92666411600004 ], [ -65.17389090599994, 0.950000005000049 ], [ -65.165845954999952, 0.969445015000076 ], [ -65.160845981999955, 0.989026985000066 ], [ -65.154446063999956, 1.03528218200006 ], [ -65.153899898999953, 1.055553983000038 ], [ -65.146526840999968, 1.097635998000044 ], [ -65.136264038999968, 1.118473074000065 ], [ -65.103890949999936, 1.142082046000041 ], [ -65.006954909999934, 1.165836024000043 ], [ -64.943072904999951, 1.210553981000032 ], [ -64.819072872999982, 1.279482059000031 ], [ -64.783063881999965, 1.260000169000023 ], [ -64.757235884999943, 1.244309078000072 ], [ -64.731746014999942, 1.246945019000066 ], [ -64.697508957999958, 1.262782122000033 ], [ -64.59529097799998, 1.330000125000026 ], [ -64.578964035999945, 1.349791139000047 ], [ -64.563199854999937, 1.391391028000044 ], [ -64.5490357799999, 1.41513595400005 ], [ -64.529726892999975, 1.433608998000068 ], [ -64.394308863999981, 1.511809137000057 ], [ -64.365773009999941, 1.50757309100004 ], [ -64.264454910999973, 1.476109103000056 ], [ -64.113208832999987, 1.582918019000033 ], [ -64.077990924999938, 1.635418069000025 ], [ -64.062781961999974, 1.681108997000024 ], [ -64.049863939999966, 1.806809047000058 ], [ -64.052372978999983, 1.840836053000032 ], [ -64.051890851999985, 1.890482066000061 ], [ -64.030146015999946, 1.924718117000054 ], [ -64.002364029999967, 1.94986416200004 ], [ -63.970555042999933, 1.967218054000057 ], [ -63.936526862999983, 1.976809131000039 ], [ -63.825008825999987, 1.977782102000049 ], [ -63.739172939999946, 2.00305404300002 ], [ -63.71860894699995, 2.023609152000063 ], [ -63.607090909999954, 2.105973086000063 ], [ -63.545417871999973, 2.130000147000032 ], [ -63.488335769999935, 2.130554023000059 ], [ -63.39944602199995, 2.149509026000032 ], [ -63.380008890999932, 2.229164096000034 ], [ -63.360763873999986, 2.259100064000052 ], [ -63.346390920999966, 2.406109090000029 ], [ -63.365417841999943, 2.420000083000048 ], [ -63.581672955999977, 2.43471803500006 ], [ -63.782199931999969, 2.42716409600007 ], [ -63.821808949999934, 2.425836067000034 ], [ -64.034035889999984, 2.471318118000056 ], [ -64.046463904999939, 2.509445049000021 ], [ -64.031254941999975, 2.549718082000027 ], [ -64.017226820999952, 2.573891155000069 ], [ -63.995417778999979, 2.623054035000052 ], [ -63.987854955999978, 2.718609073000039 ], [ -64.034726893999959, 2.832782161000068 ], [ -64.088899971999979, 2.940835958000036 ], [ -64.146117860999937, 3.039718108000045 ], [ -64.158890875999987, 3.060835978000057 ], [ -64.205290911999953, 3.193336098000032 ], [ -64.226672979999933, 3.337500139000042 ], [ -64.235699953999983, 3.432782094000061 ], [ -64.224381869999945, 3.466945055000053 ], [ -64.193481983999959, 3.501391157000057 ], [ -64.184717865999971, 3.527782082000044 ], [ -64.182372944999941, 3.549308989000053 ], [ -64.190217903999951, 3.589653939000073 ], [ -64.308063941999933, 3.718336102000023 ], [ -64.365845932999946, 3.750553958000069 ], [ -64.40529083399997, 3.76721802000003 ], [ -64.446326787999965, 3.78700903500004 ], [ -64.51806397699994, 3.854444966000074 ], [ -64.626681875999964, 3.965553966000073 ], [ -64.642090830999962, 3.984309145000054 ], [ -64.660981964999962, 4.016664130000038 ], [ -64.694454926999981, 4.081945074000032 ], [ -64.704726781999966, 4.118609027000048 ], [ -64.713135842999975, 4.144026981000025 ], [ -64.733890943999938, 4.161245087000054 ], [ -64.785908866999932, 4.185836082000037 ], [ -64.801955014999976, 4.210835946000032 ], [ -64.80000890499997, 4.265073063000045 ], [ -64.781672988999958, 4.286391092000031 ], [ -64.746263973999987, 4.287218051000025 ], [ -64.72417296499998, 4.281391120000023 ], [ -64.693072918999974, 4.267217992000042 ], [ -64.674726776999933, 4.257500013000026 ], [ -64.651954989999979, 4.239164097000071 ], [ -64.642155036999952, 4.223773079000068 ], [ -64.607790909999949, 4.145273203000045 ], [ -64.59201784399994, 4.127773130000037 ], [ -64.552926826999965, 4.122364120000043 ], [ -64.467508862999978, 4.133891081000058 ], [ -64.430281980999951, 4.140000147000023 ], [ -64.402235797999936, 4.149164082000027 ], [ -64.379863994999937, 4.153609005000021 ], [ -64.335554907999949, 4.154164223000066 ], [ -64.248899942999969, 4.148053983000068 ], [ -64.221117789999937, 4.141109073000052 ], [ -64.126390883999932, 4.109582053000054 ], [ -64.108890978999966, 4.08278209100007 ], [ -64.087781993999954, 4.032773142000053 ], [ -64.064590943999974, 3.95528211200002 ], [ -64.05270892599998, 3.908435990000044 ], [ -64.01779092299995, 3.886109114000021 ], [ -63.994164013999978, 3.882918124000071 ], [ -63.956255012999975, 3.891245042000037 ], [ -63.940563922999957, 3.904582158000039 ], [ -63.909026843999982, 3.933053975000064 ], [ -63.848063920999948, 3.958891024000025 ], [ -63.644454919999987, 3.948609111000053 ], [ -63.614172946999986, 3.944864076000044 ], [ -63.589172914999949, 3.928335969000045 ], [ -63.57361777899996, 3.909718086000055 ], [ -63.547917857999948, 3.880691052000032 ], [ -63.530135817999962, 3.867217981000067 ], [ -63.491526927999985, 3.857782137000072 ], [ -63.4581998099999, 3.86645405400003 ], [ -63.445555038999942, 3.89028212900007 ], [ -63.438754967999955, 3.915135980000059 ], [ -63.433617867999942, 3.941664201000037 ], [ -63.419099907999964, 3.967082155000071 ], [ -63.382508877999953, 3.970836074000033 ], [ -63.359454955999979, 3.965836101000036 ], [ -63.335554964999972, 3.958054007000044 ], [ -63.293963960999974, 3.939373092000039 ], [ -63.242290868999987, 3.898127087000034 ], [ -63.164172871999938, 3.79528214100003 ], [ -62.990563874999964, 3.604309026000067 ], [ -62.923617781999951, 3.567218098000069 ], [ -62.903064014999984, 3.562918014000047 ], [ -62.878054929999962, 3.560136061000037 ], [ -62.781255011999974, 3.604309026000067 ], [ -62.75139984599997, 3.638336032000041 ], [ -62.734026842999981, 3.676527001000068 ], [ -62.727226772999984, 3.705282126000043 ], [ -62.727499854999962, 3.731109116000027 ], [ -62.740145967999979, 3.790554077000024 ], [ -62.758335870999986, 3.834717989000069 ], [ -62.777226836999944, 3.882500034000032 ], [ -62.780417827999941, 3.908744947000059 ], [ -62.757781994999959, 4.020273210000028 ], [ -62.728335865999952, 4.03860912600004 ], [ -62.669863876999955, 4.046809142000029 ], [ -62.604164004999973, 4.041944956000066 ], [ -62.539935827999955, 4.112291084000049 ], [ -62.440135858999952, 4.182673087000069 ], [ -62.392226911999956, 4.179445048000048 ], [ -62.321108810999988, 4.152500080000038 ], [ -62.281390826999939, 4.136109100000056 ], [ -62.262508913999966, 4.127218080000034 ], [ -62.220835766999983, 4.112500129000068 ], [ -62.180972944999951, 4.09958210700006 ], [ -62.142646021999951, 4.09319107400006 ], [ -62.104790831999935, 4.103891076000025 ], [ -62.079308840999943, 4.124864106000075 ], [ -62.053199882999934, 4.150136048000036 ], [ -61.987499842999966, 4.169582063000064 ], [ -61.95201790599998, 4.156809048000071 ], [ -61.914863946999958, 4.146945057000039 ], [ -61.848890824999955, 4.160553915000037 ], [ -61.811526814999979, 4.184864117000075 ], [ -61.790564009999969, 4.215691080000056 ], [ -61.762917810999966, 4.243053971000052 ], [ -61.699172933999932, 4.259027028000048 ], [ -61.662781895999956, 4.255282162000071 ], [ -61.62528193199995, 4.244235987000025 ], [ -61.554381926999952, 4.248818038000024 ], [ -61.52403574899995, 4.274864132000062 ], [ -61.510699805999934, 4.303473076000046 ], [ -61.507363975999965, 4.327364182000053 ], [ -61.512781870999959, 4.361945065000043 ], [ -61.507363975999965, 4.390554009000027 ], [ -61.492226761999973, 4.406391113000041 ], [ -61.313608907999935, 4.506664156000056 ], [ -61.163890849999973, 4.49430906300006 ], [ -61.052508934999935, 4.507782134000024 ], [ -60.987090862999935, 4.51930909500004 ], [ -60.968335850999949, 4.538336015000027 ], [ -60.951663910999969, 4.556945014000064 ], [ -60.929863921999981, 4.591873075000024 ], [ -60.92458198099996, 4.637709010000037 ], [ -60.886526799999956, 4.709718108000061 ], [ -60.866808874999947, 4.713336072000061 ], [ -60.83861785299996, 4.718473173000064 ], [ -60.720281975999967, 4.776109151000071 ], [ -60.675564018999978, 4.813891083000044 ], [ -60.649308880999968, 4.842918117000067 ], [ -60.59250891399995, 4.924718116000065 ], [ -60.578546003999975, 4.952636056000074 ], [ -60.582363960999942, 4.988473218000024 ], [ -60.644172953999941, 5.158609089000038 ], [ -60.655208902999959, 5.181318012000077 ], [ -60.685146042999975, 5.196945065000023 ], [ -60.710972865999963, 5.20291800900003 ], [ -60.730372948999957, 5.204800082000077 ], [ -60.689445959999944, 5.216109113000073 ], [ -60.597426911999946, 5.21194498400007 ], [ -60.573826824999969, 5.197153942000057 ], [ -60.546390843999973, 5.191391048000071 ], [ -60.317846015999976, 5.197636069000055 ], [ -60.268408880999971, 5.235282046000066 ], [ -60.249999873999968, 5.258473096000046 ], [ -60.2023640099999, 5.272709088000056 ], [ -60.114581845999965, 5.245691029000056 ], [ -60.098335873999986, 5.217218039000045 ], [ -60.081945899999937, 5.173053959000072 ], [ -60.080873016999988, 5.161509060000071 ], [ -60.013890880999952, 5.11000008600007 ], [ -59.983063917999971, 5.022500057000059 ], [ -60.005835871999977, 4.836945005000075 ], [ -60.020563881999976, 4.734445057000073 ], [ -60.025835763999964, 4.707218121000039 ], [ -60.072090960999958, 4.618473212000026 ], [ -60.091526917999943, 4.60069117200004 ], [ -60.123890954999979, 4.596664171000043 ], [ -60.152226816999985, 4.573335993000057 ], [ -60.148472897999966, 4.520000099000072 ], [ -60.130699910999965, 4.509718018000058 ], [ -60.045281946999978, 4.494027096000025 ], [ -59.96778186399996, 4.501944977000051 ], [ -59.94180886099997, 4.508054043000072 ], [ -59.791117830999951, 4.456109042000037 ], [ -59.71722682799998, 4.414164154000048 ], [ -59.674445929999933, 4.385135947000038 ], [ -59.67528194099998, 4.37333607100004 ], [ -59.730835853999963, 4.293336002000046 ], [ -59.731108936999988, 4.219164205000027 ], [ -59.722226800999977, 4.191391105000037 ], [ -59.708617775999983, 4.170691156000032 ], [ -59.581673013999932, 3.998891142000048 ], [ -59.568608811999979, 3.899445058000026 ], [ -59.665554909999969, 3.711391024000022 ], [ -59.786117857999955, 3.620553992000055 ], [ -59.831945913999959, 3.524164117000055 ], [ -59.814446008999937, 3.498744990000034 ], [ -59.81083575599996, 3.359582095000064 ], [ -59.835699832999978, 3.322082131000059 ], [ -59.856117813999958, 3.29778215500005 ], [ -59.869726839999942, 3.276391035000074 ], [ -59.904726817999972, 3.204164176000063 ], [ -59.949717856999939, 3.071945017000075 ], [ -59.962781890999963, 3.025836 ], [ -59.978890902999979, 2.899164152000026 ], [ -59.982781949999946, 2.86028218000007 ], [ -59.988472926999975, 2.688191146000065 ], [ -59.954173005999962, 2.616391093000061 ], [ -59.925563893999936, 2.567782089000048 ], [ -59.89278193499996, 2.454445012000065 ], [ -59.888890887999935, 2.407082062000029 ], [ -59.901672954999981, 2.384445056000061 ], [ -59.893263894999961, 2.364100165000025 ], [ -59.849726780999958, 2.33055394400003 ], [ -59.793199895999976, 2.29778204400003 ], [ -59.735490827999968, 2.284718010000063 ], [ -59.727017896999939, 2.241244933000075 ], [ -59.743617920999952, 2.072782090000032 ], [ -59.756254980999984, 1.908891072000074 ], [ -59.749026762999961, 1.861391162000075 ], [ -59.726317840999968, 1.854164117000039 ], [ -59.632472878999977, 1.842235999000025 ], [ -59.653617905999965, 1.802218111000059 ], [ -59.67528194099998, 1.767082178000067 ], [ -59.645763894999959, 1.735136063000027 ], [ -59.605417938999949, 1.719444972000076 ], [ -59.507508927999936, 1.68750003100007 ], [ -59.483617821999985, 1.650553942000045 ], [ -59.414454882999962, 1.563336049000043 ], [ -59.24396395399998, 1.386527009000019 ], [ -59.104726795999966, 1.344718076000049 ], [ -58.972781892999933, 1.319718044000069 ], [ -58.957508891999964, 1.314444989000037 ], [ -58.924863893999941, 1.299309115000028 ], [ -58.89736387499994, 1.261835973000075 ], [ -58.898408930999949, 1.231109090000075 ], [ -58.869590941999945, 1.205000132000066 ], [ -58.836399945999972, 1.190282180000054 ], [ -58.810699857999964, 1.186873092000042 ], [ -58.751945900999942, 1.209582183000066 ], [ -58.722917861999974, 1.232364196000049 ], [ -58.708890913999937, 1.262918077000052 ], [ -58.692990946999942, 1.284718066000039 ], [ -58.57249991499998, 1.275282055000048 ], [ -58.519617816999983, 1.269618067000067 ], [ -58.475145952999981, 1.31402706700004 ], [ -58.467645993999952, 1.337636038000028 ], [ -58.46930879599995, 1.358473114000049 ], [ -58.502290914999946, 1.454673056000047 ], [ -58.387290866999933, 1.477844995000055 ], [ -58.297226814999931, 1.582782064000071 ], [ -58.268335902999979, 1.570554041000037 ], [ -58.127781947999949, 1.517782081000064 ], [ -58.007154960999969, 1.515691132000029 ], [ -57.982917849999978, 1.57236419700007 ], [ -57.972499814999935, 1.613473073000023 ], [ -57.876108933999944, 1.665000153000051 ], [ -57.759445916999937, 1.717845035000039 ], [ -57.722499828999958, 1.717500036000047 ], [ -57.687499850999984, 1.707500090000053 ], [ -57.653617850999979, 1.69666413300007 ], [ -57.633335824999961, 1.692782138000041 ], [ -57.55930886699997, 1.699717996000061 ], [ -57.528063981999935, 1.715836060000072 ], [ -57.512364006999974, 1.730835979000062 ], [ -57.450908897999966, 1.811109131000023 ], [ -57.428054968999959, 1.871244927000021 ], [ -57.425490944999979, 1.901391113000045 ], [ -57.331946054999946, 1.972218027000054 ], [ -57.298190956999974, 1.981945058000065 ], [ -57.276672935999954, 1.979509110000038 ], [ -57.23534596199994, 1.949791072000039 ], [ -57.199172852999936, 1.971109101000025 ], [ -57.163063948999934, 1.996664183000064 ], [ -57.10020889499998, 2.022782194000058 ], [ -57.074235891999933, 2.015764194000042 ], [ -57.060835742999984, 1.984164083000053 ], [ -57.050835796999934, 1.952218136000056 ], [ -57.003890936999937, 1.922918020000054 ], [ -56.87389097099998, 1.891664082000034 ], [ -56.77069096699995, 1.875626986000043 ], [ -56.75209085299997, 1.896945016000075 ], [ -56.735008869999945, 1.914100090000034 ], [ -56.628199953999967, 1.93944495300002 ], [ -56.594999905999941, 1.932218076000026 ], [ -56.577917921999983, 1.921664087000067 ], [ -56.525555, 1.922500098000057 ], [ -56.470635763999951, 1.944500079000022 ], [ -56.426390881999964, 1.934164187000022 ], [ -56.326955022999982, 1.925282052000057 ], [ -56.201664010999934, 1.891664082000034 ], [ -56.113335849999942, 1.863609014000076 ], [ -56.068064016999983, 1.845554059000051 ], [ -56.027499964999947, 1.836244950000037 ], [ -55.995972943999959, 1.83763601000004 ], [ -55.965835810999977, 1.84528215000006 ], [ -55.942645934999973, 1.856109054000058 ], [ -55.901735876999965, 1.90104494000002 ], [ -55.903963954999938, 2.047782058000053 ], [ -56.036390816999983, 2.208891122000068 ], [ -56.115835836999963, 2.249164156000063 ], [ -56.084445943999981, 2.357500087000062 ], [ -56.000417867999943, 2.450836099000071 ], [ -55.982499872999938, 2.522082109000053 ], [ -55.962781948999975, 2.533054020000066 ], [ -55.941808917999936, 2.530554034000033 ], [ -55.917508942999973, 2.52069104800006 ], [ -55.886390958999982, 2.497082077000073 ], [ -55.86409995799994, 2.471454072000029 ], [ -55.71368184399995, 2.400135978000037 ], [ -55.50333580399996, 2.438891049000063 ], [ -55.111946018999959, 2.527218036000022 ], [ -55.091945959999975, 2.53471799600004 ], [ -54.96944595399998, 2.550553925000031 ], [ -54.869164024999975, 2.44194507900005 ], [ -54.847499822999964, 2.436109095000063 ], [ -54.80375500599996, 2.438054032000025 ], [ -54.775381927999945, 2.456845086000044 ], [ -54.75312680199994, 2.470627114000024 ], [ -54.689863883999976, 2.451600026000051 ], [ -54.690208882999968, 2.399509012000067 ], [ -54.709099848999983, 2.387918013000046 ], [ -54.687499851999974, 2.325553971000033 ], [ -54.634726886999943, 2.320073213000057 ], [ -54.603781905999938, 2.329191047000052 ], [ -54.593617842999947, 2.329718101000026 ], [ -54.573890865999942, 2.325282063000031 ], [ -54.541326836999986, 2.315209027000037 ], [ -54.527226798999948, 2.289309113000058 ], [ -54.518617913999947, 2.257500126000025 ], [ -54.464654885999948, 2.21173594000004 ], [ -54.320554881999954, 2.161526999000046 ], [ -54.109654965999937, 2.11347321300002 ], [ -53.932635875999949, 2.228053997000075 ], [ -53.928063882999936, 2.252782120000063 ], [ -53.91028184299995, 2.277218050000045 ], [ -53.799445925999976, 2.352364159000047 ], [ -53.776808919999951, 2.364582124000037 ], [ -53.746108857999957, 2.370973158000027 ], [ -53.7215358, 2.341736074000039 ], [ -53.701663983999936, 2.310282144000041 ], [ -53.527781904999983, 2.24950898700007 ], [ -53.458617792999974, 2.257500126000025 ], [ -53.348335750999979, 2.322709154000052 ], [ -53.340563882999959, 2.349653955000065 ], [ -53.319863934999944, 2.347982100000024 ], [ -53.296535756999958, 2.319009046000076 ], [ -53.226108826999962, 2.264445036000041 ], [ -53.239172860999986, 2.208336073000055 ], [ -53.196108821999985, 2.21360912800003 ], [ -53.111808835999966, 2.222500148000051 ], [ -53.087364021999974, 2.219444944000031 ], [ -53.069590865999942, 2.203053965000038 ], [ -53.054863861999934, 2.186944953000022 ], [ -52.994308802999967, 2.175691074000042 ], [ -52.954726773999937, 2.17618208600004 ], [ -52.896463996999955, 2.206809058000033 ], [ -52.882781880999971, 2.224718 ], [ -52.789454920999958, 2.303336061000039 ], [ -52.675626830999931, 2.374164149000023 ], [ -52.594454971999937, 2.473891027000036 ], [ -52.563754910999933, 2.522082109000053 ], [ -52.542226829999947, 2.565554012000064 ], [ -52.539863971999978, 2.586391088000028 ], [ -52.55278199299994, 2.621245053000052 ], [ -52.519726784999932, 2.697782055000062 ], [ -52.46417287099996, 2.813335978000055 ], [ -52.408617784999933, 2.922218074000057 ], [ -52.379172996999955, 2.974164081000026 ], [ -52.351954945999978, 3.040000075000023 ], [ -52.344864022999957, 3.088473124000075 ], [ -52.35305498699995, 3.131664066000042 ], [ -52.344935771999985, 3.15740002900003 ], [ -52.273608792999937, 3.24104505300005 ], [ -52.249654990999943, 3.24374503100006 ], [ -52.226745907999941, 3.253053973000021 ], [ -52.16528191499998, 3.342217977000075 ], [ -52.100281931999973, 3.448891106000076 ], [ -51.995835873999965, 3.625836100000072 ], [ -51.990008942999964, 3.657500081000023 ], [ -51.981046005999985, 3.700000018000026 ], [ -51.927081971999939, 3.776945051000041 ], [ -51.906390908999981, 3.790836044000059 ], [ -51.812326843999983, 3.876818110000045 ], [ -51.793890847999933, 3.916664169000057 ], [ -51.783617819999961, 3.961109043000022 ], [ -51.771808891999967, 3.983473134000064 ], [ -51.753890896999962, 4.000553944000046 ], [ -51.728335815999969, 4.015835998000057 ], [ -51.704172967999966, 4.026109026000029 ], [ -51.684063943999945, 4.034164203000046 ], [ -51.673335777999966, 4.036154066000051 ], [ -51.636945912999977, 4.057082170000058 ], [ -51.614172952999979, 4.096391117000053 ], [ -51.60667299399995, 4.116109041000072 ], [ -51.540281949999951, 4.153609005000021 ], [ -51.504445960999931, 4.059718111000052 ], [ -51.447781947999943, 3.972500049000075 ], [ -51.459446036999964, 4.021109053000032 ], [ -51.479999804999977, 4.055273188000058 ], [ -51.50306395299998, 4.114164104000054 ], [ -51.510281944999974, 4.134444957000028 ], [ -51.54861792, 4.260282135000068 ], [ -51.554726818999939, 4.281391120000023 ], [ -51.558890947999942, 4.304718124000033 ], [ -51.560008926999956, 4.330835967000041 ], [ -51.559445997999944, 4.364164090000031 ], [ -51.548126907999972, 4.385691164000036 ], [ -51.332090896999944, 4.230273077000049 ], [ -51.259308819999944, 4.152500080000038 ], [ -51.201117791999934, 4.073891071000048 ], [ -51.191390928999965, 4.055835949000027 ], [ -51.167499822999957, 3.99721811400002 ], [ -51.165554885999939, 3.895282101000021 ], [ -51.137508869999976, 3.875553951000029 ], [ -51.117081836999944, 3.906527095000058 ], [ -51.092990905999955, 3.912845039000047 ], [ -51.079445917999976, 3.886809003000053 ], [ -51.07167287599998, 3.733336020000024 ], [ -51.078754913999944, 3.636527050000041 ], [ -51.077226892999931, 3.585554014000024 ], [ -51.06611785399997, 3.378891150000072 ], [ -51.061390962999951, 3.33055405600004 ], [ -51.055281896999986, 3.281945052000026 ], [ -51.051117766999937, 3.258608995000031 ], [ -51.023608863999982, 3.130000090000067 ], [ -51.018055014999959, 3.108053921000021 ], [ -50.992226850999941, 3.042500062000045 ], [ -50.914172891999954, 2.873891038000068 ], [ -50.850281834999976, 2.740554069000041 ], [ -50.826117812999939, 2.657782104000034 ], [ -50.816672916999948, 2.619444955000063 ], [ -50.783335740999973, 2.487218085000052 ], [ -50.679726867999932, 2.164717990000042 ], [ -50.593335764999949, 2.027782166000065 ], [ -50.501399865999986, 1.886109059000034 ], [ -50.485554883999953, 1.863336099000037 ], [ -50.466946052999958, 1.842500029000064 ], [ -50.445281850999947, 1.825835967000046 ], [ -50.402499945999978, 1.819718016000024 ], [ -50.328054898999937, 1.830000096000049 ], [ -50.193199799999945, 1.825000123000052 ], [ -50.048617836999938, 1.780000032000032 ], [ -50.015008919999957, 1.764717979000068 ], [ -49.932081889999949, 1.709926986000028 ], [ -49.888890948999972, 1.58055398700003 ], [ -49.885564003999946, 1.559445002000075 ], [ -49.882508799999982, 1.538891066000076 ], [ -49.881390821999958, 1.517500114000029 ], [ -49.878617920999943, 1.44555404800002 ], [ -49.892990872999974, 1.324236057000064 ], [ -49.975417837999942, 1.262364201000025 ], [ -50.022508878999986, 1.254444979000027 ], [ -50.043617863999941, 1.248891130000061 ], [ -50.086108916999933, 1.234718002000022 ], [ -50.110554904999958, 1.213400140000033 ], [ -50.070417825999982, 1.209582183000066 ], [ -49.9955639099999, 1.223053913000058 ], [ -49.966672998999968, 1.231245044000048 ], [ -49.929172866999977, 1.250000055000044 ], [ -49.911255039999958, 1.235282104000021 ], [ -49.903472945999965, 1.197082083000055 ], [ -49.903199862999941, 1.17444507700003 ], [ -49.914726823999956, 1.150282062000031 ], [ -49.940972909999971, 1.118473074000065 ], [ -49.980972860999941, 1.086664087000031 ], [ -50.236945958999968, 0.888609102000032 ], [ -50.312226848999956, 0.753053946000023 ], [ -50.351954890999934, 0.722218098000042 ], [ -50.396526833999985, 0.690553950000037 ], [ -50.420008903999985, 0.679717993000054 ], [ -50.450008908999962, 0.661809051000034 ], [ -50.471946025999955, 0.622218137000061 ], [ -50.48861779899994, 0.583609079000041 ], [ -50.507508931999951, 0.547500008000043 ], [ -50.564446026999974, 0.439718120000066 ], [ -50.574172890999932, 0.421944965000023 ], [ -50.596672935999948, 0.389718056000049 ], [ -50.640008884999986, 0.336391047000063 ], [ -50.760417773999961, 0.195973213000059 ], [ -50.782781864999947, 0.176944952000042 ], [ -50.805008827999984, 0.166391130000022 ], [ -50.82459096599996, 0.172918118000041 ], [ -50.865281920999962, 0.172500029000048 ], [ -50.911945987999957, 0.160835940000027 ], [ -50.93791781799996, 0.152636092000023 ], [ -50.958055004999949, 0.138744931000076 ], [ -50.985008858999947, 0.109864078000044 ], [ -51.005835875999935, 0.082782149000025 ], [ -51.040699899999936, 0.034864149000043 ], [ -51.060564004999947, 0.000000126000032 ], [ -51.068063963999975, -0.025135860999967 ], [ -51.086672961999966, -0.050281905999952 ], [ -51.091217797999946, -0.053608850999979 ], [ -51.103054888999964, -0.062499870999943 ], [ -51.138617795999949, -0.082499929999926 ], [ -51.164445959999966, -0.094026890999942 ], [ -51.187781848999975, -0.097781983999937 ], [ -51.210699815999931, -0.102917910999963 ], [ -51.225090873999932, -0.116426856999965 ], [ -51.253473003999943, -0.137635921999959 ], [ -51.297499955999967, -0.191390910999928 ], [ -51.319172875999982, -0.224999995999951 ], [ -51.349726756999985, -0.276390952999975 ], [ -51.357508850999977, -0.296108876999938 ], [ -51.36444604899998, -0.326735848999931 ], [ -51.381390904999932, -0.368054942999947 ], [ -51.401117881999937, -0.403054920999978 ], [ -51.453063888999964, -0.488472884999965 ], [ -51.470146039999975, -0.505555035999976 ], [ -51.507090953999978, -0.530281985999977 ], [ -51.605008849999933, -0.635135906999949 ], [ -51.700008837999974, -0.752499985999975 ], [ -51.713754991999963, -0.786808959999973 ], [ -51.721117822999986, -0.869717884999943 ], [ -51.723063933999981, -0.907499983999969 ], [ -51.720417766999958, -0.952635861999966 ], [ -51.714445995999938, -0.980835936999938 ], [ -51.712299893999955, -1.023817833999942 ], [ -51.837090841999952, -1.140282031999959 ], [ -51.876672870999982, -1.149164 ], [ -51.901390935999984, -1.150555059999931 ], [ -51.919654934999983, -1.166735820999975 ], [ -51.935417774999962, -1.198335931999964 ], [ -51.92249992099994, -1.245835841999963 ], [ -51.916808943999968, -1.300973006999925 ], [ -51.927508945999932, -1.334864058999926 ], [ -52.010281916999986, -1.406526816999929 ], [ -52.045699815999967, -1.41819090599995 ], [ -52.075563866999971, -1.419581965999953 ], [ -52.099590927999941, -1.41721793399995 ], [ -52.131672996999953, -1.405555018999962 ], [ -52.164454955999986, -1.374717829999952 ], [ -52.185417927999936, -1.354446028999973 ], [ -52.227645956999936, -1.344926868999949 ], [ -52.443890844999942, -1.446946030999925 ], [ -52.467708860999949, -1.48201792499998 ], [ -52.570354988999952, -1.528472946999955 ], [ -52.610554931999957, -1.527364020999926 ], [ -52.637508785999955, -1.534999934999973 ], [ -52.709726760999956, -1.565554989999953 ], [ -52.706955032999986, -1.603054953999958 ], [ -52.522226770999964, -1.573335910999958 ], [ -52.293335769999942, -1.534999934999973 ], [ -52.273335878999944, -1.540973046999966 ], [ -52.237226806999956, -1.577635826999938 ], [ -52.228617921999955, -1.607217909999974 ], [ -52.22839982499994, -1.649972992999949 ], [ -52.238926824999965, -1.668017888999941 ], [ -52.268246051999938, -1.681926818999955 ], [ -52.24907295099996, -1.704863896999939 ], [ -52.208472855999958, -1.692081997999935 ], [ -52.194935746999931, -1.666508978999957 ], [ -52.17801788099996, -1.644708821999927 ], [ -52.153208788999962, -1.627408908999939 ], [ -52.128008931999943, -1.619517849999966 ], [ -52.087790883999958, -1.626663925999935 ], [ -52.053572937999945, -1.609364012999947 ], [ -52.015417843999955, -1.616808818999971 ], [ -51.946672993999982, -1.589864017999957 ], [ -51.873754962999953, -1.553055057999927 ], [ -51.849445934999949, -1.52944608599995 ], [ -51.819454981999968, -1.504717962999962 ], [ -51.663335832999962, -1.402364028999955 ], [ -51.63556390499997, -1.393890929999941 ], [ -51.605972936999933, -1.389026911999963 ], [ -51.567508885999985, -1.379446060999953 ], [ -51.488890824999942, -1.347781912999949 ], [ -51.44945497599997, -1.327081964999934 ], [ -51.246808887999975, -1.208263960999943 ], [ -51.212226831999942, -1.143817853999963 ], [ -51.169172850999985, -1.110554941999965 ], [ -51.114726856999937, -1.082217905999926 ], [ -51.060699958999976, -1.060972966999941 ], [ -51.035281837999946, -1.045135863999974 ], [ -50.992781899999954, -0.998608924999928 ], [ -50.998199962999934, -0.979308921999973 ], [ -51.008472990999962, -0.955417815999965 ], [ -50.995345924999981, -0.92875498199993 ], [ -50.922781943999951, -0.910835813999938 ], [ -50.85291777499998, -0.914999942999941 ], [ -50.826463985999965, -0.92875498199993 ], [ -50.802226874999974, -1.17389094899994 ], [ -50.804581853999935, -1.211526867999964 ], [ -50.815281856999945, -1.250972942999965 ], [ -50.825981858999967, -1.279026837999936 ], [ -50.835490960999948, -1.340135772999929 ], [ -50.81459085299997, -1.444581998999979 ], [ -50.762508890999982, -1.548054916999945 ], [ -50.74056389499998, -1.567217959999937 ], [ -50.704445938999982, -1.599446041999954 ], [ -50.687781876999964, -1.617217855999968 ], [ -50.67875490299997, -1.635417817999951 ], [ -50.659654891999935, -1.741454927999939 ], [ -50.667226767999978, -1.771663977999935 ], [ -50.784863929999972, -1.890072944999929 ], [ -50.814726806999943, -1.898335824999947 ], [ -50.870281893999959, -1.864864035999972 ], [ -50.986945915999968, -1.831390905999967 ], [ -51.067990873999975, -1.811663928999963 ], [ -51.12770891699995, -1.820554948999927 ], [ -51.263890870999944, -1.753608855999971 ], [ -51.280835893999949, -1.709581902999957 ], [ -51.280417804999956, -1.681599924999944 ], [ -51.303890821999971, -1.660835771999928 ], [ -51.336599857999943, -1.647426905999964 ], [ -51.419173003999958, -1.781391008999947 ], [ -51.482781925999973, -1.893608934999975 ], [ -51.496672918999934, -1.934717810999928 ], [ -51.506955, -1.972499910999943 ], [ -51.517781903999946, -2.024446084999965 ], [ -51.521946033999939, -2.046390913999971 ], [ -51.478199874999973, -2.238126948999934 ], [ -51.447226898999986, -2.279163908999976 ], [ -51.388417789999949, -2.31923577699996 ], [ -51.409445972999947, -2.289445989999933 ], [ -51.43083575199995, -2.27305501 ], [ -51.453063888999964, -2.245972913999935 ], [ -51.480835815999967, -2.072363916999961 ], [ -51.472917766999956, -2.039164036999978 ], [ -51.374454879999973, -1.86833582 ], [ -51.308226780999973, -1.766908923999949 ], [ -51.18833589299993, -1.824445995999952 ], [ -51.160281830999963, -1.842781911999964 ], [ -51.153335746999971, -1.871663938999973 ], [ -51.089999906999935, -1.927217851999956 ], [ -51.003890939999962, -2.011526889999971 ], [ -50.991117924999969, -2.029582012999924 ], [ -50.994999919999941, -2.110835846999976 ], [ -51.007499851999967, -2.159717932999968 ], [ -51.021390844999985, -2.180281926999953 ], [ -51.054590892999954, -2.194999877999976 ], [ -51.029163885999935, -2.344999902999973 ], [ -51.015008863999981, -2.385281988999964 ], [ -50.996108844999981, -2.417781979999972 ], [ -50.96417295599997, -2.444164020999949 ], [ -50.924445919999982, -2.466108848999966 ], [ -50.876946009999983, -2.475763962999963 ], [ -50.860555029999944, -2.502499886999942 ], [ -50.843817877999982, -2.507499859999939 ], [ -50.865835796999932, -2.466455021999934 ], [ -50.890145998999969, -2.459863995999967 ], [ -50.915417771999955, -2.451108929999975 ], [ -50.992017805999978, -2.383754973999942 ], [ -51.006254971999965, -2.339863975999947 ], [ -51.006672892999973, -2.30583579599994 ], [ -50.99972681, -2.200555067999971 ], [ -50.98430880199993, -2.069164041999954 ], [ -50.931663911999976, -1.992572891999941 ], [ -50.839999921999947, -2.039446003999956 ], [ -50.787081948999969, -2.117017835999945 ], [ -50.793063945999961, -2.168055076999963 ], [ -50.716455026999938, -2.223263990999953 ], [ -50.700146022999945, -2.204717856999935 ], [ -50.730281981999951, -2.171945955999945 ], [ -50.763890898999932, -2.123608861999969 ], [ -50.803754895999987, -2.038890953999953 ], [ -50.823063950999938, -1.988055046999932 ], [ -50.822917769999947, -1.959999977999928 ], [ -50.805835786999978, -1.939446042999975 ], [ -50.677954933999956, -1.810446037999952 ], [ -50.574172890999932, -1.816390986999977 ], [ -50.450699912999937, -1.85749986299993 ], [ -50.428826833999949, -1.893890901999953 ], [ -50.458890875999941, -1.913608825999972 ], [ -50.467708805999962, -1.932017832999975 ], [ -50.447090832999947, -1.950135818999968 ], [ -50.416390938999939, -1.952217883999936 ], [ -50.370563888999982, -1.948054927999976 ], [ -50.350281862999964, -1.941108844999974 ], [ -50.321399835999955, -1.914999886999965 ], [ -50.303335828999934, -1.904163929999925 ], [ -50.265008905999935, -1.883054944999969 ], [ -50.002845939999986, -1.820973037999977 ], [ -49.953335881999976, -1.834163973999978 ], [ -49.872781936999957, -1.882499895999956 ], [ -49.841663952999966, -1.902781921999974 ], [ -49.638335745999939, -1.875490947999936 ], [ -49.570008817999963, -1.849164060999954 ], [ -49.531108907999965, -1.816390986999977 ], [ -49.520281835999981, -1.799445963999972 ], [ -49.504445905999944, -1.784308916999976 ], [ -49.474163933999932, -1.762499875999936 ], [ -49.441945909999959, -1.746255076999944 ], [ -49.330281859999957, -1.713055028999975 ], [ -49.280908929999953, -1.717708828999946 ], [ -49.276945965999971, -1.76639092299996 ], [ -49.28569985799993, -1.789863939999975 ], [ -49.367499856999984, -1.929445929999929 ], [ -49.407781942999975, -2.025281928999959 ], [ -49.423199950999958, -2.12166392499995 ], [ -49.452635853999936, -2.190835915999969 ], [ -49.476254882999967, -2.211526811999931 ], [ -49.50583579299996, -2.257499873999961 ], [ -49.506390842999963, -2.31444602199997 ], [ -49.490981886999975, -2.348473027999944 ], [ -49.474726861999955, -2.385555070999942 ], [ -49.469454980999956, -2.406108838999955 ], [ -49.469454980999956, -2.429999944999963 ], [ -49.474726861999955, -2.480835852999974 ], [ -49.490008915999965, -2.564999883999974 ], [ -49.451663887999985, -2.518335816999979 ], [ -49.433754945999965, -2.488190972999973 ], [ -49.436117804999981, -2.452364035999949 ], [ -49.433126805999962, -2.397845958999937 ], [ -49.415699823999944, -2.350282010999933 ], [ -49.368617834999952, -2.267217852999977 ], [ -49.33444598899996, -2.204717856999935 ], [ -49.311390893999942, -2.145835824999949 ], [ -49.300835898999935, -2.101390950999928 ], [ -49.262226840999972, -1.998891002999926 ], [ -49.190563914999984, -1.898055031999945 ], [ -49.173481931999959, -1.880835919999924 ], [ -49.124572855999986, -1.87758189799996 ], [ -49.087363911999944, -1.855135831999974 ], [ -49.05013585599994, -1.858890923999979 ], [ -49.002508875999979, -1.853190894999955 ], [ -48.970490843999983, -1.840555007999967 ], [ -48.91445497199993, -1.753335772999947 ], [ -48.817781955999976, -1.644445965999978 ], [ -48.773899842999981, -1.571946022999953 ], [ -48.730699848999961, -1.49860889699994 ], [ -48.697226885999953, -1.469163940999977 ], [ -48.67219081199994, -1.484946058999981 ], [ -48.646617792999962, -1.500799925999956 ], [ -48.623790852999946, -1.490546008999956 ], [ -48.606845996999937, -1.471164030999944 ], [ -48.548890835999941, -1.549717886999929 ], [ -48.539863861999947, -1.581945968999946 ], [ -48.503199908999932, -1.621946087999959 ], [ -48.427226840999936, -1.660281894999969 ], [ -48.424445892999984, -1.640417957999944 ], [ -48.430554958999949, -1.612499849999949 ], [ -48.438054918999967, -1.591108897999959 ], [ -48.453199843999982, -1.564446063999981 ], [ -48.413608929999953, -1.499446080999974 ], [ -48.346945977999951, -1.497217835999948 ], [ -48.188963865999938, -1.466254917999947 ], [ -48.214308897999956, -1.450690896999959 ], [ -48.254999852999958, -1.445835930999976 ], [ -48.298890850999953, -1.447363951999932 ], [ -48.33249993499993, -1.449999892999926 ], [ -48.391808940999965, -1.456526880999945 ], [ -48.427917844999968, -1.465135933999932 ], [ -48.448335825999948, -1.474717957999928 ], [ -48.479999805999967, -1.475281891999941 ], [ -48.499726782999971, -1.461454936999928 ], [ -48.498890939999967, -1.408891016999974 ], [ -48.481181989999982, -1.30486405399995 ], [ -48.448335825999948, -1.286391009999932 ], [ -48.42569982599997, -1.296526909999955 ], [ -48.405417798999963, -1.310555030999978 ], [ -48.339799902999971, -1.317499940999937 ], [ -48.279163873999948, -1.157499969999947 ], [ -48.27111791699997, -1.117781985999954 ], [ -48.309446013999946, -1.04110886199993 ], [ -48.31486390799995, -1.028335847999927 ], [ -48.317781983999964, -1.00749994499995 ], [ -48.312781842999982, -0.984717931999967 ], [ -48.292226901999982, -0.944999947999975 ], [ -48.238063881999949, -0.867782 ], [ -48.056390823999948, -0.708054943999969 ], [ -48.033199941999953, -0.702708966999978 ], [ -47.996117898999955, -0.737499899999932 ], [ -47.989099898999939, -0.757499958999972 ], [ -47.961808924999957, -0.776254969999968 ], [ -47.892081883999936, -0.728817923999941 ], [ -47.848063983999964, -0.690835832999937 ], [ -47.773963936999962, -0.641735817999972 ], [ -47.744590897999956, -0.637363983999933 ], [ -47.719035815999973, -0.666526804999933 ], [ -47.712499943999944, -0.702990933999956 ], [ -47.732954971999959, -0.746454957999958 ], [ -47.664454873999944, -0.73610883899994 ], [ -47.640008885999976, -0.719717859999946 ], [ -47.612363860999949, -0.698472919999972 ], [ -47.598617874999945, -0.677782024999942 ], [ -47.589381855999932, -0.648399932999951 ], [ -47.548754937999945, -0.63597292399993 ], [ -47.530835769999953, -0.645690901999956 ], [ -47.483608942999979, -0.73555496299997 ], [ -47.398063908999973, -0.812781962999964 ], [ -47.384999874999949, -0.77652687899996 ], [ -47.392226751999942, -0.751945941999963 ], [ -47.432226869999965, -0.723055030999944 ], [ -47.453335854999978, -0.718335851999939 ], [ -47.462499957999967, -0.699717967999959 ], [ -47.470554966999941, -0.622363897999946 ], [ -47.459590933999948, -0.594999833999964 ], [ -47.431399911999961, -0.582499901999938 ], [ -47.285564015999967, -0.599163963999956 ], [ -47.209799824999948, -0.641390985999976 ], [ -47.170281833999979, -0.707217927999977 ], [ -47.06556386799997, -0.75333582899998 ], [ -46.959726748999969, -0.702781888999937 ], [ -46.926045914999975, -0.840555063999943 ], [ -46.957781979999936, -0.860281873999952 ], [ -46.959999831999937, -0.898473009999975 ], [ -46.901117799999952, -0.864999878999924 ], [ -46.866955006999945, -0.778608943999927 ], [ -46.826672920999954, -0.713190871999927 ], [ -46.802508899999964, -0.727917875999935 ], [ -46.803063948999977, -0.76139100599994 ], [ -46.816945889999943, -0.813608921999958 ], [ -46.790835757999957, -0.842217865999942 ], [ -46.745563925999932, -0.829999900999951 ], [ -46.630135730999939, -0.825626894999971 ], [ -46.601108864999958, -0.867782 ], [ -46.571399879999944, -0.975972924999951 ], [ -46.609999884999979, -1.037499949999926 ], [ -46.598063886999967, -1.022635817999969 ], [ -46.555772994999984, -1.005072880999933 ], [ -46.539308924999943, -1.028754942999967 ], [ -46.448335770999961, -1.043054971999936 ], [ -46.418063856999936, -1.037499949999926 ], [ -46.261672965999935, -0.98889094599997 ], [ -46.19194592499997, -0.957499880999933 ], [ -46.211672901999975, -1.059445951999976 ], [ -46.246672879999949, -1.143054932999974 ], [ -46.259445893999953, -1.177781995999965 ], [ -46.164999949999981, -1.146390930999928 ], [ -46.127499817999933, -1.106108844999937 ], [ -46.091117831999952, -1.178890921999937 ], [ -46.087099882999951, -1.210272934999978 ], [ -46.046672957999931, -1.210281987999963 ], [ -46.031117821999942, -1.194717966999974 ], [ -46.035145996999972, -1.159864001999949 ], [ -46.013063872999965, -1.111526906999927 ], [ -45.975699862999932, -1.077499900999953 ], [ -45.890008816999966, -1.140690900999971 ], [ -45.876672873999951, -1.171390962999965 ], [ -45.861117904999958, -1.236108978999937 ], [ -45.861526774999959, -1.259517957999947 ], [ -45.784999830999936, -1.267499876999977 ], [ -45.735554983999975, -1.179999847999966 ], [ -45.719726765999951, -1.218890872999964 ], [ -45.696181831999979, -1.368682020999927 ], [ -45.632917908999957, -1.371454921999941 ], [ -45.614308909999977, -1.340135772999929 ], [ -45.61667294199998, -1.308890887999951 ], [ -45.609999940999955, -1.279517848999944 ], [ -45.555554953999945, -1.276945945999955 ], [ -45.446945939999978, -1.31083582499997 ], [ -45.414999824999938, -1.355554954999945 ], [ -45.506454937999933, -1.46486402499994 ], [ -45.463272881999956, -1.510072992999937 ], [ -45.462226819999955, -1.54555493099997 ], [ -45.454035856999951, -1.543755000999965 ], [ -45.38472690499998, -1.413890988999981 ], [ -45.356108907999953, -1.336735905999944 ], [ -45.353335838999953, -1.31458186499998 ], [ -45.324726894999969, -1.314717819999942 ], [ -45.310417812999958, -1.337635786999954 ], [ -45.299163933999978, -1.380554986999925 ], [ -45.299308940999936, -1.418054950999931 ], [ -45.317217882999955, -1.440835790999927 ], [ -45.355281949999949, -1.47721794399996 ], [ -45.372508939999932, -1.54083591899996 ], [ -45.367090877999942, -1.71555501499995 ], [ -45.350699898999949, -1.736808838999934 ], [ -45.320835847999945, -1.744446093999954 ], [ -45.283826895999937, -1.735490868999932 ], [ -45.222290817999976, -1.675835857999971 ], [ -45.240145947999963, -1.643190859999947 ], [ -45.252226784999948, -1.611254969999948 ], [ -45.243545982999933, -1.572708943999942 ], [ -45.198617808999984, -1.51999984899993 ], [ -45.158754985999963, -1.480417819999957 ], [ -45.091672937999931, -1.464026840999963 ], [ -45.004717900999935, -1.489164000999949 ], [ -44.954999803999954, -1.502217808999944 ], [ -44.858890889999941, -1.4306268 ], [ -44.848199939999972, -1.467081876999941 ], [ -44.855835853999963, -1.489717876999975 ], [ -44.879008798999962, -1.502973017999977 ], [ -44.915281987999947, -1.546108974999925 ], [ -44.951390891999949, -1.601664060999951 ], [ -44.934717776999946, -1.619163965999974 ], [ -44.913608791999934, -1.639164025999946 ], [ -44.90722681099993, -1.615281971999934 ], [ -44.827217856999937, -1.576317856999935 ], [ -44.798063921999983, -1.607782011999973 ], [ -44.790281826999944, -1.626946060999956 ], [ -44.799172846999966, -1.704999851999958 ], [ -44.719726821999984, -1.793608973999937 ], [ -44.695008924999968, -1.817781879999927 ] ] ], [ [ [ -48.876672871999972, -1.487781991999952 ], [ -48.901390936999974, -1.500835800999937 ], [ -48.95278189499993, -1.524717854999949 ], [ -49.166390841999942, -1.613890910999942 ], [ -49.38347291499997, -1.647217860999945 ], [ -49.51319979799996, -1.627082014999928 ], [ -49.554863891999958, -1.70013583399998 ], [ -49.672499879999975, -1.776663950999932 ], [ -49.718781899999954, -1.737608975999933 ], [ -49.75757284499997, -1.638754988999949 ], [ -49.772363885999937, -1.656946065999932 ], [ -49.767781834999937, -1.682499973999938 ], [ -49.757781888999943, -1.703608958999951 ], [ -49.745281956999975, -1.736254962999965 ], [ -49.754699863999974, -1.765664043999948 ], [ -49.767199795999943, -1.788208848999943 ], [ -49.812990970999977, -1.814446049999958 ], [ -49.88472681899998, -1.787781874999951 ], [ -49.917499892999956, -1.767217880999965 ], [ -49.94917292599996, -1.749446066999951 ], [ -50.054308813999967, -1.708472976999929 ], [ -50.090281930999936, -1.730135838999956 ], [ -50.105835893999938, -1.754717948999939 ], [ -50.303335828999934, -1.817781879999927 ], [ -50.374590890999968, -1.835690989999932 ], [ -50.43860885, -1.830835855999965 ], [ -50.579517862999978, -1.79868186899995 ], [ -50.63125499299997, -1.759308884999939 ], [ -50.640835842999934, -1.736254962999965 ], [ -50.646663947999969, -1.639863914999978 ], [ -50.661390951999977, -1.613472988999945 ], [ -50.706390875999944, -1.576108979999958 ], [ -50.732781968999973, -1.547635821999961 ], [ -50.774172979999946, -1.479446021999934 ], [ -50.800835813999981, -1.444581998999979 ], [ -50.814308884999946, -1.32951791399995 ], [ -50.781108836999977, -1.151945952999938 ], [ -50.741508870999951, -1.127554949999933 ], [ -50.708999826999957, -1.140217826999958 ], [ -50.670008889999963, -1.143890943999963 ], [ -50.628890960999968, -1.150555059999931 ], [ -50.569454884999971, -1.101946056999964 ], [ -50.564308898999968, -1.065899849999937 ], [ -50.647364004999986, -1.093890879999947 ], [ -50.725699930999951, -1.085290879999945 ], [ -50.743617924999967, -1.073664006999934 ], [ -50.785690888999966, -1.039582014999951 ], [ -50.796954992999986, -0.97194609099995 ], [ -50.797226901999977, -0.926254994999965 ], [ -50.783335740999973, -0.663608896999961 ], [ -50.77499993899994, -0.644164054999976 ], [ -50.728126826999983, -0.595208878999927 ], [ -50.71983578399994, -0.616664035999975 ], [ -50.705499879999934, -0.643835819999936 ], [ -50.682499936999932, -0.648335895999935 ], [ -50.592917843999942, -0.682363907999957 ], [ -50.557426853999971, -0.678608982999947 ], [ -50.586945904999936, -0.651808853999967 ], [ -50.608054889999949, -0.645281865999948 ], [ -50.644726889999959, -0.640835935999974 ], [ -50.66861782899997, -0.637363983999933 ], [ -50.689945916999932, -0.601446020999958 ], [ -50.714446051999971, -0.532281907999959 ], [ -50.726390934999984, -0.497781994999968 ], [ -50.703608921999944, -0.38944606299998 ], [ -50.692508934999978, -0.359163922999926 ], [ -50.659863936999955, -0.283890911999947 ], [ -50.646663947999969, -0.262499959999957 ], [ -50.585555011999986, -0.20028193099995 ], [ -50.561117908999961, -0.17694604199994 ], [ -50.521945921999986, -0.153054934999943 ], [ -50.499454928999967, -0.139999953999961 ], [ -50.451808838999966, -0.118545968999967 ], [ -50.413754997999945, -0.108472932999973 ], [ -50.351954890999934, -0.100835845999939 ], [ -50.328899962999969, -0.100281969999969 ], [ -50.14167288799996, -0.126945977999981 ], [ -50.107508920999976, -0.13389088699995 ], [ -49.810835815999951, -0.201663938999957 ], [ -49.713335841999935, -0.227781948999962 ], [ -49.645563963999962, -0.24833588499996 ], [ -49.40848183199995, -0.218754974999968 ], [ -49.401526863999948, -0.199581873999932 ], [ -49.350563885999975, -0.169026819999942 ], [ -49.328335749999951, -0.159717877999924 ], [ -49.189999812999986, -0.135835823999969 ], [ -49.147508928999969, -0.137781933999975 ], [ -49.005008862999944, -0.154445995999936 ], [ -48.825281914999948, -0.207217955999965 ], [ -48.630563933999952, -0.224999995999951 ], [ -48.410281984999983, -0.26212679799994 ], [ -48.369590862999985, -0.292635919999952 ], [ -48.363754878999941, -0.313754962999951 ], [ -48.372645898999963, -0.372217898999963 ], [ -48.387572894999948, -0.395346084999971 ], [ -48.417708854999944, -0.420135898999945 ], [ -48.431946019999941, -0.44360891599996 ], [ -48.461399859999972, -0.516808914999956 ], [ -48.467090836999944, -0.538472948999924 ], [ -48.466108813999938, -0.58673578 ], [ -48.484172987999955, -0.687499835999972 ], [ -48.494446016999973, -0.734717945999932 ], [ -48.52444602199995, -0.85333579 ], [ -48.530008922999968, -0.875281959999938 ], [ -48.539172857999972, -0.900281991999975 ], [ -48.561672903999977, -0.920554965999941 ], [ -48.588890954999954, -0.932781982999927 ], [ -48.621746003999931, -0.944372981999948 ], [ -48.643890823999982, -0.98889094599997 ], [ -48.643054980999977, -1.009999930999925 ], [ -48.631390891999956, -1.031390883999961 ], [ -48.62924596299996, -1.065764062999961 ], [ -48.756108917999939, -1.23221793099998 ], [ -48.845146019999959, -1.458190856999977 ], [ -48.860835768999948, -1.478054960999941 ], [ -48.876672871999972, -1.487781991999952 ] ] ], [ [ [ -51.901390935999984, -1.476663900999938 ], [ -51.924863952999942, -1.471391012999959 ], [ -51.949381857999981, -1.443817903999957 ], [ -51.946945908999965, -1.418890961999978 ], [ -51.926117885999986, -1.389717915999938 ], [ -51.900554924999938, -1.349446055999977 ], [ -51.885972927999944, -1.322363958999972 ], [ -51.879035896999937, -1.298608974999979 ], [ -51.880835826999942, -1.273890909999977 ], [ -51.89103576499997, -1.234372918999952 ], [ -51.884864001999972, -1.183399882999936 ], [ -51.869172911999954, -1.169717934999937 ], [ -51.843335862999936, -1.165835772999969 ], [ -51.800972885999954, -1.163335785999948 ], [ -51.719863890999932, -1.138608836999936 ], [ -51.690563941999983, -1.119163994999951 ], [ -51.673890827999969, -1.100554995999971 ], [ -51.662226906999933, -1.08333588499994 ], [ -51.65236392099996, -1.051390942999944 ], [ -51.654308857999979, -1.029445946999942 ], [ -51.660699891999968, -1.008335787999954 ], [ -51.664454983999974, -0.985554948999948 ], [ -51.666945917999954, -0.948608860999968 ], [ -51.664999807999948, -0.900555073999953 ], [ -51.658335859999966, -0.873890898999946 ], [ -51.609726855999952, -0.733890987999928 ], [ -51.549590891999969, -0.656526858999939 ], [ -51.529164025999933, -0.637499938999952 ], [ -51.496108816999936, -0.613755012999945 ], [ -51.382299837999938, -0.542917872999965 ], [ -51.303890821999971, -0.534717856999976 ], [ -51.198335838999981, -0.530281985999977 ], [ -51.183890969999936, -0.559308851999958 ], [ -51.150145929999951, -0.660835827999961 ], [ -51.15209086699997, -0.682635816999948 ], [ -51.188608807999969, -0.754717837999976 ], [ -51.208063875999983, -0.790555 ], [ -51.222499859999971, -0.823891002999972 ], [ -51.243054968999957, -0.894446007999932 ], [ -51.261672851999947, -0.980417847999945 ], [ -51.276808892999952, -1.019999876999975 ], [ -51.347499852999931, -1.063190985999938 ], [ -51.365563859999952, -1.086945969999931 ], [ -51.381117821999965, -1.112635832999956 ], [ -51.400281870999947, -1.147217888999933 ], [ -51.433335737999982, -1.193891008999969 ], [ -51.450008851999939, -1.210835863999932 ], [ -51.466945996999982, -1.22749992599995 ], [ -51.483335802999932, -1.24028199299994 ], [ -51.557499887999938, -1.293054957999971 ], [ -51.675281888999962, -1.373890870999958 ], [ -51.737499917999969, -1.415835925999943 ], [ -51.800135868999973, -1.453473018999944 ], [ -51.882781936999947, -1.474717957999928 ], [ -51.901390935999984, -1.476663900999938 ] ] ], [ [ [ -50.076390937999975, 0.000000126000032 ], [ -50.078608789999976, 0.001391019000039 ], [ -50.102499895999983, 0.01028203900006 ], [ -50.127226845999985, 0.014164201000028 ], [ -50.142226763999986, 0.016391105000025 ], [ -50.158890825999947, 0.016944981000051 ], [ -50.194454905999976, 0.016944981000051 ], [ -50.210835826999983, 0.016944981000051 ], [ -50.238335845999984, 0.013609151000026 ], [ -50.265554902999952, 0.011664215000053 ], [ -50.277226870999982, 0.010836083000072 ], [ -50.299308826999948, 0.011244952000027 ], [ -50.334172850999948, 0.015973183000028 ], [ -50.349863940999967, 0.021809 ], [ -50.36167286899996, 0.030000131000065 ], [ -50.368335811999941, 0.03889115100003 ], [ -50.373890833999951, 0.054718028000025 ], [ -50.392499832999931, 0.10944498300006 ], [ -50.396663961999934, 0.173336040000038 ], [ -50.391945956999962, 0.189718134000032 ], [ -50.381255006999936, 0.198608987000057 ], [ -50.294863903999953, 0.216809116000036 ], [ -50.273055029999966, 0.210836004000043 ], [ -50.191672952999966, 0.213609073000043 ], [ -50.17389091299998, 0.214445084000033 ], [ -50.158335776999934, 0.220553983000059 ], [ -50.149999805999983, 0.226109005000069 ], [ -50.141108785999961, 0.232218072000023 ], [ -50.130008798999938, 0.243054028000074 ], [ -50.1047268, 0.262218077000057 ], [ -50.063608870999985, 0.289718095000069 ], [ -50.033335783999974, 0.297918111000058 ], [ -50.001945890999934, 0.299444959000027 ], [ -49.975008800999944, 0.299444959000027 ], [ -49.907226864999984, 0.306109075000052 ], [ -49.805835842999954, 0.31860900700002 ], [ -49.740835859999947, 0.330836024000064 ], [ -49.725008815999956, 0.336944923000033 ], [ -49.703890945999945, 0.335000154000056 ], [ -49.692217803999938, 0.330282148000038 ], [ -49.67583587799993, 0.320000067000024 ], [ -49.648899960999984, 0.295282170000064 ], [ -49.63222684699997, 0.276109070000075 ], [ -49.628335799999945, 0.26360913700006 ], [ -49.631108868999945, 0.243891045000055 ], [ -49.636117893999938, 0.227500066000061 ], [ -49.643617852999967, 0.210282128000074 ], [ -49.65999994799995, 0.200553924000076 ], [ -49.67499986699994, 0.196664218000024 ], [ -49.699717763999956, 0.185000129000059 ], [ -49.781954962999976, 0.138336062000064 ], [ -49.807499818999986, 0.120554022000022 ], [ -49.82361788299994, 0.106108985000049 ], [ -49.83194597499994, 0.097218133000069 ], [ -49.852499909999949, 0.069718114000068 ], [ -49.865563943999973, 0.050554066000075 ], [ -49.878617920999943, 0.031391024000072 ], [ -49.889454882999985, 0.013053934000027 ], [ -49.895017784999936, 0.000000126000032 ], [ -49.906254898999975, -0.024581984999941 ], [ -49.921254985999951, -0.039163981999934 ], [ -49.98472678, -0.072217848999969 ], [ -49.993055038999955, -0.073335827999927 ], [ -50.046390932999941, -0.017217811999956 ], [ -50.076390937999975, 0.000000126000032 ] ] ], [ [ [ -49.769826851999937, 0.000000126000032 ], [ -49.766945991999933, 0.003891173000056 ], [ -49.708617835999974, 0.047782171000051 ], [ -49.650981857999966, 0.077364086000046 ], [ -49.594445920999931, 0.081391088000032 ], [ -49.558617810999976, 0.078609134000033 ], [ -49.524172882999949, 0.075282189000063 ], [ -49.501673004999986, 0.070553958000062 ], [ -49.438335823999978, 0.049582101000055 ], [ -49.426390940999966, 0.042500063000034 ], [ -49.418617898999969, 0.035553980000032 ], [ -49.399172889999932, 0.007500085000061 ], [ -49.397808818999977, 0.000000126000032 ], [ -49.384446053999966, -0.02833590399996 ], [ -49.382226860999936, -0.043890871999963 ], [ -49.381108882999968, -0.068608936999965 ], [ -49.414172975999975, -0.105690979999963 ], [ -49.437226897999949, -0.118054957999959 ], [ -49.462781979999932, -0.124164023999924 ], [ -49.525554890999956, -0.134445936999953 ], [ -49.59083583499995, -0.136808962999964 ], [ -49.603890816999979, -0.134445936999953 ], [ -49.619726914999944, -0.135835823999969 ], [ -49.636117893999938, -0.139163942999971 ], [ -49.677781987999936, -0.150281866999933 ], [ -49.694726842999955, -0.156390932999955 ], [ -49.712781965999966, -0.151664041999936 ], [ -49.827499877999969, -0.106254913999976 ], [ -49.839726895999945, -0.098890908999977 ], [ -49.84778190399993, -0.081663918999936 ], [ -49.852499909999949, -0.064445980999949 ], [ -49.769826851999937, 0.000000126000032 ] ] ], [ [ [ -50.857781961999933, -0.283055068999943 ], [ -50.872781879999934, -0.270835929999976 ], [ -50.890008870999964, -0.266108871999961 ], [ -50.905008788999965, -0.265281913999956 ], [ -50.928890842999976, -0.268890993999946 ], [ -51.014999810999939, -0.23208186599993 ], [ -51.027226828999972, -0.224163984999961 ], [ -51.030564, -0.203335792999951 ], [ -51.021390844999985, -0.169446081999979 ], [ -51.014026839999985, -0.149308894999933 ], [ -51.001108817999977, -0.12833586499994 ], [ -50.985835816999952, -0.104999975999931 ], [ -50.972781840999971, -0.089999888999955 ], [ -50.953335825999943, -0.087081980999926 ], [ -50.93194604699994, -0.087781869999958 ], [ -50.849726784999973, -0.063890930999946 ], [ -50.779163900999947, -0.041945934999944 ], [ -50.762508890999982, -0.035835862999932 ], [ -50.738617784999974, -0.019446056999925 ], [ -50.710135742999967, -0.007364046999953 ], [ -50.698617833999947, -0.005555063999964 ], [ -50.626946023999949, -0.007081911999933 ], [ -50.613890873999935, -0.010555036999961 ], [ -50.562499916999968, -0.054163899999935 ], [ -50.5569459, -0.062499870999943 ], [ -50.680555, -0.166663960999927 ], [ -50.710563889999946, -0.179717936999964 ], [ -50.737090936999948, -0.182081968999967 ], [ -50.748890812999946, -0.188608956999929 ], [ -50.77499993899994, -0.209163897999929 ], [ -50.80971778199995, -0.239999913999952 ], [ -50.857781961999933, -0.283055068999943 ] ] ], [ [ [ -50.254172948999951, 0.341945064000072 ], [ -50.290281852999954, 0.347364132000052 ], [ -50.301945941999975, 0.351945009000076 ], [ -50.306945913999982, 0.361109112000065 ], [ -50.310281911999937, 0.378053967000028 ], [ -50.313054980999937, 0.395282131000045 ], [ -50.317217768999967, 0.428891048000025 ], [ -50.317781870999966, 0.467918028000042 ], [ -50.315417838999963, 0.48541810100005 ], [ -50.30806389299994, 0.506391131000044 ], [ -50.25528187499998, 0.569445004000045 ], [ -50.23333587299993, 0.59110903800007 ], [ -50.076117855999939, 0.650553999000067 ], [ -50.059864003999962, 0.643054039000049 ], [ -50.025835823999955, 0.59916421500003 ], [ -50.022508878999986, 0.576109120000069 ], [ -50.021663982999939, 0.558335965000026 ], [ -50.023054875999946, 0.541944985000043 ], [ -50.148055036999949, 0.413891130000025 ], [ -50.237499834999937, 0.350836084000036 ], [ -50.254172948999951, 0.341945064000072 ] ] ], [ [ [ -51.140008856999941, -0.962217885999962 ], [ -51.149035830999935, -0.949163909999925 ], [ -51.148899876999963, -0.935555051999927 ], [ -51.136672858999987, -0.875835835999965 ], [ -51.101955015999977, -0.764999917999944 ], [ -51.092781860999935, -0.73610883899994 ], [ -51.085281901999963, -0.718890900999952 ], [ -51.077226892999931, -0.703335932999948 ], [ -51.070281982999973, -0.694446085999971 ], [ -50.960699830999943, -0.613755012999945 ], [ -50.904163892999975, -0.585282022999934 ], [ -50.877781852999931, -0.573335798999949 ], [ -50.857781961999933, -0.566945938999936 ], [ -50.834445904999939, -0.565555045999929 ], [ -50.813608828999975, -0.576108867999949 ], [ -50.80875503599998, -0.592217879999964 ], [ -50.817508927999938, -0.67916403299995 ], [ -50.82375495499997, -0.691526836999969 ], [ -50.843890968999972, -0.70055498499994 ], [ -50.853890913999976, -0.702499921999959 ], [ -50.878890946999945, -0.707217927999977 ], [ -50.910281844999986, -0.713190871999927 ], [ -50.923617787999945, -0.719717859999946 ], [ -50.934999909999931, -0.729582018999963 ], [ -50.950281962999952, -0.74971786499998 ], [ -50.960554990999981, -0.765554967999947 ], [ -51.027226828999972, -0.860835916999974 ], [ -51.107226897999965, -0.93833583199995 ], [ -51.131955020999953, -0.959445990999939 ], [ -51.140008856999941, -0.962217885999962 ] ] ], [ [ [ -50.441117888999941, 0.171109136000041 ], [ -50.459726886999931, 0.171944979000045 ], [ -50.517090956999937, 0.191109027000039 ], [ -50.532226829999956, 0.20944494400004 ], [ -50.536390958999959, 0.222364139000035 ], [ -50.531390818999967, 0.235554069000045 ], [ -50.515008891999969, 0.249164101000019 ], [ -50.502645919999964, 0.257636025000068 ], [ -50.491108900999961, 0.267782152000052 ], [ -50.480281828999978, 0.28416407900005 ], [ -50.471946025999955, 0.308891028000062 ], [ -50.467226846999949, 0.326109134000035 ], [ -50.462499955999931, 0.343335957000022 ], [ -50.442508781999948, 0.484444962000055 ], [ -50.435008821999986, 0.538744942000051 ], [ -50.428608903999987, 0.550836005000065 ], [ -50.377781880999976, 0.618335975000036 ], [ -50.359308836999958, 0.60971803700005 ], [ -50.354726785999958, 0.589164102000041 ], [ -50.347226826999986, 0.520000157000027 ], [ -50.350563997999984, 0.488336009000022 ], [ -50.353890942999953, 0.470553969000036 ], [ -50.35611784699995, 0.447500047000062 ], [ -50.35611784699995, 0.429444924000052 ], [ -50.349308890999964, 0.384582129000023 ], [ -50.344454930999973, 0.371945069000049 ], [ -50.326808845999949, 0.34319111700006 ], [ -50.319172931999958, 0.324164197000073 ], [ -50.317781870999966, 0.308891028000062 ], [ -50.321946000999958, 0.293891110000061 ], [ -50.338335806999964, 0.252218131000063 ], [ -50.366808796999976, 0.243191156000023 ], [ -50.389164002999962, 0.236944962000052 ], [ -50.404163921999952, 0.226664223000057 ], [ -50.416390938999939, 0.210836004000043 ], [ -50.441117888999941, 0.171109136000041 ] ] ], [ [ [ -51.390008841999986, -0.486108852999962 ], [ -51.398335759999952, -0.485281894999957 ], [ -51.407081940999944, -0.474026842999933 ], [ -51.405563977999975, -0.45444604599993 ], [ -51.399172944999975, -0.434717895999938 ], [ -51.391672985999946, -0.427781870999979 ], [ -51.364172966999945, -0.411390891999929 ], [ -51.287781977999941, -0.301255030999926 ], [ -51.280554932999962, -0.279717897999944 ], [ -51.258054886999957, -0.230281935999926 ], [ -51.253063966999946, -0.220835865999959 ], [ -51.238890838999964, -0.201663938999957 ], [ -51.223063961999969, -0.183054939999977 ], [ -51.208063875999983, -0.169999958999938 ], [ -51.192217887999959, -0.159164001999955 ], [ -51.11430893499994, -0.121390954999924 ], [ -51.099308848999954, -0.124445990999959 ], [ -51.094999879999932, -0.135281947999943 ], [ -51.111945908999985, -0.220835865999959 ], [ -51.137508869999976, -0.28528197299994 ], [ -51.220281840999974, -0.367499893999934 ], [ -51.247781858999986, -0.392217958999936 ], [ -51.311954882999942, -0.441390896999962 ], [ -51.337499906999938, -0.459164051999949 ], [ -51.380563945999938, -0.484717959999955 ], [ -51.390008841999986, -0.486108852999962 ] ] ], [ [ [ -48.55667293099998, -27.82278189699997 ], [ -48.565417769999954, -27.815073059999975 ], [ -48.566254954999977, -27.795835921999981 ], [ -48.550563863999969, -27.696108875999983 ], [ -48.531672898999943, -27.646945995999943 ], [ -48.501945975999945, -27.558890917999975 ], [ -48.502226769999936, -27.546808906999956 ], [ -48.521663899999965, -27.518335916999945 ], [ -48.527781850999986, -27.49167291599997 ], [ -48.523608836999983, -27.466390915999966 ], [ -48.517781905999982, -27.433199920999982 ], [ -48.427781890999938, -27.389446050999936 ], [ -48.413545898999985, -27.392917834999935 ], [ -48.371535799999947, -27.446663938999961 ], [ -48.406390937999959, -27.592781969999976 ], [ -48.41250889, -27.601108887999942 ], [ -48.448335825999948, -27.630835809999951 ], [ -48.458890820999954, -27.641946022999946 ], [ -48.49667292099997, -27.711390928999947 ], [ -48.500146045999941, -27.725564056999929 ], [ -48.49902689399994, -27.737499886999956 ], [ -48.492226823999943, -27.748608925999974 ], [ -48.484999946999949, -27.756108885999936 ], [ -48.479726891999974, -27.768335902999979 ], [ -48.484172987999955, -27.778335848999973 ], [ -48.540555033999965, -27.816672997999945 ], [ -48.550563863999969, -27.821391003999963 ], [ -48.55667293099998, -27.82278189699997 ] ] ], [ [ [ -50.404726849999975, 1.880000161000055 ], [ -50.423754943999938, 1.88986415200003 ], [ -50.433617928999979, 1.901109146000067 ], [ -50.504172934999986, 2.020973211000069 ], [ -50.499454928999967, 2.077782063000029 ], [ -50.495135734999963, 2.097364201000062 ], [ -50.48499983399995, 2.10444506500005 ], [ -50.398335816999975, 2.134309115000065 ], [ -50.378890974999933, 2.133335976000069 ], [ -50.35611784699995, 2.116944997000076 ], [ -50.351390955999932, 2.108053977000054 ], [ -50.304726888999937, 1.998336038000048 ], [ -50.297781979999968, 1.981391182000038 ], [ -50.298335855999937, 1.961809045000052 ], [ -50.303335828999934, 1.950553993000028 ], [ -50.311390837999966, 1.94221802200002 ], [ -50.36167286899996, 1.890835950000053 ], [ -50.380008784999973, 1.88528210100003 ], [ -50.396663961999934, 1.881391054000062 ], [ -50.404726849999975, 1.880000161000055 ] ] ], [ [ [ -50.501399865999986, -0.03305491499998 ], [ -50.517781960999969, -0.032217898999932 ], [ -50.539726788999985, -0.023472890999926 ], [ -50.568608815999937, -0.001664016999939 ], [ -50.570226857999955, 0.000000126000032 ], [ -50.593335764999949, 0.022500004000051 ], [ -50.633899817999975, 0.091664116000061 ], [ -50.65459088199998, 0.12805398100005 ], [ -50.65778187199993, 0.152364183000032 ], [ -50.643335829999955, 0.171109136000041 ], [ -50.591390828999977, 0.208336018000068 ], [ -50.576808831999983, 0.208891067000025 ], [ -50.472781868999959, 0.154164113000036 ], [ -50.464999942999953, 0.146664153000074 ], [ -50.454172870999969, 0.126391179000052 ], [ -50.450008908999962, 0.104164216000072 ], [ -50.435981960999982, 0.011945008000055 ], [ -50.437146039999959, 0.000000126000032 ], [ -50.438899869999943, -0.008335844999976 ], [ -50.446108808999952, -0.017217811999956 ], [ -50.455554878999976, -0.022781886999951 ], [ -50.501399865999986, -0.03305491499998 ] ] ], [ [ [ -45.243335764999983, -23.96722695699998 ], [ -45.274446036999962, -23.950835809999944 ], [ -45.341946005999944, -23.929172948999963 ], [ -45.354308810999953, -23.935135834999983 ], [ -45.369446024999945, -23.938335877999975 ], [ -45.401672933999976, -23.940000020999946 ], [ -45.416390885999931, -23.940000020999946 ], [ -45.427508809999949, -23.937226951999946 ], [ -45.43972677499994, -23.930699963999928 ], [ -45.44791790599993, -23.917499974999942 ], [ -45.453890849999937, -23.895973067999932 ], [ -45.441672884999946, -23.871390957999949 ], [ -45.433608822999986, -23.864863969999931 ], [ -45.41056395399994, -23.854999978999956 ], [ -45.393335789999981, -23.843335889999935 ], [ -45.381108939999933, -23.833335943999941 ], [ -45.360555004999981, -23.809999886999947 ], [ -45.35056394399993, -23.798055004999981 ], [ -45.341808878999984, -23.78083589299996 ], [ -45.335835766999935, -23.760835833999977 ], [ -45.332645949999971, -23.745554953999942 ], [ -45.321945946999961, -23.726945954999962 ], [ -45.311117868999986, -23.724173053999948 ], [ -45.264726884999959, -23.739172972999938 ], [ -45.253335878999962, -23.746390964999932 ], [ -45.222363907999977, -23.777363940999976 ], [ -45.214172944999973, -23.948755085999949 ], [ -45.220554925999977, -23.957226842999944 ], [ -45.232508860999985, -23.963608991999934 ], [ -45.243335764999983, -23.96722695699998 ] ] ], [ [ [ -50.846117872999969, -2.00389097599998 ], [ -50.887508883999942, -1.996946066999953 ], [ -50.919526915999938, -1.974235802999942 ], [ -50.943745922999938, -1.96363588 ], [ -50.970746043999952, -1.984326943999974 ], [ -50.988063894999982, -1.993608895999955 ], [ -51.036117848999936, -1.975835907999965 ], [ -51.047781936999968, -1.966946061999977 ], [ -51.109454974999949, -1.904717805999951 ], [ -51.143890850999981, -1.863608929999941 ], [ -51.148755036999944, -1.85139096499995 ], [ -51.143963940999981, -1.824517912999966 ], [ -51.061808884999948, -1.824164028999974 ], [ -50.981117810999933, -1.84971793699998 ], [ -50.971672914999942, -1.853890950999926 ], [ -50.865699842999959, -1.909026942999958 ], [ -50.849164023999947, -1.980554919999975 ], [ -50.846117872999969, -2.00389097599998 ] ] ], [ [ [ -52.20083576899998, -1.646663984999975 ], [ -52.198063872999967, -1.580417947999933 ], [ -52.202781878999986, -1.568608852999944 ], [ -52.210554920999982, -1.561108892999926 ], [ -52.172226823999949, -1.497217835999948 ], [ -52.03333583899996, -1.440135901999952 ], [ -52.02111787399997, -1.440554996999936 ], [ -51.995281829999954, -1.449446016999957 ], [ -51.986390977999974, -1.454164022999976 ], [ -51.970835841999985, -1.46499997899997 ], [ -51.96305492099998, -1.471391012999959 ], [ -51.915145973999984, -1.520281983999951 ], [ -51.920563868999977, -1.531663937999951 ], [ -51.933617844999958, -1.542917815999942 ], [ -51.971945940999944, -1.562499953999975 ], [ -51.999455011999942, -1.573335910999958 ], [ -52.024726785999974, -1.580281993999961 ], [ -52.063335843999937, -1.589717837999956 ], [ -52.088335875999974, -1.593335801999956 ], [ -52.126526843999955, -1.585281966999958 ], [ -52.16250884599998, -1.599581996999973 ], [ -52.174726810999971, -1.608890937999945 ], [ -52.20083576899998, -1.646663984999975 ] ] ], [ [ [ -50.244999961999952, 0.744164100000035 ], [ -50.264035766999939, 0.748891158000049 ], [ -50.270563927999945, 0.760554073000037 ], [ -50.275835809999933, 0.806391181000038 ], [ -50.268617817999939, 0.821391100000028 ], [ -50.240281955999933, 0.847500058000037 ], [ -50.224726819999944, 0.86110908400002 ], [ -50.20444596699997, 0.877082141000074 ], [ -50.19250879599997, 0.881664192000073 ], [ -50.148255028999984, 0.886609012000065 ], [ -50.122746047999954, 0.883645004000073 ], [ -50.098726865999936, 0.87356408900007 ], [ -50.085972961999971, 0.870300008000072 ], [ -50.068481941999949, 0.870891100000051 ], [ -50.038826767999979, 0.878009012000064 ], [ -50.010563996999963, 0.919582078000076 ], [ -50.004717786999947, 0.896945072000051 ], [ -50.007226825999965, 0.881664192000073 ], [ -50.047781993999934, 0.811109019000071 ], [ -50.05389089199997, 0.803054010000039 ], [ -50.069172945999981, 0.788609141000052 ], [ -50.094454944999939, 0.770835986000066 ], [ -50.110835865999945, 0.762500016000047 ], [ -50.13249990099996, 0.756109150000043 ], [ -50.170417786999963, 0.748744977000058 ], [ -50.244999961999952, 0.744164100000035 ] ] ], [ [ [ -51.387508855999954, -1.214999993999925 ], [ -51.399172944999975, -1.213055056999963 ], [ -51.400281870999947, -1.201946017999944 ], [ -51.398335759999952, -1.19028192899998 ], [ -51.390008841999986, -1.171108827999944 ], [ -51.363617916999942, -1.129446074999976 ], [ -51.350563940999962, -1.114999864999959 ], [ -51.306255021999959, -1.070135895999954 ], [ -51.276390970999955, -1.051945991999958 ], [ -51.256945961999975, -1.037363994999964 ], [ -51.248890952999943, -1.024717882999937 ], [ -51.240835775999983, -1.005281925999952 ], [ -51.233890865999967, -0.984717931999967 ], [ -51.221672900999977, -0.944446071999948 ], [ -51.21945488199998, -0.928054924999969 ], [ -51.219590835999952, -0.907635770999946 ], [ -51.220835883999939, -0.881390858999964 ], [ -51.218481910999969, -0.860835916999974 ], [ -51.212645926999983, -0.845417908999934 ], [ -51.203055017999986, -0.841663989999972 ], [ -51.191535767999937, -0.854308928999956 ], [ -51.182499908999944, -0.870281986999942 ], [ -51.181117900999936, -0.889717943999926 ], [ -51.180554971999982, -0.935555051999927 ], [ -51.181117900999936, -0.955282028999932 ], [ -51.182499908999944, -0.967781960999957 ], [ -51.18749988199994, -0.990282006999962 ], [ -51.190835878999962, -1.000555034999934 ], [ -51.239446055999963, -1.143890943999963 ], [ -51.252781831999982, -1.164717961999941 ], [ -51.262781944999972, -1.175282009999933 ], [ -51.27916387199997, -1.186108913999931 ], [ -51.299172983999938, -1.193891008999969 ], [ -51.364172966999945, -1.210835863999932 ], [ -51.375281838999967, -1.213608932999932 ], [ -51.387508855999954, -1.214999993999925 ] ] ], [ [ [ -48.585835750999934, -26.425555010999972 ], [ -48.626108783999939, -26.393335812999965 ], [ -48.705699816999982, -26.308817897999973 ], [ -48.542572892999942, -26.16799102799996 ], [ -48.526390957999979, -26.17056393699994 ], [ -48.51583579499993, -26.178200017999927 ], [ -48.484999946999949, -26.231526859999974 ], [ -48.490281886999981, -26.243054993999976 ], [ -48.517781905999982, -26.279999908999969 ], [ -48.529172911999979, -26.29389090199993 ], [ -48.54028195099994, -26.307781894999948 ], [ -48.545008841999959, -26.317217905999939 ], [ -48.580008819999932, -26.389173024999934 ], [ -48.585835750999934, -26.425555010999972 ] ] ], [ [ [ -44.589999937999949, -3.062782003999928 ], [ -44.593890817999977, -3.011945928999978 ], [ -44.577108906999968, -2.988335783999958 ], [ -44.559846041999947, -2.913099988999932 ], [ -44.585835808999946, -2.844445998999959 ], [ -44.577508890999979, -2.801946060999967 ], [ -44.571945989999961, -2.786108957999943 ], [ -44.564726823999933, -2.772635886999979 ], [ -44.519172855999955, -2.721945991999974 ], [ -44.508472853999933, -2.715690912999946 ], [ -44.483890910999946, -2.709999935999974 ], [ -44.480835874999968, -2.725835865999954 ], [ -44.47695488599993, -2.748608825999952 ], [ -44.480835874999968, -2.861663936999946 ], [ -44.49472686799993, -2.948126788999957 ], [ -44.518617806999941, -2.966108820999978 ], [ -44.53249991499996, -2.972499853999977 ], [ -44.545972985999981, -2.986526801999958 ], [ -44.570281845999943, -3.024164061999954 ], [ -44.586399910999944, -3.05249992399996 ], [ -44.589999937999949, -3.062782003999928 ] ] ], [ [ [ -50.983890879999933, -0.576391002999969 ], [ -50.956945910999934, -0.52221792499995 ], [ -50.888335842999936, -0.397363943999949 ], [ -50.878335896999943, -0.385281933999977 ], [ -50.85056396899995, -0.374026881999953 ], [ -50.822226765999972, -0.371664022999937 ], [ -50.788890931999958, -0.378335850999974 ], [ -50.776946048999946, -0.383890872999928 ], [ -50.762226755999961, -0.404863903999967 ], [ -50.757090828999935, -0.421108869999955 ], [ -50.759445975999938, -0.439717868999935 ], [ -50.765281959999982, -0.451663924999934 ], [ -50.783335740999973, -0.471663983999974 ], [ -50.796954992999986, -0.485281894999957 ], [ -50.804999943999974, -0.492217919999973 ], [ -50.82459096599996, -0.507364018999965 ], [ -50.958617765999975, -0.567499982999948 ], [ -50.983890879999933, -0.576391002999969 ] ] ], [ [ [ -44.323890939999956, -23.221108993999962 ], [ -44.329445962999955, -23.220282034999968 ], [ -44.368199859999947, -23.174726893999946 ], [ -44.366808798999955, -23.163608969999927 ], [ -44.231672905999972, -23.071672902999978 ], [ -44.112226761999977, -23.127226815999961 ], [ -44.084590956999932, -23.168817987999944 ], [ -44.104446008999957, -23.180835792999972 ], [ -44.177226744999984, -23.192217914999958 ], [ -44.241945933999943, -23.198199910999961 ], [ -44.251399882999976, -23.190282029999935 ], [ -44.268335853999986, -23.177499962999946 ], [ -44.298335858999963, -23.177226880999967 ], [ -44.311954942999932, -23.196664010999939 ], [ -44.323890939999956, -23.221108993999962 ] ] ], [ [ [ -48.970835842999975, -1.799717872999963 ], [ -48.986390811999968, -1.798472991999972 ], [ -49.024935831999983, -1.776946085999953 ], [ -49.046526775999951, -1.70833584899998 ], [ -49.011117928999965, -1.634717928999976 ], [ -49.003063925999982, -1.622499963999928 ], [ -48.980208822999941, -1.597154932999956 ], [ -48.926672936999978, -1.577782006999939 ], [ -48.911808804999964, -1.575835896999934 ], [ -48.899581954999974, -1.582499844999973 ], [ -48.900835887999961, -1.629999922999957 ], [ -48.944454976999964, -1.764164018999963 ], [ -48.948063888999968, -1.774445931999935 ], [ -48.954726830999959, -1.788054956999929 ], [ -48.961108811999964, -1.795835877999934 ], [ -48.970835842999975, -1.799717872999963 ] ] ], [ [ [ -51.115563873999974, -0.544163925999953 ], [ -51.136117808999984, -0.542217815999948 ], [ -51.150417838999942, -0.530972989999952 ], [ -51.15028188499997, -0.518890979999981 ], [ -51.130146038999953, -0.399308880999968 ], [ -51.045145996999963, -0.282781986999964 ], [ -51.030564, -0.285555054999975 ], [ -50.947917930999949, -0.342081939999957 ], [ -50.948472980999952, -0.357917869999937 ], [ -50.9629178499999, -0.36944600399994 ], [ -50.987226877999944, -0.373054915999944 ], [ -51.013890884999967, -0.379717858999925 ], [ -51.023608863999982, -0.383335823999971 ], [ -51.047499802999937, -0.398890958999971 ], [ -51.063754994999954, -0.42847304299994 ], [ -51.081117771999971, -0.481108879999965 ], [ -51.090835750999986, -0.50805502299994 ], [ -51.097781833999932, -0.523608817999957 ], [ -51.107781946999978, -0.539999964999936 ], [ -51.115563873999974, -0.544163925999953 ] ] ], [ [ [ -50.973046038999939, -0.868981953999935 ], [ -50.927154950999977, -0.870626817999948 ], [ -50.952690921999931, -0.899526949999938 ], [ -50.998599946999946, -0.905481956999949 ], [ -51.012617841999941, -0.919499851999944 ], [ -51.0189269, -0.956999983999935 ], [ -51.014717843999961, -0.98153582599997 ], [ -51.019445907999966, -0.991664014999969 ], [ -51.033335894999936, -1.005281925999952 ], [ -51.070035889999986, -1.037790969999946 ], [ -51.158054925999977, -1.084999859999925 ], [ -51.17805498599995, -1.092081897999947 ], [ -51.188054930999954, -1.080417808999925 ], [ -51.170835819999979, -1.026663992999943 ], [ -51.15944598699997, -1.008891005999942 ], [ -51.140835814999946, -0.986108824999974 ], [ -51.070835858999942, -0.911390863999941 ], [ -51.054199960999938, -0.896708953999962 ], [ -51.045008868999957, -0.889717943999926 ], [ -51.029726814999947, -0.878608904999965 ], [ -51.020281918999956, -0.874445948999949 ], [ -51.002372976999936, -0.867908902999943 ], [ -50.987226877999944, -0.866390939999974 ], [ -50.973046038999939, -0.868981953999935 ] ] ], [ [ [ -52.418335762999959, -1.527499975999945 ], [ -52.430554901999983, -1.526390882999976 ], [ -52.453899842999931, -1.514999875999933 ], [ -52.45861784899995, -1.492499997999971 ], [ -52.451663886999938, -1.479446021999934 ], [ -52.431117829999948, -1.466390871999977 ], [ -52.203199800999982, -1.363335875999951 ], [ -52.168617911999945, -1.408335798999929 ], [ -52.169308915999977, -1.42125499399998 ], [ -52.222781937999969, -1.449999892999926 ], [ -52.259172976999935, -1.468608891999963 ], [ -52.388335757999982, -1.521254954999961 ], [ -52.418335762999959, -1.527499975999945 ] ] ], [ [ [ -38.779726834999963, -13.135281885999973 ], [ -38.786254995999968, -13.131526960999963 ], [ -38.791672890999962, -13.099446064999938 ], [ -38.793063950999965, -13.087226925999971 ], [ -38.794308831999956, -13.060135943999967 ], [ -38.785281856999973, -13.051672903999929 ], [ -38.75556398699996, -13.039717963999976 ], [ -38.746945881999977, -13.034446081999931 ], [ -38.727781833999984, -13.018890945999942 ], [ -38.71055501099994, -13.001390872999934 ], [ -38.679172997999956, -12.968890881999926 ], [ -38.667363901999977, -12.942499955999949 ], [ -38.669172883999977, -12.928890930999955 ], [ -38.677508854999985, -12.916108863999966 ], [ -38.686526776999983, -12.907781945999943 ], [ -38.693063990999974, -12.883054995999942 ], [ -38.676535882999929, -12.879582037999967 ], [ -38.644654978999938, -12.891808887999957 ], [ -38.621399891999943, -12.911946074999946 ], [ -38.592226844999971, -12.957499874999939 ], [ -38.587781921999976, -12.974446071999978 ], [ -38.595145926999976, -12.990835877999928 ], [ -38.662508935999938, -13.041390990999957 ], [ -38.754717917999983, -13.113055089999932 ], [ -38.779726834999963, -13.135281885999973 ] ] ], [ [ [ -38.941390948999981, -13.565281901999981 ], [ -38.981945948999964, -13.563608873999954 ], [ -38.981217896999965, -13.521663985999965 ], [ -38.964446043999942, -13.498846098999934 ], [ -39.015445901999954, -13.484754945999953 ], [ -39.042090965999932, -13.459726918999934 ], [ -39.033545950999951, -13.39242694099994 ], [ -38.913963852999984, -13.382781884999929 ], [ -38.903890816999933, -13.39528198499994 ], [ -38.896117774999937, -13.44889096199995 ], [ -38.896599901999934, -13.466390866999973 ], [ -38.906390802999965, -13.493335835999972 ], [ -38.935563849999937, -13.560555010999963 ], [ -38.941390948999981, -13.565281901999981 ] ] ], [ [ [ -48.347781988999941, -1.218890872999964 ], [ -48.384445941999957, -1.216526840999961 ], [ -48.413608929999953, -1.206664022999973 ], [ -48.459035827999969, -1.169999901999972 ], [ -48.466326910999953, -1.155555032999928 ], [ -48.410763944999985, -1.074926823999931 ], [ -48.395835774999966, -1.070835784999929 ], [ -48.351390900999945, -1.06749995499996 ], [ -48.339726811999981, -1.068055004999962 ], [ -48.324935770999957, -1.074308909999957 ], [ -48.314172903999975, -1.116945974999965 ], [ -48.312781842999982, -1.151108935999957 ], [ -48.318890909999936, -1.189446084999929 ], [ -48.340281861999983, -1.212781973999938 ], [ -48.347781988999941, -1.218890872999964 ] ] ], [ [ [ -50.908335733999934, 0.000000126000032 ], [ -50.900281898999935, 0.009445022000023 ], [ -50.869446049999965, 0.034718136000038 ], [ -50.834172989999956, 0.059164125000052 ], [ -50.802645969999958, 0.067364141000041 ], [ -50.765835835999951, 0.066391169000042 ], [ -50.735835830999974, 0.056664138000031 ], [ -50.707364014999939, 0.034445054000059 ], [ -50.697917777999976, 0.019718050000051 ], [ -50.707364014999939, 0.006391159000032 ], [ -50.734617772999968, 0.000000126000032 ], [ -50.823617826999964, -0.029717911999967 ], [ -50.841946031999953, -0.035835862999932 ], [ -50.859999812999945, -0.039999992999924 ], [ -50.886117823999939, -0.045281932999956 ], [ -50.901672958999939, -0.047499951999953 ], [ -50.923617787999945, -0.04610889099996 ], [ -50.935145921999947, -0.032635819999939 ], [ -50.933064024999965, -0.019999932999951 ], [ -50.923617787999945, -0.011945929999968 ], [ -50.908335733999934, 0.000000126000032 ] ] ], [ [ [ -51.072226751999949, -0.554164039999932 ], [ -51.077154975999974, -0.543190954999943 ], [ -51.077226892999931, -0.504999986999962 ], [ -51.074445944999979, -0.493890946999954 ], [ -51.070281982999973, -0.484446050999964 ], [ -51.061390962999951, -0.472781961999942 ], [ -51.049726873999987, -0.463890941999978 ], [ -50.993617910999944, -0.424163905999933 ], [ -50.954726885999946, -0.401664027999971 ], [ -50.922499809999977, -0.385835809999946 ], [ -50.902226835999954, -0.378682022999953 ], [ -50.910281844999986, -0.412781951999932 ], [ -50.959726858999943, -0.507364018999965 ], [ -51.00249987899997, -0.543335793999972 ], [ -51.011390898999935, -0.548054973999967 ], [ -51.072226751999949, -0.554164039999932 ] ] ], [ [ [ -44.993617913999969, -1.402499982999927 ], [ -44.998890968999945, -1.401108921999935 ], [ -45.009726758999932, -1.391108976999931 ], [ -45.021808936999946, -1.37263593199998 ], [ -45.027081823999936, -1.333754965999958 ], [ -44.993899880999948, -1.283608888999936 ], [ -44.975563964999935, -1.2616640599999 ], [ -44.921672853999951, -1.259581995999952 ], [ -44.878126854999948, -1.286946059999934 ], [ -44.871946039999955, -1.30902684299997 ], [ -44.884172888999956, -1.33221789199996 ], [ -44.960554993999949, -1.388608821999981 ], [ -44.97278184399994, -1.396390916999962 ], [ -44.987499794999962, -1.401945938999972 ], [ -44.993617913999969, -1.402499982999927 ] ] ], [ [ [ -50.024445936999939, 0.929717979000031 ], [ -50.074446000999956, 0.944718065000075 ], [ -50.074446000999956, 0.981109104000041 ], [ -50.028063901999985, 1.047918069000048 ], [ -50.017499853999936, 1.05389118100004 ], [ -50.001945890999934, 1.055282074000047 ], [ -49.962781951999943, 1.055282074000047 ], [ -49.947781864999968, 1.054445057000066 ], [ -49.935972936999974, 1.031527090000054 ], [ -49.942363970999963, 0.998891144000027 ], [ -49.950563986999953, 0.98583599400007 ], [ -49.984172903999934, 0.953891052000074 ], [ -50.009446017999949, 0.935282054000027 ], [ -50.024445936999939, 0.929717979000031 ] ] ], [ [ [ -50.935281876999966, -0.846390880999934 ], [ -50.9433358799999, -0.845835830999931 ], [ -50.964026775999969, -0.838473 ], [ -50.96875500699997, -0.823472912999932 ], [ -50.965281881999942, -0.810835852999958 ], [ -50.918754942999954, -0.726526814999943 ], [ -50.907226808999951, -0.723055030999944 ], [ -50.871946036999987, -0.721108919999949 ], [ -50.856390900999941, -0.722499980999942 ], [ -50.842781874999957, -0.727781920999973 ], [ -50.837781901999961, -0.737499899999932 ], [ -50.837508819999982, -0.767635858999938 ], [ -50.85056396899995, -0.814581892999968 ], [ -50.916390910999951, -0.843608926999934 ], [ -50.935281876999966, -0.846390880999934 ] ] ], [ [ [ -49.138617908999947, -1.866945932999954 ], [ -49.152090811999983, -1.863335846999973 ], [ -49.156390895999948, -1.851946013999964 ], [ -49.152226766999945, -1.842217809999966 ], [ -49.098754917999941, -1.748472927999956 ], [ -49.08972677, -1.740281964999951 ], [ -49.054863919999946, -1.722845929999949 ], [ -49.040326849999985, -1.771473037999954 ], [ -49.025926907999974, -1.791199846999973 ], [ -49.007364009999947, -1.795417955999937 ], [ -49.024172910999937, -1.82916400199997 ], [ -49.051872921999973, -1.8511088299999 ], [ -49.092046042999982, -1.839717822999944 ], [ -49.138617908999947, -1.866945932999954 ] ] ], [ [ [ -50.84694600499995, -0.36305497099994 ], [ -50.904235809999932, -0.358335790999945 ], [ -50.902781884999968, -0.346390908999979 ], [ -50.873064014999954, -0.317781963999948 ], [ -50.751463889999968, -0.22791790399998 ], [ -50.746946043999969, -0.238335770999925 ], [ -50.748890812999946, -0.289717843999938 ], [ -50.751672933999942, -0.300835934999952 ], [ -50.763335849999976, -0.330281896999963 ], [ -50.779308906999972, -0.35221784 ], [ -50.803335800999946, -0.358891008999933 ], [ -50.84694600499995, -0.36305497099994 ] ] ], [ [ [ -46.524172883999938, -1.022217895999972 ], [ -46.531535882999947, -1.019164033999971 ], [ -46.544172942999978, -1.00110891099996 ], [ -46.548754994999967, -0.988335896999956 ], [ -46.547645900999953, -0.969445936999932 ], [ -46.536672983999949, -0.939308970999946 ], [ -46.522226773999932, -0.922781869999937 ], [ -46.471254911999949, -0.880835808999962 ], [ -46.455281853999963, -0.890690914999936 ], [ -46.440281935999963, -1.003335814999957 ], [ -46.487226795999959, -1.018054939999956 ], [ -46.49889088499998, -1.020282011999939 ], [ -46.524172883999938, -1.022217895999972 ] ] ], [ [ [ -50.48499983399995, 2.117500047000021 ], [ -50.496945889999949, 2.120282168000074 ], [ -50.53361789, 2.149718071000052 ], [ -50.535564000999955, 2.160000152000066 ], [ -50.532226829999956, 2.177782192000052 ], [ -50.517226910999966, 2.203053965000038 ], [ -50.505281860999958, 2.211391109000033 ], [ -50.460555018999969, 2.214164178000033 ], [ -50.436954932999981, 2.209164205000036 ], [ -50.420563952999942, 2.202500089000068 ], [ -50.405554981999956, 2.193609069000047 ], [ -50.396672846999934, 2.173053960000061 ], [ -50.398055022999984, 2.161391045000073 ], [ -50.404726849999975, 2.146391126000026 ], [ -50.41306399399997, 2.140000092000037 ], [ -50.475281855999981, 2.119718066000075 ], [ -50.48499983399995, 2.117500047000021 ] ] ], [ [ [ -44.769172841999932, -1.672217892999925 ], [ -44.778545988999952, -1.667635841999925 ], [ -44.787499873999934, -1.653055018999964 ], [ -44.783335743999942, -1.619163965999974 ], [ -44.771390861999976, -1.608054926999955 ], [ -44.751108834999968, -1.58999997199993 ], [ -44.715145943999971, -1.561808949999943 ], [ -44.684446049999963, -1.56625504699997 ], [ -44.670417761999943, -1.581945968999946 ], [ -44.658335750999981, -1.603890964999948 ], [ -44.652645947999986, -1.621108902999936 ], [ -44.661663869999984, -1.660490939999931 ], [ -44.687226829999986, -1.649717847999966 ], [ -44.743055, -1.663608840999927 ], [ -44.769172841999932, -1.672217892999925 ] ] ], [ [ [ -45.67639081699997, -1.361945987999945 ], [ -45.689726760999974, -1.35847303099996 ], [ -45.646390811999936, -1.160555005999925 ], [ -45.642226849999986, -1.146390930999928 ], [ -45.628754952999941, -1.127917886999967 ], [ -45.609454949999986, -1.13375504399994 ], [ -45.607781921999958, -1.14889091699996 ], [ -45.609172982999951, -1.161663931999954 ], [ -45.634172846999945, -1.346390851999956 ], [ -45.67639081699997, -1.361945987999945 ] ] ], [ [ [ -46.317845966999982, -23.931363977999979 ], [ -46.284226823999973, -23.98769992299998 ], [ -46.365999832999933, -23.982255038999938 ], [ -46.4105268499999, -23.956808921999937 ], [ -46.386908825999967, -23.924099885999965 ], [ -46.317845966999982, -23.931363977999979 ] ] ] ] }
        }
    ]
}