{
    "type": "FeatureCollection",
    "features": [
        {
            "type": "Feature",
            "properties": {
                "WCID": "CHI",
                "COUNTRY": "China"
            },
            "geometry": { "type": "MultiPolygon", "coordinates": [ [ [ [ 109.703600233000088, 18.197773135000034 ], [ 109.677272340000059, 18.237353991000077 ], [ 109.629554165000059, 18.226664214000039 ], [ 109.602763423000056, 18.207773081000028 ], [ 109.566672289000053, 18.168882056000029 ], [ 109.54470918800007, 18.221109024000043 ], [ 109.501100325000039, 18.255000076000044 ], [ 109.463045144000034, 18.276800065000032 ], [ 109.436645166000062, 18.284445032000065 ], [ 109.329018176000034, 18.303191158000061 ], [ 109.288309284000036, 18.305000140000061 ], [ 109.222763304000068, 18.303054030000055 ], [ 109.055818256000066, 18.370000123000068 ], [ 108.957763399000044, 18.394718021000074 ], [ 108.849154218000081, 18.452500179000026 ], [ 108.829163379000079, 18.465545103000068 ], [ 108.804154127000061, 18.478054087000032 ], [ 108.774572379000062, 18.488464243000067 ], [ 108.741663350000067, 18.494018092000033 ], [ 108.711927208000077, 18.49388213800006 ], [ 108.68705424500007, 18.505618144000039 ], [ 108.673591232000035, 18.563400134000062 ], [ 108.690254121000066, 18.607773092000059 ], [ 108.696372407000069, 18.628327027000068 ], [ 108.699145141000088, 18.663609140000062 ], [ 108.693300272000045, 18.714991045000033 ], [ 108.654427184000042, 18.937500065000052 ], [ 108.617618224000068, 19.08874497000005 ], [ 108.628309174000037, 19.280282187000068 ], [ 108.643054115000041, 19.308891131000053 ], [ 108.694145168000034, 19.378882202000057 ], [ 108.72373613600007, 19.374509028000034 ], [ 108.764436143000069, 19.388464226000053 ], [ 108.938445124000054, 19.517427015000067 ], [ 109.008045263000042, 19.594164177000039 ], [ 109.02568229600007, 19.603609074000076 ], [ 109.08740931400007, 19.611591160000046 ], [ 109.160263307000037, 19.649582136000049 ], [ 109.29387235300004, 19.760000132000073 ], [ 109.301018261000081, 19.783536013000059 ], [ 109.272754148000047, 19.787082061000035 ], [ 109.224709247000078, 19.757709023000075 ], [ 109.205554251000081, 19.737218119000033 ], [ 109.165263280000033, 19.723609094000039 ], [ 109.160245203000045, 19.785064202000058 ], [ 109.169145275000062, 19.806944993000059 ], [ 109.257209238000087, 19.899718077000045 ], [ 109.300254167000048, 19.919227124000031 ], [ 109.45595422100007, 19.860482052000066 ], [ 109.465818212000045, 19.828609027000027 ], [ 109.517763381000066, 19.880554028000063 ], [ 109.516791248000061, 19.908473142000048 ], [ 109.526227259000052, 19.944718 ], [ 109.584591290000049, 19.984509074000073 ], [ 109.610809212000049, 19.993882054000039 ], [ 109.659709235000037, 20.002500159000078 ], [ 109.71870023200006, 20.003091083000072 ], [ 109.735809205000066, 19.975273223000045 ], [ 109.785809269000083, 19.965545018000057 ], [ 109.833054202000085, 19.974436038000022 ], [ 109.936645138000074, 19.991800156000068 ], [ 109.976927224000065, 19.947218154000041 ], [ 110.016936227000087, 19.948600163000037 ], [ 110.093872375000046, 19.973044977000029 ], [ 110.131100263000064, 20.012354092000066 ], [ 110.14262722400008, 20.039991071000031 ], [ 110.153254136000044, 20.060000182000067 ], [ 110.36998232500008, 20.052500055000053 ], [ 110.513318234000053, 20.014718124000069 ], [ 110.569572371000049, 20.032082074000073 ], [ 110.570972317000042, 20.089027048000048 ], [ 110.59789130200005, 20.109718112000053 ], [ 110.665545163000047, 20.133609050000075 ], [ 110.701654234000046, 20.091245068000035 ], [ 110.715827195000088, 20.068882150000036 ], [ 110.778591221000056, 20.009582196000054 ], [ 110.850818248000053, 19.988882081000042 ], [ 110.870945210000059, 19.990273141000046 ], [ 110.896654183000066, 20.000000172000057 ], [ 110.926027222000073, 20.003745039000023 ], [ 110.942482239000071, 19.978609052000024 ], [ 110.968045200000063, 19.890273180000065 ], [ 111.021545211000046, 19.638291042000048 ], [ 110.967754180000043, 19.631664142000034 ], [ 110.936918164000076, 19.600000161000025 ], [ 110.871500259000072, 19.539027012000076 ], [ 110.854982378000045, 19.528882060000058 ], [ 110.822072344000048, 19.546664100000044 ], [ 110.727482231000067, 19.410826976000067 ], [ 110.668591314000082, 19.356664124000076 ], [ 110.583600325000077, 19.156273102000057 ], [ 110.562291347000041, 19.157373143000029 ], [ 110.522554253000067, 19.14849117600005 ], [ 110.48321831700008, 19.167609124000023 ], [ 110.498791222000079, 19.134564141000055 ], [ 110.523236205000046, 19.123773111000048 ], [ 110.544000191000066, 19.140164090000042 ], [ 110.579472405000047, 19.13929119900007 ], [ 110.565809232000049, 19.083609042000035 ], [ 110.489100233000045, 18.910827005000044 ], [ 110.503600255000038, 18.853345086000047 ], [ 110.52554525100004, 18.80082709800007 ], [ 110.503054258000077, 18.776109033000068 ], [ 110.396382302000063, 18.703609091000033 ], [ 110.281372365000038, 18.667500019000045 ], [ 110.24539136900006, 18.650691118000054 ], [ 110.206936203000055, 18.627218101000039 ], [ 110.107200272000057, 18.542227112000035 ], [ 110.094991359000062, 18.52556422300006 ], [ 110.083463392000056, 18.497082181000053 ], [ 110.076100226000051, 18.469445035000035 ], [ 110.069445162000079, 18.442773148000072 ], [ 110.050254124000048, 18.385200034000036 ], [ 109.999145134000059, 18.373673073000077 ], [ 109.968391261000079, 18.395900037000047 ], [ 109.914991329000088, 18.419444970000029 ], [ 109.785409285000071, 18.400964215000045 ], [ 109.759436282000081, 18.391527030000077 ], [ 109.703872310000065, 18.259718082000063 ], [ 109.738027224000064, 18.245482090000053 ], [ 109.722209232000068, 18.216109051000046 ], [ 109.708327292000035, 18.201109132000056 ], [ 109.703600233000088, 18.197773135000034 ] ] ], [ [ [ 110.455563400000074, 21.057417997000073 ], [ 110.491354127000079, 21.075691049000056 ], [ 110.51373615600005, 21.081391078000024 ], [ 110.542072353000037, 21.068609011000035 ], [ 110.54844511400006, 21.060691130000066 ], [ 110.546372269000074, 21.036109020000026 ], [ 110.519436185000075, 20.971382119000054 ], [ 110.498027296000089, 20.955826983000065 ], [ 110.484991257000047, 20.974991199000044 ], [ 110.469982286000061, 20.990827129000024 ], [ 110.458736286000033, 20.998464216000059 ], [ 110.445254162000083, 21.001945053000043 ], [ 110.406100281000079, 21.005000089000077 ], [ 110.343600284000047, 21.00332706100005 ], [ 110.331100352000078, 20.999164105000034 ], [ 110.309145130000047, 20.984436095000035 ], [ 110.288036145000035, 20.972500097000022 ], [ 110.277482323000072, 20.970273193000025 ], [ 110.254718248000074, 20.970691115000022 ], [ 110.248454116000062, 20.980553933000067 ], [ 110.247754227000087, 21.022773076000078 ], [ 110.273882296000068, 21.054164142000047 ], [ 110.329163294000068, 21.075554088000047 ], [ 110.379154139000036, 21.080000185000074 ], [ 110.418591328000048, 21.052773081000055 ], [ 110.455563400000074, 21.057417997000073 ] ] ], [ [ [ 110.531372351000073, 21.198600092000049 ], [ 110.611500328000034, 21.193818049000072 ], [ 110.567209178000041, 21.116109089000076 ], [ 110.556918212000085, 21.103744943000038 ], [ 110.536936258000082, 21.09750009000004 ], [ 110.442482267000059, 21.157082179000042 ], [ 110.444700286000057, 21.186382127000059 ], [ 110.454709285000035, 21.201382213000045 ], [ 110.483036262000041, 21.208464083000024 ], [ 110.498309263000067, 21.195200057000022 ], [ 110.485263333000034, 21.191109018000077 ], [ 110.465891246000069, 21.19048205100006 ], [ 110.465054229000089, 21.180482105000067 ], [ 110.49053622100007, 21.181382154000062 ], [ 110.508745235000049, 21.186109045000023 ], [ 110.531372351000073, 21.198600092000049 ] ] ], [ [ [ 111.816382316000045, 21.556945062000068 ], [ 111.805818268000053, 21.563891145000071 ], [ 111.838600227000086, 21.641382175000047 ], [ 111.850536225000042, 21.646945077000055 ], [ 111.863036157000067, 21.648327085000062 ], [ 111.933318248000035, 21.652500099000065 ], [ 112.000818217000074, 21.653744980000056 ], [ 112.007491218000041, 21.634718059000022 ], [ 112.004718317000084, 21.62360902000006 ], [ 111.995245257000079, 21.615273217000038 ], [ 111.985809246000088, 21.610554038000032 ], [ 111.950672308000037, 21.600691053000048 ], [ 111.83610929300005, 21.565273153000078 ], [ 111.816382316000045, 21.556945062000068 ] ] ], [ [ [ 112.793591362000029, 21.574164173000042 ], [ 112.787772310000037, 21.574436082000034 ], [ 112.767345276000015, 21.576109110000061 ], [ 112.756945179000013, 21.583054020000077 ], [ 112.728727166000112, 21.614718 ], [ 112.702763383000047, 21.684718124000028 ], [ 112.726382245000082, 21.714718129000062 ], [ 112.733045187000016, 21.722500055000069 ], [ 112.779018250000036, 21.768327105000026 ], [ 112.833600198000113, 21.77416409500006 ], [ 112.868872420000116, 21.763191178000056 ], [ 112.863391326000055, 21.749435972000072 ], [ 112.805818212000077, 21.653327058000059 ], [ 112.793591362000029, 21.574164173000042 ] ] ], [ [ [ 114.144527176000111, 22.286182207000024 ], [ 114.197782268000083, 22.291209170000059 ], [ 114.234963385000015, 22.26608206800006 ], [ 114.248027252000043, 22.243973122000057 ], [ 114.244009303000098, 22.200764243000037 ], [ 114.218891253000038, 22.231918101000076 ], [ 114.200800257000083, 22.19473597800004 ], [ 114.189745197000093, 22.240964186000042 ], [ 114.150554100000022, 22.250000046000025 ], [ 114.123418191000042, 22.276127108000026 ], [ 114.144527176000111, 22.286182207000024 ] ] ], [ [ [ 114.049700190000067, 22.328882137000051 ], [ 114.026654148000034, 22.306945019000068 ], [ 113.993727182000043, 22.264026993000073 ], [ 113.992200335, 22.236382135000042 ], [ 113.965000220000093, 22.218053930000053 ], [ 113.909418312000071, 22.196944945000041 ], [ 113.89665418200002, 22.195827135000059 ], [ 113.843045205000067, 22.193609115000072 ], [ 113.832172368000101, 22.200418071000058 ], [ 113.822772399000087, 22.219991156000049 ], [ 113.825272385000062, 22.232218006000039 ], [ 113.834991370000012, 22.24443597100003 ], [ 113.842482277000045, 22.251391106000028 ], [ 113.88540918800004, 22.282635991000063 ], [ 113.897772328000087, 22.288054054000042 ], [ 114.047963292000077, 22.337982201000045 ], [ 114.049700190000067, 22.328882137000051 ] ] ], [ [ [ 113.604763288000072, 22.766773211000043 ], [ 113.603191346000017, 22.758327103000056 ], [ 113.588045246000092, 22.750554061000059 ], [ 113.576100196000084, 22.748882207000065 ], [ 113.561918184000092, 22.750554061000059 ], [ 113.551936175000037, 22.755554034000056 ], [ 113.459154206000107, 22.820273223000072 ], [ 113.45054515400011, 22.826382122000041 ], [ 113.423863376000099, 22.85000014600007 ], [ 113.389209236000056, 22.894227090000072 ], [ 113.410263403000044, 22.906382191000034 ], [ 113.425809319000109, 22.908327128000053 ], [ 113.476927194000041, 22.903264123000042 ], [ 113.492200195, 22.894435967000049 ], [ 113.559709217000091, 22.825827072000038 ], [ 113.598600242000089, 22.775000049000028 ], [ 113.604763288000072, 22.766773211000043 ] ] ], [ [ [ 117.115491256000041, 23.473853969000061 ], [ 117.129691374000117, 23.447773174000076 ], [ 117.121654134000096, 23.400754050000046 ], [ 117.104427311000109, 23.399164171000052 ], [ 117.033600229000058, 23.403882177000071 ], [ 116.953600328000107, 23.420553950000055 ], [ 116.94511817700004, 23.434509148000075 ], [ 116.95290027100009, 23.449018055000067 ], [ 116.965400203000058, 23.458045029000061 ], [ 117.100536264000084, 23.489300140000068 ], [ 117.113600299000041, 23.47721813000004 ], [ 117.115491256000041, 23.473853969000061 ] ] ], [ [ [ 117.467145120000055, 23.755618015000039 ], [ 117.470836175000045, 23.756382110000061 ], [ 117.48664528200004, 23.755973073000064 ], [ 117.499418297000034, 23.749717994000036 ], [ 117.507900280000058, 23.740273098000046 ], [ 117.506654226000023, 23.725691101000052 ], [ 117.414427307000096, 23.602218123000057 ], [ 117.394145281000078, 23.585273100000052 ], [ 117.356791329000089, 23.569854086000078 ], [ 117.310527247000095, 23.581944981000049 ], [ 117.338882387000012, 23.695000092000043 ], [ 117.369845138000073, 23.762218094000048 ], [ 117.381372266000085, 23.772353994000071 ], [ 117.401372326000114, 23.77180917000004 ], [ 117.467145120000055, 23.755618015000039 ] ] ], [ [ [ 118.293372285000032, 24.419844952000062 ], [ 118.29970933900006, 24.433609043000047 ], [ 118.330272272000116, 24.463327081000045 ], [ 118.393054236000012, 24.515827131000037 ], [ 118.403736134000042, 24.520691150000061 ], [ 118.437763308000058, 24.495827072000054 ], [ 118.450336163000088, 24.463327081000045 ], [ 118.444691286000079, 24.427700136000055 ], [ 118.420954239000025, 24.397636094000063 ], [ 118.287136149000048, 24.390345011000079 ], [ 118.278591301, 24.405482058000075 ], [ 118.293372285000032, 24.419844952000062 ] ] ], [ [ [ 118.078554164000025, 24.439144955000074 ], [ 118.06902729300009, 24.446664192000071 ], [ 118.06302719100006, 24.454718028000059 ], [ 118.065263315000038, 24.487500154000031 ], [ 118.096845153000118, 24.55215396400007 ], [ 118.178309206000108, 24.529164248000029 ], [ 118.188518196000018, 24.49193602500003 ], [ 118.145954221000011, 24.432082195000078 ], [ 118.130127176000087, 24.426382166000053 ], [ 118.110545206000097, 24.425973129000056 ], [ 118.095836140000074, 24.430827089000047 ], [ 118.078554164000025, 24.439144955000074 ] ] ], [ [ [ 120.125163300000054, 23.508754035000038 ], [ 120.123872320000032, 23.514164218000076 ], [ 120.115536182000028, 23.568882120000069 ], [ 120.111227213, 23.617082087000028 ], [ 120.115536182000028, 23.631382117000044 ], [ 120.194836194000118, 23.78332707900006 ], [ 120.221918291000065, 23.819445035000058 ], [ 120.239700331000108, 23.830000030000065 ], [ 120.278700321000088, 23.889073169000028 ], [ 120.283863406000023, 23.898327126000027 ], [ 120.31247235, 23.953326995000054 ], [ 120.363036181000098, 24.048336036000023 ], [ 120.421100307000074, 24.141109120000067 ], [ 120.4272003210001, 24.150000140000031 ], [ 120.471909225000104, 24.19304506800006 ], [ 120.476382311000066, 24.210273232000077 ], [ 120.509282287000019, 24.289300162000075 ], [ 120.54498232100002, 24.36221802600005 ], [ 120.558872309000094, 24.385273122000058 ], [ 120.571663428000079, 24.402218145000063 ], [ 120.578600291000043, 24.410273154000038 ], [ 120.594436221000024, 24.427991156000076 ], [ 120.628591303, 24.463609048000023 ], [ 120.642763425000112, 24.479164184000069 ], [ 120.650545184000066, 24.493882135000035 ], [ 120.656645198000092, 24.511109126000065 ], [ 120.665818185000035, 24.533053954000025 ], [ 120.696218174000023, 24.59860915400003 ], [ 120.751391214000023, 24.647500125000079 ], [ 120.862482277000026, 24.739026988000035 ], [ 120.871600279000063, 24.739991074000045 ], [ 120.9033182390001, 24.836664090000056 ], [ 120.921100279000029, 24.875827024000046 ], [ 120.951391303000037, 24.92332710200003 ], [ 120.958700323000016, 24.933045080000056 ], [ 121.001663444000087, 25.00166420100004 ], [ 121.009163403000116, 25.008891078000033 ], [ 121.060536256000091, 25.048609062000025 ], [ 121.194700351000051, 25.110000132000039 ], [ 121.223600315000112, 25.115553982000051 ], [ 121.275872378000031, 25.118909090000045 ], [ 121.310527189000027, 25.126109145000044 ], [ 121.338591310000083, 25.132500178000043 ], [ 121.363036292000061, 25.143327083000031 ], [ 121.373718190000091, 25.150973222000061 ], [ 121.389363347000085, 25.15826413700006 ], [ 121.409418224000092, 25.15527313900003 ], [ 121.418054267000116, 25.149164240000061 ], [ 121.441109194000092, 25.129100143000073 ], [ 121.444118298000035, 25.134745019000036 ], [ 121.395818251000037, 25.178327060000072 ], [ 121.396518308000054, 25.189018010000041 ], [ 121.435254267000118, 25.236664101000031 ], [ 121.442745174000038, 25.243882093000025 ], [ 121.478318307000109, 25.270418025000026 ], [ 121.51527227400004, 25.282218068000077 ], [ 121.563182394000023, 25.28360912900007 ], [ 121.583327293000025, 25.275827035000077 ], [ 121.598036192000109, 25.267218150000076 ], [ 121.608872316000088, 25.259164147000035 ], [ 121.616927158000067, 25.249436110000033 ], [ 121.636654135000072, 25.214435964000074 ], [ 121.681272346000014, 25.168664235000051 ], [ 121.734709326000029, 25.138882159000048 ], [ 121.788600270000074, 25.126582219000056 ], [ 121.881654148000052, 25.114718138000057 ], [ 122.000409287000025, 25.007218050000063 ], [ 121.994982340000092, 24.99527316800004 ], [ 121.978318279000064, 24.986936024000045 ], [ 121.969509234000043, 24.985036014000059 ], [ 121.947200295000016, 24.976382202000025 ], [ 121.913882230000013, 24.960000107000042 ], [ 121.880527285000085, 24.930964189000065 ], [ 121.828327306, 24.866936004000024 ], [ 121.818191238000054, 24.850273116000039 ], [ 121.813872379000031, 24.835000114000024 ], [ 121.805254106, 24.790000023000061 ], [ 121.799709309000036, 24.756664188000059 ], [ 121.800809183000069, 24.745273182000062 ], [ 121.817209214000059, 24.637218044000065 ], [ 121.821109314000068, 24.624718112000039 ], [ 121.828327306, 24.614436031000025 ], [ 121.843600307000088, 24.606382196000027 ], [ 121.849427239000079, 24.59221812100003 ], [ 121.853318286000103, 24.563609009000061 ], [ 121.853045203000079, 24.533609171000023 ], [ 121.839709260000063, 24.476382062000027 ], [ 121.831100207000077, 24.470827040000074 ], [ 121.816672270000026, 24.463882130000059 ], [ 121.803591304000065, 24.455554039000049 ], [ 121.796100229000103, 24.44832699400007 ], [ 121.780545261000043, 24.426382166000053 ], [ 121.776654214000018, 24.414164201000062 ], [ 121.759636268, 24.330827128000067 ], [ 121.772491258000059, 24.301664140000071 ], [ 121.753054127000041, 24.292773120000049 ], [ 121.744982354000058, 24.28638208700005 ], [ 121.676091324000026, 24.20499112400006 ], [ 121.659418210000013, 24.184718150000037 ], [ 121.606227155000056, 24.083191174000035 ], [ 121.602618243000052, 24.058327097000074 ], [ 121.609154116000013, 24.041664208000043 ], [ 121.616091314000073, 24.034164249000071 ], [ 121.61136341800011, 23.983327 ], [ 121.59636333200001, 23.900000154000054 ], [ 121.536927256000013, 23.701382073000048 ], [ 121.496372423000025, 23.485273139000071 ], [ 121.47632726900008, 23.422418085000061 ], [ 121.475809268000035, 23.414718133000065 ], [ 121.47330928100007, 23.401109108000071 ], [ 121.453045192000104, 23.327218105000043 ], [ 121.355554270000084, 23.087500032000037 ], [ 121.259163389000037, 22.900000042000045 ], [ 121.168054113000039, 22.762500117000059 ], [ 121.137500232000093, 22.735273181000025 ], [ 121.128863351000064, 22.728054015000055 ], [ 121.119136153000113, 22.724718018000033 ], [ 121.108318301000054, 22.722218032000058 ], [ 121.079436274000045, 22.709164223000073 ], [ 121.030272388000071, 22.656382205000057 ], [ 121.014427239000042, 22.634991085000024 ], [ 120.969709282000053, 22.568327127000032 ], [ 120.95555425900011, 22.535827136000023 ], [ 120.878591289000042, 22.341382069000076 ], [ 120.872754131000079, 22.320136123000054 ], [ 120.871372291000057, 22.291945101000067 ], [ 120.873027214000103, 22.275000078000062 ], [ 120.879427300000089, 22.232564178000075 ], [ 120.884718292000116, 22.098054078000075 ], [ 120.881363352000108, 22.03694497400005 ], [ 120.82415418000005, 21.927773200000047 ], [ 120.71956328400006, 21.927909154000076 ], [ 120.709018179000054, 21.932218123000041 ], [ 120.699009348000118, 21.943326995000064 ], [ 120.68637228800003, 22.053609036000068 ], [ 120.693036236000012, 22.104444944000022 ], [ 120.69109129900005, 22.11527318900005 ], [ 120.677754183000047, 22.171936028000061 ], [ 120.67499134000002, 22.181935974000055 ], [ 120.629436199000111, 22.277500064000037 ], [ 120.620527242000094, 22.295273219000023 ], [ 120.610263433000114, 22.312773124000046 ], [ 120.574572284000055, 22.364164249000055 ], [ 120.5533092390001, 22.38277308000005 ], [ 120.505545132000066, 22.422500116000037 ], [ 120.488591224000061, 22.429164232000062 ], [ 120.478582393000011, 22.431109169000024 ], [ 120.444700226, 22.453327080000065 ], [ 120.426091227000029, 22.470826985000031 ], [ 120.416900303000034, 22.482500126000048 ], [ 120.38943615900007, 22.478464240000051 ], [ 120.379563283000039, 22.481936024000049 ], [ 120.343600224000056, 22.505554048000079 ], [ 120.328600305, 22.51944504100004 ], [ 120.307082283000113, 22.540436009000075 ], [ 120.303700353000067, 22.550873155000033 ], [ 120.327854148000029, 22.52494507800003 ], [ 120.329991366000058, 22.536109103000058 ], [ 120.321927304000042, 22.55444501900007 ], [ 120.312763370000084, 22.572500141000035 ], [ 120.296100314000114, 22.596936071000073 ], [ 120.267909291000024, 22.612500092000062 ], [ 120.253327294000087, 22.628054055000064 ], [ 120.244709189000105, 22.640273193000041 ], [ 120.240254207000021, 22.649436122000054 ], [ 120.238591238000026, 22.66082712900004 ], [ 120.25151831200003, 22.68235403500006 ], [ 120.228672429000085, 22.736727106000046 ], [ 120.206382266000105, 22.773327022000046 ], [ 120.199709265000024, 22.786945100000025 ], [ 120.172763290000034, 22.881664126000032 ], [ 120.16748235600005, 22.908044993000033 ], [ 120.163882329000103, 22.953609019000055 ], [ 120.135536241000068, 23.022773131000065 ], [ 120.107754255000032, 23.013609029000065 ], [ 120.064418307000096, 23.035000149000041 ], [ 120.053936234000048, 23.044373128000075 ], [ 120.049145138000085, 23.060827139000025 ], [ 120.055118250000078, 23.073882121000054 ], [ 120.067491280000013, 23.079164229000071 ], [ 120.086927237000054, 23.079164229000071 ], [ 120.097554149000075, 23.087909069000034 ], [ 120.092763389000083, 23.126936048000061 ], [ 120.084854225000072, 23.133609049000029 ], [ 120.064845281000089, 23.138045087000023 ], [ 120.057345154000018, 23.144991171000072 ], [ 120.056509311000013, 23.155964088000076 ], [ 120.083327210000107, 23.228053987000067 ], [ 120.0997181890001, 23.266935960000069 ], [ 120.109709250000037, 23.286945072000037 ], [ 120.13000032900004, 23.317500126000027 ], [ 120.143945134000091, 23.322500099000024 ], [ 120.147763426000097, 23.394718074000025 ], [ 120.134718167000074, 23.466109091000078 ], [ 120.128863408000029, 23.493327142000055 ], [ 120.125163300000054, 23.508754035000038 ] ] ], [ [ [ 119.700563409000097, 25.426091090000057 ], [ 119.696372290000113, 25.428053964000071 ], [ 119.691654117000098, 25.436936099000036 ], [ 119.669709288000035, 25.48193602300006 ], [ 119.691918314000077, 25.598745052000027 ], [ 119.723036298000011, 25.638882131000059 ], [ 119.756936235000012, 25.660827127000061 ], [ 119.779636272000062, 25.655545019000044 ], [ 119.826663443000029, 25.582773168000074 ], [ 119.842627281000091, 25.541945085000066 ], [ 119.825336253000046, 25.54444507200003 ], [ 119.805327309000063, 25.527909085000033 ], [ 119.764718329000061, 25.41596424200003 ], [ 119.760336270000039, 25.403673187000038 ], [ 119.743591239000011, 25.40499115700004 ], [ 119.712200341000084, 25.420273211000051 ], [ 119.700563409000097, 25.426091090000057 ] ] ], [ [ [ 121.129963392000036, 28.098609125000053 ], [ 121.121082263000062, 28.108054021000044 ], [ 121.121091315000058, 28.135827122000023 ], [ 121.200954257000035, 28.204091185000038 ], [ 121.2380362990001, 28.201109072000065 ], [ 121.265400364000016, 28.182354061000069 ], [ 121.239436245000093, 28.086935983000046 ], [ 121.204991317, 28.055273176000071 ], [ 121.189418243000091, 28.049164110000049 ], [ 121.170818297000096, 28.046945085000061 ], [ 121.147209326000052, 28.047218 ], [ 121.128309308000098, 28.05944501700003 ], [ 121.129963392000036, 28.098609125000053 ] ] ], [ [ [ 122.123263346000044, 29.686353988000064 ], [ 122.100745195000059, 29.714927058000058 ], [ 122.065682353000057, 29.72527317600003 ], [ 122.033672367, 29.713535997000065 ], [ 122.030818329000112, 29.728053956000053 ], [ 122.035536167000032, 29.73943607800004 ], [ 122.058454135000034, 29.77624503800007 ], [ 122.109282331000031, 29.788609016000066 ], [ 122.181927280000082, 29.698053951000077 ], [ 122.184709234000024, 29.687773212000025 ], [ 122.179354204000106, 29.668253939000067 ], [ 122.16845420900006, 29.653882160000023 ], [ 122.127345165000065, 29.665409121000039 ], [ 122.121918218000019, 29.683054033000076 ], [ 122.123263346000044, 29.686353988000064 ] ] ], [ [ [ 121.969991361000098, 30.066664238000044 ], [ 121.963672412000051, 30.139027052000074 ], [ 121.980263383000079, 30.146382172000074 ], [ 122.044436240000095, 30.140273106000052 ], [ 122.106372302000068, 30.132500064000055 ], [ 122.163182327000072, 30.119853951000039 ], [ 122.286927214000116, 30.067500081000048 ], [ 122.324018309000053, 30.020827130000043 ], [ 122.326382341000112, 30.010136012000032 ], [ 122.293872291000071, 29.932636097000056 ], [ 122.278118169000095, 29.931245036000064 ], [ 122.256382385000052, 29.952500034000025 ], [ 122.246372381000015, 29.964717999000072 ], [ 122.237200232000077, 29.971109033000062 ], [ 122.175809329000117, 29.993882161000045 ], [ 122.070272283, 30.015135985000029 ], [ 122.059982323000099, 30.015000030000067 ], [ 122.046236170000043, 30.009582136000063 ], [ 122.008045201000073, 30.00444503500006 ], [ 121.96983629500005, 30.056391210000072 ], [ 121.969991361000098, 30.066664238000044 ] ] ], [ [ [ 122.086700310000083, 30.30084505800005 ], [ 122.088591268000073, 30.30277323100006 ], [ 122.107209319000049, 30.314164237000057 ], [ 122.117200212000057, 30.318882075000033 ], [ 122.174145186000032, 30.335418062000031 ], [ 122.209836168000038, 30.339582191000034 ], [ 122.219154162000109, 30.334300083000073 ], [ 122.235263342000053, 30.311109033000037 ], [ 122.213191276000089, 30.242909175000079 ], [ 122.199709320000011, 30.237773080000068 ], [ 122.184709234000024, 30.239436050000052 ], [ 122.142491264000114, 30.250000098000044 ], [ 122.130536155000073, 30.254718103000073 ], [ 122.098600266000062, 30.271382165000034 ], [ 122.076382355000078, 30.285136030000047 ], [ 122.078882342000043, 30.295000189000064 ], [ 122.086700310000083, 30.30084505800005 ] ] ], [ [ [ 121.203854228000068, 31.800536016000024 ], [ 121.219991235000066, 31.810273106000068 ], [ 121.239154110000072, 31.817082228000061 ], [ 121.275818231000017, 31.820000137000079 ], [ 121.311654220000037, 31.820000137000079 ], [ 121.333054225000069, 31.818327109000052 ], [ 121.42733621900004, 31.775554089000025 ], [ 121.458600215000047, 31.75527323600005 ], [ 121.467209268000033, 31.748326985000062 ], [ 121.478045224000084, 31.736109020000072 ], [ 121.48663617200009, 31.715826994000054 ], [ 121.47387237800001, 31.714718068000025 ], [ 121.466654218000031, 31.705545081000025 ], [ 121.493591308000077, 31.675000084000033 ], [ 121.564700357000106, 31.635827092000056 ], [ 121.612200267000048, 31.616391135000072 ], [ 121.676091324000026, 31.594164172000035 ], [ 121.748600319000047, 31.570273233000023 ], [ 121.76360929000009, 31.567500164000023 ], [ 121.785809264000022, 31.566391071000055 ], [ 121.80137227900002, 31.564718043000028 ], [ 121.814700343000027, 31.56082699600006 ], [ 121.854291257000114, 31.545273201000043 ], [ 121.867200226000023, 31.535000173000071 ], [ 121.873600312, 31.523609166000028 ], [ 121.875527312000031, 31.512773210000034 ], [ 121.873600312, 31.499718060000077 ], [ 121.866654229000119, 31.486935993000031 ], [ 121.831100207000077, 31.452773199000035 ], [ 121.818600275000108, 31.450691135000056 ], [ 121.78470922300005, 31.456664247000049 ], [ 121.749709245000076, 31.464718082000047 ], [ 121.707491275000052, 31.477773232000061 ], [ 121.546372320000046, 31.531109126000047 ], [ 121.401927317000059, 31.598327128000051 ], [ 121.381091247000086, 31.610000102000072 ], [ 121.361100240000042, 31.621936099000038 ], [ 121.351382262000016, 31.628327133000028 ], [ 121.316091264000079, 31.655273108000074 ], [ 121.298600244000113, 31.668882133000068 ], [ 121.21775410500004, 31.765273182000044 ], [ 121.203854228000068, 31.800536016000024 ] ] ], [ [ [ 119.712736280000058, 32.266736131000073 ], [ 119.7181722790001, 32.273745079000037 ], [ 119.734154222000029, 32.284436028000073 ], [ 119.750545201000023, 32.290836114000058 ], [ 119.76389137000001, 32.291935988000034 ], [ 119.780272291000074, 32.289718136000033 ], [ 119.800263298000118, 32.283882152000047 ], [ 119.815263384000104, 32.274709165000047 ], [ 119.825672367000038, 32.265973210000027 ], [ 119.834991367000043, 32.250273235000066 ], [ 119.897345183000084, 32.071109048000039 ], [ 119.785327249000034, 32.128809064000052 ], [ 119.819600349000098, 32.192345064000051 ], [ 119.788227220000067, 32.206991099000049 ], [ 119.746400350000044, 32.22930003700003 ], [ 119.718509232000088, 32.246036015000072 ], [ 119.712736280000058, 32.266736131000073 ] ] ], [ [ [ 121.409418224000092, 39.361382176000063 ], [ 121.381927258000019, 39.369154044000027 ], [ 121.298027257000058, 39.389991120000047 ], [ 121.282491232000098, 39.38054505100007 ], [ 121.259018215000083, 39.380409096000051 ], [ 121.255827224000086, 39.409427077000032 ], [ 121.263327184000104, 39.435964183000067 ], [ 121.337200249000034, 39.478600075000031 ], [ 121.393054235000022, 39.479153951000058 ], [ 121.414018213000077, 39.476653964000036 ], [ 121.430545147000089, 39.470827033000035 ], [ 121.442891355000029, 39.462491063000073 ], [ 121.451518177000025, 39.444636100000025 ], [ 121.43498235800007, 39.388745067000059 ], [ 121.421372327000086, 39.365544964000037 ], [ 121.409418224000092, 39.361382176000063 ] ] ], [ [ [ 97.649982210000076, 23.851700107000056 ], [ 97.645536113000048, 23.869164138000031 ], [ 97.633872360000055, 23.888400103000038 ], [ 97.581372309000074, 23.921109139000066 ], [ 97.547618217000036, 23.929991106000045 ], [ 97.537209235000034, 23.948609157000078 ], [ 97.644145220000041, 24.053054041000053 ], [ 97.694700334000061, 24.093473087000064 ], [ 97.721227214000066, 24.11443606000006 ], [ 97.736372307000067, 24.135273136000023 ], [ 97.748454150000043, 24.161244966000027 ], [ 97.759300333000056, 24.260554090000028 ], [ 97.712772388000076, 24.375273176000064 ], [ 97.665118251000081, 24.442218096000033 ], [ 97.543045218000032, 24.476664197000048 ], [ 97.556636139000034, 24.536945001000049 ], [ 97.561791345000074, 24.565136024000026 ], [ 97.568191263000074, 24.666664173000072 ], [ 97.560327194000081, 24.716127125000071 ], [ 97.552554152000084, 24.73992703600004 ], [ 97.578600246000065, 24.761944955000047 ], [ 97.67137232400006, 24.822773097000038 ], [ 97.689418226000043, 24.834445065000068 ], [ 97.73664522200005, 24.918882178000047 ], [ 97.722763281000084, 24.981382175000078 ], [ 97.725818150000066, 25.064718074000041 ], [ 97.757636190000085, 25.091391134000048 ], [ 97.789427240000066, 25.13750015100004 ], [ 97.806091301000038, 25.170273225000074 ], [ 97.814700187000085, 25.208882115000051 ], [ 97.827354178000064, 25.250900093000041 ], [ 97.852200319000076, 25.266936015000056 ], [ 97.885609244000079, 25.247218090000047 ], [ 97.908945133000032, 25.211727101000065 ], [ 97.944972397000072, 25.216173197000046 ], [ 98.065818151000087, 25.310691058000032 ], [ 98.124691298000073, 25.39000012300005 ], [ 98.135545192000052, 25.410273097000072 ], [ 98.168045183000061, 25.550273177000065 ], [ 98.167354179000085, 25.571109079000053 ], [ 98.191082341000083, 25.615273160000072 ], [ 98.227200297000081, 25.593054075000055 ], [ 98.30759129900008, 25.552354068000056 ], [ 98.36137227200004, 25.569445104000067 ], [ 98.383045191000065, 25.59194498200003 ], [ 98.438582341000085, 25.691109099000073 ], [ 98.477909225000076, 25.764164091000055 ], [ 98.482563360000086, 25.796735999000077 ], [ 98.540782216000082, 25.844891207000046 ], [ 98.583318195000061, 25.823745006000024 ], [ 98.628591201000063, 25.803327025000044 ], [ 98.710400253000046, 25.855973089000031 ], [ 98.71429130000007, 25.892500082000026 ], [ 98.655254203000084, 25.953882100000044 ], [ 98.60580918900007, 25.989227077000066 ], [ 98.575272406000067, 26.083327016000055 ], [ 98.569445140000084, 26.125273077000031 ], [ 98.591091237000057, 26.137500095000064 ], [ 98.648663345000045, 26.14784504000005 ], [ 98.647354092000057, 26.120691194000074 ], [ 98.655336178000084, 26.100136085000031 ], [ 98.679018240000062, 26.106382111000073 ], [ 98.708600323000041, 26.132500122000067 ], [ 98.731091316000061, 26.184718038000028 ], [ 98.704154226000071, 26.247636123000063 ], [ 98.726654104000033, 26.36277313100004 ], [ 98.745818153000073, 26.426109138000072 ], [ 98.775545243000067, 26.605827034000072 ], [ 98.778454099000044, 26.639582131000054 ], [ 98.77777231500005, 26.791664221000076 ], [ 98.760545157000081, 26.894164168000032 ], [ 98.738591276000079, 27.005553962000079 ], [ 98.710818175000043, 27.132773148000069 ], [ 98.691227152000067, 27.208044986000061 ], [ 98.69345422400005, 27.228609147000043 ], [ 98.712209235000046, 27.25319109000003 ], [ 98.735745117000079, 27.321591108000064 ], [ 98.732100330000037, 27.363091084000075 ], [ 98.702482372000077, 27.379854052000042 ], [ 98.685809258000063, 27.469300191000059 ], [ 98.696991220000086, 27.529718123000066 ], [ 98.646100327000056, 27.605273101000023 ], [ 98.533327184000086, 27.650827069000059 ], [ 98.458882304000042, 27.672500156000069 ], [ 98.42609129300007, 27.632773120000024 ], [ 98.42428231100007, 27.590827059000048 ], [ 98.407000335000077, 27.556945059000043 ], [ 98.376791286000071, 27.533053953000035 ], [ 98.347354209000059, 27.52874498400007 ], [ 98.319918228000063, 27.540135990000067 ], [ 98.303172359000087, 27.573326986000041 ], [ 98.292072373000053, 27.632500037000057 ], [ 98.263318254000069, 27.69694497100005 ], [ 98.230272265000053, 27.751391132000037 ], [ 98.19581828400004, 27.840000086000032 ], [ 98.146236142000078, 28.008327142000041 ], [ 98.156236255000067, 28.121109170000068 ], [ 98.144991261000087, 28.148882104000052 ], [ 98.136218259000032, 28.156318025000076 ], [ 98.016345141000045, 28.215654021000034 ], [ 98.020336268000051, 28.269300045000023 ], [ 97.902072307000083, 28.37895394700007 ], [ 97.853318297000044, 28.372354036000047 ], [ 97.837000240000066, 28.355409013000042 ], [ 97.804636203000086, 28.345764125000073 ], [ 97.743382260000033, 28.420344959000033 ], [ 97.73664522200005, 28.456382113000075 ], [ 97.722072277000052, 28.501527044000056 ], [ 97.706100225000057, 28.519027117000064 ], [ 97.558872263000069, 28.546527135000076 ], [ 97.496372267000083, 28.416936038000074 ], [ 97.482754189000048, 28.337500071000079 ], [ 97.468882307000058, 28.297709165000072 ], [ 97.445536192000077, 28.292153975000076 ], [ 97.415818154000078, 28.295000134000077 ], [ 97.360118228000033, 28.244926980000059 ], [ 97.348872396000047, 28.222773107000023 ], [ 97.307136218000039, 28.234227145000034 ], [ 97.248027204000039, 28.286664164000058 ], [ 97.237900189000072, 28.309027081000067 ], [ 97.149154106000083, 28.373054093000064 ], [ 97.128182249000076, 28.381936061000033 ], [ 97.098736120000069, 28.380273091000049 ], [ 97.053245185000037, 28.358054007000078 ], [ 97.013882258000081, 28.333882107000079 ], [ 96.984709212000041, 28.332500098000025 ], [ 96.814700243000061, 28.366664233000051 ], [ 96.778663424000058, 28.376800133000074 ], [ 96.757491239000046, 28.406109134000076 ], [ 96.744709172000057, 28.422909150000066 ], [ 96.675263260000065, 28.458327050000037 ], [ 96.653872308000075, 28.467491152000036 ], [ 96.598727264000047, 28.468464124000036 ], [ 96.451154135000081, 28.416109080000069 ], [ 96.401927217000036, 28.351109097000062 ], [ 96.361645132000035, 28.39277319100006 ], [ 96.340272284000037, 28.525000061000071 ], [ 96.395400229000074, 28.568464252000069 ], [ 96.43026341500007, 28.590691048000053 ], [ 96.615427200000056, 28.760727007000071 ], [ 96.613727182000048, 28.795691110000064 ], [ 96.60193619100005, 28.813891072000047 ], [ 96.533872288000055, 28.896382075000076 ], [ 96.484418221000055, 28.968327135000038 ], [ 96.495818279000048, 29.036109072000045 ], [ 96.470827132000068, 29.056664181000031 ], [ 96.347136225000042, 29.033264254000073 ], [ 96.318600203000074, 29.015691091000065 ], [ 96.297209251000083, 28.992773124000053 ], [ 96.282209164000051, 28.974991084000067 ], [ 96.268327224000075, 28.959436115000074 ], [ 96.25027226900005, 28.940827117000026 ], [ 96.22330919500007, 28.921935983000026 ], [ 96.175327158000073, 28.901382215000069 ], [ 96.149709212000062, 28.93680011500004 ], [ 96.148882254000057, 29.059718043000032 ], [ 96.21887231900007, 29.147218072000044 ], [ 96.258745200000078, 29.164509100000032 ], [ 96.287491272000068, 29.167218131000027 ], [ 96.317491277000045, 29.170827043000031 ], [ 96.348872285000084, 29.181382206000023 ], [ 96.391727279000065, 29.257564151000054 ], [ 96.358454141000038, 29.286245012000052 ], [ 96.341663345000086, 29.273891093000032 ], [ 96.292482360000065, 29.242354014000057 ], [ 96.261936190000085, 29.243745075000049 ], [ 96.233182239000087, 29.255973098000027 ], [ 96.213318302000062, 29.277218038000058 ], [ 96.186854119000031, 29.312909020000063 ], [ 96.180682356000034, 29.351454040000078 ], [ 96.147763270000041, 29.395545030000051 ], [ 96.083145166000065, 29.464436060000025 ], [ 96.052345192000075, 29.461245069000029 ], [ 96.014363268000068, 29.432909040000027 ], [ 95.948872274000053, 29.395826997000029 ], [ 95.928318171000058, 29.391382074000035 ], [ 95.789700267000057, 29.342773238000063 ], [ 95.624691271000074, 29.255000127000073 ], [ 95.54136341800006, 29.191109070000039 ], [ 95.525272344000086, 29.136109033000025 ], [ 95.461436272000071, 29.054091104000065 ], [ 95.439145103000044, 29.041382127000077 ], [ 95.387772251000058, 29.035273228000051 ], [ 95.354009274000077, 29.042218138000067 ], [ 95.129972401000032, 29.117500034000045 ], [ 94.982454090000033, 29.140054059000079 ], [ 94.86408233800006, 29.174991173000024 ], [ 94.792263342000069, 29.260800069000027 ], [ 94.697354214000086, 29.336527044000036 ], [ 94.647509215000071, 29.333464129000049 ], [ 94.593172354000046, 29.272400120000043 ], [ 94.581200314000057, 29.231527110000059 ], [ 94.538854101000084, 29.214754083000059 ], [ 94.481436220000035, 29.218564161000074 ], [ 94.42775415300008, 29.21550912500004 ], [ 94.308145233000062, 29.141236075000052 ], [ 94.234554134000064, 29.073482134000074 ], [ 94.191672317000041, 29.008927063000044 ], [ 94.187445156000081, 28.974827134000066 ], [ 94.152454231000036, 28.93070010100007 ], [ 94.094554222000056, 28.893554021000057 ], [ 94.021100252000053, 28.836027007000041 ], [ 94.00929132400006, 28.808809124000049 ], [ 93.985363337000081, 28.727064110000072 ], [ 93.96172720800007, 28.669200144000058 ], [ 93.892936258000077, 28.686736091000057 ], [ 93.858509267000045, 28.690382219000071 ], [ 93.731936159000043, 28.677600152000025 ], [ 93.689627161000033, 28.664226993000057 ], [ 93.647291342000074, 28.647464193000076 ], [ 93.595209213000032, 28.653609134000078 ], [ 93.544036185000039, 28.665227122000033 ], [ 93.525000212000066, 28.675591178000047 ], [ 93.502063302000067, 28.679164215000071 ], [ 93.440482297000074, 28.655691198000056 ], [ 93.390445185000033, 28.635554011000067 ], [ 93.351936207000051, 28.618764221000049 ], [ 93.328663350000056, 28.595018121000066 ], [ 93.320391249000068, 28.54047322200006 ], [ 93.281518162000054, 28.492964091000033 ], [ 93.215536155000052, 28.418318047000071 ], [ 93.238163270000086, 28.387444983000023 ], [ 93.237663374000078, 28.343082084000059 ], [ 93.222054091000075, 28.319300110000029 ], [ 93.126245249000078, 28.316536093000025 ], [ 93.045709241000054, 28.310264250000046 ], [ 92.929872344000046, 28.23256417500005 ], [ 92.887336197000081, 28.198718050000025 ], [ 92.852872326000067, 28.200091174000079 ], [ 92.83003616600007, 28.212764108000044 ], [ 92.752900193000073, 28.168918037000026 ], [ 92.710445183000047, 28.141900146000069 ], [ 92.687145168000086, 28.114764237000031 ], [ 92.675245213000039, 28.080709067000043 ], [ 92.686527254000055, 28.060164185000076 ], [ 92.720772358000033, 28.041144976000055 ], [ 92.719572405000065, 27.97902702600004 ], [ 92.699418286000082, 27.955544957000029 ], [ 92.643727245000036, 27.916245063000076 ], [ 92.544982223000034, 27.861936030000038 ], [ 92.452472331000081, 27.826391060000049 ], [ 92.341372383000078, 27.806391169000051 ], [ 92.331100193000054, 27.794718027000044 ], [ 92.314700329000061, 27.796109088000037 ], [ 92.265536108000049, 27.868400153000039 ], [ 92.257345145000045, 27.819718059000024 ], [ 92.190245160000075, 27.81250006700003 ], [ 92.146100190000084, 27.818326999000078 ], [ 92.118318204000047, 27.81250006700003 ], [ 92.074436259000038, 27.786664192000046 ], [ 92.046354201000042, 27.750273153000023 ], [ 92.014427196000042, 27.734718017000034 ], [ 91.978318293000086, 27.728609119000055 ], [ 91.884718250000049, 27.73110910500003 ], [ 91.824418168000079, 27.766391050000038 ], [ 91.657763301000045, 27.764718022000068 ], [ 91.656645155000035, 27.777773172000025 ], [ 91.653045128000031, 27.836109039000064 ], [ 91.656718246000082, 27.869435989000067 ], [ 91.673945236000066, 27.897982069000079 ], [ 91.677063304000058, 27.929164090000029 ], [ 91.662763274000042, 27.945000187000062 ], [ 91.638736213000072, 27.957773202000055 ], [ 91.606936111000039, 27.969436117000043 ], [ 91.520536123000056, 27.991382119000036 ], [ 91.501118271000053, 27.989518152000073 ], [ 91.485263398000086, 27.989300054000068 ], [ 91.450000228000079, 27.997218103000023 ], [ 91.419436121000047, 28.010554046000038 ], [ 91.356936125000061, 28.041945112000064 ], [ 91.326100276000034, 28.063054097000077 ], [ 91.301372321000031, 28.081109052000045 ], [ 91.218872265000073, 28.074718018000056 ], [ 91.164991212000075, 28.026109015000031 ], [ 91.145545197000047, 28.002082122000047 ], [ 91.131645151000043, 27.98360907700004 ], [ 91.112345149000078, 27.971936104000065 ], [ 91.086927195000044, 27.969991167000046 ], [ 91.020400197000072, 27.976936077000062 ], [ 90.993454222000082, 27.992354085000045 ], [ 90.967754133000085, 28.019164105000073 ], [ 90.951382265000063, 28.032500048000031 ], [ 90.917900250000059, 28.046526996000068 ], [ 90.868872318000058, 28.050553997000065 ], [ 90.840272259000074, 28.048054011000033 ], [ 90.756654225000034, 28.064718073000051 ], [ 90.650545198000032, 28.078609065000023 ], [ 90.626654091000034, 28.075409022000031 ], [ 90.55615423900008, 28.075136108000038 ], [ 90.532482236000078, 28.080554002000042 ], [ 90.510554171000081, 28.079164115000026 ], [ 90.466382212000042, 28.071664156000054 ], [ 90.376500214000032, 28.079582204000076 ], [ 90.353318216000048, 28.098473170000034 ], [ 90.356645162000063, 28.132500177000054 ], [ 90.366382251000061, 28.150553958000046 ], [ 90.379291220000084, 28.169582219000063 ], [ 90.395400232000043, 28.200544970000067 ], [ 90.388972318000071, 28.242564121000044 ], [ 90.346509261000051, 28.259300100000075 ], [ 90.319427164000047, 28.264300072000026 ], [ 90.286518304000083, 28.275409112000034 ], [ 90.248872327000072, 28.284718053000063 ], [ 90.225536270000077, 28.290273076000062 ], [ 90.178591242000039, 28.300553983000043 ], [ 90.020682220000083, 28.325000139000053 ], [ 89.998191227000063, 28.323691053000061 ], [ 89.863036223000051, 28.271382110000047 ], [ 89.836654183000064, 28.251664186000028 ], [ 89.791854084000079, 28.194718038000076 ], [ 89.746372368000038, 28.175553990000026 ], [ 89.721236214000044, 28.174436012000058 ], [ 89.692754172000036, 28.173609053000064 ], [ 89.626509309000085, 28.159436093000068 ], [ 89.588191270000038, 28.141664112000058 ], [ 89.48749125300003, 28.057773163000036 ], [ 89.467754218000039, 28.034164191000059 ], [ 89.456100187000061, 28.017218162000063 ], [ 89.450427148000074, 28.008382128000051 ], [ 89.409427236000056, 27.950000160000059 ], [ 89.39803622900007, 27.933053964000067 ], [ 89.386936243000036, 27.915273097000068 ], [ 89.359982221000053, 27.871664234000036 ], [ 89.269145189000085, 27.827500154000063 ], [ 89.236991203000059, 27.807218127000056 ], [ 89.218454121000036, 27.778191094000078 ], [ 89.200272264000034, 27.73804496200006 ], [ 89.17956326400008, 27.696800131000032 ], [ 89.166227153000079, 27.675000142000044 ], [ 89.128036184000052, 27.623327050000057 ], [ 89.128582349000055, 27.571664184000042 ], [ 89.104982262000078, 27.550554025000054 ], [ 89.086382316000083, 27.538327008000067 ], [ 89.057618139000056, 27.523609056000055 ], [ 89.015536123000061, 27.509854018000055 ], [ 88.984982242000058, 27.488882161000049 ], [ 88.967491222000035, 27.466382115000044 ], [ 88.956236170000068, 27.430827088000058 ], [ 88.946636209000076, 27.385273120000079 ], [ 88.935527169000068, 27.368327091000026 ], [ 88.92360022400004, 27.345553963000043 ], [ 88.916927223000073, 27.320827013000041 ], [ 88.895827123000061, 27.333327113000053 ], [ 88.823318296000082, 27.386664181000071 ], [ 88.799709157000052, 27.41638221900007 ], [ 88.781245165000087, 27.443609155000047 ], [ 88.764636256000074, 27.542427100000054 ], [ 88.801372294000032, 27.615827091000028 ], [ 88.813309298000036, 27.632218070000079 ], [ 88.830545173000075, 27.654582161000064 ], [ 88.854991329000086, 27.724027067000065 ], [ 88.881091234000053, 27.839582164000035 ], [ 88.877200187000085, 27.875553940000032 ], [ 88.873027173000082, 27.895545114000072 ], [ 88.835754191000035, 28.008054060000063 ], [ 88.773318232000065, 28.051109047000068 ], [ 88.740536105000047, 28.069718045000059 ], [ 88.624354210000035, 28.11680003400005 ], [ 88.553463258000079, 28.068473165000057 ], [ 88.509154171000034, 28.040554051000072 ], [ 88.390827178000052, 27.98360907700004 ], [ 88.331372327000054, 27.979718030000072 ], [ 88.138118161000079, 27.949373194000032 ], [ 88.122063296000078, 27.907009043000073 ], [ 88.132063410000058, 27.878464137000037 ], [ 88.142791240000065, 27.866054059000078 ], [ 88.091663307000033, 27.89221800200005 ], [ 88.054427205000081, 27.89860903500005 ], [ 88.027772250000055, 27.888609090000045 ], [ 88.003054185000053, 27.885827136000046 ], [ 87.976927122000063, 27.890000150000049 ], [ 87.872618192000061, 27.91721803400003 ], [ 87.849009221000074, 27.910691046000068 ], [ 87.825272342000062, 27.86971812400003 ], [ 87.804563341000062, 27.843882081000061 ], [ 87.780272250000053, 27.825000167000042 ], [ 87.751391229000035, 27.813053944000046 ], [ 87.720536270000082, 27.805000108000058 ], [ 87.660536260000072, 27.82888216200007 ], [ 87.626082279000059, 27.813609161000045 ], [ 87.590545189000068, 27.814854041000046 ], [ 87.536654078000083, 27.840273168000067 ], [ 87.408872299000052, 27.843053949000023 ], [ 87.329163417000075, 27.822218046000046 ], [ 87.306091223000067, 27.816391114000055 ], [ 87.192745092000052, 27.823054057000036 ], [ 87.141518253000072, 27.844027088000075 ], [ 87.09707237300006, 27.89124503000005 ], [ 87.086518216000059, 27.924300072000051 ], [ 87.032554182000069, 27.963253961000078 ], [ 86.947072348000063, 27.947636128000056 ], [ 86.903591225000071, 27.969718085000068 ], [ 86.759991286000059, 28.030553938000025 ], [ 86.756100239000034, 28.055973233000032 ], [ 86.756100239000034, 28.08221814500007 ], [ 86.728591336000079, 28.100554061000025 ], [ 86.695263380000085, 28.111664107000024 ], [ 86.588600309000071, 28.11305399400004 ], [ 86.569436260000032, 28.100418107000053 ], [ 86.54109134600003, 28.024164246000055 ], [ 86.53776339500007, 27.959718139000074 ], [ 86.51776333600003, 27.940273129000047 ], [ 86.45137229200003, 27.908882064000068 ], [ 86.352063336000072, 27.945000187000062 ], [ 86.223045226000067, 28.011391063000076 ], [ 86.196918163000078, 28.072082077000061 ], [ 86.214572295000039, 28.112353937000023 ], [ 86.197691310000039, 28.15805408500006 ], [ 86.096227198000065, 28.086735991000069 ], [ 86.103863280000041, 28.026945026000078 ], [ 86.123872391000077, 27.980827124000029 ], [ 86.135963287000038, 27.935336021000069 ], [ 86.089418243000068, 27.890827109000043 ], [ 86.069718256000044, 27.888044987000058 ], [ 86.005400225000074, 27.886245058000043 ], [ 85.976372353000045, 27.910135996000065 ], [ 85.951663340000039, 28.01305403300006 ], [ 85.887772283000061, 28.148609021000027 ], [ 85.869418262000067, 28.167336037000041 ], [ 85.847209236000083, 28.173609053000064 ], [ 85.820545229000061, 28.185273142000028 ], [ 85.780818193000073, 28.206109045000062 ], [ 85.742482217000031, 28.242636038000057 ], [ 85.72137239400007, 28.27916420400004 ], [ 85.583600225000055, 28.282500034000066 ], [ 85.458882199000072, 28.301664250000044 ], [ 85.436918260000084, 28.300136061000046 ], [ 85.413882275000049, 28.279718081000055 ], [ 85.397218213000031, 28.266391190000036 ], [ 85.376645167000049, 28.263609068000051 ], [ 85.283872251000048, 28.272218121000037 ], [ 85.236927223000066, 28.278609155000026 ], [ 85.139982298000064, 28.295273216000055 ], [ 85.110954091000053, 28.306664223000041 ], [ 85.103318177000062, 28.316391086000067 ], [ 85.113600258000076, 28.395827053000062 ], [ 85.135127164000039, 28.465273133000039 ], [ 85.181927186000053, 28.530000034000068 ], [ 85.195182327000055, 28.591036047000046 ], [ 85.106936142000052, 28.636664110000027 ], [ 85.072218299000042, 28.641382116000045 ], [ 85.052272387000073, 28.634226988000023 ], [ 85.031663298000069, 28.60388215200004 ], [ 84.94720925300004, 28.542082212000025 ], [ 84.846645190000061, 28.544445070000052 ], [ 84.823318186000051, 28.551935977000028 ], [ 84.703109289000054, 28.607218149000062 ], [ 84.708454093000057, 28.651527069000053 ], [ 84.636382299000047, 28.702773187000048 ], [ 84.570827266000038, 28.712491165000074 ], [ 84.486227208000059, 28.734018072000026 ], [ 84.45915416400004, 28.759164117000068 ], [ 84.430263252000032, 28.81250017900004 ], [ 84.405545188000076, 28.849164132000055 ], [ 84.388600164000081, 28.863327034000065 ], [ 84.326518257000032, 28.871800132000033 ], [ 84.244427238000071, 28.91360906500006 ], [ 84.236927279000042, 28.918882121000024 ], [ 84.232754097000054, 28.976109062000035 ], [ 84.239972257000034, 29.053891112000031 ], [ 84.162072357000056, 29.130000134000056 ], [ 84.159427196000081, 29.156664141000078 ], [ 84.180400227000064, 29.183327143000042 ], [ 84.180954103000033, 29.209718068000029 ], [ 84.116509170000086, 29.260973239000066 ], [ 83.976100221000081, 29.296945015000063 ], [ 83.912491299000067, 29.289718138000069 ], [ 83.750827185000048, 29.242773109000041 ], [ 83.720536160000051, 29.228882117000069 ], [ 83.695118206000075, 29.206382071000064 ], [ 83.688309251000078, 29.183882193000045 ], [ 83.672272323000072, 29.163327084000059 ], [ 83.63610022000006, 29.169435983000028 ], [ 83.628582324000035, 29.165827070000034 ], [ 83.605945150000082, 29.164718145000052 ], [ 83.547909188000062, 29.189027005000071 ], [ 83.414427211000032, 29.36555407700007 ], [ 83.38053615900003, 29.416382106000071 ], [ 83.377482297000086, 29.437636098000041 ], [ 83.37915415100008, 29.466109088000053 ], [ 83.354427201000078, 29.49055407000003 ], [ 83.257491329000061, 29.580000042000052 ], [ 83.191082348000066, 29.631664249000039 ], [ 83.164991328000042, 29.63305396800007 ], [ 83.120809310000084, 29.622082225000042 ], [ 83.059982341000079, 29.623327105000044 ], [ 83.018054218000032, 29.658327083000074 ], [ 82.998600323000062, 29.670000057000038 ], [ 82.908245083000054, 29.690618030000053 ], [ 82.872063257000036, 29.666935968000075 ], [ 82.776654232000055, 29.733882061000031 ], [ 82.65235412800007, 29.838327113000048 ], [ 82.59860031200003, 29.892218057000036 ], [ 82.420818134000058, 30.010273140000038 ], [ 82.224918136000042, 30.075000040000077 ], [ 82.175254186000075, 30.069235973000048 ], [ 82.151236178000033, 30.120409169000027 ], [ 82.111227175000067, 30.334445090000031 ], [ 81.951382269000078, 30.363882167000043 ], [ 81.853045110000039, 30.376664234000032 ], [ 81.80831826900004, 30.363745039000037 ], [ 81.728045117000079, 30.392491111000027 ], [ 81.654982246000031, 30.419164171000034 ], [ 81.630254123000043, 30.424718020000057 ], [ 81.560527250000064, 30.384436102000052 ], [ 81.55053618900007, 30.358327144000043 ], [ 81.545682229000079, 30.332082064000076 ], [ 81.493600267000033, 30.341527128000052 ], [ 81.466382216000056, 30.359436070000072 ], [ 81.446927148000043, 30.377218110000058 ], [ 81.426227200000085, 30.385000036000065 ], [ 81.408600225000043, 30.37555396700003 ], [ 81.390963360000057, 30.315273163000029 ], [ 81.392763290000062, 30.265554060000056 ], [ 81.380818239000064, 30.172500183000068 ], [ 81.298600318000069, 30.078054071000054 ], [ 81.278591207000034, 30.06721811400007 ], [ 81.247482276000085, 30.05638215700003 ], [ 81.253327145000071, 30.028745011000069 ], [ 81.232209275000059, 30.011944994000032 ], [ 81.19984523800008, 30.017773099000067 ], [ 81.160954213000082, 30.03041803800005 ], [ 81.119427247000033, 30.019444954000051 ], [ 81.09610024300008, 30.084718019000036 ], [ 81.073882332000039, 30.128609017000031 ], [ 81.044436203000032, 30.176109095000072 ], [ 81.025363350000077, 30.204354097000078 ], [ 81.030127121000078, 30.213327092000043 ], [ 80.993518153000082, 30.263953955000034 ], [ 80.947763355000063, 30.274853949000033 ], [ 80.902000175000069, 30.285900124000079 ], [ 80.808727194000085, 30.32416418300005 ], [ 80.790954207000084, 30.337082205000058 ], [ 80.773882282000045, 30.360000172000071 ], [ 80.758600228000034, 30.385618118000025 ], [ 80.611791194000034, 30.47208214300008 ], [ 80.585400268000058, 30.476245099000039 ], [ 80.521382309000046, 30.477218071000038 ], [ 80.40279128700007, 30.526373239000065 ], [ 80.316227182000034, 30.566109160000053 ], [ 80.28942722000005, 30.57082699800003 ], [ 80.232754155000066, 30.574164169000028 ], [ 80.207000254000036, 30.575518014000068 ], [ 80.224018200000046, 30.597773140000072 ], [ 80.254227250000042, 30.733745045000035 ], [ 80.18859124800008, 30.795136115000048 ], [ 79.960818225000082, 30.884444959000064 ], [ 79.949809266000045, 30.884900096000024 ], [ 79.929700242000081, 30.887909032000039 ], [ 79.898036262000062, 30.919164143000046 ], [ 79.886036226000044, 30.949782062000054 ], [ 79.863036116000046, 30.965827036000064 ], [ 79.745263335000061, 30.989300053000079 ], [ 79.660545093000053, 30.973609130000057 ], [ 79.632482313000082, 30.956518094000046 ], [ 79.609982268000067, 30.938464145000069 ], [ 79.554291226000032, 30.957082196000044 ], [ 79.41943612700004, 31.052218139000047 ], [ 79.393245194000031, 31.101064183000062 ], [ 79.339709308000067, 31.12055395200008 ], [ 79.314427141000067, 31.134582072000057 ], [ 79.241791244000069, 31.241664239000045 ], [ 79.217900305000057, 31.300973077000037 ], [ 79.220600284000056, 31.325973109000074 ], [ 79.164154201000031, 31.395273176000046 ], [ 79.080818134000083, 31.437291154000036 ], [ 79.044145128000082, 31.426935983000078 ], [ 79.018527182000071, 31.409791135000035 ], [ 78.877654212000039, 31.291627087000052 ], [ 78.817491257000029, 31.28790904300007 ], [ 78.768245229000058, 31.308953990000077 ], [ 78.712491324000041, 31.50270905800005 ], [ 78.721927167000047, 31.52527314200006 ], [ 78.77234515300006, 31.552845077000029 ], [ 78.84248223700007, 31.60750011500005 ], [ 78.764363402000072, 31.675064122000038 ], [ 78.715818269000067, 31.726382157000046 ], [ 78.69289124900007, 31.779718051000032 ], [ 78.736100295000085, 31.889718125000059 ], [ 78.745072284000059, 31.910364094000045 ], [ 78.752782294000042, 31.921382106000067 ], [ 78.761654203000035, 31.939991104000057 ], [ 78.770754100000033, 31.968473147000054 ], [ 78.731654198000058, 32.006526987000029 ], [ 78.687482239000076, 32.030682123000076 ], [ 78.656936237000082, 32.059718042000043 ], [ 78.597491277000074, 32.124853979000079 ], [ 78.579300200000034, 32.161936022000077 ], [ 78.561382205000029, 32.189718008000057 ], [ 78.538036258000034, 32.214436073000059 ], [ 78.47593624600006, 32.243045017000043 ], [ 78.486927268000045, 32.251591205000068 ], [ 78.472345103000066, 32.432353989000035 ], [ 78.416645177000078, 32.510273167000037 ], [ 78.406327222000073, 32.519244988000025 ], [ 78.397072260000073, 32.534573142000056 ], [ 78.405954227000052, 32.556100049000065 ], [ 78.499436253000056, 32.582635981000067 ], [ 78.536100206000071, 32.571935979000045 ], [ 78.57220927700007, 32.566664097000057 ], [ 78.638600321000069, 32.577773136000076 ], [ 78.663872262000041, 32.585545004000039 ], [ 78.682618221000041, 32.59901807600005 ], [ 78.705545241000038, 32.629227125000057 ], [ 78.746227143000056, 32.639018026000031 ], [ 78.769091299000081, 32.625754 ], [ 78.77540924200008, 32.598327071000028 ], [ 78.765000259000033, 32.546109156000057 ], [ 78.774427218000085, 32.489991140000029 ], [ 78.785545142000046, 32.471791179000036 ], [ 78.802763248000076, 32.452764258000059 ], [ 78.922618261000082, 32.364854019000063 ], [ 78.971100195000076, 32.350827072000072 ], [ 79.078045233000068, 32.381382127000052 ], [ 79.122818175000077, 32.457835980000027 ], [ 79.139572258000044, 32.479854067000076 ], [ 79.172618247000059, 32.495273080000061 ], [ 79.208600248000039, 32.505827070000066 ], [ 79.23081815900008, 32.511935969000035 ], [ 79.253172360000065, 32.516000186000042 ], [ 79.30227237500003, 32.495618080000042 ], [ 79.452763245000085, 32.59901807600005 ], [ 79.476382274000059, 32.621654076000027 ], [ 79.490536124000073, 32.637773146000029 ], [ 79.502491232000068, 32.654709117000039 ], [ 79.515409254000076, 32.674582106000059 ], [ 79.530272380000042, 32.728045070000064 ], [ 79.528736145000039, 32.756664240000077 ], [ 79.44818219900003, 32.884300174000032 ], [ 79.415263280000033, 32.910273178000068 ], [ 79.398036122000065, 32.921664184000065 ], [ 79.37386338400006, 32.937209094000025 ], [ 79.356582246000073, 32.968400168000073 ], [ 79.366091180000069, 33.06110016100007 ], [ 79.375118155000052, 33.099435969000069 ], [ 79.274700272000075, 33.189427099000056 ], [ 79.251372262000075, 33.194291118000024 ], [ 79.223309147000066, 33.203609112000038 ], [ 79.18858225200006, 33.222209058000033 ], [ 79.183872293000036, 33.225818138000079 ], [ 79.148882206000053, 33.235545001000048 ], [ 79.101091276000034, 33.253327041000034 ], [ 78.994772366000063, 33.317700058000071 ], [ 78.946227232000069, 33.38485402200007 ], [ 78.936509254000043, 33.408000145000074 ], [ 78.899018174000048, 33.42762704200004 ], [ 78.854427120000082, 33.460409168000069 ], [ 78.834300158000076, 33.482209157000057 ], [ 78.813863402000038, 33.520409178000079 ], [ 78.806718165000063, 33.549018123000053 ], [ 78.805672271000049, 33.616382138000063 ], [ 78.810391283000058, 33.657773149000036 ], [ 78.814991271000054, 33.70360908400005 ], [ 78.817763334000063, 33.749718101000042 ], [ 78.816936208000072, 33.769991075000064 ], [ 78.811927182000034, 33.817218070000024 ], [ 78.807209177000061, 33.837209077000068 ], [ 78.763318179000066, 33.958600158000024 ], [ 78.746654117000048, 33.996382089000065 ], [ 78.732754072000034, 34.038609112000074 ], [ 78.735809275000065, 34.068327150000073 ], [ 78.751236168000048, 34.094153973000061 ], [ 78.774563340000043, 34.109718161000046 ], [ 78.795818170000075, 34.11639116200007 ], [ 78.81608226000003, 34.120273156000053 ], [ 78.854009198000085, 34.130409057000065 ], [ 78.898036150000053, 34.145964193000054 ], [ 78.950272339000037, 34.175827070000025 ], [ 78.978736109000067, 34.197491104000051 ], [ 79.001236154000082, 34.224573201000055 ], [ 79.012082337000038, 34.257909036000058 ], [ 79.010272349000047, 34.289436056000056 ], [ 79.002209293000078, 34.310545041000069 ], [ 78.985354124000082, 34.350009053000065 ], [ 78.951382270000067, 34.38081808000004 ], [ 78.709845157000075, 34.521382093000057 ], [ 78.65360023900007, 34.546244997000031 ], [ 78.62553611900006, 34.55499117800008 ], [ 78.605254092000052, 34.559436101000074 ], [ 78.582491190000042, 34.561936088000039 ], [ 78.487763279000035, 34.571664125000041 ], [ 78.456100304000074, 34.573882144000038 ], [ 78.400127128000065, 34.583882090000031 ], [ 78.365536187000032, 34.594153944000027 ], [ 78.337072250000062, 34.611800198000026 ], [ 78.304145116000029, 34.648745112000029 ], [ 78.291363385000068, 34.669991058000051 ], [ 78.27859120800008, 34.721927006000044 ], [ 78.230118159000085, 34.863882081000042 ], [ 78.212491184000044, 34.88777318700005 ], [ 78.195818238000072, 34.901927036000075 ], [ 78.181091234000064, 34.921382104000031 ], [ 78.17276331000005, 34.945827087000055 ], [ 78.168318219000071, 34.977209100000039 ], [ 78.118591237000032, 35.116245093000032 ], [ 78.089982293000048, 35.155544987000042 ], [ 78.053318172000047, 35.216100047000054 ], [ 78.023045085000035, 35.28069116000006 ], [ 78.024018223000041, 35.324300191000077 ], [ 78.034427206000032, 35.355273167000064 ], [ 78.07096325200007, 35.438600182000073 ], [ 78.085536196000078, 35.473809037000024 ], [ 78.071800268000061, 35.499026998000033 ], [ 78.041445206000049, 35.505618024000057 ], [ 77.989082283000073, 35.492909047000069 ], [ 77.949563286000057, 35.456445086000031 ], [ 77.91205410200007, 35.437254048000057 ], [ 77.882345116000067, 35.44276414400008 ], [ 77.855545154000083, 35.46124506700005 ], [ 77.829991246000077, 35.49082715000003 ], [ 77.823927274000084, 35.501326992000031 ], [ 77.78352717100006, 35.503745004000052 ], [ 77.752772292000031, 35.487491152000075 ], [ 77.713391261000083, 35.463527124000052 ], [ 77.684700174000056, 35.462353992000033 ], [ 77.618863342000054, 35.473318025000026 ], [ 77.561372371000061, 35.48081815200004 ], [ 77.535536160000049, 35.483882073000075 ], [ 77.507218235000039, 35.484164207000049 ], [ 77.483736166000085, 35.48081815200004 ], [ 77.453045157000076, 35.472764149000056 ], [ 77.421645206000051, 35.472764149000056 ], [ 77.392909192000047, 35.481518041000072 ], [ 77.25139131800006, 35.533609054000067 ], [ 77.10941813900007, 35.556100048000076 ], [ 76.895263362000037, 35.612500198000077 ], [ 76.772763355000052, 35.65777320400008 ], [ 76.756663396000079, 35.669718087000035 ], [ 76.736645232000058, 35.696100127000079 ], [ 76.71914515900005, 35.710136127000055 ], [ 76.693318168000076, 35.723182224000027 ], [ 76.624418253000044, 35.749436021000065 ], [ 76.594145166000033, 35.757218115000057 ], [ 76.572072262000063, 35.788882096000066 ], [ 76.570691260000046, 35.821518042000037 ], [ 76.553036122000037, 35.906654038000056 ], [ 76.440536229000031, 35.859164186000044 ], [ 76.384991200000059, 35.841382146000058 ], [ 76.296936122000034, 35.822491181000032 ], [ 76.229427268000052, 35.813327078000043 ], [ 76.180609219000075, 35.814573132000078 ], [ 76.15637227600007, 35.830964111000071 ], [ 76.153591328000061, 35.868327115000056 ], [ 76.154991273000064, 35.898882170000036 ], [ 76.127209288000074, 35.97235407800008 ], [ 76.109009158000049, 35.991800093000052 ], [ 76.085309159000076, 36.001809091000041 ], [ 76.058727127000054, 36.004854069000032 ], [ 76.029163316000052, 36.002218128000038 ], [ 76.007763311000076, 36.00165402600004 ], [ 75.986509152000053, 36.006100123000067 ], [ 75.968036108000035, 36.014991143000032 ], [ 75.95318220200005, 36.028873083000065 ], [ 75.928872335000051, 36.070818139000039 ], [ 75.918727215000047, 36.109945030000063 ], [ 75.941645182000059, 36.129435973000056 ], [ 75.990963295000029, 36.159582158000035 ], [ 76.041654196000081, 36.23750904700006 ], [ 76.010691278000081, 36.442082136000067 ], [ 76.002063282000051, 36.464436001000024 ], [ 75.904018148000034, 36.622954051000079 ], [ 75.859836131000066, 36.663427077000051 ], [ 75.838600244000077, 36.678573176000043 ], [ 75.789709273000085, 36.709664169000064 ], [ 75.754082329000084, 36.72945401000004 ], [ 75.71249132500003, 36.746600199000056 ], [ 75.664700228000072, 36.758536029000027 ], [ 75.63916325100007, 36.763545055000066 ], [ 75.551791298000069, 36.76810916900007 ], [ 75.524145099000066, 36.732818003000034 ], [ 75.47276336200008, 36.725582074000044 ], [ 75.451791337000031, 36.731691140000066 ], [ 75.435254177000047, 36.74349118400005 ], [ 75.425391192000063, 36.764045119000059 ], [ 75.423036212000056, 36.801553968000064 ], [ 75.424427273000049, 36.833636038000066 ], [ 75.425809281000056, 36.858227033000048 ], [ 75.399018204000072, 36.911554042000034 ], [ 75.376363261000051, 36.924891159000026 ], [ 75.315809207000029, 36.940154102000065 ], [ 75.277209201000062, 36.946253948000049 ], [ 75.239154187000054, 36.952654034000034 ], [ 75.212072258000035, 36.958900061000065 ], [ 75.181782239000029, 36.971245096000075 ], [ 75.147863359000041, 36.997191109000028 ], [ 75.014163286000041, 36.992345028000045 ], [ 74.982618161000062, 36.986927133000052 ], [ 74.817491315000041, 37.021764167000072 ], [ 74.696509271000082, 37.060791147000032 ], [ 74.675672363000047, 37.060091090000071 ], [ 74.56542720200008, 37.027818081000078 ], [ 74.528872381000042, 37.049236023000049 ], [ 74.394991259000051, 37.146464256000058 ], [ 74.390891334000059, 37.170000137000045 ], [ 74.527827157000047, 37.240800062000062 ], [ 74.607482228000038, 37.250954067000066 ], [ 74.669436227000062, 37.265973096000039 ], [ 74.739709265000045, 37.301400048000062 ], [ 74.760327238000059, 37.299100054000064 ], [ 74.773463357000082, 37.273064186000056 ], [ 74.808727197000053, 37.22422702700004 ], [ 74.915736105000065, 37.23732710400003 ], [ 74.945254151000029, 37.247382203000029 ], [ 75.078872249000085, 37.312682090000067 ], [ 75.096645237000075, 37.321854071000075 ], [ 75.187482269000043, 37.406582205000063 ], [ 75.069436238000037, 37.505764259000046 ], [ 75.038245164000045, 37.522082148000038 ], [ 74.954282299000056, 37.559644977000062 ], [ 74.93553617200007, 37.578809025000055 ], [ 74.921100188000082, 37.604100077000055 ], [ 74.90360028300006, 37.652427113000044 ], [ 74.914427187000058, 37.670345108000049 ], [ 74.939418167000042, 37.686253960000045 ], [ 74.986500156000034, 37.78657310400007 ], [ 74.959854085000075, 37.806600153000034 ], [ 74.927063242000031, 37.820500198000047 ], [ 74.906163301000049, 37.841809175000037 ], [ 74.909991317000049, 37.915218051000068 ], [ 74.915963255000065, 38.007854007000049 ], [ 74.904854216000047, 38.025909130000059 ], [ 74.863872241000081, 38.04397313700008 ], [ 74.844436116000054, 38.051609051000071 ], [ 74.817691307000075, 38.073964257000057 ], [ 74.792482231000065, 38.195209157000079 ], [ 74.794291213000065, 38.300627013000053 ], [ 74.802900266000051, 38.324927156000058 ], [ 74.819154117000039, 38.343264246000047 ], [ 74.841236241000047, 38.361882129000037 ], [ 74.86221815600004, 38.385264119000055 ], [ 74.868172325000046, 38.420900115000052 ], [ 74.854427177000048, 38.472564155000043 ], [ 74.793172229000049, 38.523682197000028 ], [ 74.677763312000081, 38.563818103000074 ], [ 74.394991259000051, 38.65992701600004 ], [ 74.35470917300006, 38.674382111000057 ], [ 74.145191265000051, 38.676809175000074 ], [ 74.122754083000075, 38.666882152000028 ], [ 74.062136159000033, 38.594236029000058 ], [ 74.075891198000079, 38.567082183000025 ], [ 74.078745236000032, 38.545073150000064 ], [ 73.967345216000069, 38.534100065000075 ], [ 73.939418223000075, 38.539936049000062 ], [ 73.84220926900008, 38.591045039000051 ], [ 73.81400919400005, 38.612709073000076 ], [ 73.804145202000029, 38.634100193000052 ], [ 73.802182328000072, 38.64983604300005 ], [ 73.763045211000076, 38.761609058000033 ], [ 73.723454129000061, 38.838264245000062 ], [ 73.708600223000076, 38.858409143000074 ], [ 73.708182301000079, 38.88652707600005 ], [ 73.723309290000032, 38.912427156000035 ], [ 73.749845222000033, 38.929373185000031 ], [ 73.781100165000055, 38.936591178000072 ], [ 73.819218211000077, 38.937291066000057 ], [ 73.845745091000083, 38.947364102000051 ], [ 73.852345169000046, 38.972564127000055 ], [ 73.84186326400004, 38.996109060000038 ], [ 73.776100192000058, 39.049653999000043 ], [ 73.728382185000044, 39.076253969000049 ], [ 73.620045080000068, 39.235691179000071 ], [ 73.628172341000038, 39.261045095000043 ], [ 73.645536124000046, 39.292991210000025 ], [ 73.66900914100006, 39.341591161000053 ], [ 73.668872349000083, 39.36549115300005 ], [ 73.65568225100003, 39.454827153000053 ], [ 73.785809286000074, 39.467991100000063 ], [ 73.839991250000082, 39.473818031000064 ], [ 73.863727123000047, 39.48520903800005 ], [ 73.954709162000029, 39.599654035000071 ], [ 73.924700272000052, 39.692700202000026 ], [ 73.907409244000064, 39.728200076000064 ], [ 73.862345115000039, 39.745209137000074 ], [ 73.842900273000055, 39.768954063000081 ], [ 73.847827156000051, 39.816944985000077 ], [ 73.990963240000042, 40.042018029000076 ], [ 74.024700233000033, 40.067364234000024 ], [ 74.18928225500008, 40.111736018000045 ], [ 74.225963307000029, 40.11729120800004 ], [ 74.258045209000045, 40.111254058000043 ], [ 74.294845117000079, 40.092709097000068 ], [ 74.322218234000047, 40.092709097000068 ], [ 74.354291251000063, 40.097845025000026 ], [ 74.38360930500005, 40.107709184000043 ], [ 74.414982265000049, 40.122573148000072 ], [ 74.442200317000072, 40.139373164000062 ], [ 74.514709144000051, 40.188264135000054 ], [ 74.552200223000057, 40.222982146000049 ], [ 74.600400190000073, 40.261945087000072 ], [ 74.734282318000055, 40.340764146000026 ], [ 74.760545168000078, 40.344935987000042 ], [ 74.820954215000029, 40.332009081000081 ], [ 74.84887232300008, 40.324927043000059 ], [ 74.880891193000082, 40.327918042000078 ], [ 74.890754178000066, 40.349100117000035 ], [ 74.877200306000077, 40.36520912900005 ], [ 74.845127121000075, 40.392573193000032 ], [ 74.826100200000042, 40.407982149000077 ], [ 74.831936184000028, 40.463553999000055 ], [ 74.845018156000037, 40.503973213000052 ], [ 74.858800184000074, 40.517227013000024 ], [ 74.882336233000046, 40.519245040000044 ], [ 74.907909252000081, 40.508691218000081 ], [ 74.936100275000058, 40.49160906700007 ], [ 74.970963292000079, 40.473827027000027 ], [ 74.991091259000029, 40.465773192000029 ], [ 75.021100317000048, 40.456600205000029 ], [ 75.06609118800003, 40.447573230000046 ], [ 75.233936117000042, 40.450427101000059 ], [ 75.27748228400003, 40.48243608000007 ], [ 75.339709198000037, 40.526536123000028 ], [ 75.486372387000074, 40.60883601900008 ], [ 75.530818267000029, 40.629664210000044 ], [ 75.582836191000069, 40.644527001000029 ], [ 75.604291181000065, 40.628554111000028 ], [ 75.624145227000042, 40.594654006000042 ], [ 75.629836204000071, 40.569800154000063 ], [ 75.628936155000076, 40.537927129000025 ], [ 75.66581820600004, 40.373827067000036 ], [ 75.678863297000078, 40.334936042000038 ], [ 75.688172239000039, 40.312027127000079 ], [ 75.703736092000042, 40.298000179000041 ], [ 75.900127269000052, 40.301191170000038 ], [ 75.943027191000056, 40.314945035000051 ], [ 75.966791227000044, 40.345500089000041 ], [ 75.983463336000057, 40.366600190000042 ], [ 76.045254223000029, 40.388827153000079 ], [ 76.068054173000064, 40.395773236000025 ], [ 76.099427134000052, 40.398282107000057 ], [ 76.223600169000065, 40.40382707200007 ], [ 76.314991244000055, 40.384664197000063 ], [ 76.334400212000048, 40.35323608300007 ], [ 76.450263260000042, 40.404109039000048 ], [ 76.493463253000073, 40.436744985000075 ], [ 76.514154149000035, 40.458900199000027 ], [ 76.526372282000068, 40.498691105000034 ], [ 76.537491212000077, 40.519664136000074 ], [ 76.551091185000075, 40.539382228000079 ], [ 76.569709236000051, 40.562300195000034 ], [ 76.586654091000071, 40.57758208100006 ], [ 76.630127168000058, 40.602644977000068 ], [ 76.644363327000065, 40.619100162000052 ], [ 76.648463251000067, 40.704518126000039 ], [ 76.648391335000042, 40.741264222000041 ], [ 76.791027187000054, 40.950909032000027 ], [ 76.870672367000054, 41.012582070000065 ], [ 76.897218189000057, 41.021045110000045 ], [ 76.921372320000046, 41.027436143000045 ], [ 77.021445203000042, 41.049591190000058 ], [ 77.073318288000053, 41.046535986000038 ], [ 77.109145224000031, 41.027164234000054 ], [ 77.139982246000045, 41.015982105000035 ], [ 77.274436187000049, 41.006336043000033 ], [ 77.338045110000053, 41.027300189000073 ], [ 77.382063345000063, 41.025082170000076 ], [ 77.436372378000044, 41.012727077000079 ], [ 77.474709192000034, 40.996891147000042 ], [ 77.505827175000036, 40.986064243000044 ], [ 77.543591337000066, 40.986609066000028 ], [ 77.684709227000042, 41.001891120000039 ], [ 77.780272311000033, 41.040791197000033 ], [ 77.827763336000032, 41.062445006000075 ], [ 77.860600280000085, 41.069673224000042 ], [ 77.997754200000031, 41.060227154000074 ], [ 78.02873622900006, 41.05633610700005 ], [ 78.054982315000075, 41.043973135000044 ], [ 78.080827243000044, 41.040791197000033 ], [ 78.138736136000034, 41.069253961000072 ], [ 78.188872322000066, 41.101345084000059 ], [ 78.206372227000031, 41.116053983000029 ], [ 78.236645147000047, 41.145500111000047 ], [ 78.246227171000044, 41.16512700800007 ], [ 78.252209168000036, 41.175509169000065 ], [ 78.265272364000054, 41.198000162000028 ], [ 78.290536258000031, 41.229664143000036 ], [ 78.307482287000084, 41.242027114000052 ], [ 78.326382306000085, 41.253554075000068 ], [ 78.369827219000058, 41.274845115000062 ], [ 78.383318227000075, 41.293835993000073 ], [ 78.376645226000051, 41.318282149000026 ], [ 78.363600303000055, 41.353009045000078 ], [ 78.370536160000029, 41.372582130000069 ], [ 78.395536192000066, 41.39286415600003 ], [ 78.531100233000075, 41.463836078000043 ], [ 78.670818177000058, 41.531891097000027 ], [ 78.695527190000064, 41.543009188000042 ], [ 78.726927140000043, 41.554118060000064 ], [ 78.758318206000069, 41.563135982000063 ], [ 78.958600263000051, 41.641618089000076 ], [ 79.059418129000051, 41.682444998000051 ], [ 79.147218230000078, 41.719936078000046 ], [ 79.340818234000039, 41.792173163000029 ], [ 79.526654080000071, 41.831344982000076 ], [ 79.659009193000031, 41.883282104000045 ], [ 79.693736256000079, 41.884818172000053 ], [ 79.722209246000034, 41.881900096000038 ], [ 79.75331817700004, 41.882453972000064 ], [ 79.791645100000039, 41.894882155000062 ], [ 79.815754135000077, 41.924809070000038 ], [ 79.826236208000068, 41.965854077000074 ], [ 79.844427118000056, 41.992036125000027 ], [ 79.87317235200004, 42.013427077000074 ], [ 79.896382345000063, 42.019954065000036 ], [ 79.923600228000055, 42.024954038000033 ], [ 79.977200320000065, 42.034127025000032 ], [ 80.025272379000057, 42.036345044000029 ], [ 80.06219131000006, 42.034682075000035 ], [ 80.139709162000031, 42.025791222000066 ], [ 80.179700228000058, 42.026618013000075 ], [ 80.213872242000036, 42.030791195000063 ], [ 80.245136238000043, 42.039536035000026 ], [ 80.269436213000063, 42.054264212000078 ], [ 80.28158226100004, 42.083145066000043 ], [ 80.246091272000058, 42.175227145000065 ], [ 80.234027198000035, 42.196218113000043 ], [ 80.285127136000085, 42.216064113000073 ], [ 80.29387231100003, 42.252182237000056 ], [ 80.270518149000054, 42.317836008000029 ], [ 80.253600283000083, 42.334682125000029 ], [ 80.238309177000076, 42.36329106900007 ], [ 80.158036193000044, 42.63245409700005 ], [ 80.171918134000066, 42.660509166000054 ], [ 80.242482192000068, 42.789127123000071 ], [ 80.25795417900008, 42.815654003000077 ], [ 80.281791306000059, 42.829818078000073 ], [ 80.312482315000068, 42.827809104000039 ], [ 80.340818177000074, 42.822191217000068 ], [ 80.36900920000005, 42.824964118000025 ], [ 80.572254092000037, 42.885453967000046 ], [ 80.574500274000059, 42.912182179000069 ], [ 80.550754175000066, 42.930027084000074 ], [ 80.521654218000037, 42.934964192000052 ], [ 80.490127198000039, 42.939400063000051 ], [ 80.442272231000061, 42.956909188000054 ], [ 80.38804517300008, 42.994827074000057 ], [ 80.384045161000074, 43.029054073000054 ], [ 80.615263313000071, 43.13218216000007 ], [ 80.654845175000048, 43.142044978000058 ], [ 80.678036224000039, 43.141909191000025 ], [ 80.712345198000037, 43.121909132000042 ], [ 80.743591257000048, 43.107745057000045 ], [ 80.77456339500003, 43.109273245000054 ], [ 80.803600319000054, 43.124818155000071 ], [ 80.815954071000078, 43.148018090000051 ], [ 80.815263403000074, 43.168300117000058 ], [ 80.777772323000079, 43.271073146000049 ], [ 80.73970021000008, 43.465800180000031 ], [ 80.681654189000085, 43.553291156000057 ], [ 80.619136255000058, 43.665791217000049 ], [ 80.583882306000078, 43.736354102000064 ], [ 80.553709298000058, 43.81322705000008 ], [ 80.543318253000052, 43.820527017000074 ], [ 80.529436145000034, 43.841354035000052 ], [ 80.517763339000055, 43.864973233000057 ], [ 80.508882209000035, 43.894553975000065 ], [ 80.50082720000006, 43.915800088000026 ], [ 80.435809280000058, 44.033864224000069 ], [ 80.36887224000003, 44.113782150000077 ], [ 80.366372253000065, 44.155245078000064 ], [ 80.387072369000066, 44.198582200000033 ], [ 80.396100182000055, 44.231636068000057 ], [ 80.399991229000079, 44.261218151000037 ], [ 80.378309257000069, 44.357744986000057 ], [ 80.356645222000054, 44.424136030000057 ], [ 80.34943611500006, 44.447191125000074 ], [ 80.384991310000032, 44.635800208000035 ], [ 80.512554154000043, 44.70615404800003 ], [ 80.515891325000041, 44.734082214000068 ], [ 80.436372377000055, 44.765536144000066 ], [ 80.281936145000032, 44.819427088000054 ], [ 80.262209169000073, 44.824427061000051 ], [ 80.229572384000051, 44.823873185000025 ], [ 80.151091284000074, 44.808873098000049 ], [ 80.053318227000034, 44.795535981000057 ], [ 80.018609269000081, 44.794009134000078 ], [ 79.99874516400007, 44.799009107000074 ], [ 79.874072233000049, 44.868236084000046 ], [ 79.871054077000053, 44.902818140000079 ], [ 80.076663336000081, 45.024700065000047 ], [ 80.113172392000081, 45.037336119000031 ], [ 80.139709162000031, 45.041927055000031 ], [ 80.16303616600004, 45.041091212000026 ], [ 80.192763257000081, 45.038318143000026 ], [ 80.261382210000079, 45.036091071000044 ], [ 80.40069128500005, 45.050400153000055 ], [ 80.426027264000084, 45.06004504200007 ], [ 80.52499122200004, 45.108591181000065 ], [ 80.743600309000044, 45.149554045000059 ], [ 80.76582727300007, 45.151918077000062 ], [ 80.916927171000054, 45.150254102000076 ], [ 81.003872318000049, 45.168309056000055 ], [ 81.147763276000035, 45.206082103000028 ], [ 81.239291312000034, 45.234554087000049 ], [ 81.396663389000082, 45.27039108200006 ], [ 81.451509199000043, 45.278173176000053 ], [ 81.486509177000073, 45.280945071000076 ], [ 81.531372308000073, 45.289700137000068 ], [ 81.556363288000057, 45.295818088000033 ], [ 81.58276326500004, 45.307200210000076 ], [ 81.605672348000041, 45.31998210900008 ], [ 81.64638224600003, 45.341918053000029 ], [ 81.67928222200004, 45.349700147000078 ], [ 81.713882215000069, 45.351918166000075 ], [ 81.751727179000056, 45.345118096000078 ], [ 81.783182282000041, 45.321373170000072 ], [ 81.797763273000044, 45.305809149000027 ], [ 81.811509259000047, 45.272754108000072 ], [ 81.807618212000079, 45.219518126000025 ], [ 81.824154199000077, 45.196226997000053 ], [ 81.948027161000084, 45.157482152000057 ], [ 81.977200207000067, 45.153864187000067 ], [ 82.013045249000072, 45.159418036000034 ], [ 82.04345412300006, 45.168864106000058 ], [ 82.071927280000068, 45.181364206000069 ], [ 82.123027218000061, 45.198582144000056 ], [ 82.168318161000059, 45.212754098000062 ], [ 82.224427124000044, 45.227754017000052 ], [ 82.270827161000057, 45.23580919300008 ], [ 82.296936119000065, 45.237753962000056 ], [ 82.321936151000045, 45.234009096000079 ], [ 82.348172346000069, 45.219836136000026 ], [ 82.459163329000035, 45.138873153000077 ], [ 82.481654155000058, 45.127473094000038 ], [ 82.514991331000033, 45.119418085000063 ], [ 82.545254192000073, 45.122335994000025 ], [ 82.566372397000066, 45.133027111000047 ], [ 82.586654089000035, 45.152618133000033 ], [ 82.603727187000061, 45.179282141000044 ], [ 82.63234518400003, 45.23303612400008 ], [ 82.642491310000082, 45.266091166000081 ], [ 82.652482203000034, 45.308027001000028 ], [ 82.658600322000041, 45.345527133000076 ], [ 82.659845203000032, 45.385391129000027 ], [ 82.655545119000067, 45.410254033000058 ], [ 82.646236177000048, 45.43580911500004 ], [ 82.610545195000043, 45.455945129000042 ], [ 82.589154075000067, 45.463864183000055 ], [ 82.561654224000051, 45.469700167000042 ], [ 82.525545153000053, 45.475809066000068 ], [ 82.485809232000065, 45.477473209000038 ], [ 82.409845217000054, 45.48456413100007 ], [ 82.353591247000054, 45.499418037000055 ], [ 82.335127255000032, 45.510536129000059 ], [ 82.319718132000048, 45.529418042000032 ], [ 82.314927204000071, 45.544791123000039 ], [ 82.321791312000073, 45.583100109000043 ], [ 82.387072256000067, 45.715118102000076 ], [ 82.413936256000056, 45.761927008000043 ], [ 82.445818166000038, 45.797553952000044 ], [ 82.464427164000085, 45.819436084000074 ], [ 82.480818144000068, 45.840818151000065 ], [ 82.493863403000034, 45.863600164000047 ], [ 82.510818149000045, 45.901927087000047 ], [ 82.520263380000074, 45.932764109000061 ], [ 82.534145153000054, 45.98387309900005 ], [ 82.558872270000052, 46.074991092000062 ], [ 82.560118156000044, 46.108736132000047 ], [ 82.562482356000032, 46.137209122000058 ], [ 82.571382261000053, 46.167764176000048 ], [ 82.607209197000032, 46.230118160000075 ], [ 82.63373624500008, 46.264154051000048 ], [ 82.655545119000067, 46.286100053000041 ], [ 82.671918161000065, 46.301654016000043 ], [ 82.692618276000076, 46.326791176000029 ], [ 82.708882354000082, 46.354154066000035 ], [ 82.757509295000034, 46.474064232000046 ], [ 82.79748225600008, 46.586927062000029 ], [ 82.807482201000084, 46.622753998000064 ], [ 82.815809287000036, 46.641927099000043 ], [ 82.842482347000043, 46.698864194000066 ], [ 82.873872239000036, 46.763600147000034 ], [ 82.898736149000058, 46.805400195000061 ], [ 82.929291204000037, 46.842618025000036 ], [ 82.952836138000066, 46.868045031000065 ], [ 82.971372381000037, 46.89331814600007 ], [ 82.997900267000034, 46.930400188000078 ], [ 83.01123621000005, 46.953182201000061 ], [ 83.018872291000037, 46.97554511900006 ], [ 83.031663411000068, 47.084436100000062 ], [ 83.038382345000059, 47.164573129000075 ], [ 83.034427260000029, 47.200618163000058 ], [ 83.061936163000041, 47.219991088000029 ], [ 83.121372239000038, 47.224709094000048 ], [ 83.155127169000082, 47.224709094000048 ], [ 83.185718266000038, 47.216636148000077 ], [ 83.184709252000061, 47.211664170000063 ], [ 83.230127265000078, 47.184154093000075 ], [ 83.25652724300005, 47.176382225000054 ], [ 83.29914519700003, 47.17249117800003 ], [ 83.328327128000069, 47.167773172000068 ], [ 83.354982251000081, 47.160273213000039 ], [ 83.424982207000085, 47.135691103000056 ], [ 83.443172278000077, 47.124154083000064 ], [ 83.460127192000073, 47.11069107000003 ], [ 83.558727207000061, 47.06332711500005 ], [ 83.612063269000032, 47.048745118000056 ], [ 83.693591191000053, 47.036945074000073 ], [ 83.738591283000062, 47.029436063000048 ], [ 83.760272249000082, 47.025554068000076 ], [ 83.78110027200006, 47.020827010000062 ], [ 83.806091252000044, 47.01193599000004 ], [ 83.853736169000058, 46.991100087000063 ], [ 83.899991199000056, 46.977209094000045 ], [ 83.930263281000066, 46.973318047000078 ], [ 84.085818161000077, 46.971654072000035 ], [ 84.111100328000077, 46.971654072000035 ], [ 84.143182230000036, 46.980409137000038 ], [ 84.179491293000069, 46.998673137000026 ], [ 84.223600221000083, 47.003882154000053 ], [ 84.294709270000055, 47.007500119000042 ], [ 84.319445104000067, 47.006664108000052 ], [ 84.594436238000071, 46.990827005000028 ], [ 84.652354183000057, 46.994436085000075 ], [ 84.678036167000073, 46.993609126000081 ], [ 84.718318252000074, 46.978673245000039 ], [ 84.77429126100003, 46.935682128000053 ], [ 84.781927175000078, 46.914436015000035 ], [ 84.773882224000033, 46.889435983000055 ], [ 84.760272360000045, 46.866664196000045 ], [ 84.74441815800003, 46.833154018000073 ], [ 84.803172282000048, 46.827700081000046 ], [ 84.962836138000057, 46.864509041000076 ], [ 84.97665420900006, 46.875544990000037 ], [ 84.984563373000071, 46.896445098000072 ], [ 85.023318275000065, 46.917636058000028 ], [ 85.064018283000053, 46.92277315900003 ], [ 85.08234514600008, 46.931800134000071 ], [ 85.097763322000048, 46.944991070000071 ], [ 85.098036237000031, 46.948327068000026 ], [ 85.168591242000048, 46.981935985000064 ], [ 85.191927131000057, 47.000136114000043 ], [ 85.205263410000043, 47.017209045000072 ], [ 85.21898223900007, 47.03900014900006 ], [ 85.266927228000043, 47.052627112000039 ], [ 85.298600261000047, 47.050827015000039 ], [ 85.380536214000074, 47.051100097000074 ], [ 85.522563373000082, 47.059109173000081 ], [ 85.565545102000044, 47.136800196000081 ], [ 85.689491322000038, 47.217973229000052 ], [ 85.701382225000032, 47.262218111000038 ], [ 85.702900188000058, 47.375964225000075 ], [ 85.682209292000039, 47.409154047000072 ], [ 85.639436105000073, 47.452773136000076 ], [ 85.62164518000003, 47.473327072000075 ], [ 85.609145248000061, 47.499436029000037 ], [ 85.603872360000082, 47.522218042000077 ], [ 85.612491304000059, 47.561936026000069 ], [ 85.623309156000062, 47.597500106000041 ], [ 85.622209282000085, 47.621100193000075 ], [ 85.585682289000033, 47.764164193000056 ], [ 85.55636339800003, 47.861100065000073 ], [ 85.547200301000032, 47.890273112000045 ], [ 85.537072280000075, 47.937218140000027 ], [ 85.544845154000086, 47.96991812300007 ], [ 85.569609152000055, 47.996382139000048 ], [ 85.579709177000041, 48.01639108300003 ], [ 85.601382264000051, 48.070827018000045 ], [ 85.60581813500005, 48.091936003000058 ], [ 85.603736238000067, 48.12471812900003 ], [ 85.618182281000031, 48.165127117000054 ], [ 85.739154099000075, 48.356382199000052 ], [ 85.76596328100004, 48.393327114000044 ], [ 85.783054149000066, 48.40581816100007 ], [ 85.803591321000056, 48.413882222000041 ], [ 85.83888231800006, 48.420827132000056 ], [ 85.858872319000056, 48.423327119000078 ], [ 85.915263417000062, 48.428882141000031 ], [ 86.030536211000083, 48.437073105000081 ], [ 86.098036181000055, 48.434718125000074 ], [ 86.138882201000058, 48.431936004000079 ], [ 86.161654155000065, 48.428600174000053 ], [ 86.186100311000075, 48.426654064000047 ], [ 86.234909307000066, 48.426591199000029 ], [ 86.297072351000054, 48.45582711000003 ], [ 86.307482340000035, 48.474300154000048 ], [ 86.322482258000036, 48.487773225000069 ], [ 86.344145119000075, 48.49527318500003 ], [ 86.382345140000041, 48.499582154000052 ], [ 86.414991312000041, 48.497491204000028 ], [ 86.437763267000037, 48.493882124000038 ], [ 86.468045239000048, 48.494436 ], [ 86.597909250000043, 48.54277309500003 ], [ 86.605127243000084, 48.570273113000042 ], [ 86.638045156000032, 48.608044987000028 ], [ 86.654436135000083, 48.623882090000052 ], [ 86.709991222000042, 48.668600046000051 ], [ 86.758745232000081, 48.70138217300007 ], [ 86.778882252000074, 48.721100097000033 ], [ 86.807754220000049, 48.823882179000066 ], [ 86.768736126000078, 48.885691172000065 ], [ 86.746372370000074, 48.91089119600008 ], [ 86.734418267000081, 48.941373160000069 ], [ 86.731027284000049, 48.972000132000062 ], [ 86.770827243000042, 49.023609186000044 ], [ 86.876018284000054, 49.110200114000065 ], [ 87.120818137000072, 49.131100054000058 ], [ 87.175400253000078, 49.132218032000026 ], [ 87.201382308000063, 49.123045045000026 ], [ 87.316372297000044, 49.097773104000055 ], [ 87.348209280000049, 49.092618066000057 ], [ 87.373872321000079, 49.084991204000062 ], [ 87.412200250000069, 49.078327088000037 ], [ 87.446636126000044, 49.077491077000047 ], [ 87.466936257000043, 49.07971814900003 ], [ 87.507345245000067, 49.099164164000058 ], [ 87.519291301000067, 49.117218113000035 ], [ 87.705263269000056, 49.163044996000053 ], [ 87.807482255000082, 49.171382140000048 ], [ 87.836109304000047, 49.173327076000078 ], [ 87.840700240000047, 49.172954082000047 ], [ 87.868045194000047, 49.113609034000035 ], [ 87.898882216000061, 49.00555406400008 ], [ 87.892909271000065, 48.983045133000076 ], [ 87.873036114000058, 48.954918148000047 ], [ 87.842209151000077, 48.945264207000037 ], [ 87.812191208000058, 48.939991152000061 ], [ 87.774845136000067, 48.919573171000081 ], [ 87.761100323000051, 48.881036030000075 ], [ 87.842482233000055, 48.794653980000078 ], [ 87.933872303000044, 48.761800104000031 ], [ 87.957491333000064, 48.766382156000077 ], [ 87.991582209000057, 48.765754016000074 ], [ 88.039154204000056, 48.747218107000037 ], [ 88.059418293000078, 48.734991090000051 ], [ 88.086482285000045, 48.696554029000026 ], [ 88.032482209000079, 48.646945064000079 ], [ 87.974363265000079, 48.610764244000052 ], [ 87.967482226000072, 48.587773186000049 ], [ 87.991936261000035, 48.565409095000064 ], [ 88.01360918000006, 48.55638212100007 ], [ 88.047209213000031, 48.544718032000048 ], [ 88.191227241000036, 48.500691079000035 ], [ 88.212627246000068, 48.50166421800003 ], [ 88.241782355000055, 48.505554092000068 ], [ 88.320263288000035, 48.479991131000077 ], [ 88.516791258000069, 48.40581816100007 ], [ 88.591091298000038, 48.348327022000035 ], [ 88.592136186000062, 48.316727080000078 ], [ 88.583045173000073, 48.287218086000053 ], [ 88.598454129000061, 48.230264228000067 ], [ 88.611782361000053, 48.211936023000078 ], [ 88.659854085000063, 48.179991081000026 ], [ 88.861372304000042, 48.116382159000068 ], [ 88.937336152000057, 48.114164140000071 ], [ 88.956372292000083, 48.102773133000028 ], [ 89.019009249000078, 48.050691172000029 ], [ 89.039154147000033, 48.03054510000004 ], [ 89.06331816800008, 48.005827035000038 ], [ 89.085136263000038, 47.993736139000077 ], [ 89.224845154000036, 47.980818118000059 ], [ 89.293354137000051, 48.001173235000067 ], [ 89.389918188000081, 48.046736087000056 ], [ 89.548727259000032, 48.042082119000042 ], [ 89.592763263000052, 48.02728219200003 ], [ 89.602645192000068, 48.007773145000044 ], [ 89.601372316000038, 47.98257312100003 ], [ 89.67026334600007, 47.911427024000034 ], [ 89.785536140000033, 47.829264256000044 ], [ 89.931236249000051, 47.835282127000028 ], [ 89.962627147000035, 47.848209033000046 ], [ 89.968800251000062, 47.87793612300004 ], [ 89.991800194000064, 47.893682199000068 ], [ 90.070963414000062, 47.887909080000043 ], [ 90.090400209000052, 47.862982138000064 ], [ 90.081100320000075, 47.830827145000057 ], [ 90.087072258000035, 47.789582147000033 ], [ 90.100263362000078, 47.768600064000054 ], [ 90.143109304000063, 47.732209193000074 ], [ 90.268327227000043, 47.697073093000029 ], [ 90.351200277000032, 47.627973186000077 ], [ 90.399427234000086, 47.556654086000037 ], [ 90.424991200000079, 47.527773233000062 ], [ 90.465818277000039, 47.50027321400006 ], [ 90.493309243000056, 47.317073141000037 ], [ 90.544145151000066, 47.244436071000052 ], [ 90.581663388000038, 47.196100149000074 ], [ 90.711382225000079, 47.041935995000074 ], [ 90.76901820300003, 46.997491121000053 ], [ 90.810818251000057, 46.99415411800004 ], [ 90.835682329000065, 46.994854006000025 ], [ 90.857209235000084, 46.988600101000031 ], [ 90.890272323000033, 46.970544978000078 ], [ 90.913600333000034, 46.952218115000051 ], [ 90.950272333000044, 46.889991201000043 ], [ 91.029163309000069, 46.751936058000069 ], [ 91.043309279000084, 46.724845076000065 ], [ 91.036372249000067, 46.671109030000025 ], [ 91.02024513200007, 46.60010911300003 ], [ 91.070263301000068, 46.577354090000028 ], [ 91.06109131900007, 46.542773208000028 ], [ 91.053591192000056, 46.523609159000046 ], [ 90.960536141000034, 46.351109089000033 ], [ 90.931227140000033, 46.325264161000064 ], [ 90.921509162000063, 46.296936010000081 ], [ 90.961927202000084, 46.197773234000067 ], [ 90.975263313000085, 46.173327078000057 ], [ 90.989009299000031, 46.155818120000049 ], [ 91.016727247000063, 46.134227008000039 ], [ 91.026654102000066, 46.108045128000072 ], [ 91.026509263000037, 46.017354108000063 ], [ 91.003391304000047, 45.995900124000059 ], [ 90.965000175000057, 45.973045021000075 ], [ 90.945527170000048, 45.958600152000031 ], [ 90.874145206000037, 45.903045065000072 ], [ 90.856936153000049, 45.887218020000034 ], [ 90.719436228000063, 45.735544968000056 ], [ 90.681927211000072, 45.579718179000054 ], [ 90.683872315000031, 45.492073143000027 ], [ 90.718318250000038, 45.469982134000077 ], [ 90.753454182000041, 45.450264210000057 ], [ 90.777209166000034, 45.436382102000039 ], [ 90.807754163000084, 45.371100152000054 ], [ 90.896945156000072, 45.253053953000062 ], [ 91.011382275000074, 45.223600113000032 ], [ 91.038872403000084, 45.224153989000058 ], [ 91.137909283000056, 45.213464213000066 ], [ 91.164291323000043, 45.200827153000034 ], [ 91.190663305000044, 45.170964108000078 ], [ 91.230545239000037, 45.151100171000053 ], [ 91.250545130000035, 45.143609096000034 ], [ 91.285954145000062, 45.134018020000042 ], [ 91.379154203000041, 45.119018101000052 ], [ 91.401927164000085, 45.126100139000073 ], [ 91.443591258000083, 45.15311803000003 ], [ 91.471163361000038, 45.152427026000055 ], [ 91.501936177000061, 45.124435996000045 ], [ 91.530272374000049, 45.096936145000029 ], [ 91.560882247000052, 45.07728209000004 ], [ 91.867754116000071, 45.074718066000059 ], [ 92.013045188000035, 45.082218026000078 ], [ 92.038591217000032, 45.084164136000027 ], [ 92.067491349000079, 45.083054037000068 ], [ 92.092482329000063, 45.079436072000078 ], [ 92.310254232000034, 45.026382145000071 ], [ 92.492763301000082, 45.003327050000053 ], [ 92.653454108000062, 45.022073176000049 ], [ 92.720536156000037, 45.033882104000043 ], [ 92.756945132000055, 45.041382231000057 ], [ 92.788109216000066, 45.04763613700004 ], [ 92.882754146000082, 45.04582715500004 ], [ 92.928654119000043, 45.025691141000038 ], [ 92.990263286000072, 45.009718083000053 ], [ 93.086654167000063, 45.009991166000077 ], [ 93.148609173000068, 45.010827009000025 ], [ 93.172209259000056, 45.013882213000045 ], [ 93.17942725100005, 45.016391084000077 ], [ 93.23304511300006, 44.998045110000078 ], [ 93.260545131000072, 44.989991107000037 ], [ 93.292072319000056, 44.983600073000048 ], [ 93.31749127900008, 44.98499113400004 ], [ 93.370254186000068, 44.990827118000027 ], [ 93.530818259000057, 44.962209121000058 ], [ 93.554700313000069, 44.957218033000061 ], [ 93.574436174000084, 44.950826999000071 ], [ 93.655254150000076, 44.923045013000035 ], [ 93.674991352000063, 44.915827021000041 ], [ 93.716091344000063, 44.896664146000035 ], [ 93.735263271000065, 44.875827070000071 ], [ 93.755554183000072, 44.86250018000004 ], [ 93.835536147000084, 44.82860912700005 ], [ 93.860809261000043, 44.818327047000025 ], [ 93.91970923100007, 44.797773111000026 ], [ 93.970263339000041, 44.777491085000065 ], [ 94.085400178000043, 44.722627002000081 ], [ 94.110809247000077, 44.709991116000026 ], [ 94.246091321000051, 44.63220906600003 ], [ 94.313463383000055, 44.590409185000055 ], [ 94.330272284000046, 44.575000062000072 ], [ 94.343045131000054, 44.557209137000029 ], [ 94.441927281000062, 44.515545043000031 ], [ 94.529982359000087, 44.479991189000032 ], [ 94.603182358000083, 44.451800166000055 ], [ 94.656372407000049, 44.415545082000051 ], [ 94.68470022200006, 44.392491160000077 ], [ 94.702900184000043, 44.372353973000031 ], [ 94.717345221000073, 44.354991196000071 ], [ 95.028736277000064, 44.257082185000058 ], [ 95.179154224000058, 44.272764223000081 ], [ 95.202772248000031, 44.275554055000043 ], [ 95.285809248000078, 44.287773194000067 ], [ 95.410609249000061, 44.294164227000067 ], [ 95.419982228000038, 44.275754048000067 ], [ 95.397345222000069, 44.248191165000037 ], [ 95.375818148000064, 44.226236110000059 ], [ 95.350263402000053, 44.17777312000004 ], [ 95.346100278000051, 44.158044969000059 ], [ 95.341091253000059, 44.019364202000077 ], [ 95.358872287000054, 44.009718140000075 ], [ 95.384154118000083, 44.005554010000026 ], [ 95.426654223000071, 43.998882183000035 ], [ 95.477763381000045, 43.99360912800006 ], [ 95.533391223000081, 43.993118116000062 ], [ 95.627063350000071, 43.859027111000046 ], [ 95.638882336000052, 43.805827003000047 ], [ 95.645827246000067, 43.784718018000035 ], [ 95.656372350000083, 43.759164110000029 ], [ 95.665263370000048, 43.738600116000043 ], [ 95.674700220000034, 43.71943606800005 ], [ 95.720127285000046, 43.632218174000059 ], [ 95.74637236500007, 43.584991179000042 ], [ 95.778591228000039, 43.533882189000053 ], [ 95.807482307000043, 43.488600130000066 ], [ 95.83430020600008, 43.454018074000032 ], [ 95.850954210000054, 43.435127108000074 ], [ 95.865400252000086, 43.410827133000055 ], [ 95.869427254000072, 43.354718170000069 ], [ 95.869982304000075, 43.319436057000075 ], [ 95.879009278000069, 43.283882203000076 ], [ 95.917209299000035, 43.234018093000032 ], [ 95.940263388000062, 43.216664201000071 ], [ 96.123027267000055, 43.081664262000061 ], [ 96.356936178000069, 42.906936114000075 ], [ 96.382063280000068, 42.734991093000076 ], [ 96.398463312000047, 42.731754002000059 ], [ 96.568600189000051, 42.744154022000032 ], [ 96.725818206000042, 42.754436102000057 ], [ 96.761109204000036, 42.756100078000031 ], [ 96.846372270000074, 42.758609117000049 ], [ 96.959718232000057, 42.759991125000056 ], [ 96.998600205000059, 42.761382186000048 ], [ 97.165400246000047, 42.795827114000076 ], [ 97.386154096000041, 42.767345071000079 ], [ 97.44970920600008, 42.757773106000059 ], [ 97.491363409000087, 42.751936116000024 ], [ 97.533054158000084, 42.746100132000038 ], [ 97.602763261000064, 42.736654062000071 ], [ 97.755263273000082, 42.714435984000033 ], [ 97.826518167000074, 42.703991127000052 ], [ 98.074154121000049, 42.666936074000034 ], [ 98.199145229000067, 42.648327075000054 ], [ 98.221372360000032, 42.645827089000079 ], [ 98.319718236000085, 42.640827116000025 ], [ 98.361927154000057, 42.638600044000043 ], [ 98.488309323000067, 42.631664187000069 ], [ 98.769145157000082, 42.615545117000067 ], [ 99.119709206000039, 42.594153997000035 ], [ 99.240372402000048, 42.586791165000079 ], [ 99.302200337000045, 42.583600175000072 ], [ 99.510127193000073, 42.57194497100005 ], [ 99.986372348000032, 42.653600130000029 ], [ 100.031518284000072, 42.649027132000072 ], [ 100.133327228000041, 42.64443602800003 ], [ 100.254991223000047, 42.64110908300006 ], [ 100.31276332300007, 42.689573247000055 ], [ 100.696927237000068, 42.681664251000029 ], [ 100.842482339000071, 42.677073147000044 ], [ 100.972763266000072, 42.652491205000047 ], [ 101.219709222000063, 42.604718045000027 ], [ 101.411372335000067, 42.567500047000067 ], [ 101.595545211000058, 42.530545074000031 ], [ 101.814700296000069, 42.509718057000043 ], [ 101.992200340000068, 42.322773117000054 ], [ 102.035536121000064, 42.276100165000059 ], [ 102.077209267000057, 42.233327146000079 ], [ 102.442463272000055, 42.151100172000042 ], [ 102.471363404000044, 42.154709084000046 ], [ 102.515263286000049, 42.161664220000034 ], [ 102.550263432000065, 42.166664193000031 ], [ 102.712491313000044, 42.161373200000071 ], [ 102.882754253000087, 42.096382102000064 ], [ 103.143882222000059, 41.994154064000043 ], [ 103.352200344000039, 41.912491193000051 ], [ 103.416382253000052, 41.887218078000046 ], [ 103.849427247000051, 41.802491118000034 ], [ 104.069427228000052, 41.804291216000081 ], [ 104.526654180000037, 41.877209080000057 ], [ 104.525272339000082, 41.761382074000039 ], [ 104.523736272000065, 41.670682170000077 ], [ 104.684418194000045, 41.645827145000055 ], [ 104.84763614600007, 41.649718025000027 ], [ 104.930545238000036, 41.651927159000024 ], [ 105.006509253000047, 41.586654094000039 ], [ 105.222491285000046, 41.746800077000046 ], [ 105.350809171000037, 41.785273181000036 ], [ 105.474982373000046, 41.834300106000057 ], [ 105.588318277000042, 41.891382208000039 ], [ 105.855263286000081, 41.987500174000047 ], [ 106.122482215000048, 42.077491137000038 ], [ 106.496372263000069, 42.201664171000061 ], [ 106.781936161000033, 42.295545007000044 ], [ 106.854709186000036, 42.300273239000035 ], [ 106.986100212000053, 42.310818008000069 ], [ 107.017763354000067, 42.315827034000051 ], [ 107.262500343000056, 42.359991114000024 ], [ 107.277209242000083, 42.410545054000067 ], [ 107.475818271000037, 42.466244980000056 ], [ 107.496509334000052, 42.463045105000049 ], [ 107.522763299000076, 42.449709162000033 ], [ 107.544845255000041, 42.430827081000075 ], [ 107.563045217000081, 42.415691208000055 ], [ 107.90776339100006, 42.40832703500007 ], [ 108.224427168000034, 42.458882149000033 ], [ 108.249445137000066, 42.462345048000032 ], [ 108.306645257000071, 42.43707310700006 ], [ 108.527772268000035, 42.442218087000072 ], [ 108.679982266000081, 42.422218028000032 ], [ 108.847072321000041, 42.399991065000052 ], [ 109.000000312000054, 42.45832709900003 ], [ 109.098036226000033, 42.449436079000066 ], [ 109.310672369000088, 42.429991070000028 ], [ 109.320827213000086, 42.447773110000071 ], [ 109.393600237000044, 42.450545005000038 ], [ 109.514009294000061, 42.45651811700003 ], [ 109.54470918800007, 42.47387318300008 ], [ 109.689700188000074, 42.555827074000035 ], [ 109.743872261000035, 42.575827133000075 ], [ 109.934972278000089, 42.64110908300006 ], [ 110.000000256000078, 42.642464269000072 ], [ 110.106372307000072, 42.645764224000061 ], [ 110.133391205000066, 42.673809067000036 ], [ 110.361191217000055, 42.750309189000063 ], [ 110.440536157000054, 42.777773165000042 ], [ 110.448863410000058, 42.797773224000025 ], [ 110.471918170000038, 42.846100093000075 ], [ 110.51554513800005, 42.870545075000052 ], [ 110.564700306000077, 42.896664259000033 ], [ 110.623027289000049, 42.93999115500003 ], [ 110.639972312000054, 42.956654043000071 ], [ 110.673600340000064, 43.003326995000066 ], [ 110.689972376000071, 43.053600141000061 ], [ 110.742754226000045, 43.094153968000057 ], [ 110.871372351000048, 43.202218158000051 ], [ 110.989700349000088, 43.316936071000043 ], [ 111.076927296000065, 43.35916426700004 ], [ 111.225809175000052, 43.405264231000046 ], [ 111.326663419000056, 43.432209033000049 ], [ 111.502772402000062, 43.494436114000052 ], [ 111.638600305000068, 43.543327085000044 ], [ 111.757218317000081, 43.649718080000071 ], [ 111.78386338200005, 43.672491208000054 ], [ 111.897218229000089, 43.674164235000035 ], [ 111.958327165000071, 43.692218017000073 ], [ 111.96442717900004, 43.712209191000056 ], [ 111.976791324000089, 43.769573093000076 ], [ 111.959718225000074, 43.835264247000055 ], [ 111.879436189000046, 43.938882173000025 ], [ 111.808027235000054, 43.99638219600007 ], [ 111.717482229000041, 44.033882161000065 ], [ 111.676645261000033, 44.050136012000053 ], [ 111.556927208000047, 44.174709031000077 ], [ 111.524991319000037, 44.24332714600007 ], [ 111.42941817600007, 44.332835982000063 ], [ 111.421372388000066, 44.375273222000033 ], [ 111.429009307000058, 44.419018040000026 ], [ 111.438863408000088, 44.439154054000028 ], [ 111.458600275000038, 44.458600069000056 ], [ 111.475536246000047, 44.476382109000042 ], [ 111.496091355000033, 44.498882155000047 ], [ 111.515827216000048, 44.521382200000062 ], [ 111.55554520000004, 44.570273171000053 ], [ 111.568600350000054, 44.596936005000032 ], [ 111.571663432000037, 44.620544977000066 ], [ 111.570545119000087, 44.648609097000076 ], [ 111.567900293000037, 44.677082087000031 ], [ 111.630809326000076, 44.774164140000039 ], [ 111.765263436000055, 44.973045078000041 ], [ 111.784991251000065, 45.000545096000053 ], [ 111.873027218000061, 45.049436067000045 ], [ 111.980818158000034, 45.091664263000041 ], [ 112.051091364000058, 45.100545057000033 ], [ 112.08388237500003, 45.091100161000043 ], [ 112.084000225000068, 45.090964206000081 ], [ 112.09720926600005, 45.075273116000062 ], [ 112.23081831200011, 45.071382236000034 ], [ 112.36470027200005, 45.067773157000033 ], [ 112.427200268000092, 45.080554050000046 ], [ 112.500263307000068, 45.03360919000005 ], [ 112.556500345000018, 44.993745026000056 ], [ 112.5924823470001, 44.951100082000039 ], [ 112.607482266000034, 44.926382184000033 ], [ 112.853045207000036, 44.846100148000062 ], [ 113.143045144000098, 44.795127112000046 ], [ 113.242482344000109, 44.788609177000069 ], [ 113.511109266000062, 44.777218170000026 ], [ 113.551936175000037, 44.752491220000081 ], [ 113.638045143000113, 44.74527322800003 ], [ 113.722209174000113, 44.793054100000063 ], [ 113.744709220000118, 44.810273211000037 ], [ 113.817209330000082, 44.861664169000051 ], [ 113.916927156000042, 44.922764220000033 ], [ 113.969982256000094, 44.924018152000031 ], [ 113.990809274000071, 44.925000176000026 ], [ 114.022772321000048, 44.929436047000081 ], [ 114.075545118000036, 44.93915402500005 ], [ 114.131100205000052, 44.980273128000078 ], [ 114.14553618900004, 44.996100173000059 ], [ 114.243045216000041, 45.070827019000035 ], [ 114.337200308000092, 45.129436136000038 ], [ 114.358600313000011, 45.143054047000078 ], [ 114.454009338000105, 45.206109093000066 ], [ 114.541091277000078, 45.322773115000075 ], [ 114.543318181000018, 45.348882241000069 ], [ 114.545254233000037, 45.389436068000066 ], [ 114.74304518800011, 45.440545058000055 ], [ 114.844991259000039, 45.41027314400003 ], [ 114.938027200000079, 45.382764241000075 ], [ 114.9694362030001, 45.384991145000072 ], [ 115.174427212000069, 45.40388211000004 ], [ 115.294709200000057, 45.400545107000028 ], [ 115.392209342000115, 45.398882138000033 ], [ 115.474700345000088, 45.414153965000025 ], [ 115.701927203000082, 45.458600180000076 ], [ 115.800809185000048, 45.545544992000032 ], [ 115.937191300000109, 45.635827142000039 ], [ 116.031372376000036, 45.685545071000035 ], [ 116.088600323000037, 45.683182212000077 ], [ 116.112200242000085, 45.681109032000052 ], [ 116.149991226000111, 45.693318113000032 ], [ 116.189563364000037, 45.708745006000072 ], [ 116.210400273, 45.721927057000073 ], [ 116.280063444, 45.808945126000026 ], [ 116.268463393000047, 45.843182183000067 ], [ 116.239291352, 45.876309141000036 ], [ 116.236091309000017, 45.90096417400008 ], [ 116.264991273000078, 45.950682103000076 ], [ 116.294009254000116, 45.996109169000079 ], [ 116.359145192000028, 46.083744984000077 ], [ 116.384163329000103, 46.112500109000052 ], [ 116.419282330000101, 46.141382136000061 ], [ 116.45942728700004, 46.168054022000035 ], [ 116.540818250000029, 46.225264200000026 ], [ 116.569991296000012, 46.252564226000061 ], [ 116.585536206000029, 46.295827084000052 ], [ 116.671800239000049, 46.327236087000074 ], [ 116.758609264000029, 46.331109029000061 ], [ 116.777063365000117, 46.351109089000033 ], [ 116.819027196000093, 46.383044978000044 ], [ 116.841663363000066, 46.393609194000078 ], [ 116.902209203000098, 46.383882162000077 ], [ 117.078600321000067, 46.361935993000031 ], [ 117.370818277000012, 46.364436147000049 ], [ 117.382209283000066, 46.399018036000029 ], [ 117.375527230000102, 46.418882140000051 ], [ 117.392763440000067, 46.45750008300007 ], [ 117.44386337800006, 46.527773121000052 ], [ 117.424982303000093, 46.570691148000037 ], [ 117.601927297000088, 46.60582708000004 ], [ 117.63275426000007, 46.551100125000062 ], [ 117.716663314000016, 46.513882128000034 ], [ 117.845545134000076, 46.536454091000053 ], [ 117.86297228400008, 46.564091070000075 ], [ 117.876082251000071, 46.581664233000026 ], [ 117.908454167000059, 46.605136076000065 ], [ 117.933591327000045, 46.61943610600008 ], [ 118.117482237000104, 46.678045055000041 ], [ 118.290818319000095, 46.731100156000025 ], [ 118.314709257000118, 46.736382096000057 ], [ 118.409572285000081, 46.719573195000066 ], [ 118.436645162000104, 46.699291168000059 ], [ 118.45623618400009, 46.694291195000062 ], [ 118.774636188000045, 46.686654108000027 ], [ 118.787554210000053, 46.716727036000066 ], [ 118.84171823600002, 46.763253974000065 ], [ 118.866500339000027, 46.772009040000057 ], [ 118.886936257000116, 46.769718098000055 ], [ 118.971918194000068, 46.742218080000043 ], [ 119.019709291000026, 46.717209163000064 ], [ 119.038518282000041, 46.693182102000037 ], [ 119.070600352000042, 46.672664209000061 ], [ 119.091663404000087, 46.666664107000031 ], [ 119.300536241000032, 46.620964127000036 ], [ 119.363036237000074, 46.614436133000027 ], [ 119.395545281000068, 46.617773136000039 ], [ 119.41720026400003, 46.626936065000052 ], [ 119.441082317000109, 46.636527142000034 ], [ 119.462772336000057, 46.639164256000072 ], [ 119.535809223000115, 46.634718159000045 ], [ 119.65262730500001, 46.623045018000028 ], [ 119.679282260000036, 46.604164111000046 ], [ 119.70679133100009, 46.598945035000042 ], [ 119.751391270000113, 46.613609174000032 ], [ 119.854709291000063, 46.656654103000051 ], [ 119.898036187000116, 46.676945014000069 ], [ 119.931509318000053, 46.715127098000039 ], [ 119.922491228000013, 46.902218050000045 ], [ 119.871372347000033, 46.921800188000077 ], [ 119.798736283000039, 46.998054049000075 ], [ 119.789991276000023, 47.019027080000058 ], [ 119.789045126000019, 47.083045039000069 ], [ 119.77527231800002, 47.109991182000044 ], [ 119.72748222700011, 47.166518066000037 ], [ 119.656100263000098, 47.219436039000072 ], [ 119.62552727100001, 47.241382208000061 ], [ 119.498027291000085, 47.321382110000059 ], [ 119.439145260000032, 47.356945016000054 ], [ 119.406700253000054, 47.370573153000066 ], [ 119.338318173000062, 47.419718095000064 ], [ 119.340818327000079, 47.462209148000056 ], [ 119.241091281000081, 47.509436143000073 ], [ 119.149427290000062, 47.533882131000041 ], [ 119.131345178000061, 47.63415400100007 ], [ 119.124972417000095, 47.664982138000028 ], [ 119.05580025800009, 47.685818041000061 ], [ 118.972209214000031, 47.710544990000074 ], [ 118.819763349000027, 47.756382099000064 ], [ 118.767291294000074, 47.772773246000042 ], [ 118.667209191000097, 47.878891158000044 ], [ 118.608018202000039, 47.940844989000027 ], [ 118.539336217000027, 47.994754038000053 ], [ 118.394145225000102, 48.003882098000076 ], [ 118.230272312000011, 48.029991224000071 ], [ 118.055545169000084, 48.013054079000028 ], [ 117.879545151000116, 48.01837323500007 ], [ 117.838318257000083, 48.015273104000073 ], [ 117.804554107000058, 48.011245097000028 ], [ 117.662182284000096, 47.894009093000079 ], [ 117.641345208000075, 47.874154041000054 ], [ 117.616482304000101, 47.849982141000055 ], [ 117.382672299000092, 47.657418141000051 ], [ 117.352463417000081, 47.657409089000055 ], [ 117.327754237000022, 47.669153979000043 ], [ 117.113436181000111, 47.806582155000058 ], [ 116.874691247000101, 47.888045034000072 ], [ 116.792763340000079, 47.881936135000046 ], [ 116.726927178000096, 47.87610015100006 ], [ 116.59220920700011, 47.857218070000044 ], [ 116.507763376000071, 47.845273188000078 ], [ 116.368591261, 47.858891098000072 ], [ 116.262363379000021, 47.878182216000027 ], [ 116.115536239000107, 47.821936125000036 ], [ 116.097209208000095, 47.804436053000074 ], [ 116.039963324000041, 47.752218137000057 ], [ 115.966082379000113, 47.690127009000037 ], [ 115.923118252000108, 47.691864243000055 ], [ 115.594409178000092, 47.917491163000079 ], [ 115.549072301000024, 48.143527120000044 ], [ 115.621372419000068, 48.17304499800008 ], [ 115.835818216, 48.252491191000047 ], [ 115.834427155000071, 48.273882143000037 ], [ 115.831672359000095, 48.306100167000068 ], [ 115.828872300000057, 48.338327076000041 ], [ 115.822218242000076, 48.40304509200007 ], [ 115.811100318000058, 48.520545126000059 ], [ 115.942200325000044, 48.663882208000075 ], [ 115.968045253000014, 48.690545042000053 ], [ 116.08415422600001, 48.815827003000038 ], [ 116.059009187000015, 48.868045086000052 ], [ 116.129963339000028, 48.975545006000061 ], [ 116.279982307000068, 49.199154067000052 ], [ 116.349154131000091, 49.301654014000064 ], [ 116.431091258000038, 49.422491219000051 ], [ 116.500545216000091, 49.524709031000043 ], [ 116.570263373000103, 49.626654097000028 ], [ 116.646654194, 49.738045064000062 ], [ 116.711382268000079, 49.830464264000057 ], [ 116.72082716500006, 49.824164258000053 ], [ 116.752209178000044, 49.809436080000069 ], [ 116.923600323000073, 49.733045091000065 ], [ 116.961382254000114, 49.71638220300008 ], [ 116.983045116000085, 49.709436120000078 ], [ 117.169982344000118, 49.652491146000045 ], [ 117.209991347000027, 49.641936150000049 ], [ 117.23470924500009, 49.636109051000062 ], [ 117.259427309000102, 49.631100193000066 ], [ 117.287491262000117, 49.626654097000028 ], [ 117.318327278000083, 49.62416416800005 ], [ 117.354700212000012, 49.624718045000066 ], [ 117.434418314000027, 49.626654097000028 ], [ 117.494427209000037, 49.623045017000038 ], [ 117.525272277000113, 49.614300177000075 ], [ 117.573318185000062, 49.596100048000039 ], [ 117.738591211000085, 49.535000164000053 ], [ 117.794845181000028, 49.518182211000067 ], [ 117.874709296000105, 49.52057323300005 ], [ 118.049427218, 49.604291179000029 ], [ 118.172209192000082, 49.668882125000039 ], [ 118.205963284000063, 49.690964249000046 ], [ 118.365809195000111, 49.778327150000052 ], [ 118.480672282000114, 49.841727027000047 ], [ 118.492336203000036, 49.869991140000081 ], [ 118.526382320000039, 49.896664200000032 ], [ 118.574572396, 49.922636030000035 ], [ 118.640827150000064, 49.94887323100005 ], [ 118.67470026500007, 49.95527314900005 ], [ 118.715891284, 49.949364243000048 ], [ 118.870818192000115, 49.972491087000037 ], [ 118.921509261000097, 49.98630915800004 ], [ 118.956236156000045, 49.982909122000081 ], [ 119.000263444000097, 49.976936011000078 ], [ 119.066791280000075, 49.983045077000043 ], [ 119.099636271, 49.990445124000075 ], [ 119.135818264000022, 49.994991133000042 ], [ 119.174145187000022, 50.001391219000027 ], [ 119.216582260000109, 50.017082142000049 ], [ 119.321027312000069, 50.096309064000081 ], [ 119.346482314000014, 50.15019112300007 ], [ 119.345945202000053, 50.193264215000056 ], [ 119.3290092310001, 50.210409063000043 ], [ 119.33005411900001, 50.275273259000073 ], [ 119.359991260000015, 50.330273128000044 ], [ 119.347963396000068, 50.34617309600003 ], [ 119.289982251000083, 50.347773201000052 ], [ 119.253118306000033, 50.341235987000061 ], [ 119.198318261000054, 50.345273215000077 ], [ 119.176654226000096, 50.352773174000049 ], [ 119.138600218000079, 50.390273138000055 ], [ 119.166454121000015, 50.412554081000053 ], [ 119.204154245000041, 50.410818021000068 ], [ 119.238036244000114, 50.440964207000036 ], [ 119.255545202, 50.470545116000039 ], [ 119.263318244000061, 50.514164205000043 ], [ 119.294145207000042, 50.597491220000052 ], [ 119.361100353000097, 50.63332704100003 ], [ 119.458800320000023, 50.696236074000069 ], [ 119.506027315000097, 50.749018092000028 ], [ 119.516663447000042, 50.793609147000041 ], [ 119.51943618100006, 50.846382112000072 ], [ 119.520818189000011, 50.902354115000037 ], [ 119.589709219000042, 50.972764113000039 ], [ 119.643872407000117, 50.997918037000034 ], [ 119.665000335000059, 51.003654109000081 ], [ 119.688763366000103, 51.018436098000052 ], [ 119.709991374000083, 51.036664223000059 ], [ 119.74789132300009, 51.076518161000081 ], [ 119.780263406000017, 51.168736028000069 ], [ 119.766245176000098, 51.188600132000033 ], [ 119.77609123000002, 51.21360904900007 ], [ 119.815463377000015, 51.269154078000042 ], [ 119.864318305000097, 51.287182210000026 ], [ 119.95664513700001, 51.389991115000043 ], [ 119.971363423000071, 51.423609084000077 ], [ 119.975191271000085, 51.466727103000039 ], [ 119.983045282000035, 51.493045106000068 ], [ 120.064145224000072, 51.620827052000038 ], [ 120.10770027600006, 51.664218154000082 ], [ 120.161582334000059, 51.666654102000052 ], [ 120.197200226000064, 51.68610011800007 ], [ 120.222209311000029, 51.712491211000042 ], [ 120.310254163000081, 51.773045097000079 ], [ 120.491645254000105, 51.878600080000069 ], [ 120.557482254000092, 51.895273194000026 ], [ 120.621372305000023, 51.903600112000049 ], [ 120.652027272000055, 51.914345042000036 ], [ 120.710963283000069, 51.979991102000042 ], [ 120.776654103000055, 52.115000093000049 ], [ 120.781791371000054, 52.15762710000007 ], [ 120.751663291000114, 52.210545072000059 ], [ 120.72191826300002, 52.25166417500003 ], [ 120.65254527400009, 52.298673241000074 ], [ 120.62590926200005, 52.344227040000078 ], [ 120.663736288000109, 52.405273112000032 ], [ 120.683309205000114, 52.428464162000068 ], [ 120.712172289000023, 52.542664240000079 ], [ 120.465000357, 52.630818057000056 ], [ 120.44026334900002, 52.637218143000041 ], [ 120.289427313000033, 52.61554505600003 ], [ 120.254436220000116, 52.60513607300004 ], [ 120.210536170000069, 52.586382235000031 ], [ 120.185582238000052, 52.579818032000048 ], [ 120.161909229000116, 52.578873224000063 ], [ 120.081927264000115, 52.588045037000029 ], [ 120.040600291000032, 52.606827038000063 ], [ 120.025745211000071, 52.641473132000044 ], [ 120.031436188000043, 52.768191080000065 ], [ 120.116836215000035, 52.806854117000057 ], [ 120.148863299000027, 52.807209175000082 ], [ 120.168736289000094, 52.809718046000057 ], [ 120.268736250000075, 52.857082170000069 ], [ 120.330554127000028, 52.897773124000082 ], [ 120.350691314000073, 52.925282195000079 ], [ 120.469454165000116, 53.020073139000033 ], [ 120.563327290000075, 53.077218105000043 ], [ 120.693863362000116, 53.15915405800007 ], [ 120.830691227000102, 53.263745123000035 ], [ 120.86650927800008, 53.279782218000037 ], [ 121.066091278000044, 53.291382102000057 ], [ 121.107127232000039, 53.278535997000063 ], [ 121.129963392000036, 53.272491136000042 ], [ 121.180545161000055, 53.269991150000067 ], [ 121.211936226000034, 53.271518165000032 ], [ 121.271927184000106, 53.291109187000075 ], [ 121.313454150000098, 53.312073165000072 ], [ 121.333600222000086, 53.319164255000032 ], [ 121.414291295000112, 53.315709067000057 ], [ 121.424136176000047, 53.316109052000058 ], [ 121.473791241000072, 53.32381805600005 ], [ 121.523036263000108, 53.333054075000064 ], [ 121.552754133, 53.339991105000081 ], [ 121.581936232000089, 53.347773200000063 ], [ 121.636109311000041, 53.366100063000033 ], [ 121.777482346000056, 53.401100209000049 ], [ 121.829991281000048, 53.413045092000061 ], [ 121.855554242000039, 53.415827045000071 ], [ 121.953454201000113, 53.422218079000061 ], [ 121.983045169000093, 53.421109153000032 ], [ 122.026091271000041, 53.413973136000038 ], [ 122.061436248000064, 53.412909137000042 ], [ 122.246091252000042, 53.456936089000067 ], [ 122.481654248000041, 53.448873201000026 ], [ 122.612763307000023, 53.456654122000032 ], [ 122.71638223900004, 53.455554081000059 ], [ 122.765682246000097, 53.452354038000067 ], [ 122.814845126000023, 53.449718097000073 ], [ 122.840818297000055, 53.452218084000037 ], [ 122.876663338000071, 53.461936062000063 ], [ 122.923600320000105, 53.478600124000081 ], [ 123.119836264000014, 53.497073168000043 ], [ 123.153318279000018, 53.500545120000027 ], [ 123.175263443000063, 53.510273157000029 ], [ 123.193863389000057, 53.522764204000055 ], [ 123.225809337000101, 53.546109146000049 ], [ 123.254709301000048, 53.55374506000004 ], [ 123.283054215000107, 53.553600053000082 ], [ 123.314418291000038, 53.549436091000075 ], [ 123.339154126000039, 53.542773148000038 ], [ 123.374563308, 53.529164123000044 ], [ 123.442745229000025, 53.522491122000076 ], [ 123.487200329000075, 53.539436145000082 ], [ 123.535263336000071, 53.542218099000081 ], [ 123.614709193000067, 53.543609159000027 ], [ 123.866382375000057, 53.480545061000043 ], [ 123.889972403000115, 53.473045102000071 ], [ 123.910809312000083, 53.464718184000048 ], [ 123.981463391000034, 53.431264164000027 ], [ 124.005127180000045, 53.408464214000048 ], [ 124.021791242000063, 53.385827040000038 ], [ 124.10442725200005, 53.340827116000071 ], [ 124.133182377000026, 53.336236013000075 ], [ 124.159982339000067, 53.349718136000035 ], [ 124.194427267000037, 53.360827008000058 ], [ 124.229427245000011, 53.36305408000004 ], [ 124.269009274000041, 53.346800061000067 ], [ 124.296772317000091, 53.320000099000026 ], [ 124.322209214000054, 53.287918029000082 ], [ 124.338863385000082, 53.255553992000046 ], [ 124.402209283000047, 53.212209159000054 ], [ 124.493309339, 53.188327105000042 ], [ 124.515263388000108, 53.188882155000044 ], [ 124.545818275000101, 53.190409170000066 ], [ 124.614436222000109, 53.191654050000068 ], [ 124.643872293000072, 53.18776417600003 ], [ 124.691782246000116, 53.170545065000056 ], [ 124.818327191000094, 53.126936034000039 ], [ 124.879009320000023, 53.146727049000049 ], [ 124.91900927100005, 53.171936126000048 ], [ 124.963609211000062, 53.182773256000075 ], [ 124.988309338000022, 53.186654077000071 ], [ 125.061918206000087, 53.195545097000036 ], [ 125.134163339000111, 53.197491207000041 ], [ 125.164991308000026, 53.19304511100006 ], [ 125.281100281000022, 53.149718047000079 ], [ 125.356091325000079, 53.118327149000038 ], [ 125.39860919900002, 53.101664261000053 ], [ 125.485527189000095, 53.069164269000055 ], [ 125.568327317000012, 53.056936078000035 ], [ 125.620045168000047, 53.050273136000044 ], [ 125.72748239200007, 52.981518060000042 ], [ 125.722272368000063, 52.945691124000064 ], [ 125.688300347000109, 52.932073213000081 ], [ 125.660263384000018, 52.923600115000056 ], [ 125.644991221000055, 52.897564247000048 ], [ 125.657345140000075, 52.875200156000062 ], [ 125.722491303000083, 52.884718143000043 ], [ 125.74442724700009, 52.889991198000075 ], [ 125.855745124, 52.86283601100007 ], [ 125.875809221000054, 52.83610913900003 ], [ 125.972891274000062, 52.763954028000057 ], [ 126.010954167000023, 52.777973097000029 ], [ 126.064845278, 52.781591229000071 ], [ 126.09679122600005, 52.757218163000061 ], [ 126.037200253000037, 52.716100066000081 ], [ 125.972972411000114, 52.637491225000076 ], [ 125.976645193000081, 52.610827050000069 ], [ 125.994282394000038, 52.576100155000063 ], [ 126.033200241000031, 52.564309164000065 ], [ 126.06040035500007, 52.580553963000057 ], [ 126.08686336400001, 52.589153963000058 ], [ 126.17998228600004, 52.544027137000057 ], [ 126.201782275000028, 52.527773118000027 ], [ 126.21319121800002, 52.510000131000027 ], [ 126.209427241000071, 52.50139107800004 ], [ 126.196354154000119, 52.476445025000032 ], [ 126.209018204000017, 52.460691071000042 ], [ 126.238800280000078, 52.463391217000037 ], [ 126.275672272000065, 52.453464194000048 ], [ 126.333882243000062, 52.395827042000064 ], [ 126.347272333000092, 52.369153982000057 ], [ 126.34860036200007, 52.291664125000068 ], [ 126.327763453000102, 52.234709093000049 ], [ 126.30748226500009, 52.212554047000026 ], [ 126.318882324000015, 52.192218041000046 ], [ 126.351927307000096, 52.183045054000047 ], [ 126.391372376000049, 52.176382111000066 ], [ 126.469845262000035, 52.165691161000041 ], [ 126.490536158000054, 52.159718049000048 ], [ 126.554982264000046, 52.126936091000061 ], [ 126.53457233000006, 52.069445119000079 ], [ 126.509427291000065, 52.037353997000082 ], [ 126.476791345000038, 52.034027052000056 ], [ 126.45456337600001, 52.02069110900004 ], [ 126.441227265000066, 51.994364222000058 ], [ 126.471100368000066, 51.929991205000078 ], [ 126.609154170000011, 51.787218057000075 ], [ 126.71838227100011, 51.710091136000074 ], [ 126.726372404000017, 51.634091079000029 ], [ 126.794427255000073, 51.423118073000069 ], [ 126.868872302000113, 51.405264116000069 ], [ 126.893600257000116, 51.39860905200004 ], [ 126.91388228400001, 51.381382230000042 ], [ 126.890382277000072, 51.350345048000065 ], [ 126.855809273000091, 51.344035989000076 ], [ 126.81984520900005, 51.327353990000063 ], [ 126.807336224000096, 51.304573151000056 ], [ 126.81761830500011, 51.265554050000048 ], [ 126.851100320000114, 51.241245022000044 ], [ 126.893527167000116, 51.241173106000076 ], [ 126.900263367000093, 51.260618115000057 ], [ 126.893772422000097, 51.303154095000082 ], [ 126.937391343000058, 51.314045037000028 ], [ 126.968872430000033, 51.319227065000064 ], [ 126.97519137900008, 51.299718017000032 ], [ 126.932063302000074, 51.242218161000039 ], [ 126.906100357000014, 51.210691141000041 ], [ 126.898745237000071, 51.181100173000061 ], [ 126.912491223000075, 51.125264125000058 ], [ 126.933100311000089, 51.05825399400004 ], [ 127.046109321000017, 50.955354062000026 ], [ 127.106091226000103, 50.929436044000056 ], [ 127.133182376000036, 50.909573113000079 ], [ 127.150545153000053, 50.888464128000066 ], [ 127.193036205000112, 50.824718078000046 ], [ 127.291927240000064, 50.741382178000038 ], [ 127.279209211000079, 50.684709113000054 ], [ 127.309772312000064, 50.648182120000058 ], [ 127.358582314000046, 50.595864125000048 ], [ 127.366918284, 50.576109152000072 ], [ 127.361782357000038, 50.551245075000054 ], [ 127.333172407, 50.524573188000033 ], [ 127.29088235200004, 50.459227033000047 ], [ 127.334018308000054, 50.314718160000041 ], [ 127.351654168000096, 50.29943610600003 ], [ 127.375536222000051, 50.286800052000046 ], [ 127.396100216000036, 50.278327121000075 ], [ 127.434418254000093, 50.265827021000064 ], [ 127.469009195000012, 50.257218136000063 ], [ 127.543318287000034, 50.231100126000058 ], [ 127.575545196, 50.216100207000068 ], [ 127.586063311000089, 50.208564206000062 ], [ 127.587309197000081, 50.197609058000069 ], [ 127.585527204000073, 50.167709133000074 ], [ 127.574436270000092, 50.136936149000064 ], [ 127.550327234000065, 50.108182198000065 ], [ 127.503182382000091, 50.067218160000039 ], [ 127.489554245000022, 50.045418171000051 ], [ 127.485945165000089, 50.01888223900005 ], [ 127.506245129000035, 49.827491203000079 ], [ 127.51500924700008, 49.805882153000027 ], [ 127.535672315000056, 49.785827109000081 ], [ 127.563600313000052, 49.777354011000057 ], [ 127.591663428000061, 49.772491166000066 ], [ 127.628309277000085, 49.765000091000047 ], [ 127.671782353000026, 49.746036035000031 ], [ 127.678454180000017, 49.708182187000034 ], [ 127.688791246000051, 49.670409140000061 ], [ 127.713045289000092, 49.653600071000028 ], [ 127.818318305000048, 49.592627090000065 ], [ 127.838045282000053, 49.586653978000072 ], [ 128.102754167000057, 49.536664140000028 ], [ 128.186763300000052, 49.534164153000063 ], [ 128.214418216000013, 49.536945101000072 ], [ 128.244982323000045, 49.548327055000073 ], [ 128.397754244000112, 49.577073128000052 ], [ 128.513445128000058, 49.587491163000038 ], [ 128.65304522200006, 49.592218053000067 ], [ 128.71190931700005, 49.58443612700006 ], [ 128.790254128000015, 49.568191160000026 ], [ 128.803318330000025, 49.546935995000069 ], [ 128.875245285000119, 49.477764171000047 ], [ 129.002445193000085, 49.43596412200003 ], [ 129.024109227000054, 49.415273227000057 ], [ 129.03926337300004, 49.385136094000075 ], [ 129.052309302000026, 49.363964245000034 ], [ 129.076872302000083, 49.352791168000067 ], [ 129.111782258000062, 49.34675401800007 ], [ 129.136354143000062, 49.352391183000066 ], [ 129.165509252000106, 49.375927064000052 ], [ 129.184709342000019, 49.387518063000073 ], [ 129.390500321000104, 49.427864186000079 ], [ 129.421200215000113, 49.431345023000063 ], [ 129.490200210000012, 49.415800113000046 ], [ 129.511536177000039, 49.404582109000046 ], [ 129.523463457000048, 49.391236108000044 ], [ 129.530718330000013, 49.313864268000032 ], [ 129.552445229000114, 49.287764195000079 ], [ 129.579936195000073, 49.273600120000026 ], [ 129.605209309000088, 49.268327064000061 ], [ 129.653563335000058, 49.277364265000074 ], [ 129.68603616900009, 49.278900165000039 ], [ 129.725536224000052, 49.262173239000049 ], [ 129.736600336000038, 49.227654047000044 ], [ 129.732091375000095, 49.202309183000068 ], [ 129.746318314000064, 49.181554082000048 ], [ 129.773563355000078, 49.170164249000038 ], [ 129.912709319000101, 49.071718125000075 ], [ 129.907636256000046, 49.041727005000041 ], [ 130.110509326000056, 48.932209058000069 ], [ 130.20067228500011, 48.878736036000078 ], [ 130.224609325000074, 48.864645051000082 ], [ 130.264282381000044, 48.860273218000032 ], [ 130.352172336000081, 48.884991115000048 ], [ 130.380245174000038, 48.891382149000037 ], [ 130.418027273, 48.896100154000067 ], [ 130.451491351000072, 48.892354114000057 ], [ 130.472454155000037, 48.87832699900008 ], [ 130.484682346000113, 48.860973107000063 ], [ 130.509018197000046, 48.85151815200004 ], [ 130.538027293000027, 48.851664165000045 ], [ 130.564272373000108, 48.856382171000064 ], [ 130.627682309000079, 48.874644997000075 ], [ 130.642818182000042, 48.875409091000051 ], [ 130.674000371000034, 48.860409172000061 ], [ 130.670536298000115, 48.839709056000061 ], [ 130.63384518700002, 48.810545062000074 ], [ 130.577182348000065, 48.713327055000036 ], [ 130.528872411000066, 48.626100109000049 ], [ 130.523591309000039, 48.605754045000026 ], [ 130.609409257000038, 48.519991082000047 ], [ 130.737454228000047, 48.429436017000057 ], [ 130.823991343000102, 48.326800116000072 ], [ 130.831500355000117, 48.293891087000077 ], [ 130.753872364000017, 48.192491181000037 ], [ 130.678372371000023, 48.138953954000044 ], [ 130.659836295000105, 48.108391188000041 ], [ 130.679563440000038, 48.047636136000051 ], [ 130.758027274000028, 47.988044995000052 ], [ 130.798036277000051, 47.965000125000074 ], [ 130.853854220000017, 47.931109073000073 ], [ 130.883727323000016, 47.906236111000055 ], [ 130.913300354000057, 47.865273247000061 ], [ 130.929963410000028, 47.838600187000054 ], [ 130.939836286000059, 47.817491202000042 ], [ 130.946072422000043, 47.797773110000037 ], [ 130.935109228000101, 47.740827130000071 ], [ 130.939972408000017, 47.720273195000061 ], [ 130.954682313000035, 47.706109120000065 ], [ 130.992172387000096, 47.687209101000064 ], [ 131.030809273000045, 47.677491123000038 ], [ 131.085936212000092, 47.672182193000026 ], [ 131.15970031300003, 47.693045085000051 ], [ 131.197209330000078, 47.706382202000043 ], [ 131.224682358000109, 47.718045117000031 ], [ 131.268191309000031, 47.730264256000055 ], [ 131.416654261000076, 47.738600059000078 ], [ 131.446363414000075, 47.737773100000027 ], [ 131.486754129000019, 47.731936110000049 ], [ 131.534972368000012, 47.719227133000061 ], [ 131.547054211000045, 47.697491182000078 ], [ 131.618009201000064, 47.663882097000055 ], [ 131.815245274000063, 47.674709169000039 ], [ 131.914982378000104, 47.669991163000077 ], [ 132.12160920000008, 47.692764124000064 ], [ 132.2108003620001, 47.713464240000064 ], [ 132.255245236000064, 47.728045063000081 ], [ 132.289700222000079, 47.736382207000077 ], [ 132.341063352000106, 47.742491106000045 ], [ 132.365236257000106, 47.742073184000049 ], [ 132.389263318000076, 47.736245079000071 ], [ 132.418309295000086, 47.725264115000073 ], [ 132.466372301000092, 47.716936024000063 ], [ 132.521091377000062, 47.710273249000068 ], [ 132.542482329000109, 47.713882161000072 ], [ 132.577882292000027, 47.733254081000041 ], [ 132.662063422000074, 47.871936022000057 ], [ 132.863863441000035, 47.994436028000052 ], [ 133.082736224000087, 48.09888208600006 ], [ 133.194118306000064, 48.109436076000065 ], [ 133.272218198000019, 48.104164194000077 ], [ 133.428727274000039, 48.085409182000035 ], [ 133.449263440000095, 48.074300143000073 ], [ 133.484272302000022, 48.068882081000027 ], [ 133.515182247000098, 48.075900081000043 ], [ 133.540800360000048, 48.09887320100006 ], [ 133.555818216000034, 48.120827082000062 ], [ 133.573718274000043, 48.151800058000049 ], [ 133.596345221000092, 48.174018137000076 ], [ 133.751372377000052, 48.249718122000047 ], [ 133.884709346000022, 48.264164165000068 ], [ 134.010954219000041, 48.30569113100006 ], [ 134.039272311000104, 48.323054075000073 ], [ 134.066372345000104, 48.329436056000077 ], [ 134.20690920200002, 48.342491206000034 ], [ 134.415345174000095, 48.391118147000043 ], [ 134.490781004000041, 48.42209099400003 ], [ 134.562629169000047, 48.405675875000043 ], [ 134.692868019000116, 48.404002177000052 ], [ 134.76752629300006, 48.367821508000077 ], [ 134.739268056000014, 48.326110827000036 ], [ 134.723508905000017, 48.273453699000072 ], [ 134.716418275000024, 48.260409072000073 ], [ 134.680754283000056, 48.214727029000073 ], [ 134.686154240000064, 48.182836067000039 ], [ 134.68136331200003, 48.155264131000081 ], [ 134.661027306000051, 48.100618146000045 ], [ 134.636763373, 48.088045123000029 ], [ 134.601627273000076, 48.076245080000035 ], [ 134.581772388000104, 48.060409150000055 ], [ 134.566227310000045, 48.032082173000049 ], [ 134.55760032000012, 47.992073170000026 ], [ 134.593654239000102, 47.911091077000037 ], [ 134.684354143000064, 47.800900063000029 ], [ 134.714954124000087, 47.776500175000081 ], [ 134.768463356000098, 47.737282088000029 ], [ 134.760818222000012, 47.700273136000078 ], [ 134.55478232400003, 47.46914500500003 ], [ 134.485791382000116, 47.429573202000029 ], [ 134.459136259000047, 47.427491137000061 ], [ 134.417327326000077, 47.431309094000028 ], [ 134.387482386000102, 47.430827134000026 ], [ 134.34274515200002, 47.426245083000026 ], [ 134.314700309000045, 47.421109156000057 ], [ 134.295809343000087, 47.413609029000042 ], [ 134.182463381000048, 47.323327046000031 ], [ 134.149291329000107, 47.248600200000055 ], [ 134.190518222000037, 47.181109116000073 ], [ 134.222836159000053, 47.129982188000042 ], [ 134.215191360000063, 47.09967322600005 ], [ 134.187163450000071, 47.083918098000026 ], [ 134.137127175000046, 47.076691221000033 ], [ 134.113591294000116, 47.055827155000031 ], [ 134.065800364000097, 46.954164225000056 ], [ 134.039363339000033, 46.860491092000075 ], [ 134.043291266000097, 46.766827012000078 ], [ 134.019436202000065, 46.666664107000031 ], [ 134.005245137000088, 46.64415400300004 ], [ 133.997745178000059, 46.640164217000063 ], [ 133.99746337800002, 46.633609066000076 ], [ 133.97092727800009, 46.611318065000034 ], [ 133.908918294000046, 46.578118017000065 ], [ 133.847182392000036, 46.478882150000061 ], [ 133.850527274000115, 46.443227043000036 ], [ 133.902800343000081, 46.421218177000071 ], [ 133.929718322000099, 46.381882240000039 ], [ 133.901609274000066, 46.25362705100008 ], [ 133.830245247000107, 46.194991112000025 ], [ 133.744691329000034, 46.155818120000049 ], [ 133.723827263000089, 46.069027033000054 ], [ 133.66023627800007, 45.93516418300004 ], [ 133.579500278000069, 45.871291063000058 ], [ 133.550600314, 45.884645111000054 ], [ 133.521091321000085, 45.883418168000048 ], [ 133.476054181000109, 45.823464259000048 ], [ 133.474945256000069, 45.797736007000026 ], [ 133.487536215000091, 45.678253989000041 ], [ 133.470245187000046, 45.624573095000073 ], [ 133.417209198000023, 45.589718124000058 ], [ 133.382172339000022, 45.569991148000042 ], [ 133.268309214000055, 45.525553985000045 ], [ 133.244109318000028, 45.516109089000054 ], [ 133.216627237000012, 45.511109116000057 ], [ 133.192245286000116, 45.503818034000062 ], [ 133.149136152000096, 45.450827139000069 ], [ 133.130236302000071, 45.414573228000052 ], [ 133.10190027200008, 45.294444965000025 ], [ 133.099200293000081, 45.228882221000049 ], [ 133.113863427000069, 45.197209188000045 ], [ 133.126209300000028, 45.164718081000046 ], [ 133.11746345500012, 45.124573124000051 ], [ 133.074672330000112, 45.088882142000045 ], [ 133.025272410000071, 45.056936026000074 ], [ 132.952609356000039, 45.024582215000066 ], [ 132.931454270000017, 45.021409162000054 ], [ 132.871291316000111, 45.038182188000064 ], [ 132.799409288000106, 45.064991203000034 ], [ 132.568027185000119, 45.116391213000043 ], [ 132.36413621600002, 45.161100117000046 ], [ 132.299136234000116, 45.175273244000039 ], [ 132.196927306000021, 45.19749115500008 ], [ 132.122745283000086, 45.213609052000038 ], [ 131.99242730800006, 45.241436133000036 ], [ 131.961363304000088, 45.255964150000068 ], [ 131.923718333000011, 45.286109162000059 ], [ 131.910382390000109, 45.308609040000078 ], [ 131.895800225000016, 45.337564157000031 ], [ 131.868436161000091, 45.345818152000049 ], [ 131.836154267000097, 45.334300076000034 ], [ 131.70330931500007, 45.21610015400006 ], [ 131.652754201000107, 45.133736053000064 ], [ 131.646382279000022, 45.108054069000048 ], [ 131.628018199000053, 45.09151808200005 ], [ 131.469118269000091, 44.973873210000079 ], [ 131.341082351000068, 44.970953960000031 ], [ 131.314409291000061, 44.955127083000036 ], [ 131.286163451000107, 44.931800079000027 ], [ 131.21246338800006, 44.910545081000066 ], [ 131.177127295000105, 44.911864225000045 ], [ 131.14927238700011, 44.928054039000074 ], [ 131.124545270000112, 44.927353982000056 ], [ 131.092191291000063, 44.918600090000041 ], [ 131.067745135000109, 44.909718123000061 ], [ 130.952991348000069, 44.836491134000028 ], [ 131.000672307000059, 44.781936008000059 ], [ 131.019836188000113, 44.773044988000038 ], [ 131.055591375000063, 44.753464192000081 ], [ 131.095518236000089, 44.691373232000046 ], [ 131.128572439000095, 44.58581808100007 ], [ 131.255554249000056, 44.184718029000067 ], [ 131.284972382000092, 44.093609088000051 ], [ 131.29803624900012, 44.051936110000042 ], [ 131.262754136000012, 44.037354113000049 ], [ 131.244418220000057, 44.021382229000039 ], [ 131.231082277000041, 43.97387309800007 ], [ 131.199127277000116, 43.818882153000061 ], [ 131.1912271650001, 43.536245047000079 ], [ 131.223018215000025, 43.511664111000073 ], [ 131.23550926300004, 43.505554038000071 ], [ 131.272763302000044, 43.481936014000041 ], [ 131.283054268000114, 43.473418157000026 ], [ 131.30100931000004, 43.457145027000081 ], [ 131.310391342000116, 43.389582193000081 ], [ 131.264163302000043, 43.270273177000036 ], [ 131.191927222000118, 43.185818127000061 ], [ 131.106200301000058, 43.038891075000038 ], [ 131.103027248000103, 43.015554012000052 ], [ 131.103991334000057, 42.982209125000054 ], [ 131.114963413000055, 42.958609038000077 ], [ 131.133372419000011, 42.939709188000052 ], [ 131.128491302000043, 42.916445048000071 ], [ 131.021363371, 42.85708223000006 ], [ 130.887191229000109, 42.851800122000043 ], [ 130.865509257000099, 42.857773234000035 ], [ 130.841645140000082, 42.870273166000061 ], [ 130.818572443000107, 42.876100098000052 ], [ 130.795536291000076, 42.871936136000045 ], [ 130.638027254, 42.83166410900003 ], [ 130.532745185000067, 42.789991130000033 ], [ 130.475527296000109, 42.765273233000073 ], [ 130.432736172000091, 42.74485407800006 ], [ 130.411118238000086, 42.703118068000038 ], [ 130.471145237000087, 42.679164265000054 ], [ 130.497327286000086, 42.68485406800005 ], [ 130.536091241, 42.682000198000026 ], [ 130.584963436000066, 42.645000130000028 ], [ 130.605227190000051, 42.619709078000028 ], [ 130.618709314000057, 42.585409157000072 ], [ 130.607463314000029, 42.563600115000042 ], [ 130.580263368000033, 42.481100060000074 ], [ 130.60437240400006, 42.42186414400004 ], [ 130.586491290000026, 42.427145078000081 ], [ 130.567472416000101, 42.443045046000066 ], [ 130.522491268000067, 42.537218075000055 ], [ 130.514163344000053, 42.568054091000079 ], [ 130.376618324000106, 42.617491059000031 ], [ 130.328445180000017, 42.641800087000036 ], [ 130.246782308000093, 42.714154017000055 ], [ 130.236218260000101, 42.786245090000079 ], [ 130.243291246000013, 42.811664217000043 ], [ 130.250272365000114, 42.83166410900003 ], [ 130.251418339000111, 42.887945068000079 ], [ 130.193163441000024, 42.906653979000055 ], [ 130.034145159000104, 42.958045104000064 ], [ 129.947554231000026, 42.995400061000055 ], [ 129.929218315000071, 43.006100064000066 ], [ 129.904591278000112, 43.00457321600004 ], [ 129.877672293000046, 42.991791149000051 ], [ 129.847045154000057, 42.942482089000066 ], [ 129.807463292000079, 42.853609105000032 ], [ 129.753309325000032, 42.713882108000064 ], [ 129.725509234000015, 42.547491103000027 ], [ 129.73288229100001, 42.522218156000065 ], [ 129.72829135500001, 42.475400198000045 ], [ 129.716627266000046, 42.452491115000043 ], [ 129.695527166000034, 42.435818169000072 ], [ 129.514709230000108, 42.38693608300008 ], [ 129.445118311000101, 42.432773191000081 ], [ 129.349272421000023, 42.446236036000073 ], [ 129.246063365000055, 42.375827044000062 ], [ 129.20940930200004, 42.265827137000031 ], [ 129.211209232000101, 42.221309173000066 ], [ 129.152463323, 42.168054080000047 ], [ 129.114409314000113, 42.139436083000078 ], [ 129.016691243000082, 42.094991209000057 ], [ 129.014100229000064, 42.094191073000047 ], [ 128.958082293000075, 42.078400070000043 ], [ 128.949263358000053, 42.052073183000061 ], [ 128.926927262000049, 42.027354112000069 ], [ 128.895536197000069, 42.02276418200006 ], [ 128.844972365000103, 42.029718144000071 ], [ 128.683091328000046, 42.021027116000027 ], [ 128.570254147000014, 42.00027318900004 ], [ 128.497054148000075, 41.995545125000035 ], [ 128.472882248000019, 41.997627022000074 ], [ 128.446700368000052, 42.012773121000066 ], [ 128.422482367000043, 42.028600166000047 ], [ 128.361354153000093, 42.037500071000068 ], [ 128.336091264000061, 42.039718090000065 ], [ 128.275527320000037, 42.038327029000072 ], [ 128.056636265000066, 42.001244986000074 ], [ 128.050109277000047, 41.981645079000032 ], [ 128.060791342000016, 41.910545082000056 ], [ 128.068845177000071, 41.884991174000049 ], [ 128.098436145000051, 41.80304499500005 ], [ 128.155672307000032, 41.714573168000072 ], [ 128.203854168000021, 41.676382200000035 ], [ 128.22662729700005, 41.66388210000008 ], [ 128.25427232200002, 41.650409029000059 ], [ 128.269436191000068, 41.636936125000034 ], [ 128.300245217000111, 41.582836137000072 ], [ 128.282200321000118, 41.530273222000062 ], [ 128.222472387000039, 41.44110016500008 ], [ 128.19267237400004, 41.407491080000057 ], [ 128.152909296000075, 41.381236110000032 ], [ 128.114336281000078, 41.371791214000041 ], [ 128.044127280000112, 41.389436126000078 ], [ 128.011654111000098, 41.415827051000065 ], [ 127.928027192000059, 41.447345018000078 ], [ 127.871091270000079, 41.42416419500006 ], [ 127.835272381000095, 41.409991067000078 ], [ 127.694154155000092, 41.413127072000066 ], [ 127.620818202, 41.418053955000062 ], [ 127.270827308000094, 41.472491063000064 ], [ 127.159418236000079, 41.529991087000042 ], [ 127.134991358000093, 41.593609062000041 ], [ 127.100809286000072, 41.621373110000036 ], [ 127.057036305000111, 41.643500161000077 ], [ 127.060809335000044, 41.691100151000057 ], [ 127.048027268000055, 41.70832714200003 ], [ 126.927618211000095, 41.79610913700003 ], [ 126.904709296000078, 41.792218090000063 ], [ 126.868863417000057, 41.761382074000039 ], [ 126.847900277, 41.735826993000046 ], [ 126.795536181000102, 41.708045007000067 ], [ 126.712772430000086, 41.691100151000057 ], [ 126.645536156000048, 41.660545097000067 ], [ 126.566082251000012, 41.611764264000044 ], [ 126.568045125000026, 41.589718015000074 ], [ 126.58318234, 41.570827049000059 ], [ 126.510272355000097, 41.389991175000034 ], [ 126.484000285000093, 41.366727035000054 ], [ 126.456100282000079, 41.357218101000058 ], [ 126.437763360000076, 41.34249109700005 ], [ 126.411100358000112, 41.319164261000026 ], [ 126.36692722500004, 41.275691185000028 ], [ 126.309982251000065, 41.214436068000055 ], [ 126.286227267000072, 41.172627135000027 ], [ 126.279163334000032, 41.15277308900005 ], [ 126.124691229000064, 41.034718173000044 ], [ 126.011791351000056, 40.896936113000038 ], [ 125.93254515000001, 40.87762705800003 ], [ 125.703109326000117, 40.859973094000054 ], [ 125.688582314000087, 40.852145066000048 ], [ 125.649845181000046, 40.802600140000038 ], [ 125.603863401000012, 40.755827108000062 ], [ 125.553036211000062, 40.741382071000032 ], [ 125.457491231000063, 40.703327057000081 ], [ 125.4126913, 40.653800068000066 ], [ 125.369136249, 40.639991218000034 ], [ 125.31499133300008, 40.649991163000038 ], [ 125.286100254000075, 40.647491177000063 ], [ 125.140545152000072, 40.585264263000056 ], [ 125.042763378000018, 40.537500155000032 ], [ 125.024709262000101, 40.49416420700004 ], [ 125.03998226300007, 40.460682192000036 ], [ 124.962200213000074, 40.459164229000066 ], [ 124.885127272000091, 40.470373180000024 ], [ 124.81247243200005, 40.396664232000035 ], [ 124.710991221000086, 40.307009049000044 ], [ 124.688718325000082, 40.296800058000031 ], [ 124.62692727000001, 40.28360912200003 ], [ 124.554700242000081, 40.242218111000057 ], [ 124.410809284000038, 40.130273099000078 ], [ 124.381363322000084, 40.102218031000064 ], [ 124.373600339000063, 40.093618031000062 ], [ 124.367963341000063, 40.094436105000057 ], [ 124.356854134000059, 40.06964511700005 ], [ 124.364563306000036, 40.035273112000027 ], [ 124.362754156000051, 40.009582075000026 ], [ 124.344436177000034, 39.981936044000065 ], [ 124.291654159000018, 39.927773191000028 ], [ 124.128027171000099, 39.827773231000037 ], [ 124.013609331000112, 39.813045053000053 ], [ 123.985263411000119, 39.809991191000051 ], [ 123.775400336000075, 39.821382197000048 ], [ 123.739700302000074, 39.82388218300008 ], [ 123.698036208000076, 39.831654052000033 ], [ 123.551091219000114, 39.768600179000032 ], [ 123.406936230000042, 39.734436045000052 ], [ 123.378036266000095, 39.777491199000053 ], [ 123.242200316000094, 39.814300159000027 ], [ 123.209991344000059, 39.748882087000027 ], [ 123.248454222000078, 39.723182166000072 ], [ 123.263800313000047, 39.699291060000064 ], [ 123.216663339000092, 39.673882158000026 ], [ 123.145472315, 39.658527015000061 ], [ 122.995809243000053, 39.63568213700006 ], [ 122.96555426000009, 39.609164143000044 ], [ 122.814418319000083, 39.581936033000034 ], [ 122.774427253000113, 39.552218163000077 ], [ 122.58692726400011, 39.466935986000067 ], [ 122.458454146, 39.409991180000077 ], [ 122.424427307000087, 39.408600119000027 ], [ 122.398609201000113, 39.411664207000058 ], [ 122.352763375000109, 39.384718065000072 ], [ 122.287772277000045, 39.345827040000074 ], [ 122.281518204, 39.330964249000033 ], [ 122.233872281000117, 39.269436051000071 ], [ 122.131363449000105, 39.141109113000027 ], [ 121.946718168000075, 39.035200078000059 ], [ 121.913600263000035, 39.047218050000026 ], [ 121.724018209000064, 39.030273195000063 ], [ 121.648036256000069, 38.996382143000062 ], [ 121.643600218000074, 38.952218063000032 ], [ 121.654854264000051, 38.925682130000041 ], [ 121.67692716800002, 38.91707324500004 ], [ 121.710400298000081, 38.890135988000054 ], [ 121.698182333000091, 38.861100069000031 ], [ 121.474991362000083, 38.810545123000054 ], [ 121.447745147000091, 38.806382167000038 ], [ 121.411927263000052, 38.803318078000075 ], [ 121.38720919800005, 38.807209126000032 ], [ 121.363591342000063, 38.815827063000029 ], [ 121.336091323000119, 38.812491066000064 ], [ 121.26277230200003, 38.784164256000054 ], [ 121.239836229000048, 38.771518144000026 ], [ 121.187336179000113, 38.71908213100005 ], [ 121.138282264000054, 38.732182207000051 ], [ 121.121645192000074, 38.762773136000078 ], [ 121.088672293000059, 38.912209059000077 ], [ 121.127482349000047, 38.943673215000047 ], [ 121.18610035100005, 38.947773139000049 ], [ 121.218518200000062, 38.934154055000079 ], [ 121.439700364000032, 39.012500040000077 ], [ 121.540263421000077, 39.047218050000026 ], [ 121.60192723900002, 39.064709071000038 ], [ 121.61553626500006, 39.066382099000066 ], [ 121.651509214000043, 39.073609143000056 ], [ 121.679427154000109, 39.090127025000072 ], [ 121.687900253000066, 39.118327100000045 ], [ 121.643882353000095, 39.157773174000056 ], [ 121.596100308000018, 39.183809042000064 ], [ 121.599427253000044, 39.21860014300006 ], [ 121.751100306000012, 39.351664197000048 ], [ 121.662491351000085, 39.357500181000034 ], [ 121.639972362000094, 39.357218046000071 ], [ 121.533863335000092, 39.359436066000058 ], [ 121.509154155000033, 39.367353947000026 ], [ 121.483872323000014, 39.392491107000069 ], [ 121.475272323000013, 39.426654068000062 ], [ 121.463809232000017, 39.464427115000035 ], [ 121.431663292000053, 39.511664168000038 ], [ 121.379154189000019, 39.519991086000061 ], [ 121.353591229000017, 39.522073151000029 ], [ 121.332491296000057, 39.512082090000035 ], [ 121.309700231000079, 39.497773175000077 ], [ 121.22834514300007, 39.528464184000029 ], [ 121.299145235000083, 39.581664124000042 ], [ 121.461927160000073, 39.626653989000033 ], [ 121.533009219000064, 39.623218080000072 ], [ 121.534209340000075, 39.685718076000057 ], [ 121.503882273000045, 39.684435980000046 ], [ 121.45540922400005, 39.743600147000052 ], [ 121.468318193000073, 39.811382084000059 ], [ 121.539982292000104, 39.861245020000069 ], [ 121.696918175000064, 39.92569112700005 ], [ 121.716936171000043, 39.920273232000056 ], [ 121.757282294000106, 39.912073216000067 ], [ 121.781372387000033, 39.920544973000062 ], [ 121.880954259000077, 40.003054081000073 ], [ 121.998600305000082, 40.130264215000068 ], [ 122.105818258000113, 40.243882086000042 ], [ 122.19553613800008, 40.354436036000038 ], [ 122.287772277000045, 40.471927018000031 ], [ 122.298663387000033, 40.505618077000065 ], [ 122.282491343000061, 40.533609108000064 ], [ 122.131363449000105, 40.679991168000072 ], [ 122.052127307000092, 40.738745125000037 ], [ 121.93941820100008, 40.778327154000067 ], [ 121.7513913250001, 40.840827150000052 ], [ 121.728863284000113, 40.837773120000065 ], [ 121.673600223000108, 40.834164208000061 ], [ 121.614700254000013, 40.833600106000063 ], [ 121.55893629000002, 40.841309110000054 ], [ 121.542127221000101, 40.866027007000071 ], [ 121.523882333000074, 40.888045093000073 ], [ 121.363736181000036, 40.931382215000042 ], [ 121.197745161000057, 40.924436132000039 ], [ 121.177463303000081, 40.921935978000079 ], [ 121.108872345, 40.871373152000047 ], [ 121.081672398000023, 40.839427037000064 ], [ 121.001645172000053, 40.829373112000042 ], [ 120.969845237000072, 40.815344991000075 ], [ 120.936363389, 40.750200169000038 ], [ 120.952472401000023, 40.727554110000028 ], [ 120.996091322000098, 40.730200110000055 ], [ 121.032418323000115, 40.711036061000073 ], [ 120.928600238000058, 40.675000080000075 ], [ 120.895536144000062, 40.676100121000047 ], [ 120.844427154000073, 40.67110903300005 ], [ 120.825818323000021, 40.661100203000046 ], [ 120.679427211000075, 40.512500123000052 ], [ 120.540118303000099, 40.392564141000037 ], [ 120.503527272000042, 40.258673128000055 ], [ 120.498027235000109, 40.238600146000067 ], [ 120.44678229100009, 40.196100041000079 ], [ 120.426372356000115, 40.188045032000048 ], [ 120.280818260000046, 40.148609183000076 ], [ 120.152482270000064, 40.107773221000059 ], [ 120.024427241000012, 40.066664177000064 ], [ 119.946372276000034, 40.040554046000068 ], [ 119.925809288000096, 40.02860011100006 ], [ 119.851382346000037, 39.982209126000043 ], [ 119.812482269000043, 39.973045024000044 ], [ 119.657491323000045, 39.929991211000072 ], [ 119.589709219000042, 39.90526426100007 ], [ 119.526445128000091, 39.872418097000036 ], [ 119.33950035600003, 39.712073127000053 ], [ 119.255827169000099, 39.551100185000053 ], [ 119.255682330000013, 39.406727099000079 ], [ 119.236100360000023, 39.384991147000051 ], [ 119.176372427000047, 39.347209048000025 ], [ 119.132754176000049, 39.318600104000041 ], [ 119.055354173000069, 39.24321812800008 ], [ 119.009163348000016, 39.188045088000024 ], [ 118.971518210000113, 39.156935990000079 ], [ 118.899009215000092, 39.123944987000073 ], [ 118.9155452010001, 39.148464233000027 ], [ 118.942754200000081, 39.161518041000079 ], [ 118.967482323000013, 39.190127153000049 ], [ 118.840818187000082, 39.179164127000035 ], [ 118.784709224000039, 39.153600160000053 ], [ 118.755127309000045, 39.144018136000057 ], [ 118.718400323000083, 39.149509121000051 ], [ 118.661927251000066, 39.176654082000027 ], [ 118.609145233000049, 39.189291142000059 ], [ 118.544145250000042, 39.162073091000025 ], [ 118.525963393000097, 39.147209127000053 ], [ 118.508118321000097, 39.123045105000074 ], [ 118.397772409000027, 39.065545082000028 ], [ 118.3694271600001, 39.053600199000073 ], [ 118.327282280000077, 39.040827017000026 ], [ 118.241636161000088, 39.073818020000033 ], [ 118.235191315000066, 39.107009183000059 ], [ 118.216663286000085, 39.132764257000076 ], [ 118.177900336000107, 39.171936076000065 ], [ 118.150054145000013, 39.191100124000059 ], [ 118.123600356000111, 39.201664172000051 ], [ 118.055263370000034, 39.223045066000054 ], [ 118.023609280000073, 39.220827047000057 ], [ 118.00999136900009, 39.216936 ], [ 117.889000273000079, 39.198464129000058 ], [ 117.852482332000022, 39.182209104000037 ], [ 117.819718311000088, 39.165545043000066 ], [ 117.799427232000085, 39.153318025000033 ], [ 117.743872313000111, 39.105000041000039 ], [ 117.727482339000062, 39.069991179000056 ], [ 117.723172365000096, 39.024436038000033 ], [ 117.65081826800008, 38.898327119000044 ], [ 117.604572290000078, 38.835544988000038 ], [ 117.585272288000056, 38.802773087000048 ], [ 117.571927292000055, 38.775273236000032 ], [ 117.536372264000079, 38.675554069000043 ], [ 117.540672348000044, 38.640827006000052 ], [ 117.545582300000092, 38.616664158000049 ], [ 117.546100301000024, 38.612773111000024 ], [ 117.553591376000099, 38.592491085000063 ], [ 117.621372306000012, 38.465827116000071 ], [ 117.639972420000049, 38.436100194000062 ], [ 117.654427180000084, 38.413609033000057 ], [ 117.672209220000013, 38.386654006000072 ], [ 117.695254257000101, 38.363327001000073 ], [ 117.710818278000033, 38.348327083000072 ], [ 117.736645268000075, 38.326945015000035 ], [ 117.803172266000047, 38.273882204000074 ], [ 117.826518214000089, 38.263900195000076 ], [ 117.883882283000048, 38.244436075000067 ], [ 118.028054203000011, 38.167209074000027 ], [ 118.110527269000045, 38.146382224000035 ], [ 118.185809333000066, 38.145273131000067 ], [ 118.35720919500011, 38.129154060000076 ], [ 118.452136260000088, 38.113400106000029 ], [ 118.483600248000016, 38.100545116000035 ], [ 118.599154172000112, 38.110827029000063 ], [ 118.71220023, 38.142491177000068 ], [ 118.794436255000051, 38.15888215700005 ], [ 118.837763319000032, 38.152909045000058 ], [ 118.951654105000102, 38.038464215000033 ], [ 119.026382292000108, 37.904991124000048 ], [ 119.035536169000011, 37.878318064000041 ], [ 119.049145194000062, 37.762218143000041 ], [ 119.03790020100007, 37.666518099000029 ], [ 119.00610026600009, 37.640827062000028 ], [ 118.983318253000107, 37.616245120000031 ], [ 118.970682366, 37.594436078000058 ], [ 118.963318194000067, 37.575827079000078 ], [ 118.953800207000086, 37.539991090000058 ], [ 118.937763447000066, 37.38138218000006 ], [ 118.940809263, 37.342491155000062 ], [ 118.956645193000099, 37.300545094000029 ], [ 118.971100288000116, 37.27082705600003 ], [ 119.127200327000082, 37.187491157000068 ], [ 119.15886330100011, 37.171109063000074 ], [ 119.232754137000029, 37.143609044000073 ], [ 119.253600265000046, 37.13943603000007 ], [ 119.297763340000074, 37.13166416200005 ], [ 119.395827249000035, 37.122773142000028 ], [ 119.453045137000117, 37.123600100000033 ], [ 119.482763343000101, 37.127491147000057 ], [ 119.514300254000091, 37.136518122000041 ], [ 119.546654232000037, 37.137773228000071 ], [ 119.587772329000018, 37.136382167000079 ], [ 119.642763314000035, 37.132209153000076 ], [ 119.712200341000084, 37.138044969000077 ], [ 119.744418197000073, 37.143053995000059 ], [ 119.767209263000041, 37.151382086000069 ], [ 119.861363349000044, 37.216936113000031 ], [ 119.886091305000036, 37.239991208000049 ], [ 119.894018238000058, 37.263191143000029 ], [ 119.887082381000027, 37.286518147000038 ], [ 119.861236279000082, 37.323327107000068 ], [ 119.852909194000063, 37.352282224000078 ], [ 119.99470920300007, 37.416382158000033 ], [ 120.036918288000038, 37.425827054000024 ], [ 120.058872337000025, 37.431936121000035 ], [ 120.141663412000071, 37.476100201000065 ], [ 120.194009236000056, 37.511664113000052 ], [ 120.307818214, 37.602909176000026 ], [ 120.322000227000103, 37.643882098000063 ], [ 120.309418320000077, 37.662491097000043 ], [ 120.348872273000097, 37.685264225000026 ], [ 120.405254151, 37.708045064000032 ], [ 120.506654225000034, 37.74832715000008 ], [ 120.580272313000023, 37.766935981000074 ], [ 120.66095416600001, 37.788054019000072 ], [ 120.684909311000069, 37.80630913300007 ], [ 120.710818276000055, 37.82610903300008 ], [ 120.737072409, 37.834991168000045 ], [ 120.878036239000039, 37.828327052000077 ], [ 120.93240025800003, 37.811453945000039 ], [ 120.935154216000115, 37.780964102000041 ], [ 120.960272433000114, 37.756945088000066 ], [ 121.127482349000047, 37.653318110000043 ], [ 121.138527183000065, 37.59672702000006 ], [ 121.16110031900007, 37.579164250000076 ], [ 121.38275421700007, 37.553600116000041 ], [ 121.47846331400001, 37.466518009000026 ], [ 121.579991295000013, 37.424573122000027 ], [ 121.633327190000045, 37.429718101000049 ], [ 121.669409271000063, 37.439618135000046 ], [ 121.694700323, 37.458045079000044 ], [ 121.821663358000023, 37.460545065000076 ], [ 121.940536179000105, 37.461109167000075 ], [ 121.975809240000103, 37.474436058000038 ], [ 122.0188823310001, 37.512773207000066 ], [ 122.067754192000052, 37.536664145000032 ], [ 122.128172291000055, 37.552564113000074 ], [ 122.1500542550001, 37.512082203000034 ], [ 122.126963285000102, 37.493327024000052 ], [ 122.135272433000068, 37.464436112000044 ], [ 122.161791266000023, 37.42596418200003 ], [ 122.181372398, 37.418327095000052 ], [ 122.558582350000052, 37.396244971000044 ], [ 122.59720934500001, 37.209991203000072 ], [ 122.534709348000092, 37.149991193000062 ], [ 122.49790022000002, 37.14867322200007 ], [ 122.477409317000024, 37.131173150000052 ], [ 122.467482294000092, 37.105827113000032 ], [ 122.452382295, 37.143636034000053 ], [ 122.400545253000018, 37.025827043000049 ], [ 122.410409244000107, 36.999573246000068 ], [ 122.433591241000045, 37.005000193000058 ], [ 122.539154271000029, 37.019782182000029 ], [ 122.52331817400011, 36.909918063000077 ], [ 122.504709343000059, 36.893609058000038 ], [ 122.354427183000098, 36.827773232000027 ], [ 122.312472405000108, 36.823327135000056 ], [ 122.192336263000016, 36.842973143000052 ], [ 122.1752633320001, 36.873600114000055 ], [ 122.164700290000042, 36.944153946000029 ], [ 122.044982237000113, 36.984991081000032 ], [ 121.95664519200011, 37.000273135000043 ], [ 121.91908236300003, 36.978527125000028 ], [ 121.938309275000051, 36.933536086000061 ], [ 121.73720026, 36.838882104000049 ], [ 121.594436165000047, 36.758891087000052 ], [ 121.522491272000025, 36.749791190000053 ], [ 121.511172350000038, 36.779282078000051 ], [ 121.544709183, 36.79151814800008 ], [ 121.606572322000034, 36.83610015000005 ], [ 121.585263345000044, 36.844227076000038 ], [ 121.551091331000066, 36.837491210000053 ], [ 121.489436231000013, 36.821109116000059 ], [ 121.44843615100001, 36.772664230000032 ], [ 121.372754103000034, 36.722764246000054 ], [ 121.341372425000031, 36.71249105000004 ], [ 121.286654188000057, 36.704718008000043 ], [ 121.204709182000101, 36.686791129000028 ], [ 121.175536135000016, 36.677491072000066 ], [ 121.134718278000037, 36.654991194000047 ], [ 121.111100254, 36.639164149000067 ], [ 121.089982385000098, 36.620273183000052 ], [ 121.070127165000031, 36.604573208000033 ], [ 121.015745209000102, 36.581000111000037 ], [ 120.952182387000107, 36.596436056000073 ], [ 120.930672412000035, 36.619300044000056 ], [ 120.875809335000099, 36.639164149000067 ], [ 120.842900307000036, 36.647354107000069 ], [ 120.820545268000046, 36.645273215000032 ], [ 120.77638236100006, 36.616654045000075 ], [ 120.752491255000109, 36.594436134000034 ], [ 120.738236152000013, 36.555409155000063 ], [ 120.77346344700004, 36.536664202000054 ], [ 120.795327307000093, 36.547909028000049 ], [ 120.806991228000015, 36.573118105000049 ], [ 120.835891359000016, 36.600064247000034 ], [ 120.85831831500002, 36.600273124000068 ], [ 120.940563393000048, 36.550664159000064 ], [ 120.959991304000027, 36.52638212100004 ], [ 120.898036298000079, 36.40192711900005 ], [ 120.875263338000082, 36.37582704600004 ], [ 120.864700296000024, 36.372764131000054 ], [ 120.843600363000064, 36.420545003000029 ], [ 120.818245274000105, 36.45922715100005 ], [ 120.779709306000086, 36.462627018000035 ], [ 120.754572314000029, 36.456518120000055 ], [ 120.706236225000112, 36.422773248000055 ], [ 120.682900336000102, 36.380827019000037 ], [ 120.671236247000024, 36.262482090000049 ], [ 120.69562725000003, 36.140745004000053 ], [ 120.41791820100002, 36.055191086000036 ], [ 120.343591339000113, 36.041900070000054 ], [ 120.291891257000088, 36.060654075000059 ], [ 120.316091321000044, 36.09166409900007 ], [ 120.354709263000018, 36.172927154000035 ], [ 120.35324528000001, 36.196064224000054 ], [ 120.307809330000055, 36.263445003000072 ], [ 120.287009302000115, 36.261853950000045 ], [ 120.272400315000027, 36.20274510400003 ], [ 120.161909229000116, 36.20888216600008 ], [ 120.115245162000065, 36.207209138000053 ], [ 120.088854237000078, 36.199982093000074 ], [ 120.08395417600002, 36.13451808800005 ], [ 120.09092724900006, 36.10817309600003 ], [ 120.180254197000068, 35.979709030000038 ], [ 120.237763441000084, 35.959436056000072 ], [ 120.152209187000039, 35.919153970000025 ], [ 120.099291215000108, 35.900273231000028 ], [ 120.055254204000107, 35.869991091000031 ], [ 119.906654125000045, 35.74277324600007 ], [ 119.902900206000027, 35.649573188000033 ], [ 119.828600333000054, 35.621654074000048 ], [ 119.725682297000048, 35.617909040000029 ], [ 119.647454162000031, 35.578926988000035 ], [ 119.634163313000045, 35.539718121000078 ], [ 119.620818318000033, 35.50860902200003 ], [ 119.594436277000113, 35.45943608400006 ], [ 119.549709268000015, 35.37720911100007 ], [ 119.514709290000042, 35.33304503100004 ], [ 119.451663297000096, 35.309991109000066 ], [ 119.423863374, 35.283054019000076 ], [ 119.401382271000102, 35.248882173000027 ], [ 119.390127219000078, 35.224300063000044 ], [ 119.380809225, 35.180545019000078 ], [ 119.375672292000104, 35.13471813700005 ], [ 119.370254230000114, 35.11250005800008 ], [ 119.349154129000112, 35.094018129000062 ], [ 119.28030031500009, 35.068154091000054 ], [ 119.234909292000111, 35.066382156000032 ], [ 119.211800217000018, 35.054018011000039 ], [ 119.200391273000037, 35.029573196000058 ], [ 119.176091298000074, 34.884991066000055 ], [ 119.19748225, 34.769718104000049 ], [ 119.223309241000038, 34.757773221000036 ], [ 119.26110927700006, 34.750827138000034 ], [ 119.28580923700008, 34.747773108000047 ], [ 119.308591250000063, 34.747773108000047 ], [ 119.328882329000066, 34.758327097000063 ], [ 119.368318178000095, 34.763327070000059 ], [ 119.437763419000021, 34.746100080000076 ], [ 119.45762718900005, 34.733464193000032 ], [ 119.477054261000035, 34.704018064000024 ], [ 119.462345194000022, 34.68415396000006 ], [ 119.534909342000105, 34.607491061000076 ], [ 119.651982234000116, 34.528064146000077 ], [ 119.795000301000073, 34.471800118000033 ], [ 119.832627167000055, 34.461653992000038 ], [ 119.856236139000089, 34.458609182000032 ], [ 119.893391272000031, 34.460682194000071 ], [ 119.924282273000017, 34.45638211000005 ], [ 119.986927276000074, 34.430273152000041 ], [ 120.248736190000045, 34.311453975000063 ], [ 120.314991280000072, 34.181664227000056 ], [ 120.340818270000113, 34.123318134000044 ], [ 120.368045206000033, 34.041936057000044 ], [ 120.39333625800009, 33.959436001000029 ], [ 120.480818182, 33.761936066000032 ], [ 120.498318255000072, 33.657209047000038 ], [ 120.548036184000011, 33.557909143000074 ], [ 120.591927182000063, 33.499164239000038 ], [ 120.611918189000107, 33.487073176000024 ], [ 120.636109200000078, 33.455827117000069 ], [ 120.649018169000101, 33.420682132000024 ], [ 120.65637228300011, 33.370273199000053 ], [ 120.662000228000011, 33.32950915400005 ], [ 120.734418195000103, 33.231653954000024 ], [ 120.786518262000072, 33.16568217300005 ], [ 120.8031724330001, 33.136245097000028 ], [ 120.885818166000035, 32.974991193000051 ], [ 120.89499132100002, 32.895273091000035 ], [ 120.879154218000053, 32.796944985000039 ], [ 120.836109289000092, 32.714709127000049 ], [ 120.82637236700009, 32.696518050000066 ], [ 120.827618253000082, 32.657209103000071 ], [ 120.837491297000042, 32.638882072000058 ], [ 120.930818257000055, 32.588882175000037 ], [ 121.100272344000018, 32.516109151000023 ], [ 121.178309204000016, 32.490273108000054 ], [ 121.260818312000083, 32.466936045000068 ], [ 121.294836266000061, 32.453882069000031 ], [ 121.334845270000073, 32.429573209000068 ], [ 121.40706341200007, 32.366936084000031 ], [ 121.419418170000085, 32.243809111000076 ], [ 121.380254230000105, 32.23311816100005 ], [ 121.441227212000058, 32.113327018000064 ], [ 121.47387237800001, 32.113882068000066 ], [ 121.519982233000064, 32.116036049000058 ], [ 121.560254260000079, 32.103053990000035 ], [ 121.660809271000062, 32.054436102000068 ], [ 121.67831822800008, 32.044018067000025 ], [ 121.706645206000076, 32.021664201000078 ], [ 121.738872282000102, 31.998600054000065 ], [ 121.829018310000038, 31.916245005000064 ], [ 121.840272356000014, 31.889718125000059 ], [ 121.890263368000092, 31.761945063000042 ], [ 121.89651827900002, 31.741527082000061 ], [ 121.893463411000084, 31.693191161000072 ], [ 121.873727214000041, 31.678400120000049 ], [ 121.827472352000086, 31.678327029000059 ], [ 121.714709267000103, 31.696382152000069 ], [ 121.647000253000101, 31.712835995000034 ], [ 121.612200267000048, 31.737218114000029 ], [ 121.576663345000043, 31.758054016000074 ], [ 121.482054121000033, 31.812909047000062 ], [ 121.431354168000098, 31.833745117000035 ], [ 121.291518206000092, 31.870273116000078 ], [ 121.070191370000089, 31.859926997000059 ], [ 120.944427283000095, 31.866391121000049 ], [ 120.898527310000077, 31.928654077000033 ], [ 120.883609199000034, 31.948327075000066 ], [ 120.855554131000076, 31.979718140000045 ], [ 120.836091352000039, 31.998327139000025 ], [ 120.812763342000039, 32.017491187000076 ], [ 120.789427285000102, 32.030544995000071 ], [ 120.737018262000106, 32.055964123000024 ], [ 120.707763408, 32.065827108000065 ], [ 120.641372364000063, 32.086109135000072 ], [ 120.60192729500011, 32.093609094000044 ], [ 120.507418319000067, 32.101800057000048 ], [ 120.472027242000081, 32.092436130000067 ], [ 120.441091314000118, 32.076100136000036 ], [ 120.35442729600004, 32.017209052000055 ], [ 120.331091239000102, 31.998118094000063 ], [ 120.307618222000087, 31.971109087000059 ], [ 120.272700219000058, 31.946727137000039 ], [ 120.239418196000088, 31.937353990000076 ], [ 120.217482253000071, 31.933609123000053 ], [ 120.188309206000099, 31.933882206000078 ], [ 120.099009248000016, 31.945554006000066 ], [ 120.056091221000088, 31.961936100000059 ], [ 120.018109297000024, 31.982427004000044 ], [ 119.964154148000034, 32.045827049000025 ], [ 119.918054184000084, 32.109718106000059 ], [ 119.904636265000022, 32.14728210800007 ], [ 119.900272311000094, 32.195264145000067 ], [ 119.861718239000083, 32.274644960000046 ], [ 119.826663443000029, 32.306382198000051 ], [ 119.796372419000022, 32.318053998000039 ], [ 119.761791368000104, 32.327291191000029 ], [ 119.715554108000106, 32.315544959000079 ], [ 119.6808183280001, 32.303045027000053 ], [ 119.631654107000031, 32.262773167000034 ], [ 119.613109314000098, 32.190645046000043 ], [ 119.649154180000096, 32.192836076000049 ], [ 119.674582359000055, 32.225818027000059 ], [ 119.694109344000026, 32.23627311000007 ], [ 119.728272305000019, 32.210473109000077 ], [ 119.787200270000085, 32.188044980000029 ], [ 119.764527221000094, 32.156091153000034 ], [ 119.768009232000054, 32.11983606900003 ], [ 119.806636227000013, 32.105553977000056 ], [ 119.872600296000087, 32.06684500700004 ], [ 119.870245149000084, 32.005554016000076 ], [ 119.885045243000036, 31.991936105000036 ], [ 119.995818296000039, 31.945544953000024 ], [ 120.102200238000023, 31.913327097000035 ], [ 120.136372420000043, 31.903882201000044 ], [ 120.181927225000095, 31.899436104000074 ], [ 120.225536256000055, 31.90319119600008 ], [ 120.272772304000114, 31.917773193000073 ], [ 120.377763353000091, 31.954718108000066 ], [ 120.4335913540001, 32.015753954000047 ], [ 120.499154266000119, 32.02110009900008 ], [ 120.70261826, 31.988327025000046 ], [ 120.732472420000022, 31.970136116000049 ], [ 120.789700200000084, 31.874300117000075 ], [ 120.76894526600006, 31.81680009400003 ], [ 120.738309242000014, 31.832500069000048 ], [ 120.721091304000083, 31.852909165000028 ], [ 120.719636206000018, 31.819436035000024 ], [ 120.748872284000072, 31.799164234000045 ], [ 120.854009346000112, 31.754445104000069 ], [ 120.879282293000074, 31.749300124000058 ], [ 120.930536290000077, 31.751945118000037 ], [ 120.961791234000088, 31.754373187000056 ], [ 121.084018325000102, 31.707218109000053 ], [ 121.22540024500006, 31.620691051000051 ], [ 121.265263403000063, 31.578191114000049 ], [ 121.32514522800011, 31.492218101000049 ], [ 121.362491301000091, 31.473882185000036 ], [ 121.451100255000028, 31.418609065000055 ], [ 121.601654157000098, 31.347909053000024 ], [ 121.644427176000022, 31.325418059000071 ], [ 121.668054253000037, 31.308891126000049 ], [ 121.694563363000043, 31.28874505400006 ], [ 121.709845249000068, 31.273744967000027 ], [ 121.74136338400001, 31.232218001000035 ], [ 121.756518200000073, 31.211244971000042 ], [ 121.780272346000061, 31.171382148000077 ], [ 121.805254106, 31.126109142000075 ], [ 121.869709265000097, 31.008327141000052 ], [ 121.882763409000063, 30.979853983000055 ], [ 121.891654261000099, 30.927909150000062 ], [ 121.874700353000094, 30.870691094000051 ], [ 121.846927252000114, 30.853054061000023 ], [ 121.792763394000076, 30.851527045000068 ], [ 121.760972344000038, 30.85944509400008 ], [ 121.733600233000061, 30.862773213000025 ], [ 121.69831828800011, 30.863054006000027 ], [ 121.634427231000018, 30.855000171000029 ], [ 121.559418249000032, 30.843609164000043 ], [ 121.46914515200001, 30.816391113000066 ], [ 121.436782288000018, 30.800136088000045 ], [ 121.393045182000037, 30.767909179000071 ], [ 121.354427240000064, 30.716935976000059 ], [ 121.334436233000019, 30.702773242000035 ], [ 121.275418247000061, 30.688064175000079 ], [ 121.256236261000026, 30.683327059000078 ], [ 121.21998235, 30.671800098000062 ], [ 120.991509271000041, 30.568882061000068 ], [ 120.960963437000032, 30.537918137000077 ], [ 120.944145148000075, 30.503191074000028 ], [ 120.932209318000105, 30.470827037000049 ], [ 120.931854260000023, 30.449091086000067 ], [ 120.936854233000076, 30.418809114000055 ], [ 120.875263338000082, 30.363882167000043 ], [ 120.814418265000086, 30.33555401600006 ], [ 120.795536184000071, 30.328745061000063 ], [ 120.751018219000116, 30.338264221000031 ], [ 120.714709323000079, 30.374854078000055 ], [ 120.691227254000069, 30.387635977000059 ], [ 120.649218329000064, 30.397564174000024 ], [ 120.458591219000027, 30.392982123000024 ], [ 120.391872275000082, 30.371664093000049 ], [ 120.149991336000085, 30.196936113000049 ], [ 120.305254190000028, 30.222218112000064 ], [ 120.40615420000006, 30.28471810800005 ], [ 120.454845178000028, 30.306526982000037 ], [ 120.478327248000028, 30.312218127000051 ], [ 120.508191298000042, 30.310273190000032 ], [ 120.525827158000084, 30.30000016200006 ], [ 120.538036238000018, 30.277218149000078 ], [ 120.566936202000079, 30.203882196000052 ], [ 120.577763442000105, 30.165136010000026 ], [ 120.599427309000021, 30.126945042000045 ], [ 120.615109347000043, 30.110482145000049 ], [ 120.67499134000002, 30.082500167000035 ], [ 120.791582272000028, 30.064645037000048 ], [ 120.776091342000086, 30.091109053000025 ], [ 120.838882358000092, 30.129718110000056 ], [ 121.072145192000107, 30.259109047000038 ], [ 121.140263410000102, 30.291109142000039 ], [ 121.170536162000076, 30.301245042000062 ], [ 121.199418189000085, 30.304718 ], [ 121.220400272, 30.305418057000054 ], [ 121.280809319000014, 30.30458221300006 ], [ 121.301372307000065, 30.299853982000059 ], [ 121.350536193000039, 30.278609042000028 ], [ 121.406372408000038, 30.247909148000076 ], [ 121.483600247000027, 30.185273197000072 ], [ 121.505254223000065, 30.161664226000028 ], [ 121.529427297000097, 30.121936016000063 ], [ 121.612491287000012, 30.01360913700006 ], [ 121.63511823500005, 29.991245046000074 ], [ 121.677754126000082, 29.96305402400003 ], [ 121.728036158, 29.955964107000057 ], [ 121.800809183000069, 29.946945011000025 ], [ 121.854427211000029, 29.920554086000038 ], [ 121.939000279000084, 29.881382100000053 ], [ 122.026627210000015, 29.881636072000049 ], [ 122.074854166000023, 29.89006424300004 ], [ 122.104500288000054, 29.900827109000033 ], [ 122.119563406000111, 29.882109146000062 ], [ 122.057591302000105, 29.84738208300007 ], [ 122.028263358000117, 29.837382137000077 ], [ 121.984982395000088, 29.824027083000033 ], [ 121.95664519200011, 29.812773205000042 ], [ 121.867127304000064, 29.764854032000073 ], [ 121.793591358000072, 29.671664200000066 ], [ 121.691791300000091, 29.560827109000058 ], [ 121.651927303000093, 29.550000037000075 ], [ 121.523036263000108, 29.516936111000064 ], [ 121.502136155000017, 29.54534506300007 ], [ 121.472900245000119, 29.535827076000032 ], [ 121.448318302000075, 29.511664229000075 ], [ 121.428863402000047, 29.461518152000053 ], [ 121.436372413000072, 29.420827029000066 ], [ 121.439700364000032, 29.416935982000041 ], [ 121.467482350000068, 29.459436087000029 ], [ 121.711791359000017, 29.534436016000029 ], [ 121.756527253000058, 29.524027033000039 ], [ 121.74929132300008, 29.499718005000034 ], [ 121.746709194000118, 29.471245015000079 ], [ 121.798800208000102, 29.477427004000049 ], [ 121.848727182000061, 29.528891052000063 ], [ 121.823600248000048, 29.543609171000071 ], [ 121.803445123000074, 29.544582142000024 ], [ 121.738272306000113, 29.550064242000076 ], [ 121.790054195000039, 29.604164230000038 ], [ 121.905818169000099, 29.635273161000043 ], [ 121.938582358000076, 29.623882155000047 ], [ 121.974354141000049, 29.589164144000051 ], [ 121.912063357000079, 29.420064108000076 ], [ 121.889300287000083, 29.386664236000058 ], [ 121.897491251000019, 29.292082170000072 ], [ 121.911927235, 29.270827004000068 ], [ 121.944009305, 29.266036076000034 ], [ 121.967900243000031, 29.280973130000064 ], [ 121.986927164, 29.255000127000073 ], [ 121.933591270000079, 29.195273199000042 ], [ 121.847545166000032, 29.16221815800003 ], [ 121.811918222000031, 29.183882193000045 ], [ 121.802691255000013, 29.204164219000063 ], [ 121.810254246000113, 29.270827004000068 ], [ 121.796918303000098, 29.372353980000071 ], [ 121.764018327000031, 29.363473186000078 ], [ 121.769218292000119, 29.273054076000051 ], [ 121.744354215000044, 29.197291059000065 ], [ 121.676791213000115, 29.183464104000052 ], [ 121.657209243000011, 29.188609083000074 ], [ 121.59636333200001, 29.247773082000037 ], [ 121.561100330000045, 29.291109031000076 ], [ 121.504991367000116, 29.205553939000026 ], [ 121.460818234000044, 29.186382179000077 ], [ 121.413518316000022, 29.16340017400006 ], [ 121.424991298, 29.125554037000029 ], [ 121.43914514700009, 29.107773171000076 ], [ 121.468318193000073, 29.095827115000077 ], [ 121.496100347000038, 29.10416409100003 ], [ 121.537336293000067, 29.112773144000073 ], [ 121.563872393000111, 29.114164204000076 ], [ 121.627763450000089, 29.101109055000052 ], [ 121.69136332000005, 29.021944997000048 ], [ 121.713318206000054, 28.948609043000033 ], [ 121.682209276000094, 28.916454051000073 ], [ 121.588045131000058, 28.93499113300004 ], [ 121.539418190000106, 28.95075397200003 ], [ 121.502627167000014, 28.952909127000055 ], [ 121.490818239000077, 28.935900066000045 ], [ 121.512209191000011, 28.909436051000057 ], [ 121.534145135000017, 28.897773136000069 ], [ 121.588145211000096, 28.889509082000075 ], [ 121.659572270000012, 28.831945021000024 ], [ 121.659418210000013, 28.796664249000059 ], [ 121.6113002190001, 28.727982096000062 ], [ 121.528872415000023, 28.698327090000078 ], [ 121.501091267000106, 28.694300089000023 ], [ 121.37375423200001, 28.710273146000077 ], [ 121.350254225000072, 28.717309083000032 ], [ 121.301091346000021, 28.74325409100004 ], [ 121.146382367000115, 28.842144959000052 ], [ 121.159009202000107, 28.806453977000047 ], [ 121.290818317000117, 28.735273178000057 ], [ 121.409991379000076, 28.690273087000037 ], [ 121.465409338000086, 28.682218078000062 ], [ 121.484427205000088, 28.669927023000071 ], [ 121.497754264000037, 28.642218127000035 ], [ 121.506663389000096, 28.61443597400006 ], [ 121.522491272000025, 28.548882115000026 ], [ 121.52360925000005, 28.50027311100007 ], [ 121.592754252000077, 28.39277319100006 ], [ 121.64166332800005, 28.347218050000038 ], [ 121.579991295000013, 28.275553951000063 ], [ 121.573954146, 28.302909130000046 ], [ 121.525682262000032, 28.331382120000058 ], [ 121.498027179000019, 28.338327030000073 ], [ 121.455272432000015, 28.338053947000049 ], [ 121.4083362880001, 28.303609019000078 ], [ 121.386936284000058, 28.237218143000064 ], [ 121.374418246000118, 28.188327005000076 ], [ 121.341927307000105, 28.138882158000058 ], [ 121.283600325000066, 28.176935998000033 ], [ 121.260345238000014, 28.20479107400007 ], [ 121.250263317000076, 28.250000043000057 ], [ 121.248172367000052, 28.275417997000034 ], [ 121.209718207000037, 28.357500131000052 ], [ 121.185536249000052, 28.379718041000046 ], [ 121.165118268000015, 28.382773077000024 ], [ 121.102200350000089, 28.290836005000074 ], [ 121.11484512100003, 28.241244977000065 ], [ 121.103863319000084, 28.206109045000062 ], [ 121.08193626000002, 28.173882136000032 ], [ 120.954154146000064, 27.992491045000065 ], [ 120.935254128000111, 27.982218017000037 ], [ 120.831936275000089, 27.994435982000027 ], [ 120.678309232000061, 28.039718040000025 ], [ 120.590818256000034, 28.079436024000074 ], [ 120.613309249000054, 28.01860905500007 ], [ 120.719145194000021, 27.988044948000038 ], [ 120.839636226000039, 27.948400055000036 ], [ 120.839991284, 27.872291200000063 ], [ 120.795263436000027, 27.846527074000051 ], [ 120.694700212000043, 27.722218085000065 ], [ 120.674491275000037, 27.645344969000064 ], [ 120.655254137000043, 27.616664108000066 ], [ 120.620954216000086, 27.597145002000047 ], [ 120.581163310000079, 27.593191091000051 ], [ 120.580272313000023, 27.557773191000024 ], [ 120.586109303000057, 27.537218082000038 ], [ 120.608736251000096, 27.504436123000062 ], [ 120.639709227000026, 27.49596419900007 ], [ 120.665545270000052, 27.450826979000055 ], [ 120.632145230000106, 27.371454044000075 ], [ 120.583327182000062, 27.389436076000038 ], [ 120.549427245000061, 27.32416418400004 ], [ 120.543872390000047, 27.283336102000078 ], [ 120.525545191000106, 27.229164196000056 ], [ 120.507491242000015, 27.20777307700007 ], [ 120.471191231000034, 27.179053994000071 ], [ 120.462418228000047, 27.202982148000046 ], [ 120.451091259, 27.221727101000056 ], [ 120.419700361000082, 27.21416411000007 ], [ 120.416363358000012, 27.208700115000056 ], [ 120.422245275000023, 27.174509158000035 ], [ 120.338318284000025, 27.241382161000047 ], [ 120.317482381000104, 27.287500063000039 ], [ 120.310245278000025, 27.311109035000072 ], [ 120.269291299000088, 27.31860916200003 ], [ 120.210872284000061, 27.297609142000056 ], [ 120.189563307000071, 27.282773173000066 ], [ 120.176091241000108, 27.222809037000047 ], [ 120.202545198000053, 27.220273176000035 ], [ 120.222900315000061, 27.245409163000033 ], [ 120.254436220000116, 27.251945036000052 ], [ 120.3288723820001, 27.229436105000048 ], [ 120.421100307000074, 27.14763610600005 ], [ 120.385263312, 27.094718134000061 ], [ 120.330554127000028, 27.099164231000032 ], [ 120.277354187000014, 27.110273102000065 ], [ 120.253254204000086, 27.129164236000065 ], [ 120.236363328000039, 27.061109049000038 ], [ 120.235263287000066, 27.032500105000054 ], [ 120.235809284000084, 26.981936106000035 ], [ 120.204163409000103, 26.916109164000034 ], [ 120.137072308000029, 26.925554061000071 ], [ 120.033182306000072, 26.898054042000069 ], [ 120.019427268000072, 26.840000142000065 ], [ 120.033600228000068, 26.818882105000057 ], [ 120.058527170000048, 26.819027112000072 ], [ 120.104154228000084, 26.793891125000073 ], [ 120.127963359000091, 26.644644968000023 ], [ 120.096863313000085, 26.621873181000069 ], [ 119.993445212000097, 26.599300046000053 ], [ 119.93719124200004, 26.556944948000023 ], [ 119.886645181000063, 26.520554077000043 ], [ 119.860263308000071, 26.517773129000034 ], [ 119.835682371000075, 26.527291115000025 ], [ 119.832909302000076, 26.559853971000052 ], [ 119.85415424200005, 26.592982102000065 ], [ 119.902691329000049, 26.621454086000028 ], [ 119.947900297000047, 26.626173098000038 ], [ 119.975963412000056, 26.652218018000042 ], [ 120.073309327000061, 26.788227138000025 ], [ 119.964709198000037, 26.795000051000045 ], [ 119.922963297000024, 26.789791201000071 ], [ 119.892209256000115, 26.696945027000027 ], [ 119.892591303000017, 26.669373092000058 ], [ 119.866782249000039, 26.648882188000073 ], [ 119.791509238000117, 26.692082182000036 ], [ 119.787900326000113, 26.79610914400007 ], [ 119.68796339700009, 26.81270011600003 ], [ 119.676209287, 26.772064146000048 ], [ 119.687482276000082, 26.740273096000067 ], [ 119.708318179000116, 26.726664238000069 ], [ 119.728427202000034, 26.711245057000042 ], [ 119.703745180000055, 26.694300034000037 ], [ 119.685391326000058, 26.705826994000063 ], [ 119.630809211000042, 26.75110905300005 ], [ 119.626727224000092, 26.774535970000045 ], [ 119.618382369000074, 26.793891125000073 ], [ 119.576663290000056, 26.785553981000078 ], [ 119.550263312000084, 26.756244980000076 ], [ 119.53387233300009, 26.647773095000048 ], [ 119.552618292000034, 26.617500175000032 ], [ 119.599718217000031, 26.573891144000072 ], [ 119.621091232000026, 26.590000156000031 ], [ 119.665682287000095, 26.610136002000047 ], [ 119.737072297000054, 26.608053938000069 ], [ 119.780272291000074, 26.572773166000047 ], [ 119.820400318000111, 26.442218151000077 ], [ 119.788591330000031, 26.409164115000067 ], [ 119.766100337000012, 26.40756417800003 ], [ 119.734418252000069, 26.435273073000076 ], [ 119.653045227, 26.492773097000054 ], [ 119.577472311000065, 26.473882131000039 ], [ 119.565536146000113, 26.44332707600006 ], [ 119.658045200000061, 26.33860911000005 ], [ 119.689418328000102, 26.317918046000045 ], [ 119.737363317000018, 26.332027136000079 ], [ 119.75638235800011, 26.365826994000031 ], [ 119.788309195000011, 26.398054070000057 ], [ 119.818736174000037, 26.418609011000058 ], [ 119.948863378000055, 26.367773104000037 ], [ 119.93386329100008, 26.348745010000073 ], [ 119.884145194000098, 26.310554042000035 ], [ 119.85011818800001, 26.32277318000007 ], [ 119.816927192000094, 26.322636052000064 ], [ 119.793245130000059, 26.303318112000056 ], [ 119.792763339000089, 26.280554037000059 ], [ 119.767972351000026, 26.289645049000057 ], [ 119.668872272000044, 26.281800090000047 ], [ 119.635409199000037, 26.256527143000028 ], [ 119.593045217000054, 26.173882081000045 ], [ 119.507491298000105, 26.055826998000043 ], [ 119.42526331900001, 25.996936081000058 ], [ 119.405118253000069, 26.010691119000057 ], [ 119.341372370000045, 26.044164250000051 ], [ 119.198591343000089, 26.108327048000035 ], [ 119.097491341000023, 26.140409118000036 ], [ 119.256654128000037, 25.963054081000053 ], [ 119.35400926300008, 25.937873168000067 ], [ 119.447482236000042, 25.960273133000044 ], [ 119.464709226000082, 25.971936049000078 ], [ 119.491718233000029, 25.994718062000061 ], [ 119.501100265000105, 26.02250004800004 ], [ 119.516936194000095, 26.040209165000078 ], [ 119.572072354000056, 26.043127073000051 ], [ 119.682827302000078, 26.013473073000057 ], [ 119.705827245000023, 25.990691060000074 ], [ 119.696918287000017, 25.970136119000074 ], [ 119.672209275000114, 25.929436112000076 ], [ 119.611100339000018, 25.87555405300003 ], [ 119.591372356000079, 25.863609170000075 ], [ 119.600336299000105, 25.809027055000058 ], [ 119.621091232000026, 25.756664132000026 ], [ 119.580745277, 25.679964186000063 ], [ 119.513318230000095, 25.686664176000079 ], [ 119.452209294000113, 25.682218079000052 ], [ 119.453327272000024, 25.652218074000075 ], [ 119.45762718900005, 25.616935962000071 ], [ 119.480263356000023, 25.572773222000023 ], [ 119.505463381000027, 25.557354041000053 ], [ 119.552891374000069, 25.563609120000024 ], [ 119.644572296000092, 25.416518118000056 ], [ 119.645400260000088, 25.353327118000038 ], [ 119.619136237000021, 25.340000059000033 ], [ 119.614154202, 25.338053949000027 ], [ 119.601382360000116, 25.340273142000058 ], [ 119.591663376000042, 25.360553995000032 ], [ 119.582491227000105, 25.398053959000038 ], [ 119.580691297000044, 25.418191146000026 ], [ 119.504709345000038, 25.474718031000066 ], [ 119.423309330000052, 25.510827102000064 ], [ 119.379154134000032, 25.585827031000065 ], [ 119.350954227000102, 25.602909014000033 ], [ 119.314945235000096, 25.606491104000042 ], [ 119.302200216000074, 25.564718046000053 ], [ 119.25610025200001, 25.500826989000075 ], [ 119.222072407000041, 25.472736046000023 ], [ 119.169154267000067, 25.454991054000061 ], [ 119.105263377000028, 25.420964215000026 ], [ 119.10643617300002, 25.397145025000043 ], [ 119.169982231000063, 25.344164189000026 ], [ 119.242482341000027, 25.324718006000069 ], [ 119.281100284000104, 25.324300084000072 ], [ 119.352554165000015, 25.253191202000039 ], [ 119.272627186000022, 25.172082207000074 ], [ 119.146100345000036, 25.118327050000062 ], [ 119.092072273000099, 25.105554036000058 ], [ 119.035054209, 25.126936103000048 ], [ 119.031863386000055, 25.164436068000043 ], [ 119.055045216000053, 25.174927025000045 ], [ 119.068600262000018, 25.205964207000022 ], [ 119.06137238000008, 25.273053966000077 ], [ 118.992900277000103, 25.281664192000051 ], [ 118.945254186000057, 25.270000103000029 ], [ 118.874872351000022, 25.242600165000056 ], [ 118.882372310000051, 25.219300150000038 ], [ 118.912627293000014, 25.218609146000063 ], [ 118.967763285000046, 25.177254009000023 ], [ 118.939145120000035, 25.106282088000057 ], [ 118.891863307000108, 25.102427083000066 ], [ 118.860263364000048, 25.101245067000036 ], [ 118.847063376000051, 25.082982073000039 ], [ 118.868591288000061, 25.043891056000064 ], [ 118.986645198000019, 24.971936105000054 ], [ 119.011445238000078, 24.947635962000049 ], [ 118.984991281000021, 24.926936014000034 ], [ 118.717209255000057, 24.843053950000069 ], [ 118.694000268000082, 24.851736093000056 ], [ 118.705691346000094, 24.873609172000045 ], [ 118.725536173000023, 24.887491113000067 ], [ 118.70624522300011, 24.931382111000062 ], [ 118.6667912690001, 24.947218040000052 ], [ 118.572909259000085, 24.882909061000078 ], [ 118.626509183000053, 24.771182148000037 ], [ 118.651382313000113, 24.780282212000031 ], [ 118.707763353000018, 24.802353943000071 ], [ 118.763118280000072, 24.756736105000073 ], [ 118.750263290000021, 24.724718073000076 ], [ 118.657491212000082, 24.575000183000043 ], [ 118.6227542580001, 24.543891084000052 ], [ 118.595263292000027, 24.52860903100003 ], [ 118.553454191000014, 24.512364232000039 ], [ 118.553245147000098, 24.545273092000059 ], [ 118.559709270000099, 24.576109109000072 ], [ 118.520263363000026, 24.598053937000032 ], [ 118.474700343000109, 24.615554010000039 ], [ 118.439972275000059, 24.628327024000043 ], [ 118.41665415500006, 24.620553983000036 ], [ 118.326927222000108, 24.583882150000022 ], [ 118.239700276, 24.536382072000038 ], [ 118.194972429000018, 24.610554037000043 ], [ 118.19303620900007, 24.649718144000076 ], [ 118.168800272000112, 24.681936001000054 ], [ 118.043591234000019, 24.615827092000075 ], [ 117.982482298000036, 24.564300180000032 ], [ 117.97817232400007, 24.541318008000076 ], [ 118.026236168000082, 24.529027120000023 ], [ 118.051363438000067, 24.517218024000044 ], [ 118.019882350000103, 24.440236111000047 ], [ 117.9605362960001, 24.450273105000065 ], [ 117.922054141000103, 24.466244989000074 ], [ 117.892772297000079, 24.479582105000077 ], [ 117.849218252000014, 24.485136122000029 ], [ 117.82360919000007, 24.479164184000069 ], [ 117.794727164000051, 24.460182191000058 ], [ 117.834563332000016, 24.418054074000054 ], [ 117.896654124000065, 24.383609146000026 ], [ 117.934418286000096, 24.386664182000061 ], [ 118.037136163000014, 24.403464198000052 ], [ 118.094991244000084, 24.342773184000066 ], [ 118.119427174000066, 24.292500038000071 ], [ 118.123727258000031, 24.258745108000028 ], [ 118.023036293000018, 24.20499112400006 ], [ 117.959991305000017, 24.153609052000036 ], [ 117.864700297000013, 24.036945029000037 ], [ 117.763318328000082, 23.917218092000041 ], [ 117.735254208000015, 23.900273236000032 ], [ 117.728045268000074, 23.941518067000061 ], [ 117.770400198000061, 23.988254051000069 ], [ 117.794836296000085, 24.003744981000068 ], [ 117.762627157000111, 24.060000125000045 ], [ 117.709718237000061, 24.041664208000043 ], [ 117.651654111000084, 23.933327104000057 ], [ 117.614700311000092, 23.863609115000031 ], [ 117.47720021900011, 23.840273226000079 ], [ 117.365809251000087, 23.790836090000028 ], [ 117.304700316000094, 23.758327047000023 ], [ 117.266863399000044, 23.729718102000049 ], [ 117.255254127000057, 23.664435984000079 ], [ 117.195682265000073, 23.624373169000023 ], [ 117.174236160000078, 23.616682103000073 ], [ 117.124418318000039, 23.591382166000074 ], [ 117.056991271000015, 23.634582160000036 ], [ 117.034154106000074, 23.656800071000077 ], [ 116.917936168000097, 23.659191092000071 ], [ 116.874845139000058, 23.597464243000047 ], [ 116.879554260000077, 23.551664182000025 ], [ 116.859154216000093, 23.464436063000051 ], [ 116.824709288, 23.418327046000059 ], [ 116.806927248000079, 23.399718047000079 ], [ 116.760327219000033, 23.355000091000022 ], [ 116.632472350000057, 23.361664207000047 ], [ 116.604600342000026, 23.370118026000057 ], [ 116.558591237000087, 23.394927119000045 ], [ 116.5322003120001, 23.42023610800004 ], [ 116.522218304000035, 23.386664239000027 ], [ 116.529018206000046, 23.363882058000058 ], [ 116.550945265000109, 23.336664174000077 ], [ 116.591309326000101, 23.311318137000058 ], [ 116.623100208000096, 23.320553989000075 ], [ 116.741509343000075, 23.318400175000022 ], [ 116.787072363000107, 23.236664214000029 ], [ 116.78026340800011, 23.209300149000057 ], [ 116.748800258000074, 23.22401810100007 ], [ 116.513891218000026, 23.210826997000026 ], [ 116.535809224000104, 23.032218027000056 ], [ 116.536927203, 23.006526991000044 ], [ 116.481718288000025, 22.939018137000062 ], [ 116.379145251000068, 22.926382083000078 ], [ 116.350954228000091, 22.929300159000036 ], [ 116.325272412000118, 22.93832713300003 ], [ 116.226927207000017, 22.930827006000072 ], [ 116.177754101, 22.886382132000051 ], [ 116.132554185000117, 22.847353979000047 ], [ 116.077936195, 22.832500073000062 ], [ 116.050263342000108, 22.852500132000046 ], [ 115.862200256000051, 22.78916412500007 ], [ 115.843736264000086, 22.779444973000068 ], [ 115.797763369000108, 22.73916422800005 ], [ 115.783863324000095, 22.797218128000054 ], [ 115.669436264000069, 22.877773079000065 ], [ 115.640263385000026, 22.884164113000054 ], [ 115.564991212000109, 22.854718151000043 ], [ 115.535536198000045, 22.832773155000041 ], [ 115.562482341000077, 22.681936114000052 ], [ 115.536654177000059, 22.658882192000078 ], [ 115.375945264000052, 22.681800159000034 ], [ 115.223045268000078, 22.786527010000043 ], [ 115.240536289000033, 22.827500100000066 ], [ 115.161372398000026, 22.80832699900003 ], [ 115.048027274000106, 22.778609129000074 ], [ 114.94330930700005, 22.743882066000026 ], [ 114.888891310000076, 22.702773190000073 ], [ 114.93665424400001, 22.650000057000057 ], [ 114.900963430000047, 22.546391183000026 ], [ 114.877763327000025, 22.53444496000003 ], [ 114.872209311, 22.533054067000023 ], [ 114.879354213000056, 22.570064193000064 ], [ 114.848736294000105, 22.587218093000047 ], [ 114.771518178000065, 22.585136028000022 ], [ 114.738727167000093, 22.586664217000077 ], [ 114.718045156000017, 22.640273193000041 ], [ 114.718872282, 22.703609033000077 ], [ 114.723872423000103, 22.724853972000062 ], [ 114.744291242000031, 22.745618126000068 ], [ 114.783736143000056, 22.756800088000034 ], [ 114.812400240000102, 22.783953934000067 ], [ 114.778182294000089, 22.814027029000044 ], [ 114.689700242000072, 22.784718028000043 ], [ 114.559427193000033, 22.734164088000057 ], [ 114.520827188000112, 22.699718154000038 ], [ 114.500972303000026, 22.653327002000026 ], [ 114.525818276000109, 22.58500007400005 ], [ 114.597827206000034, 22.538535999000032 ], [ 114.613591219000114, 22.504236078000076 ], [ 114.518336254000019, 22.474436065000077 ], [ 114.474700234000011, 22.525000064000039 ], [ 114.467336229000011, 22.550900144000025 ], [ 114.416382304000081, 22.593609126000047 ], [ 114.391654181000035, 22.61000010600003 ], [ 114.36595426000008, 22.609300049000069 ], [ 114.301654166000048, 22.593609126000047 ], [ 114.266100312000049, 22.580273183000031 ], [ 114.23977241800003, 22.565900063000072 ], [ 114.222263293000083, 22.550045023000052 ], [ 114.219436245000111, 22.474436065000077 ], [ 114.239436136000108, 22.43082703400006 ], [ 114.31248224300009, 22.474582078000026 ], [ 114.388527228000044, 22.429926985000066 ], [ 114.382472309000036, 22.371382074000053 ], [ 114.329700349000063, 22.377036003000057 ], [ 114.292609254000013, 22.38183598300003 ], [ 114.262082362000115, 22.359591083000055 ], [ 114.27429127500011, 22.324253985000041 ], [ 114.306572331000098, 22.285426998000048 ], [ 114.296109201000036, 22.260564093000028 ], [ 114.198027188000083, 22.318054059000076 ], [ 114.025545222, 22.351936058000035 ], [ 113.932209209, 22.354445097000053 ], [ 113.905609240000103, 22.367354066000075 ], [ 113.896927264000055, 22.405345043000068 ], [ 113.949418262000108, 22.446382170000049 ], [ 114.03369125800009, 22.508735986000033 ], [ 114.030545195000059, 22.512217996000061 ], [ 114.001100239000039, 22.520827049000047 ], [ 113.948863380000034, 22.521945027000072 ], [ 113.924909242000012, 22.512773214000049 ], [ 113.860809308000057, 22.474436065000077 ], [ 113.8374913560001, 22.561109135000038 ], [ 113.798863355000094, 22.657218049000051 ], [ 113.754436251000016, 22.751800115000037 ], [ 113.605954189000045, 22.83458213800003 ], [ 113.590618323000058, 22.880273233000025 ], [ 113.602482237000117, 22.991245105000075 ], [ 113.546300351000014, 22.983253966000063 ], [ 113.523336283000049, 23.016644954000071 ], [ 113.525272335000068, 23.050273150000066 ], [ 113.547127310000064, 23.075273182000046 ], [ 113.612272299000097, 23.10320017500004 ], [ 113.706372406000014, 23.131245017000026 ], [ 113.802209243000107, 23.123327136000057 ], [ 113.821900346, 23.117236007000031 ], [ 113.712200344000053, 23.155273084000044 ], [ 113.683591232000026, 23.152709059000074 ], [ 113.479282341000044, 23.050827026000036 ], [ 113.493872385000031, 23.024164192000057 ], [ 113.495672315000093, 23.004164133000074 ], [ 113.480254139000067, 22.917145058000074 ], [ 113.42125425800009, 22.928845021000029 ], [ 113.378009337000094, 22.91038220300004 ], [ 113.362900286000013, 22.879853970000056 ], [ 113.453327275000106, 22.791664111000046 ], [ 113.491736173000049, 22.77088218800003 ], [ 113.437782365000089, 22.737836032000075 ], [ 113.470836233000114, 22.708673211000075 ], [ 113.5000002270001, 22.678536078000036 ], [ 113.541654262000066, 22.61693596300006 ], [ 113.564772389000041, 22.549445046000073 ], [ 113.558309271000098, 22.478327112000045 ], [ 113.533391214000062, 22.422454016000074 ], [ 113.538100335000081, 22.391318095000031 ], [ 113.571654100000046, 22.36985405300004 ], [ 113.589854229000025, 22.358191137000063 ], [ 113.579427309000039, 22.249854033000076 ], [ 113.554427277000059, 22.212727063000045 ], [ 113.552682332000018, 22.187009037000053 ], [ 113.531663369000057, 22.19473597800004 ], [ 113.514645255, 22.178882111000064 ], [ 113.456654220000019, 22.167909027000064 ], [ 113.433445233000043, 22.178473075000056 ], [ 113.288591361000044, 22.355000147000055 ], [ 113.267491261000032, 22.38277308000005 ], [ 113.247482317000049, 22.424164092000069 ], [ 113.21331818200008, 22.496936111000025 ], [ 113.168727296000043, 22.56700915700003 ], [ 113.154709233000062, 22.50638218000006 ], [ 113.159982288000037, 22.478673117000028 ], [ 113.186991295000098, 22.46040911800003 ], [ 113.234572342000092, 22.417218009000067 ], [ 113.29525413600004, 22.331664090000061 ], [ 113.359991262000108, 22.230273069000077 ], [ 113.386791224000035, 22.179645032000053 ], [ 113.35637229200006, 22.166518134000057 ], [ 113.335054262000085, 22.179509078000024 ], [ 113.30269123100004, 22.177291059000027 ], [ 113.255827172000068, 22.124164209000071 ], [ 113.249009332000014, 22.097418059000063 ], [ 113.252554207000117, 22.062500056000033 ], [ 113.222618239000099, 22.040691182000046 ], [ 113.115963383, 22.090118092000068 ], [ 113.125600224000095, 22.152218104000042 ], [ 113.106782349000014, 22.212354068000025 ], [ 113.084845232000021, 22.204853941000067 ], [ 113.046654096000111, 22.167500157000063 ], [ 113.012763379000035, 22.129444976000059 ], [ 112.996936166000069, 22.10889104000006 ], [ 112.98733620500002, 22.08930018600006 ], [ 112.993872413000076, 22.008891080000069 ], [ 113.002209221000044, 21.971382063000078 ], [ 113.004436293000026, 21.938882071000023 ], [ 112.978600250000113, 21.896382134000078 ], [ 112.940045172000055, 21.869300037000073 ], [ 112.891918295000096, 21.859582059000047 ], [ 112.865745132000029, 21.896936010000047 ], [ 112.846091245000025, 21.950964250000027 ], [ 112.824018174000116, 21.96471811400005 ], [ 112.753318161000038, 21.938191067000048 ], [ 112.693309267000018, 21.884991128000024 ], [ 112.67110024100009, 21.849718067000026 ], [ 112.630954109000072, 21.791382200000044 ], [ 112.611100230000034, 21.779718111000022 ], [ 112.592754256000035, 21.770000133000053 ], [ 112.566654183000082, 21.763682190000054 ], [ 112.478045229000031, 21.802500124000062 ], [ 112.385554112000023, 21.747073113000056 ], [ 112.362491305000049, 21.733327127000052 ], [ 112.335400324000034, 21.718045074000031 ], [ 112.281936186000053, 21.701382185000057 ], [ 112.247209291000104, 21.706245030000048 ], [ 112.070827225000016, 21.788891099000068 ], [ 111.952072421000082, 21.852773103000061 ], [ 111.913736278000044, 21.911318015000063 ], [ 111.892136281000035, 21.916109111000026 ], [ 111.892209204000039, 21.851109128000076 ], [ 111.899018159000036, 21.825973141000077 ], [ 111.909145174000059, 21.808473069000058 ], [ 111.929700283000045, 21.793054055000027 ], [ 111.974427292000087, 21.771382141000061 ], [ 111.966927165000072, 21.751391134000073 ], [ 111.887218283000038, 21.682354092000026 ], [ 111.858518311000068, 21.673264085000028 ], [ 111.833663286000046, 21.682982064000043 ], [ 111.823882276000063, 21.719991184000037 ], [ 111.795818323000049, 21.736936039000057 ], [ 111.67622717200004, 21.778191096000057 ], [ 111.701436249000039, 21.752009048000048 ], [ 111.750818231000039, 21.726936094000052 ], [ 111.770400201000086, 21.707700129000045 ], [ 111.783172378000074, 21.612636103000057 ], [ 111.749291216000074, 21.613609074000067 ], [ 111.699209177000057, 21.61138217000007 ], [ 111.674909201000048, 21.583682159000034 ], [ 111.643954162000057, 21.526800050000077 ], [ 111.473454181000079, 21.512709065000024 ], [ 111.379154250000056, 21.529445043000067 ], [ 111.296945214000061, 21.498327060000065 ], [ 111.146663389000082, 21.465136064000035 ], [ 111.095545179000055, 21.46708217500003 ], [ 111.074645239000063, 21.504027089000033 ], [ 111.02845424700007, 21.525273202000051 ], [ 110.992554220000045, 21.513953945000026 ], [ 110.978036261000057, 21.44561813200005 ], [ 110.999845135000044, 21.444373084000063 ], [ 111.018318179000062, 21.467291052000064 ], [ 111.059627215000035, 21.479682187000037 ], [ 111.000263392000079, 21.425554035000062 ], [ 110.876854116000061, 21.383673185000077 ], [ 110.843045207000046, 21.384164197000075 ], [ 110.822218189000068, 21.389164170000072 ], [ 110.798182243000042, 21.399582205000058 ], [ 110.73610033600005, 21.372218141000076 ], [ 110.71873621800006, 21.360554052000055 ], [ 110.692891290000034, 21.332636112000046 ], [ 110.666372289000037, 21.288744946000065 ], [ 110.651091242000064, 21.254445025000052 ], [ 110.647909303000063, 21.255973214000051 ], [ 110.632445195000059, 21.358573073000059 ], [ 110.688582321000069, 21.390554057000031 ], [ 110.712763274000054, 21.397636095000053 ], [ 110.744563376000087, 21.403327072000025 ], [ 110.761827247000042, 21.426173123000069 ], [ 110.660536138000055, 21.388609120000069 ], [ 110.627745127000082, 21.369445072000076 ], [ 110.612072309000041, 21.327218050000056 ], [ 110.616091264000033, 21.294164182000031 ], [ 110.622209215000055, 21.272082058000024 ], [ 110.635463351000055, 21.239018132000069 ], [ 110.532763411000076, 21.211382159000038 ], [ 110.483518221000054, 21.220791181000038 ], [ 110.453600191000078, 21.208609090000039 ], [ 110.432745178000062, 21.217491058000064 ], [ 110.420254130000046, 21.263054078000039 ], [ 110.420536265000067, 21.31471811800003 ], [ 110.421100200000069, 21.341527132000067 ], [ 110.424563434000049, 21.372218141000076 ], [ 110.394354217000057, 21.373218102000067 ], [ 110.372482311000056, 21.318053947000067 ], [ 110.375527289000047, 21.277773203000038 ], [ 110.408872344000088, 21.227909093000051 ], [ 110.390600298000038, 21.162982200000044 ], [ 110.330272388000083, 21.111936075000074 ], [ 110.308591254000078, 21.103609157000051 ], [ 110.200272422000069, 21.047773109000047 ], [ 110.153591256000084, 20.985273112000073 ], [ 110.149145159000057, 20.932218012000078 ], [ 110.15935415000007, 20.843818102000057 ], [ 110.196372322000059, 20.835000172000036 ], [ 110.24052718300004, 20.832218051000041 ], [ 110.286927219000063, 20.842217997000034 ], [ 110.317672376000075, 20.853845038000031 ], [ 110.375536174000047, 20.840827104000027 ], [ 110.393600349000053, 20.809718005000036 ], [ 110.401100308000082, 20.783191126000077 ], [ 110.400818173000062, 20.734300155000028 ], [ 110.378936209000074, 20.710273094000058 ], [ 110.353318263000062, 20.735409081000057 ], [ 110.347900201000073, 20.76458212700004 ], [ 110.342427153000074, 20.797544967000078 ], [ 110.309427265000068, 20.743609096000057 ], [ 110.323882360000084, 20.640000056000076 ], [ 110.393600349000053, 20.613609131000032 ], [ 110.387491282000042, 20.604300021000029 ], [ 110.41026340500008, 20.580554090000078 ], [ 110.443263293000086, 20.566282055000045 ], [ 110.47352716000006, 20.570764194000049 ], [ 110.507218220000084, 20.527773077000063 ], [ 110.527354234000086, 20.486173189000056 ], [ 110.514500250000083, 20.429644963000044 ], [ 110.440809239000089, 20.340000173000078 ], [ 110.405254212000045, 20.303264136000053 ], [ 110.30887238300005, 20.257500118000053 ], [ 110.278872378000074, 20.246109111000067 ], [ 110.16943623800006, 20.240827003000049 ], [ 110.149145159000057, 20.239991160000045 ], [ 110.114982366000049, 20.240409082000042 ], [ 110.06019120600007, 20.281800093000072 ], [ 110.041927206000082, 20.297773151000058 ], [ 109.979845132000037, 20.291935993000038 ], [ 109.959991253000055, 20.276391083000078 ], [ 109.924427173000083, 20.233609011000055 ], [ 109.882754194000086, 20.360000065000065 ], [ 109.951236187000063, 20.382353930000022 ], [ 109.977900195000075, 20.357773161000068 ], [ 110.009145248000038, 20.40666413200006 ], [ 110.006863358000089, 20.431800118000069 ], [ 109.98400926100004, 20.448053970000046 ], [ 109.950400344000059, 20.448327052000025 ], [ 109.850809252000033, 20.504445067000063 ], [ 109.751100311000073, 20.641109149000044 ], [ 109.742200239000056, 20.659718148000024 ], [ 109.700545197000054, 20.81721813200005 ], [ 109.665954256000077, 20.865691181000045 ], [ 109.662900226000033, 20.924164176000033 ], [ 109.675263366000081, 20.981109150000066 ], [ 109.691654177000089, 21.01832698000004 ], [ 109.673863420000089, 21.12888210400007 ], [ 109.769145208000054, 21.334718009000028 ], [ 109.827472357000033, 21.351391123000042 ], [ 109.856645236000077, 21.35943607400003 ], [ 109.904709248000074, 21.388045018000071 ], [ 109.941091235000044, 21.446944987000052 ], [ 109.924145206000048, 21.474164212000062 ], [ 109.862763355000084, 21.479718061000028 ], [ 109.822772289000056, 21.460554013000035 ], [ 109.796372311000084, 21.51360911300003 ], [ 109.787200330000076, 21.53943610400006 ], [ 109.763427241000045, 21.579818102000047 ], [ 109.743636226000035, 21.57940018000005 ], [ 109.742336193000085, 21.572918119000065 ], [ 109.74941823100005, 21.532218112000066 ], [ 109.756527258000062, 21.511245081000027 ], [ 109.770291349000047, 21.486927001000026 ], [ 109.73248226000004, 21.469718116000024 ], [ 109.660472324000068, 21.505691065000065 ], [ 109.610527245000071, 21.575000184000032 ], [ 109.561091283000053, 21.673464245000048 ], [ 109.556509232000053, 21.702491111000029 ], [ 109.573318300000039, 21.723327014000063 ], [ 109.503882279000038, 21.676382153000077 ], [ 109.574845148000065, 21.577291126000034 ], [ 109.554427167000085, 21.520554023000045 ], [ 109.534427275000041, 21.494991062000054 ], [ 109.513882225000089, 21.482354002000022 ], [ 109.426791233000074, 21.450826982000024 ], [ 109.399145202000057, 21.448882213000047 ], [ 109.362200287000064, 21.448882213000047 ], [ 109.338882335000051, 21.448609131000069 ], [ 109.243318245000069, 21.430000132000032 ], [ 109.164700352000068, 21.411664216000077 ], [ 109.142763402000071, 21.396664129000044 ], [ 109.068045273000052, 21.432218151000029 ], [ 109.093045138000036, 21.481936081000072 ], [ 109.113800239000057, 21.487564193000026 ], [ 109.141518187000088, 21.506944997000062 ], [ 109.149918195000055, 21.53347321800004 ], [ 109.137500238000086, 21.583054020000077 ], [ 109.102763284000048, 21.596945013000038 ], [ 109.041372381000087, 21.615827094000053 ], [ 108.974009204000083, 21.603609128000073 ], [ 108.910954158000038, 21.616109061000031 ], [ 108.856509170000038, 21.681800048000071 ], [ 108.86638238200004, 21.722218088000034 ], [ 108.885891262000086, 21.742073140000059 ], [ 108.920818317000055, 21.756453972000031 ], [ 108.87024526600004, 21.798882160000062 ], [ 108.813872273000072, 21.815553933000047 ], [ 108.792482327000073, 21.815000057000077 ], [ 108.810327231000088, 21.803327083000056 ], [ 108.848327260000076, 21.761391080000067 ], [ 108.831709298000078, 21.701582178000024 ], [ 108.842036138000083, 21.667400106000059 ], [ 108.852618291000056, 21.630064091000065 ], [ 108.825254227000073, 21.62520007300003 ], [ 108.793945136000048, 21.639791122000076 ], [ 108.740672274000076, 21.613327107000032 ], [ 108.740254185000083, 21.598882070000059 ], [ 108.708600263000051, 21.653045091000024 ], [ 108.650272275000077, 21.723045046000038 ], [ 108.606236270000068, 21.838053978000062 ], [ 108.63083615000005, 21.884209096000063 ], [ 108.604709255000046, 21.910827003000065 ], [ 108.469218304000037, 21.935617991000072 ], [ 108.452482326000052, 21.907636013000058 ], [ 108.44289124900007, 21.865691125000069 ], [ 108.493045205000044, 21.767500146000032 ], [ 108.559109187000047, 21.683709110000052 ], [ 108.512500273000057, 21.590136057000052 ], [ 108.466236191000064, 21.558744992000072 ], [ 108.405254157000059, 21.552218004000053 ], [ 108.39435416200007, 21.555554001000075 ], [ 108.385472362000087, 21.591109029000052 ], [ 108.416091287000086, 21.624164237000059 ], [ 108.438318250000066, 21.65680018300003 ], [ 108.333600284000056, 21.68999117900006 ], [ 108.313900297000089, 21.678391128000044 ], [ 108.319991258000073, 21.62360902000006 ], [ 108.311227140000085, 21.582500143000061 ], [ 108.283872296000084, 21.539864084000044 ], [ 108.244709195000041, 21.514444957000023 ], [ 108.207972319000078, 21.499164244000042 ], [ 108.235809290000077, 21.554445075000046 ], [ 108.204436161000046, 21.594435974000078 ], [ 108.134718173000067, 21.560000098000046 ], [ 108.077472288000081, 21.534445016000063 ], [ 108.016663425000047, 21.553609064000057 ], [ 107.996372346000044, 21.549027013000057 ], [ 107.990018193000083, 21.542409165000038 ], [ 107.968882218000033, 21.535691070000041 ], [ 107.947482381000043, 21.544444962000057 ], [ 107.916654244000085, 21.58889117700005 ], [ 107.860818196000082, 21.647773209000036 ], [ 107.783054251000067, 21.666936084000042 ], [ 107.756100229000083, 21.656244966000031 ], [ 107.73830930400004, 21.644718005000072 ], [ 107.710118282000053, 21.62721810000005 ], [ 107.660263392000047, 21.610000162000063 ], [ 107.531791279000061, 21.586382138000033 ], [ 107.384718215000078, 21.598327021000046 ], [ 107.362727286000052, 21.605264219000048 ], [ 107.348327176000055, 21.662218078000024 ], [ 107.340400243000033, 21.681382126000074 ], [ 107.298591310000063, 21.729373216000056 ], [ 107.268600190000086, 21.72416419800004 ], [ 107.253391226000076, 21.710200115000077 ], [ 107.213609205000068, 21.711518086000069 ], [ 107.024018266000041, 21.820618111000044 ], [ 107.015827302000048, 21.849854022000045 ], [ 107.042491310000059, 21.889509141000076 ], [ 107.044009273000086, 21.921382166000058 ], [ 107.021100190000084, 21.939164206000044 ], [ 106.901654214000075, 21.97055393100004 ], [ 106.863309186000038, 21.979164157000071 ], [ 106.737491287000068, 21.999718092000023 ], [ 106.693309269000054, 22.030827023000029 ], [ 106.668591204000052, 22.174718150000047 ], [ 106.670054182000058, 22.204164111000068 ], [ 106.692200344000071, 22.216318038000054 ], [ 106.648736152000083, 22.328818099000046 ], [ 106.618600193000077, 22.328745009000045 ], [ 106.586654245000034, 22.335418009000023 ], [ 106.564982331000067, 22.349300117000041 ], [ 106.557127147000074, 22.414954056000056 ], [ 106.55330919000005, 22.431382084000063 ], [ 106.55170925200008, 22.456818143000078 ], [ 106.607127211000034, 22.604927043000032 ], [ 106.631436239000038, 22.615064116000042 ], [ 106.717482343000086, 22.630554041000039 ], [ 106.787491351000085, 22.763882125000066 ], [ 106.778318196000043, 22.803053944000055 ], [ 106.757491346000052, 22.821945078000056 ], [ 106.702900346000035, 22.866945001000033 ], [ 106.592482350000068, 22.913609068000028 ], [ 106.521963387000085, 22.932673204000025 ], [ 106.500263310000037, 22.905691187000059 ], [ 106.473600308000073, 22.890553973000067 ], [ 106.34123614300006, 22.85332709100004 ], [ 106.294291282000074, 22.857082183000045 ], [ 106.256136188000085, 22.872144966000064 ], [ 106.252063421000059, 22.904164172000037 ], [ 106.237491315000057, 22.938609100000065 ], [ 106.223591270000043, 22.955553956000074 ], [ 106.195609292000086, 22.973882161000063 ], [ 106.134718285000076, 22.988609164000025 ], [ 106.077491344000066, 22.990827016000026 ], [ 106.014845167000033, 22.982491046000064 ], [ 106.005691291000062, 22.952809050000042 ], [ 105.99136343300006, 22.938191179000057 ], [ 105.877063275000069, 22.912527132000037 ], [ 105.835818276000055, 22.956382088000055 ], [ 105.788882301000058, 23.004718009000044 ], [ 105.76860027400005, 23.020136017000027 ], [ 105.639263317000086, 23.062909037000054 ], [ 105.573909282000045, 23.063327126000047 ], [ 105.56569132900006, 23.09678215100007 ], [ 105.565263349000077, 23.110553954000068 ], [ 105.561372302000052, 23.134718142000054 ], [ 105.551300272000049, 23.162427038000033 ], [ 105.527400281000041, 23.183073174000072 ], [ 105.399154144000079, 23.280691166000054 ], [ 105.358727219000059, 23.324164242000052 ], [ 105.258045139000046, 23.30444497700006 ], [ 104.907491316000062, 23.180273116000023 ], [ 104.824536123000087, 23.09926420100004 ], [ 104.85220931200007, 22.962500039000076 ], [ 104.731927157000086, 22.818054031000031 ], [ 104.673454162000041, 22.813054058000034 ], [ 104.651300289000062, 22.826173077000078 ], [ 104.573609266000062, 22.83000008700003 ], [ 104.539427195000087, 22.809164184000053 ], [ 104.494291316000044, 22.770973216000073 ], [ 104.46110920600006, 22.741936124000063 ], [ 104.374700333000078, 22.687500189000048 ], [ 104.358991306000064, 22.687264154000047 ], [ 104.265182218000064, 22.734927008000057 ], [ 104.254582296000081, 22.773744943000054 ], [ 104.259154121000051, 22.827882147000025 ], [ 104.111300199000084, 22.798118009000063 ], [ 104.061509179000041, 22.74055394800007 ], [ 104.033872368000061, 22.686382210000033 ], [ 104.011372322000057, 22.573191145000067 ], [ 104.016518308000059, 22.55263603700007 ], [ 104.008582322000052, 22.523245061000068 ], [ 103.968663340000035, 22.503873141000042 ], [ 103.909418205000065, 22.537773078000043 ], [ 103.861100221000072, 22.577218147000053 ], [ 103.826945139000088, 22.607773202000033 ], [ 103.79414524300006, 22.65139111700006 ], [ 103.65380921700006, 22.782873171000062 ], [ 103.618100297000069, 22.779444973000068 ], [ 103.566382278000049, 22.698191138000027 ], [ 103.583736171000055, 22.64860916300006 ], [ 103.537282322000067, 22.587427137000077 ], [ 103.522418190000053, 22.584364222000033 ], [ 103.50762714800004, 22.591527062000068 ], [ 103.486927200000082, 22.610273188000065 ], [ 103.459854156000063, 22.639164100000073 ], [ 103.42660918100006, 22.70474494900003 ], [ 103.394991301000061, 22.771873097000025 ], [ 103.359700303000068, 22.792082201000028 ], [ 103.333672315000058, 22.794509097000059 ], [ 103.166927259000033, 22.542500136000058 ], [ 103.064709279000056, 22.440826980000054 ], [ 103.030400305000057, 22.436518011000032 ], [ 102.928936193000084, 22.482291082000074 ], [ 102.880600272000038, 22.554435966000028 ], [ 102.870009234000065, 22.592882080000038 ], [ 102.702472256000078, 22.684164191000036 ], [ 102.521382243000062, 22.765000104000023 ], [ 102.500963424000076, 22.771800174000077 ], [ 102.474436209000032, 22.771873097000025 ], [ 102.454082266000057, 22.753745052000056 ], [ 102.426091236000048, 22.688326979000067 ], [ 102.388891343000068, 22.60916409500004 ], [ 102.269709229000057, 22.491664229000037 ], [ 102.167482365000069, 22.423327075000032 ], [ 102.140745267000057, 22.396282194000037 ], [ 102.114845186000082, 22.432982189000029 ], [ 102.030963290000045, 22.454853927000045 ], [ 101.925263299000051, 22.437354022000022 ], [ 101.799991230000046, 22.489435984000067 ], [ 101.773518162000073, 22.499927109000055 ], [ 101.741509182000073, 22.497773127000073 ], [ 101.691363273000036, 22.472218046000023 ], [ 101.670954177000056, 22.443327134000072 ], [ 101.661927203000062, 22.411527032000038 ], [ 101.675472358000036, 22.388400187000059 ], [ 101.625945201000036, 22.280691055000034 ], [ 101.574436226000046, 22.209164084000065 ], [ 101.627127217000066, 21.970409091000079 ], [ 101.672763327000041, 21.93332704900007 ], [ 101.76526332800006, 21.834445066000058 ], [ 101.752345139000056, 21.732073194000066 ], [ 101.781663360000039, 21.653464186000065 ], [ 101.767491238000048, 21.496664090000024 ], [ 101.760536270000046, 21.453327136000041 ], [ 101.743309280000062, 21.357773104000046 ], [ 101.740954133000059, 21.313891159000036 ], [ 101.768663364000076, 21.292909076000058 ], [ 101.80650916500008, 21.285553956000058 ], [ 101.848454221000054, 21.253464175000033 ], [ 101.849518219000061, 21.239535966000062 ], [ 101.845263398000043, 21.216109050000057 ], [ 101.785954224000079, 21.144509156000026 ], [ 101.732563345000074, 21.139491078000049 ], [ 101.703327266000088, 21.175000173000058 ], [ 101.677063411000063, 21.196382073000052 ], [ 101.608872270000063, 21.234718048000047 ], [ 101.570545179000078, 21.247218148000059 ], [ 101.508609285000034, 21.246800059000066 ], [ 101.387491287000046, 21.223191087000032 ], [ 101.338172336000071, 21.188744986000074 ], [ 101.291927197000064, 21.176873193000063 ], [ 101.253600274000064, 21.210409020000043 ], [ 101.234636218000048, 21.252009076000036 ], [ 101.247209240000075, 21.333327116000078 ], [ 101.264845267000055, 21.374435993000077 ], [ 101.184709244000032, 21.558891172000074 ], [ 101.148236230000066, 21.572635985000034 ], [ 101.169427190000079, 21.603673166000078 ], [ 101.167063326000061, 21.634854014000041 ], [ 101.120563377000053, 21.770518135000032 ], [ 101.099009313000067, 21.769026994000058 ], [ 100.835818223000047, 21.646664115000078 ], [ 100.808318204000045, 21.608054052000057 ], [ 100.800191278000057, 21.588053993000074 ], [ 100.721236265000073, 21.511109127000054 ], [ 100.639709180000068, 21.476936108000075 ], [ 100.572209211000086, 21.452353997000046 ], [ 100.477272255000059, 21.462145066000062 ], [ 100.456372315000067, 21.494718148000061 ], [ 100.426500218000058, 21.529445043000067 ], [ 100.373172370000077, 21.538191056000073 ], [ 100.345472359000041, 21.524791075000053 ], [ 100.282763318000036, 21.476936108000075 ], [ 100.205682331000048, 21.435464127000046 ], [ 100.167482310000082, 21.461109063000038 ], [ 100.12026336100007, 21.514509162000024 ], [ 100.107609202000049, 21.585136084000055 ], [ 100.141372346000082, 21.634164183000053 ], [ 100.084154122000086, 21.686109017000035 ], [ 99.998454191000064, 21.699853997000048 ], [ 99.977627173000087, 21.72554503300006 ], [ 99.942200221000064, 21.821245077000071 ], [ 99.945954140000083, 21.856664150000029 ], [ 99.959154129000069, 21.89193603700005 ], [ 99.974700212000073, 21.917218037000055 ], [ 99.990391303000081, 21.964373115000058 ], [ 99.957409184000085, 22.050182179000046 ], [ 99.892209209000043, 22.060553946000027 ], [ 99.743936191000046, 22.07374505000007 ], [ 99.709154143000035, 22.03971804300005 ], [ 99.685527234000062, 22.075409025000056 ], [ 99.659845250000046, 22.087354075000064 ], [ 99.588045197000042, 22.10889104000006 ], [ 99.465545191000047, 22.135827125000048 ], [ 99.43470917500008, 22.121382088000075 ], [ 99.409572350000076, 22.106382169000028 ], [ 99.366782231000059, 22.093473200000062 ], [ 99.241100286000062, 22.11250012000005 ], [ 99.16784513500005, 22.155918044000032 ], [ 99.293245112000079, 22.40485403100007 ], [ 99.330827219000071, 22.436936101000072 ], [ 99.34837238700004, 22.454464169000062 ], [ 99.362491200000079, 22.469164183000032 ], [ 99.37637230200005, 22.487082177000048 ], [ 99.384572318000039, 22.506945109000071 ], [ 99.386172255000076, 22.590209091000077 ], [ 99.344572367000069, 22.709991182000067 ], [ 99.442472326000086, 22.869991153000058 ], [ 99.514427277000038, 22.912636097000075 ], [ 99.551372359000084, 22.917773198000077 ], [ 99.564845263000052, 22.936591073000045 ], [ 99.511300324000047, 23.082045089000076 ], [ 99.35776330300007, 23.134227131000046 ], [ 99.257909187000052, 23.117635991000043 ], [ 99.233772324000086, 23.106627032000063 ], [ 99.201663264000047, 23.100273214000026 ], [ 99.10414518500005, 23.10388212600003 ], [ 98.927472268000088, 23.189164136000045 ], [ 98.921100177000085, 23.284164124000029 ], [ 98.924700205000079, 23.327218105000043 ], [ 98.915327225000055, 23.412491062000072 ], [ 98.90416336800007, 23.443053995000071 ], [ 98.887418170000046, 23.473044948000052 ], [ 98.86261829700004, 23.485827015000041 ], [ 98.827900287000034, 23.480482211000037 ], [ 98.806645121000088, 23.541735986000049 ], [ 98.852763358000061, 23.637773150000044 ], [ 98.817172289000041, 23.760727121000059 ], [ 98.687482286000034, 23.816391172000067 ], [ 98.679909236000071, 23.970753978000062 ], [ 98.727482236000071, 23.985826987000053 ], [ 98.754854180000052, 23.998009077000063 ], [ 98.848754127000063, 24.062582086000077 ], [ 98.869691283000066, 24.078400078000072 ], [ 98.897472263000054, 24.101618118000033 ], [ 98.905118235000032, 24.125164225000049 ], [ 98.890727177000088, 24.160073176000026 ], [ 98.874972384000046, 24.146064166000031 ], [ 98.852027260000057, 24.130436107000037 ], [ 98.586536176000038, 24.095336049000025 ], [ 98.546991195000032, 24.124436005000064 ], [ 98.514082334000079, 24.131027031000031 ], [ 98.446591249000051, 24.134953953000036 ], [ 98.220782274000044, 24.125309064000078 ], [ 98.187727233000032, 24.119445085000052 ], [ 98.064482243000043, 24.089100081000026 ], [ 98.043636114000037, 24.082864112000038 ], [ 97.91249134800006, 24.026664122000057 ], [ 97.896791205000056, 24.013327005000065 ], [ 97.865263347000052, 23.980545047000078 ], [ 97.764709175000064, 23.922773114000051 ], [ 97.691927265000061, 23.883882089000053 ], [ 97.649982210000076, 23.851700107000056 ] ] ] ] }
        }
    ]
}