{
    "type": "FeatureCollection",
    "features": [
        {
            "type": "Feature",
            "properties": {
                "WCID": "CHL",
                "COUNTRY": "Chile"
            },
            "geometry": { "type": "MultiPolygon", "coordinates": [ [ [ [ -73.04209994699994, -43.733835925999983 ], [ -73.046399862999976, -43.699173068999983 ], [ -73.03959090799998, -43.581808988999967 ], [ -73.106399872999987, -43.465835970999933 ], [ -73.116117851999945, -43.442918003999978 ], [ -73.081746013999975, -43.314308930999971 ], [ -73.06097297499997, -43.296390935999966 ], [ -73.021955047999938, -43.277226887999973 ], [ -72.993345935999969, -43.264164026999936 ], [ -72.969999820999988, -43.254444874999933 ], [ -72.949446053999964, -43.249172992999945 ], [ -72.914099902999965, -43.237708896999948 ], [ -72.915390883999976, -43.164554997999971 ], [ -72.933273003999943, -43.122218004999979 ], [ -72.925281864999988, -43.097363985999948 ], [ -72.885008831999983, -43.042499902999964 ], [ -72.848826837999979, -43.01249989799993 ], [ -72.815490834999935, -43.013335908999977 ], [ -72.745282001999954, -43.048335886999951 ], [ -72.742708925999978, -42.912844936999932 ], [ -72.773345954999968, -42.884172959999944 ], [ -72.802926864999961, -42.870491011999945 ], [ -72.831399854999972, -42.848608879999972 ], [ -72.846673023999983, -42.819726853999953 ], [ -72.860835757999951, -42.760973064999973 ], [ -72.861954909999952, -42.70778201 ], [ -72.856946051999955, -42.566808958999957 ], [ -72.821681876999946, -42.500835837999944 ], [ -72.799308900999961, -42.494035934999943 ], [ -72.709726806999981, -42.497781974999953 ], [ -72.68111786299994, -42.501944930999969 ], [ -72.660072915999933, -42.522091002999957 ], [ -72.582363955999938, -42.560281970999938 ], [ -72.552508957999976, -42.566673004999984 ], [ -72.539790927999945, -42.554173072999959 ], [ -72.564799844999982, -42.523263966999934 ], [ -72.612226832999966, -42.513890986999968 ], [ -72.644454914999983, -42.502635934999944 ], [ -72.684381943999938, -42.47840888199994 ], [ -72.849026829999957, -42.28881794299997 ], [ -72.800699960999964, -42.245973006999975 ], [ -72.75125494699995, -42.219308998999963 ], [ -72.604381873999955, -42.184373058999938 ], [ -72.572499963999974, -42.197635911999953 ], [ -72.54347293099994, -42.236808903999929 ], [ -72.544099896999967, -42.258963950999942 ], [ -72.453472915999953, -42.45437293599997 ], [ -72.435590962999981, -42.463999887999933 ], [ -72.421463935999952, -42.445972927999946 ], [ -72.429735868999956, -42.371673055999963 ], [ -72.464735846999986, -42.239172935999932 ], [ -72.478055025999936, -42.196108896999931 ], [ -72.490572895999946, -42.122781995999958 ], [ -72.48834599199995, -42.095281977999946 ], [ -72.481672990999982, -42.057226963999938 ], [ -72.47430881799994, -42.030563961999974 ], [ -72.46486392199995, -42.005555044999937 ], [ -72.461672931999942, -41.973472974999936 ], [ -72.48014597599996, -41.963055107999935 ], [ -72.522917821999954, -41.963754996999967 ], [ -72.557226795999952, -41.99333590599997 ], [ -72.622790880999958, -42.022226985999964 ], [ -72.748899966999943, -42.008055030999969 ], [ -72.826526783999952, -41.976673017999985 ], [ -72.868054923999978, -41.93249988499997 ], [ -72.859454922999987, -41.906955029999949 ], [ -72.805981900999939, -41.843617848999941 ], [ -72.654872949999969, -41.728199879999977 ], [ -72.61312688199996, -41.729517849999979 ], [ -72.579172964999941, -41.734999949999974 ], [ -72.476108915999987, -41.716535957999952 ], [ -72.405835877999948, -41.689935820999949 ], [ -72.350572983999939, -41.652499893999959 ], [ -72.332781890999968, -41.636117967999951 ], [ -72.31000893099997, -41.43583591099997 ], [ -72.346390916999951, -41.445835856999963 ], [ -72.381390894999981, -41.624455051999973 ], [ -72.404026894999959, -41.656254986999954 ], [ -72.475846058999934, -41.683335909999983 ], [ -72.57847290899997, -41.708890991999965 ], [ -72.611954923999974, -41.709444867999935 ], [ -72.635290980999969, -41.702226875999941 ], [ -72.675490923999973, -41.678681942999958 ], [ -72.704726833999985, -41.611944893999976 ], [ -72.738617885999986, -41.576117956999951 ], [ -72.805008929999985, -41.516808951999963 ], [ -72.843754947999969, -41.500563984999985 ], [ -72.935835853999947, -41.48327295699994 ], [ -73.012217790999955, -41.500555099999985 ], [ -73.045073007999974, -41.510982019999972 ], [ -73.106672955999954, -41.584308920999945 ], [ -73.092790846999947, -41.624026904999937 ], [ -73.073481959999981, -41.637090938999961 ], [ -73.05917287799997, -41.695764093999969 ], [ -73.129181885999969, -41.751108961999932 ], [ -73.195417863999978, -41.7881998899999 ], [ -73.229454928999985, -41.792644812999981 ], [ -73.299999875999958, -41.78055509099994 ], [ -73.332508919999952, -41.772782048999943 ], [ -73.398899963999952, -41.77417294199995 ], [ -73.418755015999977, -41.780563975999939 ], [ -73.467226891999985, -41.797781913999984 ], [ -73.493899951999936, -41.804726990999939 ], [ -73.510564013999954, -41.805282040999941 ], [ -73.574663947999966, -41.774581978999947 ], [ -73.693345996999938, -41.756673036999985 ], [ -73.745563912999955, -41.75437304299993 ], [ -73.729872989999933, -41.678054975999942 ], [ -73.684726885999964, -41.626673070999971 ], [ -73.666535808999981, -41.616944866999972 ], [ -73.633345986999984, -41.615835940999943 ], [ -73.600154991999943, -41.619591033999939 ], [ -73.562855019999972, -41.61118197299993 ], [ -73.497717908999959, -41.519926851999969 ], [ -73.528754922999951, -41.542090950999977 ], [ -73.54923576799996, -41.576181994999956 ], [ -73.568890995999936, -41.596254976999944 ], [ -73.597573029999978, -41.602844828999935 ], [ -73.717572882999946, -41.593890944999941 ], [ -73.778626832999976, -41.564444815999934 ], [ -73.871117949999984, -41.479173032999938 ], [ -73.873063892999937, -41.442226944999959 ], [ -73.854863930999954, -41.410144874999958 ], [ -73.858345940999982, -41.342708942999934 ], [ -73.870563905999973, -41.304172975999961 ], [ -73.905008833999943, -41.230835848999959 ], [ -73.920563969999989, -41.215564020999977 ], [ -73.936954949999972, -41.200555049999934 ], [ -73.952090990999977, -41.17528193499993 ], [ -73.972226836999937, -41.079446103999942 ], [ -73.994317844999955, -40.96694604299995 ], [ -73.946399845999963, -40.85778198 ], [ -73.83168193399996, -40.622508997999944 ], [ -73.786117907999937, -40.576955030999954 ], [ -73.7454179, -40.50965505399995 ], [ -73.752917859999968, -40.472363965999932 ], [ -73.781399901999976, -40.417782017999969 ], [ -73.727373003999958, -40.175417945999982 ], [ -73.674663908999946, -40.127017986999931 ], [ -73.659726853999985, -40.112781994999978 ], [ -73.664454917999933, -40.05417304599996 ], [ -73.674863900999981, -40.028055035999955 ], [ -73.701264045999949, -40.003608879999945 ], [ -73.714864018999947, -39.981672935999939 ], [ -73.694454922999967, -39.95722694799997 ], [ -73.679172869999945, -39.943891003999966 ], [ -73.49111783099994, -39.873335830999963 ], [ -73.404173018999984, -39.884999919999984 ], [ -73.378063893999979, -39.854726832999972 ], [ -73.379726862999973, -39.73639095599998 ], [ -73.305981872999951, -39.59041793199998 ], [ -73.290564032999953, -39.568200021999985 ], [ -73.254726869999956, -39.496390915999939 ], [ -73.224035860999948, -39.416882025999939 ], [ -73.245972977999941, -39.385835958999962 ], [ -73.220281941999986, -39.351317940999934 ], [ -73.22723590399994, -39.240835906999962 ], [ -73.283335814999987, -39.085282032999942 ], [ -73.358899845999986, -38.91722688599998 ], [ -73.460008899999934, -38.690835870999933 ], [ -73.493055055999946, -38.604726902999971 ], [ -73.518617848999952, -38.537226933999932 ], [ -73.52305506099998, -38.516672997999933 ], [ -73.542235872999981, -38.418335839999941 ], [ -73.540564018999987, -38.385835847999942 ], [ -73.523199899999952, -38.327917902999957 ], [ -73.505008822999969, -38.321308939999938 ], [ -73.520626823999976, -38.26930895299995 ], [ -73.505281905999936, -38.244446048999976 ], [ -73.485563981999974, -38.227781987999947 ], [ -73.472781913999938, -38.20694608499997 ], [ -73.454935836999937, -38.057155104999936 ], [ -73.467508858999963, -38.016108924999969 ], [ -73.490426825999975, -37.963755053999932 ], [ -73.535426917999985, -37.87764608599997 ], [ -73.606399844999942, -37.780835942999943 ], [ -73.667917817999978, -37.726808876999939 ], [ -73.685908901999937, -37.603890948999947 ], [ -73.673054918999981, -37.577364068999941 ], [ -73.635772883999948, -37.539655059999973 ], [ -73.605281866999974, -37.515135813999962 ], [ -73.593899912999973, -37.476808890999962 ], [ -73.598617917999945, -37.439382016999957 ], [ -73.61750888399996, -37.40833595 ], [ -73.64069993399994, -37.385008945999971 ], [ -73.666817943999945, -37.366390894999938 ], [ -73.677090972999963, -37.34729088399996 ], [ -73.639590840999972, -37.199455066999974 ], [ -73.628063879999956, -37.176945968999974 ], [ -73.586873027999957, -37.152573070999949 ], [ -73.542917824999961, -37.192781897999964 ], [ -73.517226788999949, -37.206117841999969 ], [ -73.43695497799996, -37.235282002999952 ], [ -73.394181957999933, -37.234999867999932 ], [ -73.373608911999952, -37.23417307699998 ], [ -73.347781920999978, -37.230835906999971 ], [ -73.29333576099998, -37.218055012999969 ], [ -73.251673007999955, -37.202635830999952 ], [ -73.22723590399994, -37.187645970999938 ], [ -73.203755007999973, -37.161808921999977 ], [ -73.188899928999945, -37.134726824999973 ], [ -73.164317817999972, -37.057781959999943 ], [ -73.14500893099995, -36.875835818999974 ], [ -73.129454967999948, -36.68250001399997 ], [ -73.093754933999946, -36.695564047999937 ], [ -73.070708890999981, -36.714309000999947 ], [ -73.039735914999937, -36.720555027999978 ], [ -73.015417833999948, -36.720145990999981 ], [ -72.995708961999981, -36.713199906999932 ], [ -72.981535834999988, -36.699026946999936 ], [ -72.961955037999985, -36.623817973999962 ], [ -72.923890971999981, -36.511672970999939 ], [ -72.878890879999972, -36.414454962999969 ], [ -72.836399827999969, -36.325281906999976 ], [ -72.815563924999935, -36.121117855999955 ], [ -72.796055045999935, -35.975072915999931 ], [ -72.781264003999979, -35.960726952999948 ], [ -72.762217804999977, -35.949999960999946 ], [ -72.711946, -35.912508880999951 ], [ -72.603899914999943, -35.823335824999958 ], [ -72.591399982999974, -35.802499921999981 ], [ -72.58292688399996, -35.770835941999962 ], [ -72.58465489699995, -35.73451799299994 ], [ -72.608899887999939, -35.686955050999984 ], [ -72.650699935999967, -35.601735905999931 ], [ -72.647781859999952, -35.574026842999956 ], [ -72.625772993999988, -35.552226853999969 ], [ -72.584172937999938, -35.533199933999981 ], [ -72.515354997999964, -35.485073056999966 ], [ -72.451399902999981, -35.353055063999932 ], [ -72.416263970999978, -35.269173 ], [ -72.401117871999986, -35.244863971999962 ], [ -72.358890848999977, -35.203608914999961 ], [ -72.326672992999988, -35.186255022999944 ], [ -72.288072986999964, -35.167781978999983 ], [ -72.230945958999939, -35.122017960999983 ], [ -72.210835760999942, -35.085281922999968 ], [ -72.201535871999965, -35.040555081999969 ], [ -72.198899930999971, -35.010835870999983 ], [ -72.197781952999946, -34.975563983999962 ], [ -72.195699887999979, -34.946117854999954 ], [ -72.187299879999955, -34.892154994999942 ], [ -72.132508886999972, -34.791464029999929 ], [ -72.110290976999977, -34.772226890999946 ], [ -72.090835908999964, -34.747090904999936 ], [ -72.066935917999956, -34.687546031999943 ], [ -72.056946029999949, -34.648755086999984 ], [ -72.041945943999963, -34.515835871999968 ], [ -72.049454955999977, -34.456673045999935 ], [ -72.052508817999978, -34.418199942999934 ], [ -72.031535787999985, -34.389235940999981 ], [ -71.994381995999959, -34.372082040999942 ], [ -71.984308959999964, -34.345981967999933 ], [ -71.98499996399994, -34.294726964999938 ], [ -71.991390997999986, -34.220835961999967 ], [ -72.012508866999951, -34.197363950999943 ], [ -72.020426915999963, -34.177508898999974 ], [ -72.016808950999973, -34.144381940999949 ], [ -71.897508819999985, -33.963335848999975 ], [ -71.869999916999973, -33.93389994599994 ], [ -71.863890849999962, -33.914455103999956 ], [ -71.839735881999957, -33.842226902999982 ], [ -71.805354990999945, -33.774026876999983 ], [ -71.778690983999979, -33.76590900399998 ], [ -71.743346006999957, -33.760008982999977 ], [ -71.714226771999961, -33.747917919999963 ], [ -71.679172981999955, -33.721954973999971 ], [ -71.660572868999964, -33.68250001499996 ], [ -71.655008960999965, -33.662509007999972 ], [ -71.648617927999965, -33.630564065999977 ], [ -71.639726907999943, -33.554726952999943 ], [ -71.658335905999934, -33.49249987099995 ], [ -71.694455035999965, -33.371390925999947 ], [ -71.706117950999953, -33.254999984999984 ], [ -71.75625497599998, -33.105417881999983 ], [ -71.746181939999985, -33.086881973999937 ], [ -71.698199902999988, -33.089308869999968 ], [ -71.569517906999977, -33.009446095999976 ], [ -71.523346025999956, -32.899999897999976 ], [ -71.498899869999946, -32.762781939999968 ], [ -71.457645985999989, -32.694035916999951 ], [ -71.446672901999989, -32.664999997999928 ], [ -71.442508939999982, -32.634308988999976 ], [ -71.441681980999988, -32.49110886699998 ], [ -71.406390983999984, -32.393963949999943 ], [ -71.469726822999974, -32.300564066999982 ], [ -71.511126886999989, -32.247508966999931 ], [ -71.538363881999942, -32.186955080999951 ], [ -71.531954910999957, -32.091808912999966 ], [ -71.520981993999953, -32.043472990999931 ], [ -71.514455005999935, -32.02056407699996 ], [ -71.506535783999936, -31.980135809999979 ], [ -71.50528185099995, -31.89389088799993 ], [ -71.511399969999957, -31.772635928999932 ], [ -71.525564044999953, -31.744382042999973 ], [ -71.540417950999938, -31.71347293599996 ], [ -71.564999893999982, -31.611945959999957 ], [ -71.56556399599998, -31.550281974999962 ], [ -71.569455042999948, -31.523472959999935 ], [ -71.621126793999963, -31.315554989999953 ], [ -71.659455057999935, -31.181663976999971 ], [ -71.666672881999943, -31.16263588299995 ], [ -71.666955016999964, -31.131390997999972 ], [ -71.661117859999933, -31.108054940999978 ], [ -71.653899867999939, -31.077782021999951 ], [ -71.64931781699994, -30.986254990999953 ], [ -71.660708822999936, -30.950699963999966 ], [ -71.676263958999982, -30.927635815999963 ], [ -71.681672968999976, -30.904726900999947 ], [ -71.703335829999958, -30.761672958999952 ], [ -71.702517923999949, -30.658055033999972 ], [ -71.698626876999981, -30.559717874999933 ], [ -71.695845928999972, -30.506673000999967 ], [ -71.678335797999978, -30.342226932999949 ], [ -71.645572949999973, -30.273608984999953 ], [ -71.615281924999977, -30.263891006999984 ], [ -71.603054907999933, -30.280346023999982 ], [ -71.570282001999942, -30.291117942999961 ], [ -71.546108927999967, -30.292499950999968 ], [ -71.510699912999939, -30.277226949999942 ], [ -71.405835765999939, -30.185835873999963 ], [ -71.385845932999985, -30.15528199299996 ], [ -71.339690982999969, -29.953982037999936 ], [ -71.289645991999976, -29.909655013999952 ], [ -71.292155030999936, -29.834655084999952 ], [ -71.321963927999946, -29.806664054999942 ], [ -71.34009985199998, -29.747226972999954 ], [ -71.336046028999988, -29.551108878999969 ], [ -71.321117858999969, -29.475281990999974 ], [ -71.308890841999983, -29.441673073999937 ], [ -71.309454943999981, -29.418754938999939 ], [ -71.341672967999955, -29.324173039999948 ], [ -71.35598188199998, -29.303335963999928 ], [ -71.380845959999988, -29.282782028999975 ], [ -71.434172968999974, -29.248890976999974 ], [ -71.458335816999977, -29.236390876999963 ], [ -71.479726768999967, -29.222363929999972 ], [ -71.490846033999958, -29.199717870999962 ], [ -71.493408884999951, -29.183772976999933 ], [ -71.478054914999973, -29.108063938999976 ], [ -71.507808826999963, -28.975035926999965 ], [ -71.510281990999943, -28.894999982999934 ], [ -71.502090859999953, -28.86972686799993 ], [ -71.467508803999976, -28.835835815999928 ], [ -71.376954912999963, -28.758335900999953 ], [ -71.29598187199997, -28.670973 ], [ -71.287708933999966, -28.617499977999955 ], [ -71.283064017999948, -28.557781935999969 ], [ -71.258345953999935, -28.514164019999953 ], [ -71.229935827999952, -28.474926822999976 ], [ -71.162926869999978, -28.349164075999965 ], [ -71.157499922999989, -28.234999872999936 ], [ -71.156681849999984, -28.154163959999948 ], [ -71.140146030999972, -27.961390914999981 ], [ -71.105282007999961, -27.843890881999982 ], [ -71.082090957999981, -27.784864010999968 ], [ -71.045290881999961, -27.723055017999968 ], [ -71.008064, -27.67680887299997 ], [ -70.965008845999932, -27.658890878999955 ], [ -70.913890970999944, -27.62444611799998 ], [ -70.892155019999961, -27.487990912999976 ], [ -70.909035836999976, -27.434445973999971 ], [ -70.936108881999985, -27.333890963999977 ], [ -70.96667298899996, -27.179172932999961 ], [ -70.958346070999937, -27.154999859999975 ], [ -70.945281868999984, -27.128055057999973 ], [ -70.923199912999962, -27.112190964999968 ], [ -70.863890906999984, -27.100835833999952 ], [ -70.813899894999963, -27.039173021999943 ], [ -70.785354987999938, -26.988817899999958 ], [ -70.800981872999955, -26.92694604299993 ], [ -70.81792689699995, -26.893472912999982 ], [ -70.823690963999979, -26.867155077999939 ], [ -70.75557291299998, -26.714726814999949 ], [ -70.702508927999986, -26.596390937999956 ], [ -70.693072915999949, -26.561946009999929 ], [ -70.682508868999946, -26.436109 ], [ -70.638063993999936, -26.301391028999944 ], [ -70.668208838999988, -26.200135961999933 ], [ -70.66833590799996, -26.166390921999948 ], [ -70.658335794999971, -26.087226863999945 ], [ -70.63098195699996, -26.04278199 ], [ -70.626817826999968, -26.02278193099994 ], [ -70.630564034999963, -25.990490983999962 ], [ -70.650146004999954, -25.935699991999968 ], [ -70.678199899999981, -25.909026931999961 ], [ -70.697645914999953, -25.888754963999929 ], [ -70.731255, -25.815899963999982 ], [ -70.699172929999975, -25.710281948999977 ], [ -70.682508868999946, -25.664172930999939 ], [ -70.633345988999963, -25.566946038999959 ], [ -70.573626772999944, -25.495835816999943 ], [ -70.536672972999952, -25.470972912999969 ], [ -70.450564004999933, -25.365491018999933 ], [ -70.433626860999937, -25.260282040999982 ], [ -70.432781964999947, -25.202635836999946 ], [ -70.455563977999986, -25.147226930999977 ], [ -70.502499953999973, -25.088608928999975 ], [ -70.496945936999964, -24.955835893999961 ], [ -70.528754923999941, -24.897364072999949 ], [ -70.546955053999966, -24.84222690799993 ], [ -70.583345924999946, -24.716108935999955 ], [ -70.566954944999964, -24.557781992999935 ], [ -70.54749987699995, -24.397226972999931 ], [ -70.538755037999977, -24.349163965999935 ], [ -70.551599968999938, -24.328190935999942 ], [ -70.534181870999987, -24.24555509299995 ], [ -70.518335882999963, -24.194999979999977 ], [ -70.50729088199995, -24.17576401499997 ], [ -70.499454975999981, -24.106391024999937 ], [ -70.504590902999951, -24.046599891999961 ], [ -70.521608848999961, -24.010899857999959 ], [ -70.52195502099994, -23.976673025999958 ], [ -70.51194602299995, -23.852217856999971 ], [ -70.498608906999948, -23.78347300799993 ], [ -70.468617785999982, -23.746464054999933 ], [ -70.442645955999978, -23.727781965999952 ], [ -70.426254976999985, -23.70028194799994 ], [ -70.40639992499996, -23.654164045999948 ], [ -70.396664008999949, -23.626664026999947 ], [ -70.390426866999974, -23.603608931999929 ], [ -70.391108818999953, -23.561946011999964 ], [ -70.40000889099997, -23.530835906999982 ], [ -70.412508822999939, -23.499581969999952 ], [ -70.42598189499995, -23.484726889999934 ], [ -70.459445972999958, -23.463054976999956 ], [ -70.487372964999963, -23.449581904999945 ], [ -70.509454921999975, -23.458055003999959 ], [ -70.536845974999949, -23.513817961999962 ], [ -70.622090936999939, -23.499655059999952 ], [ -70.599726845999953, -23.378608977999932 ], [ -70.594172996999987, -23.232090962999962 ], [ -70.574717928999974, -23.066946012999949 ], [ -70.539463978999947, -23.029999923999981 ], [ -70.503617931999941, -23.015173007999977 ], [ -70.496117804999983, -23.059172970999953 ], [ -70.476672962999942, -23.083399855999971 ], [ -70.416463907999969, -23.072781996999936 ], [ -70.384317800999952, -23.058054992999928 ], [ -70.364726777999977, -23.041808852999964 ], [ -70.347499955999979, -23.023055014999954 ], [ -70.335845924999944, -23.005554941999947 ], [ -70.306672878999962, -22.942499895999958 ], [ -70.286117936999972, -22.886881944999971 ], [ -70.291399877999936, -22.857781988999932 ], [ -70.300135831999967, -22.836108900999932 ], [ -70.309864036999954, -22.790554933999942 ], [ -70.283063906999985, -22.645835842999929 ], [ -70.25778190799997, -22.451945993999971 ], [ -70.241955030999975, -22.313608883999962 ], [ -70.2227819299999, -22.162226850999957 ], [ -70.207508928999971, -22.098891010999978 ], [ -70.186673025999937, -22.02500000799995 ], [ -70.148617844999933, -21.771390941999982 ], [ -70.153063940999971, -21.740555093999944 ], [ -70.154308821999962, -21.67347304599997 ], [ -70.136781926999959, -21.619272977999969 ], [ -70.091399955999975, -21.582363937999958 ], [ -70.085554918999946, -21.532217860999936 ], [ -70.053345947999958, -21.425655036999956 ], [ -70.085554918999946, -21.366946007999957 ], [ -70.090763936999963, -21.33593581599996 ], [ -70.066945920999956, -21.302291023999942 ], [ -70.122217866999961, -21.106391026999972 ], [ -70.146117857999968, -21.055554950999976 ], [ -70.167581900999949, -21.012708840999949 ], [ -70.151117830999965, -20.957499926999958 ], [ -70.132926921999967, -20.925690939999981 ], [ -70.140008958999942, -20.873054934999971 ], [ -70.15668190599996, -20.84528200099993 ], [ -70.173335908999945, -20.832781901999965 ], [ -70.210426836999943, -20.801672970999959 ], [ -70.168899870999951, -20.394999958999961 ], [ -70.139726824999968, -20.303891017999945 ], [ -70.13437296799998, -20.276946048999946 ], [ -70.160563900999989, -20.214446052999961 ], [ -70.149726769999972, -20.138754951999942 ], [ -70.135981957999945, -20.109445950999941 ], [ -70.126399933999949, -20.080146002999982 ], [ -70.124454996999987, -20.002782041999978 ], [ -70.124735790999978, -19.974446012999977 ], [ -70.138899865999974, -19.907781886999942 ], [ -70.154445949999968, -19.797781979999968 ], [ -70.174999884999977, -19.644445956999959 ], [ -70.205290909999974, -19.490281969999955 ], [ -70.240573021999978, -19.36861797499995 ], [ -70.263064015999987, -19.329726949999952 ], [ -70.284181884999953, -19.291946023999969 ], [ -70.280699874999982, -19.208399906999944 ], [ -70.268763876999969, -19.183335836999959 ], [ -70.271664015999988, -19.14139094899997 ], [ -70.318890843999952, -18.892226806999929 ], [ -70.323335766999946, -18.870555060999948 ], [ -70.339445952999938, -18.829581970999982 ], [ -70.349590904999957, -18.634026804999962 ], [ -70.339735798999982, -18.57639099499994 ], [ -70.31201785099995, -18.437500008999962 ], [ -70.338055058999942, -18.400835887999961 ], [ -70.363063975999978, -18.376254950999964 ], [ -70.396390925999981, -18.351673007999977 ], [ -70.405490990999965, -18.348546054999929 ], [ -70.390017829999977, -18.335282028999927 ], [ -70.367090977999965, -18.322781928999973 ], [ -70.327790915999969, -18.319446098999947 ], [ -70.249173022999969, -18.32778190199997 ], [ -70.200835759999961, -18.330281887999945 ], [ -70.178073025999936, -18.328890994999938 ], [ -70.132508831999985, -18.321255080999947 ], [ -69.990845950999983, -18.270146090999958 ], [ -69.958481913999947, -18.249445975999947 ], [ -69.867782009999985, -18.157781984999929 ], [ -69.844590959999948, -18.132364030999952 ], [ -69.796672960999956, -18.039717848999942 ], [ -69.786390879999942, -18.01528191899996 ], [ -69.774445997999976, -17.985281913999927 ], [ -69.769590863999952, -17.952573045999941 ], [ -69.812499837999951, -17.80110887 ], [ -69.821672992999936, -17.78249987099997 ], [ -69.838063971999986, -17.76749995299997 ], [ -69.849726887999964, -17.749235952999982 ], [ -69.846117807999974, -17.708335953999949 ], [ -69.834872981999979, -17.68139098499995 ], [ -69.814726909999933, -17.652226822999978 ], [ -69.770281867999984, -17.656946001999927 ], [ -69.734172964999971, -17.659999864999975 ], [ -69.683899817999986, -17.663608944999964 ], [ -69.630008873999941, -17.617499927999972 ], [ -69.499726772999963, -17.505282001999944 ], [ -69.487226840999938, -17.632917935999956 ], [ -69.376108955999939, -17.726945957999931 ], [ -69.355563905999986, -17.745554956999968 ], [ -69.327372882999953, -17.797499957999946 ], [ -69.318690907999951, -17.825135930999977 ], [ -69.321399938999946, -17.89194607 ], [ -69.315290872999981, -17.926946046999944 ], [ -69.306117884999935, -17.955699998999933 ], [ -69.291254926999954, -17.979446097999983 ], [ -69.13361781499998, -18.028890944999944 ], [ -69.074935774999972, -18.037917919999927 ], [ -69.071672867999951, -18.038890890999937 ], [ -69.073199882999972, -18.068335845999968 ], [ -69.082363984999972, -18.086946017999935 ], [ -69.118681933999937, -18.108891013999937 ], [ -69.139590925999983, -18.125146038999958 ], [ -69.148899867999944, -18.150690894999968 ], [ -69.13541791199998, -18.179591026999958 ], [ -69.114446054999974, -18.200835798999947 ], [ -69.090981922999958, -18.228126939999981 ], [ -69.085554975999969, -18.285835840999937 ], [ -69.074726897999938, -18.392226834999974 ], [ -69.060281860999964, -18.414308958999982 ], [ -69.039735804999964, -18.440972966999936 ], [ -69.030146068999954, -18.45917292799993 ], [ -69.023472900999934, -18.483472903999939 ], [ -69.025554965999959, -18.507499964999965 ], [ -69.032499875999974, -18.560000014999957 ], [ -69.029172929999959, -18.61139097299997 ], [ -69.024446039999987, -18.658608915999935 ], [ -69.000563985999975, -18.743055081999955 ], [ -68.951399932999948, -18.845835822999959 ], [ -68.932781881999972, -18.882781910999938 ], [ -68.965835916999936, -18.953054948999977 ], [ -68.899873020999962, -19.064790914999946 ], [ -68.7824998899999, -19.141945998999972 ], [ -68.740846021999971, -19.177781987999936 ], [ -68.65833590799997, -19.26736391399993 ], [ -68.642235779999965, -19.282082032999938 ], [ -68.608335842999963, -19.297226957999953 ], [ -68.582645980999985, -19.303754951999963 ], [ -68.551254914999959, -19.319308914999965 ], [ -68.491672993999941, -19.369026843999961 ], [ -68.443681904999949, -19.433645952999939 ], [ -68.551390868999988, -19.539717932999963 ], [ -68.572555006999949, -19.566535831999943 ], [ -68.601963920999935, -19.607782003999944 ], [ -68.687154902999964, -19.703682040999979 ], [ -68.689726805999953, -19.742672977999973 ], [ -68.626108830999954, -19.785835923999969 ], [ -68.566955057999962, -19.83389088399997 ], [ -68.523346026999945, -19.916390938999939 ], [ -68.57778196199996, -20.053546032999975 ], [ -68.610635837999951, -20.051735876999942 ], [ -68.650554986999964, -20.056663932999982 ], [ -68.777226833999975, -20.08916392499998 ], [ -68.784655044999965, -20.11444609199998 ], [ -68.76645491499994, -20.136464009999941 ], [ -68.721117870999933, -20.23778194199997 ], [ -68.703608913999972, -20.338054984999928 ], [ -68.735008863999951, -20.352226938999934 ], [ -68.754799878999961, -20.373545974999956 ], [ -68.752226801999939, -20.424026824999942 ], [ -68.739181878999943, -20.450281962999952 ], [ -68.724726783999984, -20.470835898999951 ], [ -68.690981911999984, -20.504999865999935 ], [ -68.661955045999946, -20.523054987999956 ], [ -68.629446001999952, -20.538608949999968 ], [ -68.599726790999966, -20.549999956999955 ], [ -68.570845936999945, -20.558890976999976 ], [ -68.549454984999954, -20.567499861999977 ], [ -68.492508837999935, -20.604726911999933 ], [ -68.467017793999958, -20.630626824999979 ], [ -68.472163946999956, -20.650690921999967 ], [ -68.509172898999964, -20.671673004999946 ], [ -68.528890990999969, -20.687646061999942 ], [ -68.564999894999971, -20.733817943999952 ], [ -68.56556399699997, -20.870282033999956 ], [ -68.560008806999974, -20.891391018999968 ], [ -68.557690875999981, -20.894454938999957 ], [ -68.552572884999961, -20.904717908999942 ], [ -68.531817783999941, -20.926390995999952 ], [ -68.505699941999978, -20.937646047999976 ], [ -68.478899979999937, -20.941673049999963 ], [ -68.453608927999937, -20.939445977999981 ], [ -68.424035896999953, -20.938890928999967 ], [ -68.229808926999965, -21.233200001999933 ], [ -68.188608855999973, -21.296946051999953 ], [ -68.186117921999937, -21.609726827999964 ], [ -68.170008909999979, -21.627781950999974 ], [ -68.138764023999954, -21.666946057999951 ], [ -68.121946070999968, -21.698064040999952 ], [ -68.105146054999977, -21.745281983999973 ], [ -68.090563889999942, -21.819999945999939 ], [ -68.087508853999964, -21.842781958999979 ], [ -68.086117792999971, -21.880281922999927 ], [ -68.087508853999964, -21.913064048999956 ], [ -68.085155047999933, -21.96167305299997 ], [ -67.996945909999965, -22.046946009999942 ], [ -67.972781888999975, -22.060281952999958 ], [ -67.944454911999969, -22.104726826999979 ], [ -67.922646037999982, -22.239173056999959 ], [ -67.922917946999974, -22.273890899999969 ], [ -67.932781937999948, -22.300281992999942 ], [ -67.890563967999981, -22.426390911999931 ], [ -67.849726832999977, -22.554864029999976 ], [ -67.884172934999981, -22.712781935999942 ], [ -67.876399892999984, -22.828055065999934 ], [ -67.793335902999956, -22.878054962999954 ], [ -67.579181963999986, -22.901108883999939 ], [ -67.499999968999987, -22.885435898999958 ], [ -67.335008909999942, -22.852782015999935 ], [ -67.183626875999948, -22.821664031999944 ], [ -67.10473590099997, -22.900555007999969 ], [ -67.000835839999979, -23.002782040999932 ], [ -67.047499906999974, -23.12417295399996 ], [ -67.093608923999966, -23.24110888499996 ], [ -67.138626784999985, -23.35833583699997 ], [ -67.150845922999963, -23.39194609499998 ], [ -67.190846041999976, -23.528617887999928 ], [ -67.250917800999957, -23.733226850999984 ], [ -67.335845925999934, -24.021664064999982 ], [ -67.577326880999976, -24.121691015999943 ], [ -67.639881862999971, -24.147590928999932 ], [ -67.899173020999967, -24.253890895999973 ], [ -68.189999915999977, -24.371390929999961 ], [ -68.253617890999976, -24.398608980999938 ], [ -68.277508829999988, -24.447226868999962 ], [ -68.318972930999962, -24.496945971999935 ], [ -68.365835816999947, -24.489926966999974 ], [ -68.390699894999955, -24.503755094999974 ], [ -68.463054996999972, -24.604726853999978 ], [ -68.508054920999939, -24.670282053999983 ], [ -68.540845931999968, -24.729446052999947 ], [ -68.567426790999946, -24.781946103999928 ], [ -68.570973006999964, -24.813335827999936 ], [ -68.548335832999953, -24.869581918999927 ], [ -68.500290931999984, -24.894999872999961 ], [ -68.355626825999934, -25.121255100999974 ], [ -68.420290862999934, -25.152781952999931 ], [ -68.485899874999973, -25.162490878999961 ], [ -68.496946049999963, -25.171108983999943 ], [ -68.514872928999978, -25.19875501599995 ], [ -68.530008801999941, -25.251946070999963 ], [ -68.534708869999974, -25.269890886999974 ], [ -68.539463923999961, -25.27389089899998 ], [ -68.560008806999974, -25.315281909999953 ], [ -68.572508906999985, -25.346108873999981 ], [ -68.593064015999971, -25.423335873999974 ], [ -68.597499886999969, -25.443335933999947 ], [ -68.599726790999966, -25.473890987999937 ], [ -68.596672927999975, -25.498055008999927 ], [ -68.553346031999979, -25.617499979999934 ], [ -68.501108837999936, -25.718335951999961 ], [ -68.493346021999969, -25.742781939999929 ], [ -68.454454996999971, -25.905554979999977 ], [ -68.399863996999954, -26.159372922999978 ], [ -68.419445966999945, -26.187782041999981 ], [ -68.479735822999942, -26.23805502099998 ], [ -68.519726888999969, -26.263335846999951 ], [ -68.545290855999951, -26.281946018999975 ], [ -68.564446018999945, -26.303955052999981 ], [ -68.577226912999947, -26.350563966999971 ], [ -68.581117791999986, -26.381945979999955 ], [ -68.585281921999979, -26.436672934999933 ], [ -68.585555003999957, -26.457226869999943 ], [ -68.583617945999947, -26.50528199799993 ], [ -68.578063928999939, -26.525417843999946 ], [ -68.568208822999964, -26.545555030999935 ], [ -68.541117840999959, -26.584446055999933 ], [ -68.495564040999966, -26.633055058999958 ], [ -68.450290867999968, -26.681390980999936 ], [ -68.43639987499995, -26.696390898999937 ], [ -68.424454991999937, -26.712499910999952 ], [ -68.295835860999944, -26.891672982999978 ], [ -68.287790909999956, -26.912781967999933 ], [ -68.323335879999945, -27.02333591799993 ], [ -68.353899818999935, -27.040281946999983 ], [ -68.392226909999977, -27.058608978999928 ], [ -68.411255002999951, -27.066526859999954 ], [ -68.645846033999987, -27.138472925999963 ], [ -68.694926770999984, -27.109654936999959 ], [ -68.73889085899998, -27.103335819999984 ], [ -68.782372987999963, -27.106108888999984 ], [ -68.807435883999972, -27.118545956999981 ], [ -68.847782006999978, -27.176108844999931 ], [ -68.866954939999971, -27.209446020999962 ], [ -68.878126843999951, -27.240072991999966 ], [ -68.869517790999964, -27.278546094999967 ], [ -68.903481932999966, -27.364172935999932 ], [ -69.045355032999964, -27.6015999 ], [ -69.073472964999951, -27.630726845999959 ], [ -69.113063878999981, -27.733064015999958 ], [ -69.120526790999975, -27.774264087999939 ], [ -69.155290901999933, -27.902781965999964 ], [ -69.164463888999933, -27.925555093999947 ], [ -69.177781894999953, -27.951946018999934 ], [ -69.193199902999936, -27.970417889999965 ], [ -69.222090981999941, -27.97694605099997 ], [ -69.259035896999933, -27.980146093999963 ], [ -69.295981984999969, -27.996808981999948 ], [ -69.326126828999975, -28.059173023999961 ], [ -69.337781865999943, -28.103199976999974 ], [ -69.350563932999933, -28.126108891999934 ], [ -69.398899853999978, -28.180281969999953 ], [ -69.531955023999956, -28.314026970999976 ], [ -69.605281923999939, -28.368335835999972 ], [ -69.655381900999942, -28.400935906999962 ], [ -69.662226897999972, -28.54139095599993 ], [ -69.669308935999936, -28.575626839999984 ], [ -69.70098196899994, -28.590900008999938 ], [ -69.745981892999964, -28.669864074999964 ], [ -69.746399813999972, -28.719172966999963 ], [ -69.739581973999975, -28.741526831999977 ], [ -69.729446073999952, -28.764026877999981 ], [ -69.723346059999983, -28.797708885999953 ], [ -69.75750885399998, -28.886673064999968 ], [ -69.788890866999964, -29.01694611299996 ], [ -69.786945929999945, -29.070835882999972 ], [ -69.792781913999988, -29.09569996099998 ], [ -69.805981902999974, -29.113608902999943 ], [ -69.838135888999943, -29.132708913999977 ], [ -69.901599971999985, -29.138963992999948 ], [ -69.960282011999936, -29.20111798399995 ], [ -70.028972881999948, -29.291117831999941 ], [ -70.034726890999934, -29.352081927999961 ], [ -70.029026860999977, -29.374863940999944 ], [ -70.003063915999974, -29.423891033999951 ], [ -69.965008901999965, -29.535555083999952 ], [ -69.959863921999954, -29.555699981999965 ], [ -69.956954898999982, -29.600417938999954 ], [ -69.963890923999941, -29.628608960999941 ], [ -69.96861781399997, -29.655417975999967 ], [ -69.962781997999969, -29.67819998899995 ], [ -69.950008815999979, -29.694309000999965 ], [ -69.917235909999988, -29.713335920999953 ], [ -69.914454961999979, -29.720417958999974 ], [ -69.905146019999961, -29.799582016999977 ], [ -69.907508878999977, -29.918190975999948 ], [ -69.918808857999977, -29.974064072999965 ], [ -69.924945919999971, -29.999999859999946 ], [ -69.863481925999963, -30.10402682299997 ], [ -69.84167288499998, -30.120555097999954 ], [ -69.829172951999965, -30.143964076999964 ], [ -69.831681990999982, -30.190555052999969 ], [ -69.898899825999933, -30.324999942999966 ], [ -69.938472969999964, -30.372635806999938 ], [ -69.998345910999944, -30.395146078999971 ], [ -70.029726917999938, -30.397782019999966 ], [ -70.051535791999981, -30.39499989799998 ], [ -70.133899892999978, -30.439726906999965 ], [ -70.211672890999978, -30.559445965999942 ], [ -70.252499967999938, -30.637781891999964 ], [ -70.269181966999952, -30.678335886999946 ], [ -70.316399909999973, -30.824726831999953 ], [ -70.327090859999942, -30.891255003999959 ], [ -70.331681962999937, -30.931390908999958 ], [ -70.327917817999946, -30.956873067999936 ], [ -70.291399877999936, -30.995835841999963 ], [ -70.295008956999936, -31.029726893999964 ], [ -70.361955050999939, -31.093055022999977 ], [ -70.430281978999972, -31.113608957999929 ], [ -70.451381910999942, -31.094582037999942 ], [ -70.520845927999972, -31.159172983999952 ], [ -70.531254910999962, -31.181254939999974 ], [ -70.560281943999939, -31.322426976999964 ], [ -70.567508820999933, -31.469172979999939 ], [ -70.57918196299994, -31.530281915999979 ], [ -70.58673590099994, -31.563817909999955 ], [ -70.458890922999956, -31.83249998499997 ], [ -70.446672957999965, -31.848890963999963 ], [ -70.430281978999972, -31.868617940999968 ], [ -70.411881856999969, -31.87889096899994 ], [ -70.373335830999963, -31.88610896199998 ], [ -70.339935790999959, -31.884373068999935 ], [ -70.304035763999934, -31.882363926999972 ], [ -70.284445914999935, -31.891946118999954 ], [ -70.237508933999948, -31.938473057999943 ], [ -70.232373005999989, -31.965208981999979 ], [ -70.264926809999963, -32.042435814999976 ], [ -70.306955012999936, -32.047781959999952 ], [ -70.348890848999986, -32.086946067999975 ], [ -70.316954958999986, -32.228472993999958 ], [ -70.320981960999973, -32.265281954999978 ], [ -70.313272956999981, -32.284172920999936 ], [ -70.244326773999944, -32.309835960999976 ], [ -70.230835764999938, -32.341664058999982 ], [ -70.154172866999943, -32.475835865999954 ], [ -70.146535779999965, -32.506254965999972 ], [ -70.152235808999933, -32.543063925999945 ], [ -70.16424607099998, -32.581108881999967 ], [ -70.170845980999957, -32.627782000999957 ], [ -70.144863924999981, -32.759099937999963 ], [ -70.045208963999983, -32.853963970999928 ], [ -69.993335878999972, -32.876182049999954 ], [ -70.021117864999951, -32.948891036999953 ], [ -70.07167297899997, -33.005835842999943 ], [ -70.099635845999956, -33.051846120999983 ], [ -70.084655037999937, -33.076908849999938 ], [ -70.090908943999978, -33.122499864999952 ], [ -70.100699844999951, -33.153199926999946 ], [ -70.095555032999982, -33.179446012999961 ], [ -70.000417916999936, -33.298617900999943 ], [ -69.975772941999935, -33.29577291499993 ], [ -69.955417825999973, -33.26520897599994 ], [ -69.927372982999941, -33.2408359099999 ], [ -69.90250890599998, -33.2372268299999 ], [ -69.875417923999976, -33.245146051999939 ], [ -69.803617870999972, -33.278890923999938 ], [ -69.774935835999941, -33.387155105999966 ], [ -69.78348185699997, -33.412781936999977 ], [ -69.809172892999982, -33.437917923999976 ], [ -69.869726778999961, -33.555282002999945 ], [ -69.905008891999955, -33.778472973999953 ], [ -69.904172880999965, -33.82750895199996 ], [ -69.884172989999968, -33.891946005999955 ], [ -69.848346052999943, -34.097226861999957 ], [ -69.817572900999949, -34.234726954999928 ], [ -69.888064036999936, -34.27833581799996 ], [ -69.934717877999958, -34.275835831999984 ], [ -69.957363935999979, -34.270563949999939 ], [ -69.986117886999978, -34.269726932999959 ], [ -70.029590962999976, -34.27680897099998 ], [ -70.047617922999962, -34.28600894799996 ], [ -70.052435840999976, -34.296046108999974 ], [ -70.052226795999957, -34.354999889999931 ], [ -70.045490930999961, -34.400281947999929 ], [ -70.149863897999978, -34.531735838999964 ], [ -70.232508960999951, -34.661946022999985 ], [ -70.297499890999973, -34.853617852999946 ], [ -70.359754968999937, -34.996909002999985 ], [ -70.361955050999939, -35.00444601099997 ], [ -70.362926847999972, -35.042635805999964 ], [ -70.361955050999939, -35.079173024999932 ], [ -70.357790920999946, -35.100282009999944 ], [ -70.362990885999977, -35.144790920999981 ], [ -70.381117924999955, -35.169026858999985 ], [ -70.450835913999981, -35.198335859999929 ], [ -70.482226811999965, -35.203335832999983 ], [ -70.516399830999944, -35.204999975999954 ], [ -70.540490929999976, -35.21013590299998 ], [ -70.564999949999958, -35.241946063999933 ], [ -70.567154936999941, -35.267917893999936 ], [ -70.550290882999946, -35.296673018999968 ], [ -70.532926932999942, -35.30778205799993 ], [ -70.421954892999963, -35.364446070999975 ], [ -70.396117843999946, -35.515008856999941 ], [ -70.404173020999963, -35.614446056999952 ], [ -70.418481934999988, -35.634935953999957 ], [ -70.408617943999957, -35.672226873999932 ], [ -70.374454982999964, -35.735281919999977 ], [ -70.34375492099997, -35.811355067999955 ], [ -70.375072896999939, -35.833126893999975 ], [ -70.402235794999967, -35.870835902999943 ], [ -70.411399897999956, -35.893054986999971 ], [ -70.407226882999964, -35.971117997999954 ], [ -70.396117843999946, -36.075564055999962 ], [ -70.424317918999975, -36.136035966999941 ], [ -70.438554916999976, -36.151464032999968 ], [ -70.467508860999942, -36.164173009999956 ], [ -70.50451781299995, -36.162290937999956 ], [ -70.588617805999945, -36.164726886999972 ], [ -70.704726778999941, -36.270564004999983 ], [ -70.718617939999945, -36.343999869999948 ], [ -70.696399860999975, -36.390973061999944 ], [ -70.706945971999971, -36.414517994999983 ], [ -70.952781995999942, -36.486946020999937 ], [ -70.981945989999986, -36.483609017999981 ], [ -71.016481945999942, -36.475917950999929 ], [ -71.034308912999961, -36.48389098499996 ], [ -71.054799815999957, -36.547091037999962 ], [ -71.136945987999979, -36.741673064999929 ], [ -71.186117919999958, -36.845555019999949 ], [ -71.148617787999967, -36.975281903999985 ], [ -71.112790851999989, -37.114445971999942 ], [ -71.130008956999973, -37.19194605499996 ], [ -71.147917898999935, -37.235973006999984 ], [ -71.183126921999985, -37.268608952999955 ], [ -71.196326910999971, -37.302226922999978 ], [ -71.16673577499995, -37.379235825999956 ], [ -71.14542679799996, -37.405700008999929 ], [ -71.118055021999965, -37.435009009999931 ], [ -71.108690927999987, -37.458963986999947 ], [ -71.123063879999961, -37.588190972999939 ], [ -71.157373020999955, -37.608617838999976 ], [ -71.175846065999963, -37.626390993999962 ], [ -71.182372885999939, -37.65889098599996 ], [ -71.179864014999964, -37.696464039999967 ], [ -71.160835752999958, -37.745564055999978 ], [ -71.137217896999971, -37.791117855999971 ], [ -71.130281871999955, -37.814172950999932 ], [ -71.123899890999951, -37.837781921999976 ], [ -71.094999926999947, -37.882499878999965 ], [ -70.998335795999935, -38.070208912999931 ], [ -71.000564040999961, -38.154164066999954 ], [ -71.009035797999957, -38.20417301599997 ], [ -71.013199927999949, -38.227646032999985 ], [ -71.002790944999958, -38.284999875999972 ], [ -70.971535833999951, -38.415491021999969 ], [ -70.950008926999942, -38.450835830999949 ], [ -70.907226854999976, -38.486255071999949 ], [ -70.880845987999976, -38.498890957999947 ], [ -70.843972989999941, -38.521946053999955 ], [ -70.825699937999957, -38.555899969999984 ], [ -70.829726771999958, -38.588054962999934 ], [ -70.861945969999965, -38.690135814999962 ], [ -70.9234818799999, -38.74083593499995 ], [ -70.946117879999974, -38.749173078999945 ], [ -70.994590928999969, -38.748199939999949 ], [ -71.026263961999973, -38.745417986999939 ], [ -71.053335832999949, -38.748481907999974 ], [ -71.097781880999946, -38.766108881999969 ], [ -71.238890885999979, -38.831117917999961 ], [ -71.334454975999961, -38.875835873999961 ], [ -71.360835842999961, -38.888891023999975 ], [ -71.393690890999949, -38.913535830999933 ], [ -71.410426869999981, -38.935417962999963 ], [ -71.41862688599997, -38.960554954999964 ], [ -71.422499827999957, -39.013891016999935 ], [ -71.422235797999974, -39.039590937999947 ], [ -71.412226799999985, -39.066117984999948 ], [ -71.402235905999987, -39.129717854999967 ], [ -71.387790869999947, -39.240417985999954 ], [ -71.403199824999945, -39.33014609199995 ], [ -71.450290865999989, -39.435417933999929 ], [ -71.485281958999963, -39.561526852999975 ], [ -71.492645963999962, -39.599172997999972 ], [ -71.50715503899994, -39.617646041999933 ], [ -71.599164027999961, -39.621117993999974 ], [ -71.62528187099997, -39.611808884999959 ], [ -71.666735913999958, -39.566599915999973 ], [ -71.682235896999941, -39.567217997999933 ], [ -71.68986393199998, -39.575490935999937 ], [ -71.709026806999987, -39.626673015999984 ], [ -71.705008857999985, -39.727499935999958 ], [ -71.669590957999958, -39.854446038999981 ], [ -71.633345931999941, -39.950564004999933 ], [ -71.666945964999968, -40.04749987799994 ], [ -71.749999896999952, -40.089446105999968 ], [ -71.791399960999968, -40.115008898999974 ], [ -71.818063967999933, -40.204590992999954 ], [ -71.791399960999968, -40.245835823999982 ], [ -71.719590854999979, -40.302364049999937 ], [ -71.702717915999983, -40.278955069999938 ], [ -71.668617818999962, -40.296945986999958 ], [ -71.663964018999934, -40.334517867999978 ], [ -71.701673027999959, -40.404446074999953 ], [ -71.71569997499995, -40.423618001999955 ], [ -71.735835820999966, -40.427781963999962 ], [ -71.758608949999939, -40.410417845999973 ], [ -71.779873, -40.408964088999937 ], [ -71.837781892999942, -40.531672971999967 ], [ -71.840699967999967, -40.573481904999937 ], [ -71.839290969999979, -40.600763993999976 ], [ -71.859308966999947, -40.643472975999941 ], [ -71.879181955999968, -40.66499988299995 ], [ -71.900008806999949, -40.681399914999929 ], [ -71.930354983999962, -40.701317998999968 ], [ -71.950145998999972, -40.726946002999966 ], [ -71.914172881999946, -40.806117940999968 ], [ -71.863199845999986, -40.890563938999946 ], [ -71.850281991999964, -40.912508934999948 ], [ -71.838064026999973, -40.955490998999949 ], [ -71.859163959999933, -41.01128195299998 ], [ -71.840426885999989, -41.058755040999984 ], [ -71.861390863999986, -41.241672978999929 ], [ -71.865981967999971, -41.265835826999933 ], [ -71.883472987999937, -41.293890894999947 ], [ -71.89903583499995, -41.356663973999957 ], [ -71.893063896999934, -41.386944939999978 ], [ -71.882508900999937, -41.406255000999977 ], [ -71.867781897999976, -41.432782047999979 ], [ -71.850008909999985, -41.549444896999944 ], [ -71.892226879999953, -41.603890890999935 ], [ -71.914517880999938, -41.623544944999935 ], [ -71.914590970999939, -41.652091024999947 ], [ -71.850281991999964, -41.766391015999943 ], [ -71.787781995999978, -41.861255048999965 ], [ -71.777508799999964, -41.887217993999968 ], [ -71.763481852999973, -41.946108910999953 ], [ -71.759763975999988, -41.99972694 ], [ -71.731526852999934, -42.029444809999973 ], [ -71.726535764999937, -42.095072932999983 ], [ -71.777226832999986, -42.130417909999949 ], [ -71.907226798999943, -42.176255017999949 ], [ -71.93785494399998, -42.172226842999976 ], [ -71.947917920999942, -42.14667293499997 ], [ -71.961746049999988, -42.129173029999947 ], [ -71.993763913999942, -42.124590977999958 ], [ -72.017499954999948, -42.133891034999976 ], [ -72.038335857999982, -42.149172920999945 ], [ -72.13035490599998, -42.285426959999938 ], [ -72.108899915999984, -42.315835834999973 ], [ -72.08168186499995, -42.333335906999935 ], [ -72.056672947999971, -42.34944491899995 ], [ -72.044799981999972, -42.368964024999968 ], [ -72.11139990199996, -42.526944794999963 ], [ -72.126108800999987, -42.547499903999949 ], [ -72.135008873999936, -42.569172990999959 ], [ -72.138899920999961, -42.590699897999968 ], [ -72.128345930999956, -42.668717982999965 ], [ -72.110835799999961, -42.720555024999953 ], [ -72.107226887999957, -42.760564027999976 ], [ -72.101963890999968, -42.854726830999937 ], [ -72.104590946999963, -42.881808927999941 ], [ -72.113481966999984, -42.914308919999939 ], [ -72.12639982099995, -42.936535882999976 ], [ -72.133472973999972, -42.956108967999967 ], [ -72.136673016999964, -43.005764032999934 ], [ -72.118064017999984, -43.039172957999938 ], [ -72.078335808999952, -43.088755100999947 ], [ -72.052781900999946, -43.104726984999957 ], [ -71.999308878999955, -43.121808967999982 ], [ -71.958890837999945, -43.12111796399995 ], [ -71.93084599599996, -43.122218004999979 ], [ -71.868054979999954, -43.126672986999949 ], [ -71.835564040999941, -43.132990929999949 ], [ -71.739664003999962, -43.176108948999968 ], [ -71.733335834999934, -43.278617948999965 ], [ -71.74015501599996, -43.297644868999953 ], [ -71.75889996899997, -43.307290930999955 ], [ -71.79528195499995, -43.3008358599999 ], [ -71.89570889, -43.32528201599996 ], [ -71.929735896999944, -43.386944826999979 ], [ -71.935564001999978, -43.453399908999984 ], [ -71.848890931999961, -43.50055498699993 ], [ -71.701745950999964, -43.601672926999981 ], [ -71.69041780799995, -43.666254987999935 ], [ -71.702926792999961, -43.689235818999975 ], [ -71.766399928999988, -43.719999918999974 ], [ -71.786254980999956, -43.725835902999961 ], [ -71.807363965999969, -43.734309000999986 ], [ -71.807645932999947, -43.763335866999967 ], [ -71.756117847999974, -43.819455055999981 ], [ -71.698335856999961, -43.866672998999945 ], [ -71.648617927999965, -43.916254973999969 ], [ -71.646672990999946, -43.938054962999956 ], [ -71.655426882999961, -43.956391046999954 ], [ -71.746672951999983, -44.058890993999967 ], [ -71.779172942999935, -44.083891025999947 ], [ -71.818208806999962, -44.162364079999975 ], [ -71.800417882999966, -44.190144891999978 ], [ -71.793899946999943, -44.215564019999931 ], [ -71.797290929999974, -44.328408911999929 ], [ -71.84285495599994, -44.352217875999941 ], [ -71.853408944999956, -44.372435863999954 ], [ -71.827708856999948, -44.400208964999933 ], [ -71.778626777999989, -44.408055096999931 ], [ -71.626399848999938, -44.41000003399995 ], [ -71.54556393699994, -44.409864079999977 ], [ -71.480563953999933, -44.402499906999935 ], [ -71.401117927999962, -44.400418009999953 ], [ -71.195699943999955, -44.430282060999957 ], [ -71.161735801999953, -44.45125509099995 ], [ -71.108754964999946, -44.535281993999945 ], [ -71.121681871999954, -44.568754956999953 ], [ -71.145008875999963, -44.586672951999958 ], [ -71.189945934999969, -44.591881968999985 ], [ -71.232017892999977, -44.663335849999953 ], [ -71.227508931999978, -44.688608963999968 ], [ -71.220417841999961, -44.717091006999965 ], [ -71.225908825999966, -44.746808876999978 ], [ -71.277926917999935, -44.79820000199993 ], [ -71.305555011999957, -44.803609011999981 ], [ -71.339735909999945, -44.803335928999957 ], [ -71.369726862999983, -44.796391018999941 ], [ -71.395846045999974, -44.786944949999963 ], [ -71.44279090699996, -44.761391040999968 ], [ -71.471399850999944, -44.747081958999956 ], [ -71.491672992999952, -44.74375501399993 ], [ -71.518335826999987, -44.743890968999949 ], [ -71.555699836999963, -44.754309003999936 ], [ -71.60847297, -44.774581977999958 ], [ -71.62918197099998, -44.780008924999947 ], [ -71.653626784999972, -44.782781993999947 ], [ -71.673617791999959, -44.777226970999948 ], [ -71.693617850999942, -44.770282060999932 ], [ -71.714446042999953, -44.764163942999971 ], [ -71.771326810999938, -44.755344838999974 ], [ -71.795008872999972, -44.763200023999957 ], [ -71.813481916999933, -44.785000012999944 ], [ -71.841117889999964, -44.792364017999944 ], [ -71.951535885999988, -44.783055075999982 ], [ -71.974164006999956, -44.77611787799998 ], [ -71.994172950999939, -44.769172967999964 ], [ -72.019454950999943, -44.75917302199997 ], [ -72.047372890999952, -44.754035920999968 ], [ -72.07542678599998, -44.766391013999964 ], [ -72.08180893399998, -44.787090962999969 ], [ -72.066817899999933, -44.901673087999939 ], [ -71.934446023999953, -44.922226855999952 ], [ -71.806672961999936, -44.930835908999939 ], [ -71.740846019999935, -44.937226941999938 ], [ -71.582645978999949, -44.975417910999965 ], [ -71.549035888999981, -44.999173061999954 ], [ -71.498064025999952, -45.075564051999947 ], [ -71.329445949999979, -45.231255053999973 ], [ -71.298617812999964, -45.305072966999944 ], [ -71.467508803999976, -45.477499946999956 ], [ -71.606254950999983, -45.522635824999952 ], [ -71.629308872999957, -45.52152689899998 ], [ -71.649735905999933, -45.523890930999983 ], [ -71.672499981999977, -45.52778197899994 ], [ -71.712781899999982, -45.538891017999958 ], [ -71.75049090899995, -45.558544903999973 ], [ -71.781954896999935, -45.655008875999954 ], [ -71.792226918999972, -45.729035832999955 ], [ -71.753754988999958, -45.84909989099998 ], [ -71.724455040999942, -45.861808867999969 ], [ -71.694455035999965, -45.868899957999986 ], [ -71.649735905999933, -45.883609023999952 ], [ -71.629246007999939, -45.903544877999934 ], [ -71.604445967999936, -45.976944868999965 ], [ -71.638626866999971, -45.996944928999937 ], [ -71.645008847999975, -45.999454972999956 ], [ -71.665845923999939, -46.012499896999941 ], [ -71.699717864999968, -46.044444838999937 ], [ -71.720835902999966, -46.06819093799993 ], [ -71.740699839999934, -46.096672979999937 ], [ -71.765972953999949, -46.117090960999974 ], [ -71.793063935999953, -46.125555006999946 ], [ -71.824172866999959, -46.130564032999985 ], [ -71.851117835999958, -46.132508968999957 ], [ -71.90180890399995, -46.149099940999974 ], [ -71.83487286899998, -46.200973024999939 ], [ -71.800563894999982, -46.209726916999955 ], [ -71.766954977999944, -46.221526960999938 ], [ -71.746608913999978, -46.247018004999973 ], [ -71.740846019999935, -46.27139090299994 ], [ -71.725008916999968, -46.430555029999937 ], [ -71.68986393199998, -46.490699879999966 ], [ -71.670563929999958, -46.53833591199998 ], [ -71.666399967999951, -46.652499947999956 ], [ -71.672855038999955, -46.683964103999983 ], [ -71.686399858999948, -46.702781978999951 ], [ -71.813754998999968, -46.786044955999955 ], [ -71.850146037999934, -46.796673041999952 ], [ -71.917364039999939, -46.800144825999951 ], [ -71.939246003999983, -46.816255010999953 ], [ -71.976390910999953, -47.034444836999967 ], [ -71.892781929999956, -47.115564057999961 ], [ -71.862508841999954, -47.139726904999975 ], [ -71.852363889999936, -47.17285503599993 ], [ -71.867917851999948, -47.218617880999943 ], [ -71.882781983999962, -47.23278195599994 ], [ -72.017372885999976, -47.277499912999986 ], [ -72.081399896999983, -47.35278197599996 ], [ -72.159035766999978, -47.411108957999943 ], [ -72.194245962999958, -47.418608917999961 ], [ -72.229864022999948, -47.410699921999935 ], [ -72.256390901999964, -47.411118010999985 ], [ -72.293063907999965, -47.420008862999964 ], [ -72.313608957999975, -47.426117929999975 ], [ -72.335417831999962, -47.435417985999948 ], [ -72.350146009999946, -47.449999982999941 ], [ -72.359308938999959, -47.47812696799997 ], [ -72.341672910999989, -47.489999933999968 ], [ -72.308263985999986, -47.505491032999942 ], [ -72.329599952999956, -47.595835878999935 ], [ -72.339726800999983, -47.61749991399995 ], [ -72.353055032999976, -47.636673013999939 ], [ -72.374026889999982, -47.65972693599997 ], [ -72.404172907999964, -47.691944959999944 ], [ -72.428690980999988, -47.721044916999972 ], [ -72.455835773999979, -47.763200021999978 ], [ -72.535072922999973, -47.915490988999977 ], [ -72.531399972999964, -47.941390902999956 ], [ -72.515017877999981, -47.961108994999961 ], [ -72.478335819999984, -47.988481942999954 ], [ -72.450008842999978, -48.001390912999966 ], [ -72.40695502899996, -48.008264072999964 ], [ -72.32195498699997, -48.078335945999982 ], [ -72.300281899999959, -48.190417916999934 ], [ -72.291881891999935, -48.34778194699993 ], [ -72.426117903999966, -48.405281970999965 ], [ -72.490845977999982, -48.422782042999984 ], [ -72.556817925999951, -48.44694489099993 ], [ -72.577926910999963, -48.456808881999962 ], [ -72.595563944999981, -48.473064074999968 ], [ -72.603763959999981, -48.494035931999974 ], [ -72.590563971999984, -48.533681998999953 ], [ -72.579726840999967, -48.564726891999953 ], [ -72.573626826999941, -48.587226937999958 ], [ -72.561254970999983, -48.651673043999949 ], [ -72.55611787, -48.694172981999941 ], [ -72.552226822999955, -48.731117895999944 ], [ -72.552081982999937, -48.776673036999966 ], [ -72.561117842999977, -48.799444823999977 ], [ -72.586946006999938, -48.824444855999957 ], [ -72.708890963999977, -48.903617966999946 ], [ -72.736954916999935, -48.919726978999961 ], [ -72.755281947999947, -48.928063954999971 ], [ -72.781399958999941, -48.938055015999964 ], [ -72.810835860999987, -48.94583593699997 ], [ -72.856535841999971, -48.95209101599994 ], [ -72.895835903999966, -48.950699955999937 ], [ -72.915846020999936, -48.954444821999971 ], [ -72.951672957999961, -48.964726902999985 ], [ -72.982508805999942, -48.978481940999984 ], [ -73.006390859999954, -48.998335819999966 ], [ -73.077373006999949, -49.067917853999973 ], [ -73.176817917999983, -49.221808925999937 ], [ -73.174726800999963, -49.242781956999977 ], [ -73.167690863999951, -49.252635889999965 ], [ -73.086735760999943, -49.26736406699996 ], [ -73.136126795999985, -49.30417302799998 ], [ -73.168064025999968, -49.304726903999949 ], [ -73.423063984999942, -49.309717991999946 ], [ -73.464735789999963, -49.311391019999974 ], [ -73.540008968999985, -49.443199967999931 ], [ -73.582299861999957, -49.540835896999965 ], [ -73.568890995999936, -49.559172986999954 ], [ -73.515426858999945, -49.605135822999955 ], [ -73.446463911999956, -49.790908972999944 ], [ -73.466117797999971, -49.809308926999961 ], [ -73.501808947999962, -49.831117967999944 ], [ -73.529026831999943, -49.852708912999958 ], [ -73.554245966999986, -49.94066407899993 ], [ -73.514726801999984, -49.968609008999977 ], [ -73.490008904999968, -49.983755107999968 ], [ -73.469999960999985, -50.001672934999931 ], [ -73.474246064999988, -50.032017938999957 ], [ -73.501672993999989, -50.056526958999939 ], [ -73.525008882999941, -50.08764494199994 ], [ -73.536255049999966, -50.120135880999953 ], [ -73.522508895999977, -50.14840887899993 ], [ -73.485290898999949, -50.166944954999963 ], [ -73.436399927999958, -50.191390942999931 ], [ -73.349026801999969, -50.236255079999978 ], [ -73.332090998999945, -50.249591023999983 ], [ -73.317508833999966, -50.267226882999978 ], [ -73.277508882999939, -50.328472946999966 ], [ -73.26636396899994, -50.355582033999951 ], [ -73.249590942999987, -50.500282013999936 ], [ -73.228899879999972, -50.598063954999986 ], [ -73.176526898999953, -50.739726835999932 ], [ -73.158482001999971, -50.758891051999967 ], [ -73.137090881999939, -50.769863968999971 ], [ -73.109172941999987, -50.77250896299995 ], [ -73.083617859999947, -50.768617915999982 ], [ -73.052226794999967, -50.761673005999967 ], [ -73.018064000999971, -50.749455040999976 ], [ -72.983899866999934, -50.729726890999984 ], [ -72.957163941999966, -50.706317910999985 ], [ -72.925845966999987, -50.679172949999952 ], [ -72.906108931999938, -50.667499976999977 ], [ -72.87306394899997, -50.654444826999963 ], [ -72.766117904999987, -50.620699954999964 ], [ -72.737090870999964, -50.620763992999969 ], [ -72.708899848999977, -50.637499971999944 ], [ -72.690981853999972, -50.652644896999959 ], [ -72.671399883999982, -50.663890896999931 ], [ -72.639454941999986, -50.671944899999971 ], [ -72.606946065999978, -50.669173003999958 ], [ -72.586946006999938, -50.659726934999981 ], [ -72.564726922999967, -50.631390904999932 ], [ -72.542917880999937, -50.613891 ], [ -72.518335770999954, -50.60583582299995 ], [ -72.491255014999979, -50.603064095999969 ], [ -72.370281855999963, -50.614444875999936 ], [ -72.29389086599997, -50.652917979999984 ], [ -72.300417853999988, -50.677435884999966 ], [ -72.338617874999954, -50.731673000999933 ], [ -72.334308906999979, -50.756117982999967 ], [ -72.302781885999934, -50.780555086999982 ], [ -72.280426847999934, -50.800699984999937 ], [ -72.254172882999967, -50.831672961999971 ], [ -72.242645921999951, -50.854590928999983 ], [ -72.265835797999955, -51.010700020999934 ], [ -72.281881945999942, -51.030491034999955 ], [ -72.334108913999955, -51.034308991999978 ], [ -72.395217849999938, -51.108126904999949 ], [ -72.376045922999936, -51.158963985999947 ], [ -72.351964044999988, -51.179999880999958 ], [ -72.326672992999988, -51.191944930999966 ], [ -72.290555036999933, -51.204381998999963 ], [ -72.249626873999944, -51.237854961999972 ], [ -72.262790987999949, -51.265144929999963 ], [ -72.292508857999962, -51.284454990999961 ], [ -72.311672905999956, -51.311390906999975 ], [ -72.31333587599994, -51.359455086999958 ], [ -72.30972679599995, -51.39917307099995 ], [ -72.347581985999966, -51.484791026999972 ], [ -72.369446011999969, -51.498890896999967 ], [ -72.400554942999975, -51.513617899999986 ], [ -72.289245950999941, -51.696255044999987 ], [ -72.258335838999983, -51.706944820999979 ], [ -72.208755036999946, -51.712226928999939 ], [ -72.181672940999988, -51.719999970999936 ], [ -72.161117831999945, -51.728335940999955 ], [ -72.13556392299995, -51.740008914999976 ], [ -72.087508963999937, -51.764455070999986 ], [ -71.959590894999963, -51.854591039999946 ], [ -71.942363904999979, -51.880981965999979 ], [ -71.942363904999979, -51.914100038999948 ], [ -71.910573021999937, -51.995835831999955 ], [ -71.694455035999965, -51.996944925999969 ], [ -71.233335862999979, -51.997509027999968 ], [ -70.662226841999939, -51.997509027999968 ], [ -70.434717848999981, -51.997509027999968 ], [ -70.110290921999933, -51.996391049999943 ], [ -70.066681890999973, -51.996391049999943 ], [ -69.998335851999968, -51.996391049999943 ], [ -69.943072958999949, -52.010835918999931 ], [ -69.887790953999968, -52.026117971999952 ], [ -69.765835771999946, -52.060564073999956 ], [ -69.461399850999953, -52.14361800599994 ], [ -69.287508886999944, -52.143890920999979 ], [ -69.23360889099996, -52.143335870999977 ], [ -69.032790894999948, -52.194726995999986 ], [ -68.991390830999933, -52.206118001999982 ], [ -68.935835911999959, -52.23056399099994 ], [ -68.880008915999952, -52.255835931999968 ], [ -68.828608906999989, -52.279726869999934 ], [ -68.727508904999979, -52.289999898999952 ], [ -68.648617928999954, -52.297226942999941 ], [ -68.575563942999963, -52.305281951999973 ], [ -68.435835772999951, -52.328754968999931 ], [ -68.441754904999982, -52.377782061999937 ], [ -68.478054915999962, -52.33375511 ], [ -68.508899816999985, -52.325000043999978 ], [ -68.679454950999968, -52.307226888999935 ], [ -68.798617786999955, -52.303335841999967 ], [ -68.818890927999973, -52.304454993999968 ], [ -68.942508912999983, -52.289863943999933 ], [ -68.982790830999988, -52.280009004999954 ], [ -69.003063972999939, -52.271390899999972 ], [ -69.020846012999982, -52.261673088999942 ], [ -69.044035888999986, -52.24847293299996 ], [ -69.068481876999954, -52.235835871999939 ], [ -69.116954925999949, -52.217226873999948 ], [ -69.152090858999941, -52.20736405599996 ], [ -69.188063975999967, -52.205000023999958 ], [ -69.210554968999986, -52.204726941999979 ], [ -69.268481966999957, -52.208055059999936 ], [ -69.444872916999941, -52.256808902999978 ], [ -69.469999850999955, -52.26889091399994 ], [ -69.482845955999949, -52.285626891999982 ], [ -69.485981960999936, -52.314035843999932 ], [ -69.490981933999933, -52.383263993999947 ], [ -69.558063981999965, -52.451526884999964 ], [ -69.582508963999942, -52.471390988999985 ], [ -69.634626799999978, -52.503317993999985 ], [ -69.652235836999978, -52.518617984999935 ], [ -69.675699969999982, -52.528264046999936 ], [ -69.782017873999962, -52.518335849999971 ], [ -69.811117829999944, -52.500554982999972 ], [ -69.914464013999975, -52.514726937999967 ], [ -70.14139985199995, -52.57583587299996 ], [ -70.171117889999948, -52.58507306599995 ], [ -70.49695498899996, -52.704444945999967 ], [ -70.528263911999943, -52.706317965999972 ], [ -70.684445925999967, -52.718335938999985 ], [ -70.811672990999966, -52.732508898999981 ], [ -70.843608879999977, -52.878617876999954 ], [ -70.830426828999975, -52.90694485399996 ], [ -70.811599900999965, -52.920281970999952 ], [ -70.812372879999941, -52.99320000299997 ], [ -70.890017801999988, -53.130000038999981 ], [ -70.908899882999947, -53.150282064999942 ], [ -70.930426789999956, -53.165691020999986 ], [ -70.94680888399995, -53.18736410799994 ], [ -70.955563949999942, -53.217508951999946 ], [ -70.993055028999947, -53.387218016999952 ], [ -70.991954987999975, -53.419444925999983 ], [ -70.988345907999985, -53.44402686899997 ], [ -70.976908801999969, -53.477164052999967 ], [ -70.961673015999963, -53.502781998999978 ], [ -70.948617866999939, -53.535563956999965 ], [ -70.940845997999986, -53.564173068999935 ], [ -70.936254894999934, -53.601535905999981 ], [ -70.941117906999978, -53.633335840999962 ], [ -70.976599844999953, -53.760908909999955 ], [ -70.997790971999962, -53.786673036999957 ], [ -71.046955024999988, -53.823335983999982 ], [ -71.234999838999954, -53.875281990999952 ], [ -71.284726819999946, -53.88639103 ], [ -71.452654897999935, -53.835564006999959 ], [ -71.483063939999965, -53.830282066999985 ], [ -71.52611792099998, -53.826955121999958 ], [ -71.571672894999949, -53.824999959999957 ], [ -71.593899857999986, -53.824999959999957 ], [ -71.634172890999935, -53.821944922999933 ], [ -71.698626876999981, -53.810417962999963 ], [ -71.853617821999933, -53.742499903999942 ], [ -71.935008951999976, -53.729726888999949 ], [ -72.05056388099996, -53.708890986999961 ], [ -72.115008814999953, -53.687644873999943 ], [ -72.288346069999989, -53.580835957999966 ], [ -72.348072996999974, -53.527782030999958 ], [ -72.39598194499996, -53.481255091999969 ], [ -72.420008837999944, -53.454999953999959 ], [ -72.452508828999953, -53.404308884999978 ], [ -72.42279095899994, -53.319173055999954 ], [ -72.283408960999964, -53.245008970999947 ], [ -72.112090905999935, -53.257635972999935 ], [ -72.08361791699997, -53.304444878999959 ], [ -72.076954973999989, -53.32709093699998 ], [ -72.080835794999985, -53.363755057999981 ], [ -72.094317918999934, -53.387573073999931 ], [ -72.158054916999959, -53.413472987999967 ], [ -72.227364035999983, -53.435526947999961 ], [ -72.188899817999982, -53.445000007999965 ], [ -72.105281950999938, -53.429726838999954 ], [ -72.070555055999989, -53.416391062999935 ], [ -72.012308874999974, -53.390473044999965 ], [ -72.005835866999973, -53.369308906999947 ], [ -72.011399941999969, -53.336390993999942 ], [ -72.020564043999968, -53.295555031999982 ], [ -72.023199816999977, -53.274035836999985 ], [ -72.014381886999956, -53.241808927999955 ], [ -71.990426910999986, -53.223055089999946 ], [ -71.866599881999946, -53.222855097999968 ], [ -71.836817805999942, -53.24451795899995 ], [ -71.786045935999937, -53.429517961999977 ], [ -71.797645986999953, -53.453755072999968 ], [ -71.817226783999956, -53.466117877999977 ], [ -71.848617848999936, -53.481944922999958 ], [ -71.942781993999972, -53.514163952999979 ], [ -71.970008929999949, -53.521390996999969 ], [ -72.004935817999979, -53.536599960999979 ], [ -72.00584592499996, -53.565417949999983 ], [ -71.996399854999936, -53.570281967999961 ], [ -71.947235801999966, -53.551944877999972 ], [ -71.828472950999981, -53.52487300699994 ], [ -71.797372904999975, -53.512781943999983 ], [ -71.75529088899998, -53.462435874999983 ], [ -71.760563944999944, -53.396391003999952 ], [ -71.774172969999938, -53.348199921999935 ], [ -71.767508853999971, -53.28666401199996 ], [ -71.739026811999963, -53.215208957999948 ], [ -71.477508917999955, -53.132917946999953 ], [ -71.447235829999954, -53.134726928999953 ], [ -71.420154906999983, -53.134444961999975 ], [ -71.389455012999974, -53.129444821999982 ], [ -71.368055007999942, -53.121672952999972 ], [ -71.347781866999981, -53.112499965999973 ], [ -71.328617817999941, -53.100008918999947 ], [ -71.128345987999978, -52.888890904999982 ], [ -71.117855029999987, -52.863963962999946 ], [ -71.166535782999972, -52.810690933999979 ], [ -71.254181991999985, -52.795008895999956 ], [ -71.349726802999953, -52.791118015999984 ], [ -71.604445967999936, -52.875554961999967 ], [ -71.816955041999961, -52.957499967999979 ], [ -71.898826790999976, -52.999026933999971 ], [ -71.914872937999974, -53.026390997999954 ], [ -72.019590904999973, -53.124308893999967 ], [ -72.076126841999951, -53.133890917999963 ], [ -72.105145996999966, -53.132781992999981 ], [ -72.141399906999936, -53.118054988999972 ], [ -72.162654904999954, -53.101599971999974 ], [ -72.183064000999934, -53.078335831999937 ], [ -72.201399916999947, -53.058890989999952 ], [ -72.221399976999976, -53.046808978999934 ], [ -72.303481942999952, -53.029444860999945 ], [ -72.517090889999963, -53.062363946999938 ], [ -72.54552683199995, -53.082326958999943 ], [ -72.464446, -53.075835844999972 ], [ -72.364246046999938, -53.076391061999971 ], [ -72.210417838999945, -53.156390963999968 ], [ -72.189517898999952, -53.18270896699994 ], [ -72.201463954999952, -53.201391054999931 ], [ -72.341254989999982, -53.226944963999983 ], [ -72.373617852999985, -53.222782007999967 ], [ -72.412090956999975, -53.202017853999962 ], [ -72.484735905999969, -53.188335905999963 ], [ -72.533481869999946, -53.20371787199997 ], [ -72.507926787999963, -53.229864044999943 ], [ -72.471264007999935, -53.23972686299993 ], [ -72.450145970999984, -53.240008997999951 ], [ -72.419108956999935, -53.249591021999947 ], [ -72.517373024999983, -53.36549095 ], [ -72.549308914999983, -53.373335908999934 ], [ -72.601046043999986, -53.36333596299994 ], [ -72.63057297499995, -53.338335930999961 ], [ -72.647781859999952, -53.325972958999955 ], [ -72.639590896999948, -53.363891012999943 ], [ -72.555772870999988, -53.422781928999939 ], [ -72.528335883999944, -53.407991054999968 ], [ -72.499245985999949, -53.404235962999962 ], [ -72.397508959999982, -53.497217923999983 ], [ -72.383063922999952, -53.521944872999939 ], [ -72.400281860999939, -53.540281962999984 ], [ -72.496399826999948, -53.54944489199994 ], [ -72.5069549899999, -53.549726858999975 ], [ -72.534455008999942, -53.529864094999937 ], [ -72.730008833999989, -53.433617885999979 ], [ -72.863890961999971, -53.388617961999955 ], [ -72.940490995999937, -53.356463975999986 ], [ -72.962917950999952, -53.337499919999971 ], [ -73.068617941999946, -53.286118014999943 ], [ -73.08875496099995, -53.280417985999975 ], [ -73.119035759999974, -53.279444846999979 ], [ -73.144446001999938, -53.273473075999959 ], [ -73.212508899999989, -53.234726889999934 ], [ -73.298890950999976, -53.160763970999938 ], [ -73.076126785999975, -53.169173030999957 ], [ -72.997508891999985, -53.159026904999962 ], [ -72.943890862999979, -53.16417305799996 ], [ -72.847499981999988, -53.211944876999951 ], [ -72.776672899999937, -53.283617860999982 ], [ -72.753890886999955, -53.297499968999944 ], [ -72.710281856999984, -53.294035895999968 ], [ -72.694381888999942, -53.241882017999956 ], [ -72.750563941999985, -53.211672967999959 ], [ -72.792217809999954, -53.184100026999943 ], [ -72.757708843999978, -53.142709015999969 ], [ -72.712782010999945, -53.148891004999939 ], [ -72.655835862999936, -53.149100048999969 ], [ -72.70389987599998, -53.128617862999931 ], [ -72.771954894999965, -53.120564027999933 ], [ -72.799935866999988, -53.125555115999987 ], [ -72.825008821999972, -53.14333598199994 ], [ -72.851190869999982, -53.148335954999936 ], [ -72.937499829999979, -53.102991031999977 ], [ -72.911663953999948, -53.084164103999967 ], [ -72.899726782999949, -53.073890907999953 ], [ -72.878164001999949, -53.028717981999932 ], [ -72.919172965999962, -52.994999932999974 ], [ -72.949590892999936, -52.936390982999967 ], [ -72.958345957999938, -52.857508891999942 ], [ -72.915846020999936, -52.82471788099997 ], [ -72.719455011999969, -52.746117924999965 ], [ -72.583345978999944, -52.796673038999984 ], [ -72.46667290399995, -52.820282009999971 ], [ -72.421672980999972, -52.812782050999942 ], [ -72.302508803999956, -52.751117897999961 ], [ -72.184717917999933, -52.66667307299997 ], [ -72.170835809999971, -52.64688205799996 ], [ -72.006955017999985, -52.632508937999944 ], [ -71.931946036999989, -52.665417966999939 ], [ -71.894517821999955, -52.681808945999933 ], [ -71.846955046999938, -52.688609016999976 ], [ -71.791399960999968, -52.690835920999973 ], [ -71.718335915999944, -52.68890003599995 ], [ -71.679454949999979, -52.686109029999955 ], [ -71.650846004999948, -52.683335960999955 ], [ -71.617926918999956, -52.676391050999939 ], [ -71.475282013999959, -52.633335896999938 ], [ -71.518335826999987, -52.571390949999966 ], [ -71.543899960999966, -52.55889101799994 ], [ -71.583072952999942, -52.557917878999945 ], [ -71.607790850999947, -52.562917851999941 ], [ -71.638899948999949, -52.562499929999944 ], [ -71.768335812999965, -52.549726914999951 ], [ -71.917235796999933, -52.529164094999942 ], [ -72.131117826999969, -52.512782000999948 ], [ -72.276672928999972, -52.517226923999942 ], [ -72.311464028999978, -52.521944929999961 ], [ -72.344146075999959, -52.547391046999962 ], [ -72.369172929999934, -52.585281942999984 ], [ -72.420772931999977, -52.655699987999981 ], [ -72.546872965999967, -52.590490960999944 ], [ -72.499172895999948, -52.547500010999954 ], [ -72.47173590899996, -52.535208955999963 ], [ -72.440563946999987, -52.53653597899995 ], [ -72.395246012999962, -52.521890949999943 ], [ -72.416399924999951, -52.504581984999959 ], [ -72.524317934999942, -52.525835976999986 ], [ -72.545417867999959, -52.537091028999953 ], [ -72.629454996999982, -52.543335881999951 ], [ -72.78979091399998, -52.542855095999982 ], [ -72.898899823999955, -52.625554975999933 ], [ -72.881117951999954, -52.637781993999965 ], [ -72.809717882999962, -52.608890913999971 ], [ -72.680899932999978, -52.638955124999939 ], [ -72.678345966999984, -52.662155058999986 ], [ -72.754181906999975, -52.729726945999971 ], [ -72.799181998999984, -52.757508930999961 ], [ -72.865572873999952, -52.792781991999959 ], [ -72.925845966999987, -52.800281950999931 ], [ -72.951255035999964, -52.804864001999931 ], [ -72.981126797999934, -52.828335845999959 ], [ -73.00584603599998, -52.854173061999973 ], [ -72.973617785999977, -52.916118008999945 ], [ -72.947226860999933, -52.983055049999962 ], [ -72.950764023999966, -53.026117915999976 ], [ -72.980417855999974, -53.064726973999939 ], [ -73.085554917999957, -53.087499933999936 ], [ -73.091672868999979, -53.090835931999948 ], [ -73.125008871999967, -53.101809015999947 ], [ -73.203481925999938, -53.106255112999975 ], [ -73.318472920999966, -53.076882073999968 ], [ -73.449345944999948, -53.002044921999982 ], [ -73.311390882999945, -52.938890969999932 ], [ -73.234999893999941, -52.889726915999972 ], [ -73.357226817999958, -52.879173093999952 ], [ -73.556454933999987, -52.802326967999932 ], [ -73.505699827999933, -52.777782072999969 ], [ -73.413072923999948, -52.782226995999963 ], [ -73.38862693599998, -52.799173024999959 ], [ -73.231881992999945, -52.787644890999957 ], [ -73.25279098599998, -52.756673087999957 ], [ -73.256390845999988, -52.718609021999953 ], [ -73.101108880999959, -52.507499892999931 ], [ -73.059208919999946, -52.493008922999934 ], [ -72.973346044999971, -52.503064021999933 ], [ -72.920981947999962, -52.512782000999948 ], [ -72.89062688599995, -52.517635960999939 ], [ -72.918064039999933, -52.49444491099996 ], [ -73.013064027999974, -52.481673069999943 ], [ -73.04417295899998, -52.478890948999947 ], [ -73.073899881999978, -52.480417963999969 ], [ -73.149735820999979, -52.489726904999941 ], [ -73.176390943999934, -52.506672933999937 ], [ -73.161672992999968, -52.559999943999969 ], [ -73.170290929999965, -52.579163991999962 ], [ -73.265972869999985, -52.669800025999962 ], [ -73.303617840999948, -52.670699906999971 ], [ -73.327654959999961, -52.660699960999978 ], [ -73.335208898999952, -52.640764106999939 ], [ -73.337781975999974, -52.596944857999972 ], [ -73.365008911999951, -52.586944912999968 ], [ -73.389726808999967, -52.593335945999968 ], [ -73.502499951999937, -52.652782079999952 ], [ -73.559035888999972, -52.688054972999964 ], [ -73.595563887999958, -52.725835897999957 ], [ -73.611681952999959, -52.745835957999986 ], [ -73.693608853999933, -52.72209103199998 ], [ -73.68306391699997, -52.599444844999937 ], [ -73.629726848999951, -52.558617934999972 ], [ -73.589381898999989, -52.551317967999978 ], [ -73.562917883999944, -52.559582021999972 ], [ -73.549935824999977, -52.542572960999962 ], [ -73.598072926999976, -52.53305497499997 ], [ -73.615281979999963, -52.513890926999977 ], [ -73.666263900999979, -52.422781985999961 ], [ -73.665426883999942, -52.39250889799996 ], [ -73.649517863999961, -52.373817924999969 ], [ -73.62028195299996, -52.378609020999932 ], [ -73.591117790999988, -52.381600018999961 ], [ -73.565008833999968, -52.328618008999968 ], [ -73.583617831999959, -52.235000028999934 ], [ -73.644426862999978, -52.169282051999971 ], [ -73.722917854999935, -52.097226853999985 ], [ -73.739172879999956, -52.070426891999944 ], [ -73.731672919999937, -52.037508978999938 ], [ -73.703617851999979, -52.023335850999956 ], [ -73.677781976999938, -52.041117890999942 ], [ -73.661954931999958, -52.077782011999943 ], [ -73.542499902999964, -52.192644930999961 ], [ -73.512017938999975, -52.195282044999942 ], [ -73.464735789999963, -52.172500032999949 ], [ -73.345290986999942, -52.219999942999948 ], [ -73.321817802999988, -52.223755034999954 ], [ -73.263335754999957, -52.215835980999941 ], [ -73.240563968999936, -52.204235929999982 ], [ -73.215572988999952, -52.160699988999966 ], [ -73.165008822999937, -52.111673063999945 ], [ -73.097781935999933, -52.089726893999966 ], [ -73.02445503499996, -52.067091061999974 ], [ -72.986255013999937, -52.070626883999978 ], [ -72.983199977999959, -52.141454971999963 ], [ -72.986681987999987, -52.18749995099995 ], [ -72.911263969999936, -52.249590910999984 ], [ -72.866390947999946, -52.263890940999943 ], [ -72.832226813999966, -52.239726919999953 ], [ -72.773617863999959, -52.099490972999945 ], [ -72.784726903999967, -52.062226875999954 ], [ -72.816945933999989, -52.082855074999941 ], [ -72.848399863999987, -52.135909001999948 ], [ -72.846673023999983, -52.161191000999963 ], [ -72.875499897999987, -52.203055086999939 ], [ -72.942508854999971, -52.173335875999953 ], [ -72.943346039999938, -52.087781957999937 ], [ -72.861463897999954, -51.959099961999982 ], [ -72.802017931999956, -51.939863996999975 ], [ -72.694235876999983, -51.989099966999959 ], [ -72.698508802999982, -52.04580890699998 ], [ -72.659455001999959, -52.088335833999963 ], [ -72.620135828999935, -52.100835933999974 ], [ -72.602099816999953, -52.111944804999951 ], [ -72.553890965999983, -52.170282012999962 ], [ -72.534455008999942, -52.200282017999939 ], [ -72.575626916999965, -52.32152691899995 ], [ -72.609726845999944, -52.34590886899997 ], [ -72.741672921999964, -52.379172954999945 ], [ -72.928890944999978, -52.451599974999965 ], [ -72.899445988999958, -52.458617974999981 ], [ -72.820555012999989, -52.440835934999939 ], [ -72.635008845999948, -52.39556410199998 ], [ -72.58083576699994, -52.374172981999948 ], [ -72.491055022999944, -52.316744874999983 ], [ -72.467990874999941, -52.203608962999965 ], [ -72.482508833999987, -52.182226895999975 ], [ -72.549999918999958, -52.131109020999986 ], [ -72.64910888299994, -52.051044913999931 ], [ -72.666564028999971, -51.965244902999984 ], [ -72.634035873999949, -51.946535824999955 ], [ -72.518617905999974, -51.95778199199998 ], [ -72.492646075999971, -51.94999989799993 ], [ -72.470699905999936, -51.93597295 ], [ -72.456817797999975, -51.92000894499995 ], [ -72.468899975999989, -51.789172967999946 ], [ -72.506673022999962, -51.728335940999955 ], [ -72.658617816999936, -51.615982060999954 ], [ -72.712646055999983, -51.583890938999957 ], [ -72.738617885999986, -51.575282053999956 ], [ -72.782499831999985, -51.570281912999974 ], [ -72.829590872999972, -51.569455121999965 ], [ -72.916399896999962, -51.545564015999958 ], [ -73.054455039999937, -51.487364102999948 ], [ -73.076390982999953, -51.463754963999975 ], [ -73.11639093399998, -51.443335976999947 ], [ -73.159590927999943, -51.448064040999952 ], [ -73.242508904999966, -51.462991037999984 ], [ -73.270008923999967, -51.48348194099998 ], [ -73.256808934999981, -51.50090003899993 ], [ -73.217508872999986, -51.511255041999959 ], [ -73.193199844999981, -51.506526977999954 ], [ -73.153754943999957, -51.488617867999949 ], [ -73.065846045999933, -51.505281929999967 ], [ -72.97848197199994, -51.534864012999947 ], [ -72.85167299699998, -51.604726840999945 ], [ -72.709308884999984, -51.694590901999959 ], [ -72.68667288499995, -51.70167294 ], [ -72.631954982999957, -51.71139091799995 ], [ -72.571181993999971, -51.721882042999937 ], [ -72.550208962999989, -51.739381948999949 ], [ -72.566046066999945, -51.788964090999968 ], [ -72.626535914999977, -51.831944813999939 ], [ -72.719735804999971, -51.837226921999957 ], [ -72.789690833999941, -51.807391034999966 ], [ -72.814455, -51.774655008999957 ], [ -72.979172975999973, -51.728617907999933 ], [ -73.178345938999939, -51.636117906999971 ], [ -73.242017892999968, -51.610144903999981 ], [ -73.283899916999985, -51.613544938999951 ], [ -73.226746065999976, -51.70979098 ], [ -73.193617934999963, -51.722499956999968 ], [ -73.155008876999943, -51.727499929999965 ], [ -73.127572895999947, -51.726882015999934 ], [ -73.092572917999973, -51.716117975999964 ], [ -73.056808845999967, -51.729999916999986 ], [ -73.030290850999961, -51.748064091999936 ], [ -72.99736388499997, -51.783335977999968 ], [ -73.059445959999948, -51.847926923999978 ], [ -73.082926855999972, -51.857364108999946 ], [ -73.122508884999945, -51.862500036999961 ], [ -73.190708910999945, -51.876490941999975 ], [ -73.070446034999975, -51.865390954999953 ], [ -73.008199841999954, -51.833754969999973 ], [ -72.971881893999978, -51.819926841999973 ], [ -72.937790849999942, -51.834590980999963 ], [ -72.926955059999955, -51.861117860999968 ], [ -72.959726792999959, -51.882782062999979 ], [ -73.028617822999934, -51.900782032999984 ], [ -73.089526933999934, -51.919944906999945 ], [ -73.140063942999973, -51.940490963999935 ], [ -73.156390884999951, -51.966117961999942 ], [ -73.184445952999965, -52.094455125999957 ], [ -73.206955050999966, -52.093335973999956 ], [ -73.240773012999966, -52.087226907999934 ], [ -73.275281978999942, -52.033055002999959 ], [ -73.293064018999985, -51.921390952999957 ], [ -73.300146056999949, -51.812226889999977 ], [ -73.320008820999988, -51.726108869999962 ], [ -73.335154919999979, -51.701944847999982 ], [ -73.380673012999978, -51.669890941999938 ], [ -73.370846068999981, -51.693481975999987 ], [ -73.340146007999977, -51.746108928999945 ], [ -73.329181974999983, -51.796672926999975 ], [ -73.277855055999964, -52.125208998999938 ], [ -73.286946067999963, -52.159999932999938 ], [ -73.316808944999934, -52.170417967999981 ], [ -73.349454948999949, -52.159172973999944 ], [ -73.545290908999959, -52.056399943999963 ], [ -73.56486399399995, -52.04097305199997 ], [ -73.579445990999943, -52.011672934999979 ], [ -73.575290913999936, -51.973335953999936 ], [ -73.606454997999947, -51.907555112999944 ], [ -73.649135816999944, -51.834517890999962 ], [ -73.59889988599997, -51.815417880999973 ], [ -73.588199882999959, -51.838817974999984 ], [ -73.507508809999933, -51.947091041999954 ], [ -73.431672869999943, -52.024099944999932 ], [ -73.399455013999955, -52.01722695199993 ], [ -73.476672961999952, -51.911664089999931 ], [ -73.58670891, -51.756354966999936 ], [ -73.548617853999986, -51.744864048999943 ], [ -73.516117862999977, -51.730835927999976 ], [ -73.471317930999987, -51.694135931999938 ], [ -73.615845914999966, -51.719726887999968 ], [ -73.700354944999958, -51.789172967999946 ], [ -73.762508935999961, -51.714173038999945 ], [ -73.791399847999969, -51.643890948999967 ], [ -73.855008937999969, -51.633891002999974 ], [ -73.905835792999937, -51.622508880999931 ], [ -73.928890887999955, -51.434717871999965 ], [ -73.924726925999948, -51.410835817999953 ], [ -73.904799956999966, -51.377290938999977 ], [ -73.813199836999956, -51.395417977999955 ], [ -73.710290852999947, -51.469444934999956 ], [ -73.682781949999935, -51.509444885999983 ], [ -73.631390991999979, -51.58986405099995 ], [ -73.618055048999963, -51.633891002999974 ], [ -73.604945919999977, -51.628408902999979 ], [ -73.598617917999945, -51.602499936999948 ], [ -73.613063960999966, -51.574717950999968 ], [ -73.695281881999961, -51.419726837999974 ], [ -73.779381874999956, -51.221044886999948 ], [ -73.739245969999956, -51.203964076999966 ], [ -73.701526902999944, -51.241390950999971 ], [ -73.691081877999977, -51.269581973999948 ], [ -73.71167302899994, -51.159726906999936 ], [ -73.734090931999958, -51.143390912999962 ], [ -73.758681926999941, -51.153473000999952 ], [ -73.855563987999972, -51.226954966999983 ], [ -73.880008801999963, -51.238890964999939 ], [ -73.90055502599995, -51.242500044999986 ], [ -74.083754931999977, -51.209026913999935 ], [ -74.128408850999961, -51.186673048999978 ], [ -74.152235918999963, -51.073891020999952 ], [ -74.212855016999981, -51.04631791199995 ], [ -74.235772983999937, -51.034654996999961 ], [ -74.247363982999957, -50.927708952999978 ], [ -74.223345973999983, -50.90222696099994 ], [ -74.180145979999963, -50.881535897999981 ], [ -74.138345931999936, -50.871254990999944 ], [ -73.908617913999933, -50.870699940999941 ], [ -73.885845959999983, -50.880699886999935 ], [ -73.85139097299998, -50.916673003999961 ], [ -73.780008841999972, -50.790835825999977 ], [ -73.781246009999961, -50.688682051999933 ], [ -73.751672979999967, -50.661735908999958 ], [ -73.665554958999962, -50.644999930999973 ], [ -73.633335760999955, -50.644791053999938 ], [ -73.576045955999973, -50.669726880999974 ], [ -73.562508846999947, -50.701044855999953 ], [ -73.53313580799994, -50.714235959999939 ], [ -73.502645964999942, -50.66986400899998 ], [ -73.563826817999939, -50.630555061999985 ], [ -73.611955034999937, -50.62472695699995 ], [ -73.653063911999936, -50.616744869999934 ], [ -73.719590909999965, -50.567917936999947 ], [ -73.722581907999938, -50.545700026999953 ], [ -73.703899818999957, -50.522508976999973 ], [ -73.680008880999935, -50.517781918999958 ], [ -73.646264008999935, -50.512917899999934 ], [ -73.62028195299996, -50.502090995999936 ], [ -73.603064014999973, -50.488608871999986 ], [ -73.571735813999965, -50.404344928999933 ], [ -73.757654975999969, -50.521672965999983 ], [ -73.773754935999989, -50.543335826999964 ], [ -73.799455024999986, -50.606944916999964 ], [ -73.827235836999989, -50.691809004999982 ], [ -73.819035820999943, -50.716390946999979 ], [ -73.812917869999978, -50.745135845999982 ], [ -73.823199950999935, -50.763617942999986 ], [ -73.928682010999978, -50.828544834999946 ], [ -73.947508938999988, -50.83528204199996 ], [ -74.043481898999971, -50.828064048999977 ], [ -74.11980885, -50.771464074999983 ], [ -74.160845977999941, -50.706117918999951 ], [ -74.232790869999974, -50.603617971999938 ], [ -74.289235779999956, -50.480490998999983 ], [ -74.214035858999978, -50.46389097499997 ], [ -74.122790963999989, -50.48611793799995 ], [ -74.097226829999954, -50.497782026999971 ], [ -74.074863911999955, -50.511526839999931 ], [ -74.050846070999967, -50.524172951999958 ], [ -74.021254934999945, -50.533473008999977 ], [ -73.890908964999937, -50.546835941999973 ], [ -73.940564029999962, -50.524444860999949 ], [ -73.991535891999945, -50.513617956999951 ], [ -74.076672893999955, -50.473335870999961 ], [ -74.120145969999953, -50.43930886499993 ], [ -74.291672901999959, -50.429582000999972 ], [ -74.473890951999977, -50.346390940999981 ], [ -74.688755004999962, -50.207090918999938 ], [ -74.693335882999975, -50.177435912999954 ], [ -74.670290845999943, -50.15139099299995 ], [ -74.63528198299997, -50.124999899999978 ], [ -74.585846020999952, -50.102364066999939 ], [ -74.491390856999942, -50.081944912999973 ], [ -74.432199867999941, -50.095135848999973 ], [ -74.348755003999941, -50.08861791399994 ], [ -74.293063962999952, -50.134726930999932 ], [ -74.272781935999944, -50.166944954999963 ], [ -74.203608938999935, -50.21778203599996 ], [ -73.963481996999974, -50.288199913999961 ], [ -73.899735778999968, -50.296954978999963 ], [ -73.881390977999956, -50.297226887999955 ], [ -73.867335867999941, -50.288890917999936 ], [ -74.132090852999966, -50.208335966999982 ], [ -74.153763939999976, -50.209308937999936 ], [ -74.176673022999978, -50.202499982999939 ], [ -74.207508870999959, -50.180835947999981 ], [ -74.370846012999948, -49.992082025999935 ], [ -74.360690833999968, -49.950835853999934 ], [ -74.337154952999981, -49.927509016999977 ], [ -74.268335839999963, -49.933335948999968 ], [ -74.221117896999942, -49.942917972999965 ], [ -74.172790859999964, -49.977226945999973 ], [ -74.124454938999975, -50.012217871999951 ], [ -73.890146043999948, -50.074864048999984 ], [ -73.88680887299995, -50.044800005999946 ], [ -73.900008861999936, -50.016808975999936 ], [ -74.008345965999979, -49.985835831999964 ], [ -74.098617889999957, -49.961108881999962 ], [ -74.297090963999949, -49.894173014999978 ], [ -74.324872949999985, -49.867781921999949 ], [ -74.34889984299997, -49.801117962999967 ], [ -74.246399895999957, -49.76306395499995 ], [ -74.193345968999949, -49.750554970999985 ], [ -74.144590952999977, -49.745009000999971 ], [ -74.113481853999986, -49.752782041999978 ], [ -74.072926853999945, -49.746535847999951 ], [ -74.063335776999963, -49.715554992999955 ], [ -74.190564015999939, -49.727226960999985 ], [ -74.279172969999934, -49.742781928999932 ], [ -74.299099938999973, -49.739099925999938 ], [ -74.321535778999987, -49.69750003799993 ], [ -74.327790857999958, -49.64666396299998 ], [ -74.321399824999958, -49.622644947999959 ], [ -74.243272942999965, -49.571182073999978 ], [ -74.111681924999971, -49.541944822999938 ], [ -74.087781932999974, -49.537508951999939 ], [ -73.947717815999965, -49.559235850999983 ], [ -73.930072903999985, -49.580835847999936 ], [ -73.90833577899997, -49.637781994999955 ], [ -73.881255023999984, -49.667644871999983 ], [ -73.845008823999933, -49.679726882999944 ], [ -73.815290953999977, -49.685835948999966 ], [ -73.749863996999977, -49.729790984999966 ], [ -73.723617910999963, -49.789173080999944 ], [ -73.712508871999944, -49.757226965999962 ], [ -73.732790898999951, -49.711944906999975 ], [ -73.757235880999986, -49.674026852999987 ], [ -73.776399928999979, -49.662299899999937 ], [ -73.822917815999972, -49.659726990999957 ], [ -73.852017939999939, -49.657644925999932 ], [ -73.877645943999937, -49.589026978999982 ], [ -73.874026805999961, -49.5318729599999 ], [ -73.914599910999982, -49.512644873999932 ], [ -73.959308814999986, -49.516673048999962 ], [ -73.990563925999936, -49.519173035999984 ], [ -74.094726842999989, -49.496808943999952 ], [ -74.110835854999948, -49.483055079999986 ], [ -74.121808939999937, -49.413755012999957 ], [ -74.083346062999965, -49.27778193499995 ], [ -74.068335917999946, -49.26278201599996 ], [ -74.037508953999975, -49.263199937999957 ], [ -74.001255043999947, -49.284863972999972 ], [ -73.989517864999982, -49.305490997999982 ], [ -73.96819983499995, -49.32736407699997 ], [ -73.917499881999959, -49.347226840999951 ], [ -73.886399835999953, -49.353617874999941 ], [ -73.847854982999934, -49.346600041999977 ], [ -73.893035788999953, -49.329282024999941 ], [ -73.924872938999954, -49.324308873999939 ], [ -73.942926887999988, -49.315144938999936 ], [ -73.99896393399996, -49.254308917999936 ], [ -74.028899901999978, -49.093055013999958 ], [ -74.016955018999965, -49.07361788399993 ], [ -73.984999850999941, -49.045563988999959 ], [ -73.967090908999978, -49.033055003999948 ], [ -73.942926887999988, -49.025281962999941 ], [ -73.91126391399996, -49.024173036999969 ], [ -73.882790923999949, -49.03709105799993 ], [ -73.862781979999966, -49.051526874999979 ], [ -73.828199922999943, -49.054381918999979 ], [ -73.831181868999977, -49.032226871999967 ], [ -73.892854906999958, -49.010699965999947 ], [ -74.043335885999966, -49.021944958999939 ], [ -74.051399946999936, -49.062917880999976 ], [ -74.04181792299994, -49.153472945999965 ], [ -74.108608950999951, -49.235000029999981 ], [ -74.150008846999981, -49.319172945999981 ], [ -74.159999907999975, -49.374726859999953 ], [ -74.194372919999978, -49.511044936999951 ], [ -74.215981968999984, -49.532217958999979 ], [ -74.23930880599994, -49.53486395799996 ], [ -74.264872939999975, -49.523482003999959 ], [ -74.37389987499995, -49.427508877999969 ], [ -74.396954970999957, -49.341944900999977 ], [ -74.399172989999954, -49.161664076999955 ], [ -74.395846044999985, -48.963335841999935 ], [ -74.411390954999945, -48.930000006999933 ], [ -74.432308832999979, -48.897917937999978 ], [ -74.45014602599997, -48.847499951999964 ], [ -74.45014602599997, -48.815700016999983 ], [ -74.439590862999978, -48.793755020999981 ], [ -74.378335913999933, -48.727226848999976 ], [ -74.337208931999953, -48.745417925999959 ], [ -74.306972892999966, -48.752682018999963 ], [ -74.283381858999974, -48.748744870999985 ], [ -74.243763954999963, -48.728782027999955 ], [ -74.212508843999956, -48.721673 ], [ -74.13042687799998, -48.72667297299995 ], [ -74.064654920999942, -48.74368203399996 ], [ -74.067399826999974, -48.73444484099997 ], [ -74.11611779499998, -48.714173040999981 ], [ -74.170835864999958, -48.706673080999963 ], [ -74.19833588399996, -48.707782006999935 ], [ -74.234999836999975, -48.716944935999948 ], [ -74.255845965999981, -48.723335969999937 ], [ -74.277508826999963, -48.729172959999971 ], [ -74.314172947999964, -48.727226848999976 ], [ -74.371535843999936, -48.676944817999981 ], [ -74.397572884999988, -48.611944834999974 ], [ -74.352508922999959, -48.568608886999982 ], [ -74.253755015999957, -48.500972962999981 ], [ -74.20124591299998, -48.476808941999934 ], [ -74.150281929999949, -48.497508889999949 ], [ -74.046672888999979, -48.547782035999944 ], [ -74.02723575899995, -48.533617960999948 ], [ -74.021117806999939, -48.413608888999931 ], [ -74.109726928999976, -48.394444839999949 ], [ -74.13592691499997, -48.371844881999948 ], [ -74.153346017999979, -48.3599 ], [ -74.175872885999979, -48.357163978999949 ], [ -74.232545950999963, -48.351773073999937 ], [ -74.207226903999981, -48.333890953999969 ], [ -74.119172998999943, -48.319726878999973 ], [ -74.264455017999978, -48.28278196399998 ], [ -74.398617939999951, -48.20139100199998 ], [ -74.489181889999941, -48.131108910999956 ], [ -74.582781931999989, -48.084999893999964 ], [ -74.620417850999956, -48.084444843999961 ], [ -74.646390854999936, -48.07680893099996 ], [ -74.65688198, -48.029726941999968 ], [ -74.631808857999943, -48.000555068999972 ], [ -74.526399886999968, -47.957081992999974 ], [ -74.414935829999934, -47.987708963999978 ], [ -74.349590846999945, -48.022499897999978 ], [ -74.329172866999954, -48.046117921999951 ], [ -74.315281873999936, -48.066944938999939 ], [ -74.296672874999956, -48.104444903999934 ], [ -74.284999900999935, -48.155281984999931 ], [ -74.277226859999985, -48.189173036999932 ], [ -74.215208822999955, -48.231808928999953 ], [ -74.184663993999948, -48.225700029999985 ], [ -74.261126899999965, -48.098335836999979 ], [ -74.322508917999983, -48.024444833999951 ], [ -74.327781973999947, -48.004999991999966 ], [ -74.302090936999946, -47.995144885999935 ], [ -74.19862690399998, -47.992499892999945 ], [ -74.075845935999951, -47.995699935999937 ], [ -74.050217930999963, -48.007917900999985 ], [ -74.019181922999962, -48.033335853999972 ], [ -73.962645985999984, -48.047782064999979 ], [ -73.857508923999944, -48.046672970999964 ], [ -73.771808825999983, -48.029726941999968 ], [ -73.593335810999974, -48.137499944999945 ], [ -73.589445936999937, -48.185281989999964 ], [ -73.553345917999934, -48.245835875999944 ], [ -73.539026777999936, -48.208544955999969 ], [ -73.492226923999965, -48.175773055999969 ], [ -73.443617919999951, -48.17860898899994 ], [ -73.420290915999942, -48.184444804999941 ], [ -73.394455040999958, -48.195555017999936 ], [ -73.349163929999975, -48.197499954999955 ], [ -73.300708817999976, -48.167781916999957 ], [ -73.284864002999939, -48.154035930999953 ], [ -73.276808826999968, -48.126808994999976 ], [ -73.273754963999977, -48.093335863999982 ], [ -73.287226861999955, -48.071326830999965 ], [ -73.29014594299997, -48.091118012999971 ], [ -73.295208947999981, -48.125144851999949 ], [ -73.314317843999959, -48.144026932999964 ], [ -73.355008965999957, -48.164999962999957 ], [ -73.375008857999944, -48.168054998999935 ], [ -73.401117815999953, -48.160564092999948 ], [ -73.486535778999951, -48.122917947999952 ], [ -73.579181960999961, -48.050699972999951 ], [ -73.6452908699999, -47.985282067999947 ], [ -73.654208879999942, -47.909099955999977 ], [ -73.570354978999944, -47.908890910999958 ], [ -73.561608965999937, -47.940835852999953 ], [ -73.528335827999967, -47.970000014999982 ], [ -73.509735881999973, -47.978335816999959 ], [ -73.487782000999971, -47.984999932999983 ], [ -73.43695497799996, -47.994444828999974 ], [ -73.226599884999985, -48.00302689199998 ], [ -73.270008923999967, -47.978055023999957 ], [ -73.339317875999939, -47.963335898999958 ], [ -73.373899931999972, -47.962226972999986 ], [ -73.399735806999956, -47.964444823999941 ], [ -73.43514599599996, -47.970699902999968 ], [ -73.472990958999958, -47.965835884999933 ], [ -73.516254990999983, -47.944173023999952 ], [ -73.713617797999973, -47.78014487799993 ], [ -73.742926798999974, -47.729726891999974 ], [ -73.737572941999986, -47.70347292699995 ], [ -73.717508844999941, -47.683199952999985 ], [ -73.686526815999969, -47.66236405099994 ], [ -73.657917871999985, -47.633264093999969 ], [ -73.676881927999943, -47.567226934999951 ], [ -73.726290899999981, -47.531390945999931 ], [ -73.772226914999976, -47.59514487499996 ], [ -73.733890939999981, -47.614035840999975 ], [ -73.728199962999952, -47.636391046999961 ], [ -73.771254948999967, -47.78653591099993 ], [ -73.791117880999934, -47.801255035999986 ], [ -73.815564036999945, -47.81209099299997 ], [ -73.93444607899994, -47.846944957999938 ], [ -74.015563957999973, -47.835835918999976 ], [ -74.03451778799996, -47.829035848999979 ], [ -74.060008831999937, -47.786944947999984 ], [ -74.091672980999988, -47.783335867999938 ], [ -74.140835859999981, -47.781955033999964 ], [ -74.309108936999962, -47.758917875999941 ], [ -74.388199904999965, -47.746735952999984 ], [ -74.474164033999955, -47.76333597699994 ], [ -74.499172950999935, -47.773473050999939 ], [ -74.547499819999985, -47.779164027999968 ], [ -74.618899888999977, -47.771808907999969 ], [ -74.646390854999936, -47.765009004999968 ], [ -74.713763921999941, -47.741255025999976 ], [ -74.741390842999976, -47.711464065999962 ], [ -74.604381928999942, -47.570835846999955 ], [ -74.560564021999937, -47.550973082999974 ], [ -74.540281994999987, -47.548335968999936 ], [ -74.453899944999989, -47.55472683499994 ], [ -74.42653588099995, -47.561526904999937 ], [ -74.371672970999953, -47.592782015999944 ], [ -74.349108887999989, -47.643891005999933 ], [ -74.313717810999947, -47.707317873999955 ], [ -74.272781935999944, -47.740008972999931 ], [ -74.237508875999936, -47.75209098299996 ], [ -74.200008911999987, -47.755555055999935 ], [ -74.175908927999956, -47.748544934999984 ], [ -74.204308827999967, -47.749173074999931 ], [ -74.254863941999986, -47.73833594499996 ], [ -74.282373012999983, -47.718754980999961 ], [ -74.298617811999975, -47.680835920999982 ], [ -74.257155050999984, -47.632917921999933 ], [ -74.167990879999934, -47.617363958999931 ], [ -74.115290836999975, -47.632364045999964 ], [ -74.089590915999963, -47.632364045999964 ], [ -74.046672888999979, -47.620208944999945 ], [ -74.061954942999989, -47.53972691599995 ], [ -74.130981926999937, -47.56389093699994 ], [ -74.167635821999966, -47.589444845999935 ], [ -74.284999900999935, -47.606535880999957 ], [ -74.305008844999975, -47.603335837999964 ], [ -74.516673023999942, -47.452917891999959 ], [ -74.528126893999968, -47.434308892999979 ], [ -74.473063992999982, -47.36694487799997 ], [ -74.369799950999948, -47.296463968999944 ], [ -74.34709086099997, -47.265564082999958 ], [ -74.33279099899994, -47.243335945999945 ], [ -74.319599894999953, -47.219864101999974 ], [ -74.193755005999947, -47.206117948999974 ], [ -74.172508892999986, -47.21395502799993 ], [ -74.162372992999963, -47.24180893099998 ], [ -74.161255014999938, -47.276181941999937 ], [ -74.113890890999983, -47.341664051999942 ], [ -74.105282005999982, -47.347500035999985 ], [ -74.113890890999983, -47.333335960999932 ], [ -74.141108942999949, -47.273608865999961 ], [ -74.141254954999965, -47.248054956999965 ], [ -74.131672930999969, -47.214308911999979 ], [ -74.119035870999937, -47.198199899999963 ], [ -74.046108954999966, -47.149444883999934 ], [ -73.938272919999974, -47.034444836999967 ], [ -74.015017793999959, -46.981944952999982 ], [ -74.037226819999944, -46.975417964999963 ], [ -74.059872877999965, -46.974035956999955 ], [ -74.07959097, -46.981108941999935 ], [ -74.10882688099997, -46.993408882999972 ], [ -74.138063964999958, -46.986526836999985 ], [ -74.247090899999989, -46.871526957999947 ], [ -74.26459097299994, -46.812363963999985 ], [ -74.26577298899997, -46.787572976999968 ], [ -74.339446061999979, -46.766108933999931 ], [ -74.618617920999952, -46.785564001999944 ], [ -74.621946039999955, -46.842226840999956 ], [ -74.590835767999977, -46.836944900999981 ], [ -74.55028194099998, -46.836117942999977 ], [ -74.437154913999962, -46.859790951999969 ], [ -74.44881782899995, -46.886944797999945 ], [ -74.477090994999969, -46.902226850999966 ], [ -74.504035795999982, -46.903054983999937 ], [ -74.567646058999969, -46.897644799999966 ], [ -74.646117939999954, -46.873335939999947 ], [ -74.887508872999945, -46.794173054999931 ], [ -75.008617818999937, -46.751944858999934 ], [ -75.075355034999973, -46.658199976999981 ], [ -75.078199852999944, -46.629172943999947 ], [ -75.064590994999946, -46.60610896399993 ], [ -75.010281961999965, -46.558617937999941 ], [ -74.940490882999939, -46.509726966999949 ], [ -74.945290863999958, -46.442708957999969 ], [ -74.967926863999935, -46.468126910999956 ], [ -74.984308957999986, -46.500282070999958 ], [ -75.081681862999972, -46.57417307399993 ], [ -75.120008953999957, -46.595835934999968 ], [ -75.188754976999974, -46.626808911999944 ], [ -75.350972966999961, -46.658617898999978 ], [ -75.392017805999956, -46.652426857999956 ], [ -75.431946007999954, -46.649999961999981 ], [ -75.505008877999956, -46.665835890999972 ], [ -75.570555025999965, -46.68778206099995 ], [ -75.598072981999962, -46.703055061999976 ], [ -75.652963886999942, -46.766881913999953 ], [ -75.632508857999937, -46.78249991399997 ], [ -75.583755014999952, -46.754308890999937 ], [ -75.473890894999954, -46.702508896999973 ], [ -75.446681895999973, -46.703755117999947 ], [ -75.419726868999987, -46.715208988999962 ], [ -75.342654933999938, -46.878817871999956 ], [ -75.351954990999957, -46.903890994999983 ], [ -75.413072978999935, -46.933891 ], [ -75.466945984999938, -46.950281978999953 ], [ -75.488345989999971, -46.955835827999977 ], [ -75.496672907999937, -46.956673011999953 ], [ -75.506673020999983, -46.955835827999977 ], [ -75.567572912999935, -46.941808880999986 ], [ -75.641463915999964, -46.880908988999977 ], [ -75.710563989999969, -46.793608952999932 ], [ -75.717508899999984, -46.725282024999956 ], [ -75.704590877999976, -46.634444825999935 ], [ -75.642226835999963, -46.570008944999984 ], [ -75.62222677699998, -46.567499905999966 ], [ -75.597781961999942, -46.568890965999969 ], [ -75.565281970999933, -46.572091008999962 ], [ -75.519182005999937, -46.554999973999941 ], [ -75.447508854999967, -46.51194481899995 ], [ -75.394454927999959, -46.479444827999941 ], [ -75.401599829999952, -46.444444849999968 ], [ -75.356126831999973, -46.407499934999976 ], [ -75.332508807999943, -46.392644855999947 ], [ -75.265699841999947, -46.367990995999946 ], [ -75.221117839999977, -46.396944939999969 ], [ -75.21889982099998, -46.408890995999968 ], [ -75.214590851999958, -46.349026939999931 ], [ -75.199317850999989, -46.300563948999979 ], [ -75.08791783199996, -46.215626938999947 ], [ -75.046390865999967, -46.212917907999952 ], [ -74.956390850999981, -46.215564074999975 ], [ -74.821672878999948, -46.112781992999942 ], [ -74.788890919999972, -46.056944938999948 ], [ -74.723617854999986, -45.923335892999944 ], [ -74.689455061999979, -45.84111797199995 ], [ -74.674864011999944, -45.826808889999938 ], [ -74.456954980999967, -45.807500001999983 ], [ -74.368617934999975, -45.792363960999978 ], [ -74.334917822999955, -45.800626841999986 ], [ -74.315663920999953, -45.835472927999945 ], [ -74.263399904999972, -45.810708929999976 ], [ -74.155835778999972, -45.798754994999967 ], [ -74.136254982999958, -45.809590951999951 ], [ -74.110699900999975, -45.835835863999932 ], [ -74.05778192799994, -45.946181942999942 ], [ -74.085008864999963, -46.051390921999939 ], [ -74.100154963999955, -46.080282000999944 ], [ -74.123199832999944, -46.110417960999939 ], [ -74.144864034999955, -46.126391017999936 ], [ -74.16153580799994, -46.137499889999958 ], [ -74.13930884499996, -46.135417992999976 ], [ -74.076146007999967, -46.099135918999934 ], [ -74.057508845999962, -46.046808870999939 ], [ -74.059454955999968, -46.025555045999965 ], [ -74.067645919999961, -46.003544838999971 ], [ -74.055008859999987, -45.984791000999962 ], [ -73.976817939999989, -46.038064030999976 ], [ -73.969873030999963, -46.059590937999985 ], [ -73.972645931999978, -46.088617970999962 ], [ -73.986117829999955, -46.115281978999974 ], [ -73.999454945999958, -46.13083594099993 ], [ -74.025555018999967, -46.150835832999974 ], [ -74.075563967999983, -46.181391054999949 ], [ -74.128345985999943, -46.203055089999964 ], [ -74.194455062999964, -46.224591048999969 ], [ -74.311672960999942, -46.249172991999956 ], [ -74.34250881, -46.250899998999955 ], [ -74.372790949999967, -46.241673032999984 ], [ -74.416117845999963, -46.219035858999973 ], [ -74.440290918999949, -46.204444809999984 ], [ -74.484508810999955, -46.184008890999962 ], [ -74.401117926999973, -46.244173018999959 ], [ -74.378617880999968, -46.25639098399995 ], [ -74.359726914999953, -46.264455045999966 ], [ -74.332645991999982, -46.265417958999933 ], [ -74.233608943999968, -46.24750901699997 ], [ -74.153899894999938, -46.23139095199997 ], [ -74.122217808999949, -46.219172986999979 ], [ -74.070281860999955, -46.201390946999936 ], [ -74.046464011999944, -46.197844898999961 ], [ -74.004726827999946, -46.289999900999931 ], [ -73.900982000999988, -46.33778194599995 ], [ -73.87194591399998, -46.346390998999937 ], [ -73.863063946999944, -46.347499924999966 ], [ -73.852199826999936, -46.337464104999981 ], [ -73.879590880999956, -46.308608899999967 ], [ -73.904446072999974, -46.297500027999945 ], [ -73.936672982999937, -46.281255061999957 ], [ -74.017363887999977, -46.213509 ], [ -73.984035764999987, -46.158200005999959 ], [ -73.960708927999974, -46.143199918999983 ], [ -73.892299857999944, -46.138754995999932 ], [ -73.762581858999965, -46.241317974999959 ], [ -73.766817904999982, -46.296254979999958 ], [ -73.776399928999979, -46.333335849999969 ], [ -73.79126389299995, -46.36264485099997 ], [ -73.807917896999982, -46.386673084999984 ], [ -73.879581995999956, -46.448754991999976 ], [ -73.91126391399996, -46.47194486799998 ], [ -73.993826833999947, -46.559308941999973 ], [ -73.912090871999965, -46.602572973999941 ], [ -73.87445495299994, -46.603617861999965 ], [ -73.846546064999984, -46.592090900999949 ], [ -73.831254958999978, -46.578063953999958 ], [ -73.778626832999976, -46.497781916999941 ], [ -73.766108963999955, -46.475008956999943 ], [ -73.74369089299995, -46.421744811999986 ], [ -73.701126917999943, -46.384999888999971 ], [ -73.571946031999971, -46.273608921999937 ], [ -73.532645969999976, -46.189517980999938 ], [ -73.425563971999964, -46.07444484399997 ], [ -73.443072928999982, -46.063335971999948 ], [ -73.539308911999967, -46.158200005999959 ], [ -73.579726784999934, -46.207500012999958 ], [ -73.597226857999942, -46.241390897999963 ], [ -73.627226862999976, -46.283891002999951 ], [ -73.65402682499996, -46.306944923999936 ], [ -73.687855012999989, -46.314999932999967 ], [ -73.691681853999967, -46.270835852999937 ], [ -73.684445924999977, -46.250555 ], [ -73.672646048999979, -46.233482068999933 ], [ -73.650008875999958, -46.199172927999939 ], [ -73.634735874999933, -46.159999934999973 ], [ -73.622655036999959, -46.117364043999942 ], [ -73.61999981799994, -46.08430900299993 ], [ -73.645008902999962, -46.024726913999984 ], [ -73.665145921999965, -45.980490916999941 ], [ -73.543064004999962, -45.810281955999983 ], [ -73.441117933999976, -45.727782067999954 ], [ -73.422226800999965, -45.713617992999957 ], [ -73.39028185899997, -45.694444891999979 ], [ -73.363890933999983, -45.68610892199996 ], [ -73.34333582499994, -45.684035908999931 ], [ -73.292508801999986, -45.684173036999937 ], [ -73.237226797999938, -45.688472953999963 ], [ -73.205563990999963, -45.684173036999937 ], [ -73.184245960999988, -45.66833593399997 ], [ -73.321399880999934, -45.635835942999961 ], [ -73.359999885999969, -45.638617895999971 ], [ -73.402990835999958, -45.64875497 ], [ -73.437781936999954, -45.669035822999945 ], [ -73.465699876999963, -45.705981910999981 ], [ -73.479590869999981, -45.720835816999966 ], [ -73.559717840999951, -45.775000010999975 ], [ -73.579872964999936, -45.778264091999972 ], [ -73.570281888999943, -45.68610892199996 ], [ -73.514663937999956, -45.455699957999968 ], [ -73.397090981999952, -45.377917907999972 ], [ -73.294181996999953, -45.325417856999934 ], [ -73.214935796999953, -45.30146405399995 ], [ -73.183999867999944, -45.322435910999957 ], [ -73.176672910999969, -45.354235845999938 ], [ -73.145426852999947, -45.376944936999962 ], [ -73.103335784999956, -45.402781985999979 ], [ -73.014735882999958, -45.448755047999953 ], [ -72.950981952999939, -45.46445502399996 ], [ -72.874999832999947, -45.472781940999937 ], [ -72.859454922999987, -45.470417908999934 ], [ -72.82722684099997, -45.422499909999942 ], [ -72.837435830999937, -45.402917939999952 ], [ -72.898690946999977, -45.394100009999931 ], [ -72.920281891999934, -45.409999977999973 ], [ -72.947090905999971, -45.412781930999984 ], [ -73.046526932999939, -45.379654973999948 ], [ -73.099726871999962, -45.334726966999938 ], [ -73.147508916999982, -45.299444853999944 ], [ -73.22723590399994, -45.254173020999986 ], [ -73.259863970999959, -45.245008918999986 ], [ -73.281673012999988, -45.24944495699998 ], [ -73.31139993499994, -45.273335895999935 ], [ -73.330417802999989, -45.291463940999961 ], [ -73.367508897999983, -45.294863975999931 ], [ -73.414463984999941, -45.291117935999978 ], [ -73.439308951999976, -45.287090933999934 ], [ -73.457363905999955, -45.275555088999965 ], [ -73.461808829999939, -45.252855050999983 ], [ -73.447226832999945, -45.20125504899994 ], [ -73.421672923999949, -45.19667299799994 ], [ -73.361535785999934, -45.194444919999967 ], [ -73.341673022999942, -45.188199898999983 ], [ -73.305490860999953, -45.147744810999939 ], [ -73.334172895999984, -45.117926860999944 ], [ -73.374735774999976, -45.074590912999952 ], [ -73.403754929999934, -45.031182041999955 ], [ -73.396790908999947, -44.994517920999954 ], [ -73.375281939999979, -44.967917950999947 ], [ -73.345563901999981, -44.958617893999985 ], [ -73.324863953999966, -44.95695509199993 ], [ -73.296117881999976, -44.961808884999982 ], [ -73.262508964999938, -44.966944811999952 ], [ -73.231326775999946, -44.966809024999975 ], [ -73.142499891999989, -44.944454991999976 ], [ -72.942226887999936, -44.865144920999967 ], [ -72.887790952999978, -44.831672964999939 ], [ -72.766108852999935, -44.75333586499994 ], [ -72.726964022999937, -44.693608936999965 ], [ -72.697781924999958, -44.639163949999954 ], [ -72.613890975999936, -44.472781997999959 ], [ -72.607226859999969, -44.378335885999945 ], [ -72.662226896999982, -44.414726924999968 ], [ -72.741672921999964, -44.456117935999941 ], [ -72.846681908999983, -44.398890994999931 ], [ -72.926681977999976, -44.346944819999976 ], [ -72.926708967999957, -44.318754970999976 ], [ -73.019455061999963, -44.287508911999964 ], [ -73.083617859999947, -44.272781907999956 ], [ -73.115008925999973, -44.269999954999946 ], [ -73.156681904999971, -44.263891055999977 ], [ -73.184172870999987, -44.252499881999938 ], [ -73.282090933999939, -44.178064054999936 ], [ -73.289381848999938, -44.14688203399993 ], [ -73.279381902999944, -44.114790911999933 ], [ -73.210281995999935, -44.068335889999958 ], [ -73.136981917999947, -44.023317860999953 ], [ -73.136126795999985, -43.985281957999973 ], [ -73.101672982999958, -43.932499939999957 ], [ -73.017499898999972, -43.809172974999967 ], [ -72.991672907999941, -43.809717966999983 ], [ -72.946399901999939, -43.801673015999938 ], [ -72.84583583899996, -43.776672983999958 ], [ -72.852390990999936, -43.749090989999956 ], [ -72.852645967999933, -43.707917907999956 ], [ -72.868372932999989, -43.741981962999944 ], [ -72.882855017999987, -43.752291032999949 ], [ -72.946117934999961, -43.756108989999973 ], [ -73.04209994699994, -43.733835925999983 ] ] ], [ [ [ -68.635835861999965, -54.788335949999976 ], [ -68.636126881999985, -54.804773029999978 ], [ -68.637217869999972, -54.884999912999945 ], [ -68.643108838999979, -54.888608992999934 ], [ -68.650281904999986, -54.889726970999959 ], [ -68.666955018999943, -54.889026914999931 ], [ -68.67889084899997, -54.885564014999943 ], [ -68.699808893999943, -54.873499941999967 ], [ -68.716390980999961, -54.862582009999983 ], [ -68.735563913999954, -54.849444885999958 ], [ -68.755573025999979, -54.840564091999966 ], [ -68.890008861999945, -54.802917946999969 ], [ -68.849726776999944, -54.843335986999932 ], [ -68.839172954999981, -54.851109028999986 ], [ -68.82569988299997, -54.860282015999985 ], [ -68.801390854999966, -54.870564096999942 ], [ -68.758899970999948, -54.880835950999938 ], [ -68.748672874999954, -54.900735930999986 ], [ -68.770008841999982, -54.917226989999961 ], [ -68.80250883399998, -54.926118009999982 ], [ -68.960554982999952, -54.94417296499995 ], [ -69.056117898999958, -54.950282030999972 ], [ -69.066955029999974, -54.950835906999941 ], [ -69.090835909999953, -54.95056399799995 ], [ -69.11111793699996, -54.948335920999966 ], [ -69.480008848999944, -54.869999994999944 ], [ -69.548617911999941, -54.854172949999963 ], [ -69.653481890999956, -54.821390990999987 ], [ -69.663408913999945, -54.798626914999943 ], [ -69.657990851999955, -54.787590965999982 ], [ -69.628617813999938, -54.768754985999976 ], [ -69.623754968999947, -54.757917855999949 ], [ -69.627781969999944, -54.695699993999938 ], [ -69.638063882999973, -54.696672964999948 ], [ -69.715008915999988, -54.727226845999951 ], [ -69.722308882999982, -54.786726959999953 ], [ -69.740845964999949, -54.808617975999937 ], [ -70.089735812999947, -54.852782056999956 ], [ -70.212781983999946, -54.857782029999953 ], [ -70.246126870999944, -54.858608987999958 ], [ -70.279726903999972, -54.853481945999931 ], [ -70.305008902999987, -54.843891036999935 ], [ -70.318981870999949, -54.824408978999941 ], [ -70.322373021999965, -54.791390985999954 ], [ -70.306117828999959, -54.776390899999967 ], [ -70.285281925999982, -54.761117898999942 ], [ -70.232508960999951, -54.708335880999982 ], [ -70.228199824999933, -54.694726854999942 ], [ -70.23987296599995, -54.689173005999976 ], [ -70.326399854999977, -54.75361793899998 ], [ -70.353345997999952, -54.787226855999961 ], [ -70.363345943999946, -54.803344920999962 ], [ -70.364017836999949, -54.813681986999939 ], [ -70.39420894899996, -54.820317939999939 ], [ -70.432235799999944, -54.814172998999936 ], [ -70.628063880999946, -54.806944947999966 ], [ -70.736955028999944, -54.839308984999946 ], [ -70.750835795999933, -54.84139105 ], [ -70.762790904999974, -54.841117967999935 ], [ -70.801390909999952, -54.835555065999984 ], [ -70.82250894799995, -54.826955065999982 ], [ -70.836254933999953, -54.813335981999955 ], [ -70.788308938999933, -54.777855049999971 ], [ -70.771563907999962, -54.770055018999983 ], [ -70.756226868999988, -54.76672690099997 ], [ -70.716054921999955, -54.761726927999973 ], [ -70.685563904999981, -54.755063984999936 ], [ -70.624999959999968, -54.734173096999939 ], [ -70.538890991999949, -54.701390970999967 ], [ -70.520281993999959, -54.691672991999951 ], [ -70.461672876999955, -54.642499886999985 ], [ -70.455699931999959, -54.630690958999935 ], [ -70.464445944999966, -54.625281948999941 ], [ -70.484455056999934, -54.624173022999969 ], [ -70.545008942999971, -54.625835824999967 ], [ -70.558063924999942, -54.628335978999985 ], [ -70.625145972999974, -54.67118192099997 ], [ -70.609999873999982, -54.680281985999954 ], [ -70.584445965999976, -54.689590927999973 ], [ -70.591399927999987, -54.69806402599994 ], [ -70.638063993999936, -54.715281963999985 ], [ -70.728317813999979, -54.73358200499996 ], [ -70.800063886999965, -54.744672939999987 ], [ -70.896745955999961, -54.742208994999942 ], [ -70.91903578299997, -54.710982046999959 ], [ -70.905145963999985, -54.7055551 ], [ -70.860981882999965, -54.705835893999961 ], [ -70.782226861999959, -54.690700020999941 ], [ -70.771672872999943, -54.683755110999982 ], [ -70.782645956999943, -54.676944814999956 ], [ -70.797499862999985, -54.67500004599998 ], [ -70.808063910999977, -54.675282012999958 ], [ -70.825835892999976, -54.678335875999949 ], [ -70.870281939999984, -54.686391051999976 ], [ -70.934846063999942, -54.71686396399997 ], [ -70.993055028999947, -54.759999919999984 ], [ -71.011399829999959, -54.773617997999963 ], [ -71.036672944999964, -54.77778196 ], [ -71.046254968999961, -54.770282000999941 ], [ -71.045290881999961, -54.758054982999965 ], [ -71.036117894999961, -54.745835844999931 ], [ -71.0272357599999, -54.737226959999987 ], [ -71.012217903999954, -54.725282076999974 ], [ -71.003064027999983, -54.716391056999953 ], [ -70.995281932999944, -54.706390943999963 ], [ -70.968608872999937, -54.641673095999977 ], [ -70.970564035999985, -54.620281975999944 ], [ -71.014172898999959, -54.614444817999981 ], [ -71.041117867999958, -54.626108906999946 ], [ -71.037790922999989, -54.640282034999984 ], [ -71.043345945999988, -54.651255119999973 ], [ -71.058346031999974, -54.663335956999958 ], [ -71.164735852999968, -54.698890983999945 ], [ -71.180555018999939, -54.703335907999985 ], [ -71.27278193799998, -54.679726935999952 ], [ -71.292499861999943, -54.673754997999936 ], [ -71.302090938999982, -54.665564033999942 ], [ -71.302508859999989, -54.654590949999942 ], [ -71.290008927999963, -54.648063961999981 ], [ -71.275281923999955, -54.646664015999932 ], [ -71.261126900999955, -54.615563969999982 ], [ -71.265017948999969, -54.578335914999968 ], [ -71.335699855999962, -54.522917955999958 ], [ -71.35472677599995, -54.523754972999939 ], [ -71.402790955999933, -54.555144864999932 ], [ -71.478046029999973, -54.669463965999967 ], [ -71.485290843999962, -54.691391024999973 ], [ -71.495835780999982, -54.690564066999968 ], [ -71.511126886999989, -54.685281958999951 ], [ -71.670290846999933, -54.615563969999982 ], [ -71.68250881199998, -54.606390982999983 ], [ -71.710554995999985, -54.604172963999986 ], [ -71.739726868999981, -54.610282029999951 ], [ -71.781954896999935, -54.632226857999967 ], [ -71.803063881999947, -54.649244971999963 ], [ -71.821945962999962, -54.653891060999968 ], [ -71.906399839999949, -54.657499972999972 ], [ -71.917235796999933, -54.6577819399999 ], [ -71.92807292699996, -54.656954981999945 ], [ -71.952090935999934, -54.653055049999978 ], [ -71.967781857999967, -54.643273032999957 ], [ -71.97861781499995, -54.624454989999947 ], [ -72.001681962999953, -54.566117949999978 ], [ -72.009308823999959, -54.507363992999956 ], [ -72.001535782999952, -54.46083588099998 ], [ -71.989590899999939, -54.454026925999983 ], [ -71.974726935999968, -54.452782045999982 ], [ -71.92139087399994, -54.464590973999975 ], [ -71.874181983999961, -54.495099927999945 ], [ -71.860281937999957, -54.516390967999939 ], [ -71.856535897999947, -54.527500006999958 ], [ -71.843335908999961, -54.540144945999941 ], [ -71.824445948999937, -54.546672939999951 ], [ -71.749999896999952, -54.56389993099998 ], [ -71.687226817999942, -54.576664059999985 ], [ -71.675290987999972, -54.576955079999948 ], [ -71.581681892999939, -54.54861787699997 ], [ -71.697781980999935, -54.470144822999941 ], [ -71.720146071999977, -54.462917945999948 ], [ -71.733335834999934, -54.464726927999948 ], [ -71.767926775999968, -54.474999955999976 ], [ -71.783890948999954, -54.475564058999964 ], [ -71.827545911999948, -54.459644812999954 ], [ -71.840164028999936, -54.449226944999964 ], [ -71.847782005999989, -54.418064034999986 ], [ -71.791117825999947, -54.398754979999978 ], [ -71.765290834999973, -54.397226958999966 ], [ -71.743054986999937, -54.398335884999938 ], [ -71.732790843999965, -54.399444809999977 ], [ -71.714808810999955, -54.410690977999934 ], [ -71.703899931999956, -54.436673033999966 ], [ -71.634872947999952, -54.495417936999957 ], [ -71.618054993999976, -54.503064076999976 ], [ -71.601963918999957, -54.507509 ], [ -71.564726810999957, -54.512782055999935 ], [ -71.492781918999981, -54.495835858999953 ], [ -71.487917899999957, -54.48583591299996 ], [ -71.50528185099995, -54.475564058999964 ], [ -71.543626878999987, -54.472781936999979 ], [ -71.564726810999957, -54.470835826999974 ], [ -71.580835822999973, -54.46611798899994 ], [ -71.592226829999959, -54.459164026999986 ], [ -71.608335841999974, -54.441391038999939 ], [ -71.619099881999944, -54.419172960999958 ], [ -71.602646038999978, -54.406944936999935 ], [ -71.589172966999968, -54.406108925999945 ], [ -71.448899972999982, -54.442217997999933 ], [ -71.377790923999953, -54.422782040999948 ], [ -71.424864027999945, -54.406255106999936 ], [ -71.406108848999963, -54.390554963999932 ], [ -71.368055007999942, -54.374455003999969 ], [ -71.352790891999973, -54.374726912999961 ], [ -71.186108867999963, -54.433890911999981 ], [ -70.967790966999985, -54.472644808999974 ], [ -70.934445911999944, -54.419172960999958 ], [ -70.933626832999948, -54.405555049999975 ], [ -70.935008840999956, -54.39305511799995 ], [ -70.938064044999976, -54.381391028999985 ], [ -70.946954896999955, -54.356390996999949 ], [ -70.936672983999983, -54.344999990999952 ], [ -70.894445960999974, -54.329308899999944 ], [ -70.855008938999958, -54.321944894999945 ], [ -70.811399908999988, -54.320835969999962 ], [ -70.777235773999962, -54.322226862999969 ], [ -70.669172924999941, -54.328609010999969 ], [ -70.658617929999934, -54.329726989999983 ], [ -70.619872917999942, -54.338335874999984 ], [ -70.61389092099995, -54.346944926999981 ], [ -70.672499869999967, -54.399444809999977 ], [ -70.71250887399998, -54.455555114999981 ], [ -70.73389982599997, -54.515008959999932 ], [ -70.754181851999988, -54.594726893999962 ], [ -70.719454956999982, -54.57083595499995 ], [ -70.643617843999948, -54.609455071999946 ], [ -70.689181868999981, -54.559717863999936 ], [ -70.696946025999978, -54.550563986999975 ], [ -70.707026773999985, -54.527991018999955 ], [ -70.702790894999964, -54.511390994999942 ], [ -70.670835894999982, -54.452226995999979 ], [ -70.66334599399994, -54.442781931999946 ], [ -70.64195504199995, -54.424035972999945 ], [ -70.628346015999966, -54.414726863999931 ], [ -70.589999814999942, -54.392508952999947 ], [ -70.573345978999953, -54.392091031999939 ], [ -70.560908910999956, -54.410281940999937 ], [ -70.546955053999966, -54.424308887999985 ], [ -70.442335825999976, -54.477026867999939 ], [ -70.407581940999933, -54.486117880999984 ], [ -70.394835915999977, -54.491117852999935 ], [ -70.38366401199994, -54.497108902999969 ], [ -70.330835893999961, -54.522782000999939 ], [ -70.32055498699998, -54.530555042999936 ], [ -70.311399936999976, -54.538891013999944 ], [ -70.300290897999957, -54.552782006999962 ], [ -70.286954953999953, -54.565281938999931 ], [ -70.26584596899994, -54.570564045999959 ], [ -70.245708949999937, -54.571672971999931 ], [ -70.13445494299998, -54.543473064999944 ], [ -70.226963996999984, -54.502499974999978 ], [ -70.251117791999945, -54.492500028999984 ], [ -70.293064020999964, -54.478891003999934 ], [ -70.317508834999956, -54.472226887999966 ], [ -70.3671178, -54.456555075999972 ], [ -70.385281886999962, -54.450391023999941 ], [ -70.406954973999973, -54.441890935999936 ], [ -70.446672957999965, -54.425417981999942 ], [ -70.458617840999977, -54.415282080999987 ], [ -70.50847289799998, -54.363682078999943 ], [ -70.499308962999976, -54.344173031999958 ], [ -70.503063887999986, -54.329172945999971 ], [ -70.517508924999959, -54.313891059999946 ], [ -70.530008856999984, -54.303890945999967 ], [ -70.545835901999965, -54.292782074999934 ], [ -70.570699979999972, -54.283064095999976 ], [ -70.629763898999954, -54.2716 ], [ -70.649172865999958, -54.269444844999953 ], [ -70.69250881399995, -54.266390981999962 ], [ -70.778626834999955, -54.269444844999953 ], [ -70.813899894999963, -54.268617885999959 ], [ -70.832508893999943, -54.265554970999972 ], [ -70.846390833999976, -54.259726865999937 ], [ -70.865290851999987, -54.248544903999971 ], [ -70.879454927999973, -54.234581994999985 ], [ -70.918335893999938, -54.141109021999966 ], [ -70.880281885999977, -54.133891029999972 ], [ -70.855563988999961, -54.146664043999976 ], [ -70.780008842999962, -54.179455055999938 ], [ -70.756954920999988, -54.186673047999932 ], [ -70.647508890999973, -54.219999997999935 ], [ -70.344726886999979, -54.320555007999985 ], [ -70.211945972999956, -54.39305511799995 ], [ -70.15668190599996, -54.422782040999948 ], [ -70.139172947999953, -54.427782013999945 ], [ -70.070290970999963, -54.381808950999982 ], [ -70.066808960999936, -54.371390915999939 ], [ -70.079035809999937, -54.364444832999936 ], [ -70.150845921999974, -54.354172977999951 ], [ -70.168335768999953, -54.350281930999984 ], [ -70.19139086399997, -54.336390937999965 ], [ -70.200708857999985, -54.324726848999944 ], [ -70.198890990999985, -54.313755104999984 ], [ -70.134172975999945, -54.276944971999967 ], [ -70.121945957999969, -54.270282028999986 ], [ -70.096954977999985, -54.257509013999936 ], [ -70.080008948999932, -54.250144841999941 ], [ -70.065846047999969, -54.248335859999941 ], [ -70.055282, -54.249173043999974 ], [ -70.006954962999941, -54.269172935999961 ], [ -69.972781943999962, -54.297226997999985 ], [ -69.871126892999939, -54.427782013999945 ], [ -69.798335762999955, -54.537990964999949 ], [ -69.773617865999938, -54.556118003999984 ], [ -69.755290833999936, -54.550763978999953 ], [ -69.74146387899998, -54.478335953999931 ], [ -69.807782, -54.384172982999985 ], [ -69.845835840999939, -54.333335901999931 ], [ -69.862635856999987, -54.325981954999975 ], [ -69.884517820999974, -54.312991010999951 ], [ -69.868617853999979, -54.287781933999952 ], [ -69.859172956999942, -54.28305504399998 ], [ -69.836672911999983, -54.282781960999955 ], [ -69.79653583299995, -54.289172994999944 ], [ -69.684172899999965, -54.32389100599994 ], [ -69.661117804999947, -54.338055080999936 ], [ -69.63479997, -54.35868193899995 ], [ -69.388472933999935, -54.394373087999952 ], [ -69.255281977999971, -54.440564080999934 ], [ -69.241117901999985, -54.446391011999935 ], [ -69.231945920999976, -54.454726981999954 ], [ -69.227226909999956, -54.46889105799994 ], [ -69.230417899999964, -54.480135883999935 ], [ -69.304599922999955, -54.533891040999947 ], [ -69.314999852999961, -54.538335963999941 ], [ -69.351963877999935, -54.550835895999967 ], [ -69.365835760999971, -54.560144837999985 ], [ -69.406108960999973, -54.609455071999946 ], [ -69.418335810999963, -54.626391041999966 ], [ -69.38680895899995, -54.680144857999949 ], [ -69.376399975999959, -54.686673018999954 ], [ -69.365845985999954, -54.65222691799994 ], [ -69.329726856999969, -54.600009001999979 ], [ -69.303890980999938, -54.566391031999956 ], [ -69.292781941999976, -54.552226956999959 ], [ -69.280154939999989, -54.542508977999944 ], [ -69.24945504599998, -54.529163982999933 ], [ -69.228063925999948, -54.525417941999933 ], [ -69.216399837999973, -54.528335850999952 ], [ -69.206954940999935, -54.536664109999947 ], [ -69.193345915999942, -54.555835868999964 ], [ -69.177508812999974, -54.580835900999944 ], [ -69.172790973999952, -54.578055120999977 ], [ -69.149035822999963, -54.554035938999959 ], [ -69.16417286899997, -54.519726964999961 ], [ -69.174454949999983, -54.505281928999977 ], [ -69.175563875999956, -54.484726986999931 ], [ -69.168626844999949, -54.469726900999945 ], [ -69.154726799999935, -54.453617888999986 ], [ -69.143346018999978, -54.44999992399994 ], [ -69.098345927999958, -54.45028205899996 ], [ -69.087781879999966, -54.451117902999954 ], [ -69.05848193099996, -54.458335894999948 ], [ -69.021263933999933, -54.477782077999962 ], [ -69.008054892999951, -54.476391016999969 ], [ -68.994873008999946, -54.467644835999977 ], [ -68.993199813999979, -54.431044920999966 ], [ -69.008054892999951, -54.420835929999953 ], [ -69.022226846999956, -54.415282080999987 ], [ -69.087781879999966, -54.391390974999979 ], [ -69.273054964999972, -54.327782052999964 ], [ -69.409999840999944, -54.289999952999949 ], [ -69.436672900999952, -54.284444930999939 ], [ -69.503063943999962, -54.267782042999954 ], [ -69.519454923999945, -54.263617912999962 ], [ -69.533335857999987, -54.257781928999975 ], [ -69.546672974999979, -54.248482039999942 ], [ -69.566681918999961, -54.229172984999934 ], [ -69.583072897999955, -54.225009022999984 ], [ -69.676117890999933, -54.203054974999986 ], [ -69.704182011999933, -54.198617929999955 ], [ -69.723890883999957, -54.196391025999958 ], [ -69.746399813999972, -54.195281932999933 ], [ -69.766108853999981, -54.193064080999932 ], [ -69.793063880999966, -54.187781972999971 ], [ -69.881954969999981, -54.16695512299998 ], [ -70.045981942999958, -54.099308973999939 ], [ -70.063199880999946, -54.08833588899995 ], [ -70.07167297899997, -54.076391005999938 ], [ -70.150008904999936, -53.922782068999936 ], [ -70.178345940999975, -53.83694484199998 ], [ -70.184445954999944, -53.813608952999971 ], [ -70.186954992999972, -53.794726871999956 ], [ -70.183345913999972, -53.774164051999946 ], [ -70.163890845999958, -53.752500016999932 ], [ -70.146117857999968, -53.742499903999942 ], [ -69.918481962999977, -53.655135829999949 ], [ -69.905008891999955, -53.653063990999954 ], [ -69.87389996099995, -53.655555092999975 ], [ -69.851964017999933, -53.65639093599998 ], [ -69.840008908999948, -53.656673070999943 ], [ -69.819454973999939, -53.655555092999975 ], [ -69.767790933999947, -53.645282063999957 ], [ -69.366954911999983, -53.511944927999934 ], [ -69.353899929999955, -53.506108943999948 ], [ -69.340772863999973, -53.491455029999941 ], [ -69.335699968999961, -53.471809021999945 ], [ -69.335554961999946, -53.461390986999959 ], [ -69.338345967999942, -53.443063955999946 ], [ -69.351954993999982, -53.358891039999946 ], [ -69.361117921999949, -53.345482005999941 ], [ -69.380146015999969, -53.334444883999936 ], [ -69.57111779, -53.324717852999981 ], [ -69.603346039999963, -53.325564089999943 ], [ -69.853055005999977, -53.348335876999954 ], [ -69.892226824999966, -53.35195501499993 ], [ -69.902117805999978, -53.353555119999953 ], [ -69.943346040999984, -53.362781918999985 ], [ -69.978899894999984, -53.376108977999934 ], [ -69.997508893999964, -53.385281964999933 ], [ -70.019317934999947, -53.396391003999952 ], [ -70.031954994999978, -53.406108982999967 ], [ -70.054508852999959, -53.42910004 ], [ -70.073626800999989, -53.436390954999979 ], [ -70.202926877999971, -53.471809021999945 ], [ -70.217508874999965, -53.473335869999971 ], [ -70.227781902999936, -53.472500025999977 ], [ -70.243899966999948, -53.468055102999983 ], [ -70.26417294099997, -53.459444876999953 ], [ -70.283335815999976, -53.449999980999962 ], [ -70.434173025999939, -53.374455060999935 ], [ -70.446672957999965, -53.36805497499995 ], [ -70.452790908999987, -53.358064080999952 ], [ -70.468899920999945, -53.313900000999979 ], [ -70.480835918999958, -53.280555113999981 ], [ -70.487226784999962, -53.230835842999966 ], [ -70.486681960999988, -53.217226984999968 ], [ -70.456808857999988, -53.037226954999937 ], [ -70.450835913999981, -53.023055000999932 ], [ -70.444454938999968, -53.01278197299996 ], [ -70.430281978999972, -53.000835915999971 ], [ -70.354182008999942, -52.945835878999958 ], [ -70.341326851999952, -52.952917916999979 ], [ -70.349454950999984, -52.966664070999968 ], [ -70.355835757999955, -52.976673068999958 ], [ -70.358199957999943, -52.992226863999974 ], [ -70.338481865999938, -53.041118001999962 ], [ -70.32139988299997, -53.043472981999969 ], [ -70.231126784999958, -53.025835948999941 ], [ -70.205835900999944, -53.020835975999944 ], [ -70.189726888999985, -53.016944928999976 ], [ -70.168626788999973, -53.008890924999946 ], [ -70.15668190599996, -53.002226976999964 ], [ -70.146117857999968, -52.994999932999974 ], [ -70.136672961999977, -52.986944923999943 ], [ -70.129454969999983, -52.977226944999984 ], [ -70.116672902999937, -52.95000000899995 ], [ -70.102781909999976, -52.920008888999973 ], [ -70.099872886999947, -52.907644910999977 ], [ -70.101672983999947, -52.891673026999968 ], [ -70.111817936999955, -52.880835895999951 ], [ -70.195281910999938, -52.871672966999938 ], [ -70.215563937999946, -52.869726856999932 ], [ -70.262508965999984, -52.824309011999958 ], [ -70.264035812999964, -52.811955091999948 ], [ -70.273063960999934, -52.79764483699995 ], [ -70.291399877999936, -52.785282031999941 ], [ -70.314999963999981, -52.778617915999973 ], [ -70.34556390399996, -52.775835962999963 ], [ -70.356672942999978, -52.775835962999963 ], [ -70.376108899999963, -52.777499937999949 ], [ -70.403899937999938, -52.781109017999938 ], [ -70.418064013999981, -52.779172965999976 ], [ -70.423617862999947, -52.770281945999955 ], [ -70.400417927999968, -52.749726836999969 ], [ -70.37237291799994, -52.739308969999968 ], [ -70.188899929999934, -52.718890988999931 ], [ -70.169726829999945, -52.71722684599996 ], [ -70.145290899999964, -52.720008966999956 ], [ -70.120008899999959, -52.729173068999955 ], [ -70.109172942999976, -52.736117978999971 ], [ -70.095835826999974, -52.748609026999986 ], [ -70.081126927999946, -52.770417899999984 ], [ -70.04722682299996, -52.801117961999978 ], [ -70.031681912999943, -52.812499915999979 ], [ -70.007235756999933, -52.825281982999968 ], [ -69.982508806999988, -52.831117966999955 ], [ -69.961945986999979, -52.83278194199994 ], [ -69.941390877999936, -52.831673016999957 ], [ -69.917235909999988, -52.825835858999937 ], [ -69.74389982799994, -52.763063953999961 ], [ -69.723072977999948, -52.751672946999975 ], [ -69.704454926999972, -52.735281967999981 ], [ -69.614035816999944, -52.641255118999936 ], [ -69.604735759999983, -52.62250899299994 ], [ -69.603346039999963, -52.609455016999959 ], [ -69.608908941999971, -52.529044904999978 ], [ -69.587508936999939, -52.513890926999977 ], [ -69.565699894999966, -52.503199976999952 ], [ -69.452517882999985, -52.466117933999953 ], [ -69.417226884999934, -52.459444932999986 ], [ -69.360835787999974, -52.504172947999962 ], [ -69.351963877999935, -52.51250003399997 ], [ -69.345835868999984, -52.522226896999939 ], [ -69.341399829999943, -52.533335935999958 ], [ -69.339446008999971, -52.545835867999983 ], [ -69.330835782999941, -52.557635911999967 ], [ -69.233082003999982, -52.639464073999932 ], [ -69.219999864999977, -52.650281925999934 ], [ -69.208617910999976, -52.65722683599995 ], [ -69.190845928999977, -52.666944813999976 ], [ -69.178345996999951, -52.673335847999965 ], [ -69.151672936999944, -52.684444886999984 ], [ -69.124455052999963, -52.68890003599995 ], [ -69.108481995999966, -52.688335933999952 ], [ -69.081117931999984, -52.681117941999958 ], [ -68.968063994999966, -52.646944922999978 ], [ -68.851390919999972, -52.60028202899997 ], [ -68.837781893999988, -52.594726838999975 ], [ -68.825290846999962, -52.588617939999949 ], [ -68.811399853999944, -52.576390922999963 ], [ -68.695008912999981, -52.605282001999967 ], [ -68.617581920999953, -52.641508922999947 ], [ -68.618617923999977, -52.650555007999969 ], [ -68.619735901999945, -52.719172955999966 ], [ -68.620564033999983, -52.795008895999956 ], [ -68.623064020999948, -53.138891058999945 ], [ -68.623899863999952, -53.276390983999931 ], [ -68.623335761999954, -53.324717852999981 ], [ -68.623335761999954, -53.338335930999961 ], [ -68.624454913999955, -53.51028195799995 ], [ -68.626954899999987, -53.840282012999978 ], [ -68.629181971999969, -53.998063964999972 ], [ -68.631672905999949, -54.334726961999934 ], [ -68.630572864999976, -54.355282070999976 ], [ -68.632126869999979, -54.546099952999953 ], [ -68.635835861999965, -54.788335949999976 ] ] ], [ [ [ -73.569735891999983, -42.99417303499996 ], [ -73.563754900999982, -43.009726828999931 ], [ -73.529173011999944, -43.058335832999944 ], [ -73.503481975999989, -43.085135962999971 ], [ -73.491608841999948, -43.115835856999979 ], [ -73.515008936999948, -43.130282066999939 ], [ -73.739245969999956, -43.115726891999941 ], [ -73.78020883399995, -43.127426854999953 ], [ -73.765146050999988, -43.211044888999936 ], [ -73.740981861999956, -43.23125499899993 ], [ -73.712646, -43.24549099099994 ], [ -73.694246045999989, -43.281463939999981 ], [ -73.714735775999941, -43.370281938999938 ], [ -73.734035778999953, -43.376391005999949 ], [ -73.866463981999971, -43.398199878999947 ], [ -73.901881881999941, -43.37865495799997 ], [ -73.92819988399998, -43.359864071999937 ], [ -73.95445502299998, -43.353890959999944 ], [ -74.047508899999968, -43.350626878999947 ], [ -74.152790968999966, -43.340281933999961 ], [ -74.281817795999984, -43.31306405 ], [ -74.370835786999976, -43.278335813999945 ], [ -74.389172876999965, -43.267226941999979 ], [ -74.405835764999949, -43.246044866999966 ], [ -74.333617789999948, -43.109173081999984 ], [ -74.238763981999966, -43.024308993999966 ], [ -74.252499909999983, -42.991673047999939 ], [ -74.22153581799995, -42.969444910999982 ], [ -74.178063915999985, -42.887091035999958 ], [ -74.144864034999955, -42.648335875999976 ], [ -74.150281929999949, -42.577917998999965 ], [ -74.168899980999981, -42.52583587 ], [ -74.186808922999944, -42.514863957999978 ], [ -74.211673000999951, -42.501808976999939 ], [ -74.194455062999964, -42.416944888999979 ], [ -74.173899953999978, -42.234999921999929 ], [ -74.164035794999961, -42.217364061999945 ], [ -74.145008874999974, -42.196391031999951 ], [ -74.124454938999975, -42.177091028999939 ], [ -74.101390958999957, -42.159999992999985 ], [ -74.077508904999945, -42.142917841999974 ], [ -74.046399973999939, -42.064444955999932 ], [ -74.012790889999962, -41.913335836999977 ], [ -74.051226776999954, -41.854999969999938 ], [ -74.062645946999965, -41.833617902999947 ], [ -74.061808929999984, -41.813473003999945 ], [ -74.028690856999958, -41.774308896999969 ], [ -73.912090871999965, -41.78194481099996 ], [ -73.886045951999961, -41.822781945999964 ], [ -73.905699838999965, -41.843335880999973 ], [ -73.933546029999945, -41.843263964999949 ], [ -73.959035899999947, -41.829444887999955 ], [ -73.979726795999966, -41.824864010999931 ], [ -73.99551779899997, -41.845935947999976 ], [ -73.961399931999949, -41.874455037999951 ], [ -73.872926931999984, -41.898199963999957 ], [ -73.847226843999977, -41.883055037999952 ], [ -73.806117798999935, -41.862226846999931 ], [ -73.700908820999985, -41.813473003999945 ], [ -73.602235882999935, -41.803609012999971 ], [ -73.573064009999939, -41.806117883999946 ], [ -73.50334602199996, -41.841535950999969 ], [ -73.525846066999975, -41.973063937999939 ], [ -73.449273022999989, -42.062644857999942 ], [ -73.465563921999944, -42.095555059999981 ], [ -73.49292681299994, -42.103481992999946 ], [ -73.499654966999969, -42.12535507299998 ], [ -73.488063967999949, -42.152917955999953 ], [ -73.420835907999958, -42.186673052999936 ], [ -73.394799871999965, -42.191317968999954 ], [ -73.369235905999972, -42.249026868999977 ], [ -73.380281912999976, -42.284999985999946 ], [ -73.39299994199996, -42.30743582599996 ], [ -73.498063913999943, -42.325699993999933 ], [ -73.552790868999978, -42.319726881999941 ], [ -73.576664037999933, -42.321391024999969 ], [ -73.644726935999984, -42.348335825999982 ], [ -73.667226813999946, -42.358755034999945 ], [ -73.683617792999939, -42.378055036999967 ], [ -73.690699830999961, -42.462500029999944 ], [ -73.659308932999977, -42.486917854999945 ], [ -73.632946002999972, -42.4973089 ], [ -73.616745962999971, -42.510699996999961 ], [ -73.72507301, -42.544035830999974 ], [ -73.780917942999963, -42.507090916999971 ], [ -73.761946007999939, -42.467290957999978 ], [ -73.793964039999935, -42.474372995999943 ], [ -73.820972878999953, -42.514308908999965 ], [ -73.809173002999955, -42.60576402199996 ], [ -73.620982009999977, -42.74514484599996 ], [ -73.572235877999958, -42.757508991999941 ], [ -73.517226788999949, -42.786664100999985 ], [ -73.500635816999988, -42.800355101999969 ], [ -73.486817913999971, -42.853890987999932 ], [ -73.494308820999947, -42.876391033999937 ], [ -73.571946031999971, -42.885564020999936 ], [ -73.609999871999946, -42.882782066999937 ], [ -73.643054912999958, -42.896390924999935 ], [ -73.652090939999937, -42.935417904999952 ], [ -73.62112684899995, -42.963890894999963 ], [ -73.569735891999983, -42.99417303499996 ] ] ], [ [ [ -74.498899867999967, -49.58472689499996 ], [ -74.548482010999976, -49.620344953999961 ], [ -74.597499883999944, -49.689172951999979 ], [ -74.59503577199996, -49.718335940999964 ], [ -74.528755033999971, -49.674590954999985 ], [ -74.5331359199999, -49.654999932999942 ], [ -74.53028188199994, -49.63402690199996 ], [ -74.467645930999936, -49.625417849999963 ], [ -74.44333589699994, -49.644026847999953 ], [ -74.420008892999988, -49.675972963999982 ], [ -74.414172908999944, -49.739035888999979 ], [ -74.465572917999964, -49.932226854999954 ], [ -74.478890923999984, -49.948335866999969 ], [ -74.542508898999984, -49.998064022999984 ], [ -74.627926862999971, -50.047364029999983 ], [ -74.659455056999946, -50.053481980999948 ], [ -74.762790846999962, -50.055554993999976 ], [ -74.774873024999977, -50.053755063999972 ], [ -74.850426829999947, -50.026672966999968 ], [ -74.870073005999984, -50.010208896999984 ], [ -74.842090859999985, -49.975144881999938 ], [ -74.811399850999976, -49.956391043999986 ], [ -74.748335919999988, -49.929172991999963 ], [ -74.722646056999963, -49.922082069999931 ], [ -74.700763924999933, -49.931391011999949 ], [ -74.666599958999939, -49.946944806999966 ], [ -74.714308912999968, -49.904999918999977 ], [ -74.74070889099994, -49.901526960999945 ], [ -74.769181880999952, -49.909726976999934 ], [ -74.851808838999943, -49.953472967999971 ], [ -74.886046062999981, -49.957917890999965 ], [ -74.911390926999957, -49.929244908999976 ], [ -74.905008945999953, -49.881955049999931 ], [ -74.884999833999984, -49.788473023999984 ], [ -74.919872909999981, -49.686117915999944 ], [ -74.884872931999951, -49.537226984999961 ], [ -74.843199952999953, -49.50889095499997 ], [ -74.784455049999963, -49.477782023999964 ], [ -74.65562687399995, -49.360763949999978 ], [ -74.695008910999945, -49.369999968999934 ], [ -74.75583587899996, -49.423299988999986 ], [ -74.866954937999935, -49.508473032999973 ], [ -74.947299837999935, -49.543263966999973 ], [ -74.962581891999946, -49.522564017999969 ], [ -74.970490887999972, -49.481873063999956 ], [ -75.005981877999943, -49.511108973999967 ], [ -75.009445950999975, -49.538335909999944 ], [ -75.008346077999988, -49.589726867999957 ], [ -75.006117831999973, -49.628199970999958 ], [ -74.989454943999988, -49.65389100699997 ], [ -74.964172944999973, -49.676944928999944 ], [ -74.986117940999975, -49.809172971999942 ], [ -75.017226871999981, -49.899444895999977 ], [ -75.051117923999982, -49.894590935999986 ], [ -75.144172974999947, -49.849100000999954 ], [ -75.216399834999947, -49.754444843999977 ], [ -75.297090907999973, -49.633063988999936 ], [ -75.273054961999946, -49.57417307299994 ], [ -75.292508856999973, -49.503617899999938 ], [ -75.326954958999977, -49.462781937999978 ], [ -75.368963883999982, -49.434382037999967 ], [ -75.403690946999973, -49.445072987999936 ], [ -75.434799877999978, -49.456881915999986 ], [ -75.459590864999939, -49.403064062999931 ], [ -75.46473584499995, -49.372217987999932 ], [ -75.465845943999966, -49.316181947999951 ], [ -75.428072897999982, -49.284444876999942 ], [ -75.405835875999969, -49.278891027999975 ], [ -75.384035886999982, -49.282082018999972 ], [ -75.331682016999935, -49.343891010999982 ], [ -75.319872920999956, -49.370835979999981 ], [ -75.28418193899995, -49.419726950999973 ], [ -75.204317823999986, -49.487364047999961 ], [ -75.175846007999951, -49.500554984999951 ], [ -75.167508863999956, -49.502499920999981 ], [ -75.166263983999954, -49.494173003999947 ], [ -75.203608882999958, -49.451117848999957 ], [ -75.239182014999983, -49.41833589 ], [ -75.257235796999964, -49.402781927999968 ], [ -75.278126851999957, -49.380764008999961 ], [ -75.320835833999979, -49.314172972999984 ], [ -75.317463961999977, -49.266318005999949 ], [ -75.270145938999974, -49.258473046999939 ], [ -75.248617858999978, -49.275417902999948 ], [ -75.194172870999978, -49.334444941999948 ], [ -75.163072992999957, -49.34139102499995 ], [ -75.111954950999973, -49.296108965999963 ], [ -75.077790983999989, -49.26555508499996 ], [ -75.067508902999975, -49.246117953999942 ], [ -75.090563997999936, -49.204726942999969 ], [ -75.056672945999935, -49.221117921999962 ], [ -74.976672876999942, -49.285564028999943 ], [ -74.918063927999981, -49.336108916999933 ], [ -74.889173015999972, -49.289999899999941 ], [ -74.827226895999956, -49.095835961999967 ], [ -74.890017911999962, -49.046955049999951 ], [ -74.926681864999978, -49.021390914999984 ], [ -74.949035897999977, -49.011255014999961 ], [ -74.969726793999939, -48.988890923999975 ], [ -75.023899871999959, -48.908891021999978 ], [ -75.060981914999957, -48.840417913999943 ], [ -75.049035858999957, -48.796390961999975 ], [ -74.976672876999942, -48.759999922999953 ], [ -74.839726827999982, -48.696944876999964 ], [ -74.741535848999945, -48.68028198899998 ], [ -74.541217917999973, -48.711982010999975 ], [ -74.523472925999954, -48.753064065999979 ], [ -74.499172950999935, -48.902226905999953 ], [ -74.475573031999943, -48.946390986999972 ], [ -74.471045965999963, -48.967090934999931 ], [ -74.478899976999969, -49.092226881999977 ], [ -74.447508910999943, -49.199999884999954 ], [ -74.442790905999971, -49.221526958999959 ], [ -74.443345954999984, -49.306673013999955 ], [ -74.470008956999948, -49.42847296399998 ], [ -74.488890869999977, -49.474444852999966 ], [ -74.512790860999985, -49.501399880999941 ], [ -74.521954963999974, -49.539726970999936 ], [ -74.498899867999967, -49.58472689499996 ] ] ], [ [ [ -68.111955009999974, -55.701390914999934 ], [ -68.144726909999974, -55.671955011999955 ], [ -68.223345976999951, -55.620564053999942 ], [ -68.262508910999941, -55.571390948999976 ], [ -68.250799894999943, -55.534381995999979 ], [ -68.360563934999959, -55.481673068999953 ], [ -68.380426865999937, -55.477917975999958 ], [ -68.414317917999938, -55.501672959999951 ], [ -68.472081971999955, -55.504026933999967 ], [ -68.539463923999961, -55.469455103999962 ], [ -68.608063933999972, -55.467226857999947 ], [ -68.729172879999965, -55.468054989999985 ], [ -68.769445913999959, -55.496535858999948 ], [ -68.824172867999948, -55.510000045999959 ], [ -68.849655026999983, -55.509726962999935 ], [ -68.894181876999937, -55.490281953999954 ], [ -68.939181967999957, -55.459726898999975 ], [ -68.96775503799995, -55.426981987999966 ], [ -68.934663953999973, -55.398408918999962 ], [ -68.867781898999965, -55.386944821999975 ], [ -68.841808895999975, -55.384726969999974 ], [ -68.817217899999946, -55.390699914999971 ], [ -68.783335900999987, -55.386117862999981 ], [ -68.769381875999954, -55.335491 ], [ -68.897508821999963, -55.361390913999969 ], [ -68.91250890799995, -55.342226864999986 ], [ -68.893346032999943, -55.28528205899994 ], [ -68.862917880999987, -55.234581937999963 ], [ -68.822090970999966, -55.209163983999986 ], [ -68.81237299299994, -55.190073025999936 ], [ -68.969935840999938, -55.260135846999958 ], [ -69.032790894999948, -55.269173046999981 ], [ -69.145981959999972, -55.248891020999963 ], [ -69.171399913999949, -55.240008884999952 ], [ -69.198763977999988, -55.224726998999984 ], [ -69.220981888999972, -55.203199924999979 ], [ -69.249035782999954, -55.137226970999961 ], [ -69.378063950999945, -55.150835828999959 ], [ -69.404445991999978, -55.156108883999934 ], [ -69.427154913999971, -55.165391003999957 ], [ -69.363890990999948, -55.162227002999941 ], [ -69.295008845999973, -55.166526918999978 ], [ -69.266672983999968, -55.226390974999958 ], [ -69.372508928999935, -55.249172987999941 ], [ -69.388335805999986, -55.290555113999972 ], [ -69.30278188799997, -55.366391053999962 ], [ -69.299726851999935, -55.427635943999974 ], [ -69.211872938999988, -55.439444872999957 ], [ -69.142499949999944, -55.442091038999934 ], [ -69.150699965999934, -55.501255037999954 ], [ -69.168626844999949, -55.511809027999959 ], [ -69.323626842999943, -55.488891060999947 ], [ -69.427163966999956, -55.49999993199998 ], [ -69.492508948999955, -55.413064005999956 ], [ -69.466126908999968, -55.378335936999974 ], [ -69.413199883999937, -55.370972937999966 ], [ -69.394873019999977, -55.361526867999942 ], [ -69.465835888999948, -55.339173002999985 ], [ -69.492917817999967, -55.337781941999935 ], [ -69.573335808999957, -55.377782060999948 ], [ -69.611808911999958, -55.334926897999935 ], [ -69.702235901999984, -55.31111793499997 ], [ -69.69639991799994, -55.280281918999947 ], [ -69.666117945999986, -55.246673000999976 ], [ -69.588899829999946, -55.211673022999946 ], [ -69.561808847999941, -55.206955017999974 ], [ -69.528899819999936, -55.198335906999944 ], [ -69.505146008999986, -55.178817974999959 ], [ -69.545699835999983, -55.178617981999935 ], [ -69.589735840999936, -55.194455084999959 ], [ -69.681464036999955, -55.234726944999977 ], [ -69.831390971999951, -55.259444841999937 ], [ -69.856817809999939, -55.26028202699996 ], [ -69.918346008999947, -55.226117891999934 ], [ -69.863345971999934, -55.220554990999972 ], [ -69.841945966999958, -55.210491006999973 ], [ -69.903335863999985, -55.17250003099997 ], [ -70.014172954999935, -55.169308872999977 ], [ -70.03125493899995, -55.158681960999957 ], [ -70.009446064999963, -55.129999925999982 ], [ -69.93104593299995, -55.078682058999959 ], [ -69.895146073999967, -55.068473068999936 ], [ -69.792781913999988, -55.054726914999947 ], [ -69.750835852999955, -55.051944960999947 ], [ -69.642790940999987, -55.045008936999977 ], [ -69.362790949999976, -55.014726963999976 ], [ -69.193345915999942, -54.989444964999961 ], [ -68.99111791699994, -54.979444851999972 ], [ -68.831535866999957, -54.983055104999949 ], [ -68.808208862999948, -54.980135855999947 ], [ -68.766326839999977, -54.961317979999933 ], [ -68.737781932999951, -54.948609002999945 ], [ -68.657654961999981, -54.940144956999973 ], [ -68.510699914999975, -54.931255110999984 ], [ -68.404863969999951, -54.955344867999941 ], [ -68.342226844999971, -55.00417297499996 ], [ -68.326326877999975, -55.043826920999948 ], [ -68.338063888999955, -55.069999915999972 ], [ -68.567508933999989, -55.130835936999972 ], [ -68.585417875999951, -55.14631798299996 ], [ -68.644726881999986, -55.155281925999986 ], [ -68.767917892999947, -55.135981922999974 ], [ -68.819172894999951, -55.117226911999978 ], [ -68.854735801999936, -55.096391008999944 ], [ -68.88667286499998, -55.080281996999986 ], [ -68.906954890999941, -55.071390976999965 ], [ -69.019726860999981, -55.026117970999962 ], [ -69.040981858999942, -55.026044880999962 ], [ -69.059790848999967, -55.050417945999982 ], [ -68.964172947999941, -55.112090983999963 ], [ -68.894181876999937, -55.137217917999976 ], [ -68.776535829999943, -55.176809 ], [ -68.597226803999945, -55.181399935999934 ], [ -68.446945984999957, -55.182781943999942 ], [ -68.380972862999954, -55.185700019999956 ], [ -68.277790964999951, -55.225008966999951 ], [ -68.208608914999957, -55.268890911999961 ], [ -68.214517820999959, -55.288126876999968 ], [ -68.512217876999955, -55.313335953999967 ], [ -68.566390955999964, -55.31389988799998 ], [ -68.588054989999932, -55.312499942999978 ], [ -68.611535885999956, -55.308608895999953 ], [ -68.63174599599995, -55.292644890999952 ], [ -68.650554986999964, -55.265835875999983 ], [ -68.675417890999938, -55.252644939999982 ], [ -68.70514598699998, -55.252917853999975 ], [ -68.740145964999954, -55.268826873999956 ], [ -68.600572859999943, -55.354726964999941 ], [ -68.545290855999951, -55.345554983999932 ], [ -68.51610892399998, -55.334726905999958 ], [ -68.491254904999948, -55.328199917999939 ], [ -68.46055501099994, -55.325282009999967 ], [ -68.411117874999945, -55.330281982999963 ], [ -68.343899872999941, -55.346944870999948 ], [ -68.163064, -55.397226902999932 ], [ -68.145008876999952, -55.417782010999986 ], [ -68.152508836999971, -55.445835905999957 ], [ -68.168372929999975, -55.466144921999955 ], [ -68.126108858999942, -55.473890973999971 ], [ -68.066599860999986, -55.46966398099994 ], [ -68.108408961999942, -55.52229998599995 ], [ -68.046363934999988, -55.581344961999946 ], [ -68.016108952999957, -55.588335971999982 ], [ -67.967508833999943, -55.591944883999986 ], [ -67.979446004999943, -55.671955011999955 ], [ -68.053617801999962, -55.712499953999952 ], [ -68.066599860999986, -55.718244909999953 ], [ -68.071399841999948, -55.719581990999984 ], [ -68.098690982999983, -55.716181955999957 ], [ -68.111955009999974, -55.701390914999934 ] ] ], [ [ [ -73.308626866999987, -53.828891006999982 ], [ -73.259654926999985, -53.808544941999969 ], [ -73.249864024999965, -53.712254979999955 ], [ -73.381672973999969, -53.716673080999954 ], [ -73.424591, -53.73562691099994 ], [ -73.460845916999972, -53.746117868999931 ], [ -73.490563953999981, -53.751673058999984 ], [ -73.576955056999964, -53.752744936999932 ], [ -73.531399915999941, -53.730564073999972 ], [ -73.502499951999937, -53.720555074999936 ], [ -73.483690960999979, -53.707291048999934 ], [ -73.492499838999947, -53.666808970999966 ], [ -73.52195502, -53.665417909999974 ], [ -73.561673003999942, -53.66806407699994 ], [ -73.592372897999951, -53.66555503799998 ], [ -73.614317893999953, -53.652708932999985 ], [ -73.613199914999939, -53.612499937999985 ], [ -73.599590889999945, -53.592091009999933 ], [ -73.581945977999965, -53.581882018999977 ], [ -73.539208832999975, -53.577499959999955 ], [ -73.512945982999952, -53.590199884999947 ], [ -73.492172944999936, -53.591355077999935 ], [ -73.469363941999973, -53.581244826999978 ], [ -73.437499968999987, -53.563055090999967 ], [ -73.417226827999968, -53.564309023999954 ], [ -73.340290846999949, -53.588890966999941 ], [ -73.321108860999971, -53.604864023999937 ], [ -73.308208944999933, -53.624026898999944 ], [ -73.282655036999984, -53.649444852999977 ], [ -73.253890858999966, -53.660281982999948 ], [ -73.166808919999937, -53.676672961999941 ], [ -73.138335762999986, -53.678064022999934 ], [ -73.045290936999947, -53.676390994999963 ], [ -72.954446025999971, -53.667290929999979 ], [ -72.955835913999977, -53.641181972999959 ], [ -72.985981930999969, -53.641808938999986 ], [ -73.007235755999943, -53.653335899999945 ], [ -73.075426896999943, -53.656535942999938 ], [ -73.14139985099996, -53.651944838999952 ], [ -73.173617874999934, -53.649172943999986 ], [ -73.245417928999984, -53.637917891999962 ], [ -73.276735903999963, -53.625072959999954 ], [ -73.399445960999969, -53.506673045999946 ], [ -73.421672923999949, -53.468063987999983 ], [ -73.378063893999979, -53.464999898999963 ], [ -73.343063915999949, -53.472500025999977 ], [ -73.287226861999955, -53.489444881999987 ], [ -73.103199829999937, -53.510700046999943 ], [ -73.129726876999939, -53.459444876999953 ], [ -73.172399816999985, -53.421908869999982 ], [ -73.075117939999984, -53.402691009999955 ], [ -72.999590956999953, -53.407782010999938 ], [ -72.911117789999935, -53.429455097999949 ], [ -72.873272993999933, -53.538682024999957 ], [ -72.889726836999955, -53.583890993999944 ], [ -72.908135843999958, -53.622226968999939 ], [ -72.876254939999967, -53.678681936999965 ], [ -72.81668190399995, -53.573617964999983 ], [ -72.808617841999933, -53.542082059999984 ], [ -72.835845951999943, -53.504717882999955 ], [ -72.859899834999965, -53.466573014999938 ], [ -72.786808967999946, -53.482435933999966 ], [ -72.734726838999961, -53.521390996999969 ], [ -72.673890985999947, -53.604999978999956 ], [ -72.588345951999941, -53.564173068999935 ], [ -72.486681847999989, -53.572781953999936 ], [ -72.440699900999959, -53.590282026999944 ], [ -72.401808875999961, -53.630144849999965 ], [ -72.406254972999989, -53.657917950999945 ], [ -72.436808853999935, -53.655699931999948 ], [ -72.465845945999945, -53.661944952999932 ], [ -72.483963932999984, -53.682572983999933 ], [ -72.44167287199997, -53.749444813999958 ], [ -72.407999916999984, -53.720144864999952 ], [ -72.371390948999988, -53.693472978999978 ], [ -72.261126844999978, -53.72000002599998 ], [ -72.238064037999948, -53.730700027999944 ], [ -72.142299955999988, -53.804517940999972 ], [ -72.177226843999961, -53.819173027999966 ], [ -72.194735800999979, -53.821944922999933 ], [ -72.213755009999943, -53.863190927999938 ], [ -72.246681975999934, -53.876108949999946 ], [ -72.272226831999944, -53.874444806999975 ], [ -72.351964044999988, -53.864172951999933 ], [ -72.416954974999953, -53.897091032999981 ], [ -72.415846048999981, -53.968608950999965 ], [ -72.39695491599997, -53.978335981999976 ], [ -72.355835812999942, -53.989444853999942 ], [ -72.323617788999968, -53.995208920999971 ], [ -72.327917872999933, -54.041664110999932 ], [ -72.430554947999951, -54.048054976999936 ], [ -72.53639994599996, -54.101808959999971 ], [ -72.561672891999933, -54.101954972999977 ], [ -72.583472881999967, -54.096255110999948 ], [ -72.624872944999936, -54.065982022999947 ], [ -72.709726806999981, -54.092508902999953 ], [ -72.823890842999958, -54.136391015999948 ], [ -72.875417922999986, -54.135835966999934 ], [ -72.995835863999957, -54.100281944999949 ], [ -73.026326880999989, -54.08034491799998 ], [ -73.005835809999951, -54.063472984999976 ], [ -72.891954914999985, -54.062226930999941 ], [ -72.776945982999962, -54.017226838999932 ], [ -72.727990973999965, -53.845626984999967 ], [ -72.802090853999971, -53.822364018999963 ], [ -72.829454917999954, -53.832782053999949 ], [ -72.893890966999948, -53.866672937999965 ], [ -72.925145909999969, -53.875144862999946 ], [ -73.012708802999953, -53.871735942999976 ], [ -73.019172926999943, -53.848826860999964 ], [ -73.022708916999989, -53.822844804999932 ], [ -73.05903591699996, -53.813826882999933 ], [ -73.101117932999955, -53.918200017999936 ], [ -73.102226858999984, -53.942499992999956 ], [ -73.132508830999939, -54.011672989999965 ], [ -73.223346030999949, -53.987227001999941 ], [ -73.258346008999979, -53.93556396799994 ], [ -73.292508801999986, -53.87971786199995 ], [ -73.314245926999945, -53.840144884999972 ], [ -73.308626866999987, -53.828891006999982 ] ] ], [ [ [ -68.066599860999986, -54.907226876999971 ], [ -67.970564036999974, -54.907781925999984 ], [ -67.867781954999941, -54.914727003999985 ], [ -67.780563893999954, -54.919444841999962 ], [ -67.642226783999945, -54.923055094999938 ], [ -67.578899828999965, -54.919444841999962 ], [ -67.556117815999983, -54.918617882999968 ], [ -67.441681870999957, -54.918335915999933 ], [ -67.429735814999958, -54.918335915999933 ], [ -67.386672948999944, -54.920835901999965 ], [ -67.318617929999959, -54.930000004999954 ], [ -67.281399932999932, -54.936108902999933 ], [ -67.247790847999966, -54.94417296499995 ], [ -67.223890856999958, -54.950835906999941 ], [ -67.18529085199998, -54.963055045999965 ], [ -67.167235896999955, -54.973064043999955 ], [ -67.157499813999948, -54.981390961999978 ], [ -67.055699922999963, -55.072091032999936 ], [ -67.053617857999939, -55.136390959999972 ], [ -67.059445962999973, -55.146663987999943 ], [ -67.079872995999949, -55.179999990999931 ], [ -67.093335841999988, -55.196109002999947 ], [ -67.102781910999965, -55.204444972999966 ], [ -67.233890970999937, -55.304308978999984 ], [ -67.243899968999983, -55.308891030999973 ], [ -67.28722686499998, -55.311955118999947 ], [ -67.299455055999942, -55.311955118999947 ], [ -67.400554889999967, -55.294444819999967 ], [ -67.417508797999972, -55.290555113999972 ], [ -67.439181884999982, -55.282499937999944 ], [ -67.452646070999947, -55.272917913999947 ], [ -67.459308845999942, -55.262917967999954 ], [ -67.456745994999949, -55.246535872999971 ], [ -67.436399930999983, -55.232226958999945 ], [ -67.425008924999986, -55.22167296899994 ], [ -67.422226802999944, -55.210972966999975 ], [ -67.429590975999986, -55.201526896999951 ], [ -67.450290923999944, -55.189172977999931 ], [ -67.470835806999958, -55.180281957999966 ], [ -67.496945937999953, -55.175000017999935 ], [ -67.526117810999949, -55.170835887999942 ], [ -67.546399837999957, -55.170282011999973 ], [ -67.56556388599995, -55.173055080999973 ], [ -67.599163917999988, -55.181399935999934 ], [ -67.611117852999939, -55.18833596099995 ], [ -67.620563922999963, -55.19667293699996 ], [ -67.631390826999962, -55.211108920999948 ], [ -67.64139982599994, -55.23611800599997 ], [ -67.638755, -55.260835902999986 ], [ -67.650146005999943, -55.267917940999951 ], [ -67.665845981999951, -55.269444955999973 ], [ -67.798063966999962, -55.264164021999932 ], [ -67.80917300599998, -55.263617856999986 ], [ -67.826955045999966, -55.259999891999939 ], [ -67.880490931999987, -55.24167302799998 ], [ -67.865563935999944, -55.23069994399998 ], [ -67.852235871999937, -55.230563988999961 ], [ -67.853617879999945, -55.212781948999975 ], [ -67.883899851999956, -55.181944926999961 ], [ -67.902790985999957, -55.186108888999968 ], [ -68.033890992999943, -55.226672941999936 ], [ -68.066599860999986, -55.23779991899994 ], [ -68.073626912999941, -55.238335856999981 ], [ -68.095290947999956, -55.236944963999974 ], [ -68.111955009999974, -55.232782007999958 ], [ -68.126399878999962, -55.227226985999948 ], [ -68.144455000999983, -55.216944904999934 ], [ -68.151672992999977, -55.207500008999943 ], [ -68.190845985999943, -55.100418010999931 ], [ -68.184308938999948, -55.083617993999951 ], [ -68.206954997999958, -54.988618005999967 ], [ -68.226390954999943, -54.991390907999971 ], [ -68.317790914999932, -54.994173028999967 ], [ -68.348064002999934, -54.972499941999956 ], [ -68.361117810999986, -54.937709008999946 ], [ -68.344726831999935, -54.924864076999938 ], [ -68.333346050999978, -54.921108984999933 ], [ -68.211399920999952, -54.909172986999977 ], [ -68.200563963999969, -54.908335969999939 ], [ -68.066599860999986, -54.907226876999971 ] ] ], [ [ [ -72.870408896999948, -44.738054984999962 ], [ -72.874726918999954, -44.741955083999983 ], [ -72.923890971999981, -44.768891000999986 ], [ -72.97042679499998, -44.786255118999975 ], [ -73.03778192599998, -44.837644902999955 ], [ -73.048064005999947, -44.853335825999977 ], [ -73.05917287799997, -44.866390974999945 ], [ -73.068617941999946, -44.873608966999939 ], [ -73.135281899999939, -44.911808987999962 ], [ -73.196672970999941, -44.932226968999942 ], [ -73.22472686499998, -44.939173051999944 ], [ -73.260699981999949, -44.943199885999945 ], [ -73.27695500699997, -44.941108936999967 ], [ -73.291399875999957, -44.933890944999973 ], [ -73.397781985999984, -44.846390915999962 ], [ -73.405699866999953, -44.835282043999939 ], [ -73.408063898999956, -44.823891037999942 ], [ -73.401117815999953, -44.814590980999981 ], [ -73.302508914999976, -44.789173026999947 ], [ -73.285281924999936, -44.794173 ], [ -73.274445967999952, -44.800282066999955 ], [ -73.258199827999988, -44.812644870999975 ], [ -73.216254939999942, -44.80556400699993 ], [ -73.206955050999966, -44.800417852999942 ], [ -73.233899852999969, -44.783055075999982 ], [ -73.298899834999986, -44.763200023999957 ], [ -73.340146007999977, -44.781535939999969 ], [ -73.351117918999989, -44.790835828999946 ], [ -73.361681966999981, -44.797226862999935 ], [ -73.373754924999957, -44.797781911999948 ], [ -73.389172932999941, -44.791117963999966 ], [ -73.399863882999966, -44.781535939999969 ], [ -73.431945952999968, -44.733891022999956 ], [ -73.445008812999959, -44.70972683399998 ], [ -73.462990845999968, -44.646117911999966 ], [ -73.423617860999968, -44.603891056999942 ], [ -73.415008807999982, -44.596117847999949 ], [ -73.384446041999979, -44.59139095699993 ], [ -73.373199874999955, -44.592644889999974 ], [ -73.275281978999942, -44.579726867999966 ], [ -73.262790931999973, -44.533335883999939 ], [ -73.258481962999952, -44.494026936999944 ], [ -73.260564027999976, -44.479173030999959 ], [ -73.257235908999974, -44.4669448399999 ], [ -73.237508931999969, -44.427508991999957 ], [ -73.22723590399994, -44.417226910999943 ], [ -73.214445957999942, -44.413063954999984 ], [ -73.193617934999963, -44.408055096999931 ], [ -73.087235824999937, -44.382781982999973 ], [ -72.998063941999987, -44.367226846999984 ], [ -72.986681987999987, -44.369726832999959 ], [ -72.867782008999939, -44.439444821999984 ], [ -72.788346041999944, -44.459444880999968 ], [ -72.769446022999944, -44.470417965999957 ], [ -72.725572962999934, -44.52360902099997 ], [ -72.718335859999968, -44.535281993999945 ], [ -72.721117813999967, -44.54680895499996 ], [ -72.798617895999939, -44.627781995999953 ], [ -72.807781998999985, -44.634999987999947 ], [ -72.819173004999982, -44.640555009999957 ], [ -72.83806397099994, -44.643473085999972 ], [ -72.901117843999941, -44.638891034999972 ], [ -72.91222688299996, -44.63278196899995 ], [ -72.925845966999987, -44.621944837999933 ], [ -72.978681963999975, -44.608055018999949 ], [ -72.976964008999971, -44.621672928999942 ], [ -72.967926808999948, -44.632090964999975 ], [ -72.907226909999963, -44.661944956999946 ], [ -72.87668191399996, -44.668891039999949 ], [ -72.836881954999967, -44.674790893999955 ], [ -72.828335766999942, -44.690563958999974 ], [ -72.842372939999962, -44.712226987999941 ], [ -72.857917849999978, -44.729173016999937 ], [ -72.870408896999948, -44.738054984999962 ] ] ], [ [ [ -73.367781980999951, -53.269726867999964 ], [ -73.301117854999973, -53.261944941999957 ], [ -73.28917297199996, -53.26430897399996 ], [ -73.215835844999958, -53.293891056999939 ], [ -73.102508825999962, -53.341944842999965 ], [ -73.091254947999971, -53.353191009999932 ], [ -73.101964001999988, -53.367499924999947 ], [ -73.11639093399998, -53.3725089499999 ], [ -73.126681899999937, -53.372782032999964 ], [ -73.240845935999971, -53.368617902999972 ], [ -73.490008904999968, -53.329173001999948 ], [ -73.499173006999968, -53.301735847999964 ], [ -73.505564040999957, -53.290144848999944 ], [ -73.574172935999968, -53.271117928999956 ], [ -73.603054962999977, -53.234454980999942 ], [ -73.718617937999966, -53.16833584699998 ], [ -73.734455041999979, -53.170835832999956 ], [ -73.831117831999961, -53.11291788799997 ], [ -73.893335860999969, -53.064726973999939 ], [ -73.977508943999965, -53.076117979999935 ], [ -74.020008881999956, -53.089444870999955 ], [ -74.067781873999934, -53.107508877999976 ], [ -74.30292678099994, -53.102226937999944 ], [ -74.326117829999987, -53.093890967999982 ], [ -74.350845953999965, -53.034999882999955 ], [ -74.424454988999969, -52.979444963999981 ], [ -74.444172913999978, -52.979173054999933 ], [ -74.506955044999984, -52.96958197899994 ], [ -74.57444596199997, -52.937226993999957 ], [ -74.587508822999951, -52.930835960999957 ], [ -74.595981920999975, -52.919444953999971 ], [ -74.587781904999986, -52.902226848999931 ], [ -74.568754984999941, -52.854164009999977 ], [ -74.596390957999972, -52.827508886999965 ], [ -74.60653591099998, -52.823199917999943 ], [ -74.631955037999944, -52.820008927999936 ], [ -74.678890845999945, -52.80583596799994 ], [ -74.693073025999979, -52.800281950999931 ], [ -74.744108925999967, -52.758544934999975 ], [ -74.70167302699997, -52.719727 ], [ -74.689172926999959, -52.71902694299996 ], [ -74.642790994999984, -52.738064088999977 ], [ -74.498899867999967, -52.823618007999983 ], [ -74.442508937999946, -52.863891040999931 ], [ -74.404172962999951, -52.918890909999959 ], [ -74.360563931999934, -52.948890914999936 ], [ -74.249454931999935, -52.964172968999947 ], [ -74.236681917999988, -52.950555058999953 ], [ -74.196117864999962, -52.943890942999985 ], [ -74.128617894999934, -52.936109015999932 ], [ -74.024173010999959, -52.960555003999957 ], [ -73.896117813999979, -53.006108971999936 ], [ -73.833617817999937, -53.039173064999943 ], [ -73.792235858999959, -53.054999942999984 ], [ -73.716945915999986, -53.077781954999978 ], [ -73.654173004999961, -53.07917301599997 ], [ -73.652790996999954, -53.059935877999976 ], [ -73.604872996999973, -53.067226959999971 ], [ -73.562499961999947, -53.101108959999976 ], [ -73.555555052999978, -53.109173020999947 ], [ -73.537645942999973, -53.151944866999941 ], [ -73.547226793999982, -53.16389092299994 ], [ -73.562499961999947, -53.175564064999946 ], [ -73.571317891999968, -53.188890955999966 ], [ -73.534454951999976, -53.248608997999952 ], [ -73.523754949999955, -53.259026865999942 ], [ -73.508617902999958, -53.264173018999941 ], [ -73.470490972999983, -53.222782007999967 ], [ -73.480845975999955, -53.204035880999982 ], [ -73.490845921999949, -53.181672962999983 ], [ -73.500626931999989, -53.146882029999972 ], [ -73.488063967999949, -53.136390904999985 ], [ -73.473617924999985, -53.135563945999934 ], [ -73.45556397699994, -53.138891058999945 ], [ -73.426672896999946, -53.146526972999936 ], [ -73.316681874999972, -53.228890905999947 ], [ -73.312226893999934, -53.240282079999986 ], [ -73.367781980999951, -53.269726867999964 ] ] ], [ [ [ -71.281399874999977, -54.013617926999984 ], [ -71.257508936999955, -54.076117923999959 ], [ -71.176390888999947, -54.086390951999931 ], [ -71.086817847999953, -54.063055062999979 ], [ -71.018890904999978, -54.091254969999966 ], [ -71.009735854999974, -54.102781930999981 ], [ -70.991390885999976, -54.17889095299995 ], [ -70.986955014999978, -54.270282028999986 ], [ -71.107790878999936, -54.37944491899998 ], [ -71.119999958999983, -54.385973079999985 ], [ -71.138199920999966, -54.385282075999953 ], [ -71.155846005999933, -54.374864040999967 ], [ -71.193890961999955, -54.345835833999956 ], [ -71.251108850999969, -54.338055080999936 ], [ -71.344999912999981, -54.312644837999983 ], [ -71.440708841999935, -54.207782032999944 ], [ -71.445835884999951, -54.190835835999962 ], [ -71.438054963999946, -54.17430890199995 ], [ -71.425846050999951, -54.167644953999968 ], [ -71.394590939999944, -54.166117938999946 ], [ -71.379454898999938, -54.161399932999984 ], [ -71.372645943999942, -54.153473 ], [ -71.411255001999962, -54.116526910999937 ], [ -71.493617929999971, -54.156673042999955 ], [ -71.531681995999975, -54.222781950999945 ], [ -71.537226792999945, -54.233609022999985 ], [ -71.540281995999976, -54.255700031999936 ], [ -71.641681902999949, -54.24195505199998 ], [ -71.659317929999986, -54.234863961999963 ], [ -71.680554990999951, -54.203609017999952 ], [ -71.68583575699995, -54.193064080999932 ], [ -71.690845955999976, -54.182782000999964 ], [ -71.698617823999939, -54.163891034999949 ], [ -71.694172900999945, -54.150282008999966 ], [ -71.63528198399996, -54.108064038999942 ], [ -71.660417802999973, -53.992426966999972 ], [ -71.648617927999965, -53.970000011999957 ], [ -71.627499889999967, -53.954726842999946 ], [ -71.611535884999967, -53.947090928999955 ], [ -71.569172907999985, -53.941944943999943 ], [ -71.468899864999969, -53.94333583699995 ], [ -71.376108843999987, -53.967226942999957 ], [ -71.299454997999987, -53.991955065999946 ], [ -71.29042685, -53.996809025999937 ], [ -71.281399874999977, -54.013617926999984 ] ] ], [ [ [ -70.524445954999976, -54.228617934999932 ], [ -70.533890851999956, -54.226954965999937 ], [ -70.618346069999973, -54.206672938999986 ], [ -70.658890844999974, -54.195555014999968 ], [ -70.696946025999978, -54.183063967999942 ], [ -70.709455010999989, -54.176672933999953 ], [ -70.80029086899998, -54.126673037999979 ], [ -70.819454917999963, -54.113890969999943 ], [ -70.878826787999969, -54.049235986999975 ], [ -70.897781958999985, -53.948617943999977 ], [ -70.899173019999978, -53.936108959999956 ], [ -70.898055040999964, -53.87971786199995 ], [ -70.890290883999967, -53.870282017999955 ], [ -70.836399940999968, -53.846673046999967 ], [ -70.786663905999944, -53.835555122999949 ], [ -70.770572998999967, -53.837226976999943 ], [ -70.701399833999972, -53.851108916999976 ], [ -70.684173011999974, -53.854726881999966 ], [ -70.662654989999965, -53.866390970999987 ], [ -70.650008876999948, -53.869444833999978 ], [ -70.639726795999934, -53.870282017999955 ], [ -70.621117797999943, -53.864172951999933 ], [ -70.608063988999959, -53.850972962999947 ], [ -70.607372984999984, -53.83861787 ], [ -70.61695500899998, -53.824026987999957 ], [ -70.634735875999979, -53.81056397499998 ], [ -70.648346074999949, -53.804726985999935 ], [ -70.691946052999981, -53.79222688599998 ], [ -70.701254994999942, -53.784026869999934 ], [ -70.706955023999967, -53.770564024999942 ], [ -70.711117812999987, -53.704999939999936 ], [ -70.705563963999964, -53.690835863999951 ], [ -70.674999856999989, -53.685282014999984 ], [ -70.660846006999975, -53.679999906999967 ], [ -70.647781972999951, -53.674172975999966 ], [ -70.630008817999965, -53.664173029999972 ], [ -70.618899945999942, -53.656955037999978 ], [ -70.607790906999981, -53.649444852999977 ], [ -70.593608893999942, -53.637499969999965 ], [ -70.585845910999979, -53.628063958999974 ], [ -70.577790901999947, -53.611672978999934 ], [ -70.570008807999955, -53.59180887499997 ], [ -70.562226880999958, -53.578891020999947 ], [ -70.553617827999972, -53.570008885999982 ], [ -70.538064033999945, -53.562091004999957 ], [ -70.491535753999983, -53.557499900999971 ], [ -70.475835777999976, -53.567290969999931 ], [ -70.480835918999958, -53.641108881999969 ], [ -70.484999880999965, -53.652499888999955 ], [ -70.490573007999956, -53.663608927999974 ], [ -70.49334590899997, -53.67583594599995 ], [ -70.494735796999976, -53.696391053999946 ], [ -70.494172867999964, -53.709444862999931 ], [ -70.491117831999986, -53.721390918999987 ], [ -70.441954951999946, -53.860554986999944 ], [ -70.384172960999933, -53.947781932999931 ], [ -70.347645967999938, -54.007499975999963 ], [ -70.351326796999956, -54.022635848999982 ], [ -70.371945943999947, -54.036391054999967 ], [ -70.393335889999946, -54.040690971999936 ], [ -70.430845912999985, -54.041944903999934 ], [ -70.441390849999948, -54.041117945999986 ], [ -70.460008900999981, -54.038064082999938 ], [ -70.476117912999939, -54.033617985999967 ], [ -70.503346022999949, -54.022226979999971 ], [ -70.534181870999987, -54.005835832999935 ], [ -70.560835820999955, -53.980564059999949 ], [ -70.573626772999944, -53.970972982999967 ], [ -70.667926871999953, -53.915700030999972 ], [ -70.674455032999958, -53.926672947999975 ], [ -70.67418195099998, -53.939726923999956 ], [ -70.662226841999939, -53.972781964999967 ], [ -70.655563899999947, -53.982782078999946 ], [ -70.648055054999986, -53.991672930999982 ], [ -70.628063880999946, -54.007226893999984 ], [ -70.610835884999972, -54.017782056999977 ], [ -70.600845996999965, -54.025835891999975 ], [ -70.581399981999937, -54.044999939999968 ], [ -70.538617909999971, -54.127226913999948 ], [ -70.531399917999977, -54.143335925999963 ], [ -70.51556398799994, -54.218335854999964 ], [ -70.524445954999976, -54.228617934999932 ] ] ], [ [ [ -75.200999931999945, -48.699791035999965 ], [ -75.213345971999956, -48.70528202099996 ], [ -75.237363979999941, -48.709864071999959 ], [ -75.282499858999984, -48.638335927999947 ], [ -75.29749994499997, -48.589726923999933 ], [ -75.319599838999977, -48.495008902999984 ], [ -75.316681929999959, -48.478891005999969 ], [ -75.295008842999948, -48.436673035999945 ], [ -75.396390979999978, -48.396390950999944 ], [ -75.446945925999955, -48.413891022999962 ], [ -75.460554951999939, -48.418335946999946 ], [ -75.475281955999947, -48.421672949999959 ], [ -75.498899979999976, -48.425563996999983 ], [ -75.517790945999934, -48.425835905999975 ], [ -75.53125496399997, -48.423473047999948 ], [ -75.550145929999985, -48.414999948999935 ], [ -75.557090839999944, -48.406117981999955 ], [ -75.559035776999963, -48.394581967999954 ], [ -75.554308885999944, -48.383055006999939 ], [ -75.534999830999936, -48.371944961999986 ], [ -75.516954934999944, -48.363335909999932 ], [ -75.488617898999962, -48.35556404099998 ], [ -75.452790962999984, -48.353891012999952 ], [ -75.42750896299998, -48.351391026999977 ], [ -75.412226909999958, -48.348064081999951 ], [ -75.392499932999954, -48.341117998999948 ], [ -75.376399972999934, -48.331117884999969 ], [ -75.359454949999986, -48.314173029999949 ], [ -75.347226926999952, -48.297990927999933 ], [ -75.360835784999949, -48.295282063999935 ], [ -75.407226936999962, -48.313899946999982 ], [ -75.539308966999954, -48.32459089699995 ], [ -75.550564018999978, -48.313064103999977 ], [ -75.586946005999948, -48.095555056999956 ], [ -75.580554971999959, -48.084444843999961 ], [ -75.538890877999961, -48.04902694499998 ], [ -75.510290985999973, -48.034026858999937 ], [ -75.364873011999975, -48.006673019999937 ], [ -75.347646021999935, -48.009035878999953 ], [ -75.335845978999942, -48.018617902999949 ], [ -75.275008951999951, -48.14778202499997 ], [ -75.267917861999933, -48.164999962999957 ], [ -75.261126843999989, -48.22361796499996 ], [ -75.239454929999965, -48.270563998999933 ], [ -75.225008887999934, -48.300564003999966 ], [ -75.201126833999979, -48.344455001999961 ], [ -75.189035770999965, -48.353481976999944 ], [ -75.172226869999974, -48.366390945999967 ], [ -75.13556392199996, -48.409444926999981 ], [ -75.083617914999934, -48.508335961999933 ], [ -75.072581965999973, -48.594582057999958 ], [ -75.079726867999966, -48.613063986999975 ], [ -75.088054958999976, -48.621673038999973 ], [ -75.190563958999974, -48.692781920999948 ], [ -75.200999931999945, -48.699791035999965 ] ] ], [ [ [ -71.671108920999984, -53.943891053999948 ], [ -71.721390951999979, -53.974726901999986 ], [ -71.710554995999985, -53.986117908999972 ], [ -71.68860882599995, -53.99917305799994 ], [ -71.653064023999946, -54.081390978999934 ], [ -71.656463891999977, -54.09757308099995 ], [ -71.71473588899994, -54.14833589899996 ], [ -71.733063925999943, -54.161944923999954 ], [ -71.746946033999961, -54.163891034999949 ], [ -71.757235825999942, -54.163064075999955 ], [ -71.794173029999968, -54.156390907999935 ], [ -71.809172947999969, -54.15111785199997 ], [ -71.821672879999937, -54.144444851999936 ], [ -71.836946048999948, -54.133055018999983 ], [ -71.908335891999968, -54.066391059999944 ], [ -71.921399926999982, -54.053608992999955 ], [ -71.923546028999965, -54.037990992999937 ], [ -71.919308808999972, -54.016390995999984 ], [ -71.927372870999989, -54.007499975999963 ], [ -71.943208799999979, -54.008055025999965 ], [ -71.954454967999936, -54.022499894999953 ], [ -71.955563892999976, -54.035555043999977 ], [ -71.950563920999969, -54.04917295499996 ], [ -71.916117818999965, -54.119309032999979 ], [ -71.879726779999942, -54.145981924999944 ], [ -71.865981967999971, -54.15111785199997 ], [ -71.841746029999968, -54.158817971999952 ], [ -71.743690837999964, -54.231391003999931 ], [ -71.743199825999966, -54.246535929999936 ], [ -71.752499882999984, -54.258608887999969 ], [ -71.831954960999951, -54.334726961999934 ], [ -71.842372995999938, -54.338890923999941 ], [ -71.857226901999979, -54.338618009999948 ], [ -71.942226776999973, -54.327227002999962 ], [ -71.960554980999973, -54.306673067999952 ], [ -71.950563920999969, -54.265008973999954 ], [ -71.947235801999966, -54.252781955999978 ], [ -72.028899846999934, -54.204172952999954 ], [ -72.104735785999935, -54.15917302899993 ], [ -72.19555504899995, -54.101391037999974 ], [ -72.208763921999946, -54.091809013999978 ], [ -72.218335887999956, -54.080554967999944 ], [ -72.224455012999954, -54.070835983999984 ], [ -72.253063956999938, -53.964726955999936 ], [ -72.257099842999935, -53.942435954999951 ], [ -72.25249985499994, -53.926117898999962 ], [ -72.210281884999972, -53.92110887299998 ], [ -72.199445927999989, -53.92083595899993 ], [ -72.189181951999956, -53.921955109999942 ], [ -72.127926835999972, -53.937226937999981 ], [ -72.114181855999959, -53.94639104 ], [ -72.101963890999968, -53.966118016999985 ], [ -72.060008944999936, -53.965835881999965 ], [ -72.007781976999979, -53.892499928999939 ], [ -71.991954931999942, -53.864581988999987 ], [ -71.966126934999977, -53.856117942999958 ], [ -71.945699901999944, -53.851117969999962 ], [ -71.724726781999948, -53.899172929999963 ], [ -71.656535808999934, -53.920073037999941 ], [ -71.661117859999933, -53.936108959999956 ], [ -71.671108920999984, -53.943891053999948 ] ] ], [ [ [ -75.055081892999965, -50.299454965999985 ], [ -75.07639992299994, -50.320835859999931 ], [ -75.198626846999957, -50.425835960999962 ], [ -75.211255022999978, -50.43514490299998 ], [ -75.23389085499997, -50.44056397099996 ], [ -75.306672931999969, -50.437226966999958 ], [ -75.317263969999942, -50.434490946999972 ], [ -75.321399935999978, -50.42528191699995 ], [ -75.321673018999945, -50.410281998999949 ], [ -75.310482003999937, -50.394099895999943 ], [ -75.27528186699999, -50.379717890999984 ], [ -75.246946004999984, -50.357226897999965 ], [ -75.202655021999988, -50.315773021999973 ], [ -75.21703585399996, -50.307200011999953 ], [ -75.284455020999985, -50.319455024999968 ], [ -75.333345991999977, -50.339999907999982 ], [ -75.435290889999976, -50.368335936999983 ], [ -75.448890862999974, -50.368473064999932 ], [ -75.459726819999958, -50.361535866999986 ], [ -75.458890975999964, -50.345282015999942 ], [ -75.450563890999945, -50.299444906999952 ], [ -75.445846052999968, -50.275554974999977 ], [ -75.421108876999938, -50.220144894999976 ], [ -75.394182012999977, -50.171391051999933 ], [ -75.38611795199995, -50.158335901999976 ], [ -75.374455035999972, -50.148335956999972 ], [ -75.360835784999949, -50.143617950999953 ], [ -75.342226785999969, -50.142781939999963 ], [ -75.325563897999984, -50.146664101999932 ], [ -75.258617804999972, -50.164864063999971 ], [ -75.254590970999971, -50.174726881999959 ], [ -75.265290972999935, -50.185564011999986 ], [ -75.275146079999956, -50.189444832999982 ], [ -75.303345986999943, -50.193063970999958 ], [ -75.343481891999943, -50.193199925999977 ], [ -75.349590958999954, -50.201391056999967 ], [ -75.335008961999961, -50.219035968999947 ], [ -75.320281957999953, -50.227226931999951 ], [ -75.278063987999985, -50.241672974999972 ], [ -75.198146060999989, -50.254208948999974 ], [ -75.145008817999951, -50.249026920999938 ], [ -75.148345988999949, -50.199717860999954 ], [ -75.159726936999959, -50.168890897999972 ], [ -75.228346057999943, -50.154726989999972 ], [ -75.303617895999935, -50.12360900699997 ], [ -75.383063921999963, -50.080281942999932 ], [ -75.40049090399998, -50.044026858999985 ], [ -75.318899949999945, -50.002226978999943 ], [ -75.30194604199994, -50.00083591799995 ], [ -75.143617924999944, -50.026117916999965 ], [ -75.131390907999958, -50.032499897999969 ], [ -74.999726798999973, -50.135835856999961 ], [ -75.04861793699996, -50.166944954999963 ], [ -75.063335888999973, -50.178335961999949 ], [ -75.070699893999972, -50.188755001999937 ], [ -75.028064001999951, -50.190282017999948 ], [ -74.863346024999942, -50.164726935999965 ], [ -74.845835893999947, -50.139308981999932 ], [ -74.857299822999948, -50.127782020999973 ], [ -74.815282012999944, -50.115417875999981 ], [ -74.800699847999965, -50.126672927999948 ], [ -74.790563947999942, -50.148264039999958 ], [ -74.793335843999955, -50.181944873999953 ], [ -74.810835915999974, -50.213335938999933 ], [ -75.003063969999971, -50.285835881999958 ], [ -75.016954962999989, -50.290555060999964 ], [ -75.055081892999965, -50.299454965999985 ] ] ], [ [ [ -74.62301791799996, -48.692181943999969 ], [ -74.745145934999982, -48.634026958999982 ], [ -74.762646007999933, -48.634035843999982 ], [ -74.779446023999981, -48.63972698799995 ], [ -74.794726903999958, -48.642782023999985 ], [ -74.813608817999977, -48.643055106999952 ], [ -74.930290944999967, -48.626808966999931 ], [ -74.995281875999979, -48.602226855999959 ], [ -75.009317874999965, -48.59417302099996 ], [ -75.014872897999965, -48.584590996999964 ], [ -75.031399831999977, -48.511108862999947 ], [ -75.027090862999955, -48.49236407799998 ], [ -75.018063887999972, -48.48056403399994 ], [ -75.009445950999975, -48.471944922999967 ], [ -74.937790903999939, -48.418473074999952 ], [ -74.921954974999949, -48.412226879999935 ], [ -74.856308914999943, -48.407035967999946 ], [ -74.844063959999971, -48.409117864999985 ], [ -74.83600895099994, -48.42269990099993 ], [ -74.814999877999981, -48.445835964999958 ], [ -74.810972876999983, -48.459444822999956 ], [ -74.802781912999933, -48.470835829999942 ], [ -74.758408955999982, -48.495491029999982 ], [ -74.710426918999985, -48.456390960999954 ], [ -74.707790977999935, -48.445564055999967 ], [ -74.720146070999988, -48.433335864999947 ], [ -74.730281970999954, -48.429173076999973 ], [ -74.759381926999936, -48.424791017999951 ], [ -74.793672963999938, -48.381172934999938 ], [ -74.801463942999987, -48.369290916999944 ], [ -74.813063993999947, -48.331672934999972 ], [ -74.813335902999938, -48.319173002999946 ], [ -74.811399850999976, -48.305555091999963 ], [ -74.768617945999949, -48.156955012999958 ], [ -74.759172882999962, -48.141672958999948 ], [ -74.751681975999986, -48.132509023999944 ], [ -74.738754901999982, -48.123890918999962 ], [ -74.726955025999985, -48.12806410099995 ], [ -74.708072944999969, -48.146117881999942 ], [ -74.700835841999947, -48.155008901999963 ], [ -74.696672885999988, -48.171672963999981 ], [ -74.696399970999948, -48.190564097999982 ], [ -74.691117863999978, -48.229444896999951 ], [ -74.679026800999964, -48.299726986999985 ], [ -74.587781904999986, -48.40861796799993 ], [ -74.608335840999985, -48.455835910999951 ], [ -74.608199885999966, -48.513617901999964 ], [ -74.603345925999974, -48.558617992999984 ], [ -74.59688197, -48.575690923999957 ], [ -74.547372917999951, -48.619864056999972 ], [ -74.53305495099994, -48.62208207599997 ], [ -74.523755060999974, -48.614308866999977 ], [ -74.524035854999966, -48.604308920999983 ], [ -74.529590877999965, -48.594582057999958 ], [ -74.529035827999962, -48.582917968999936 ], [ -74.516535895999937, -48.579172933999985 ], [ -74.505845951999959, -48.582226964999961 ], [ -74.494172977999938, -48.588335862999941 ], [ -74.484726907999971, -48.595835822999959 ], [ -74.482372934999944, -48.610417986999948 ], [ -74.49028193099997, -48.638335927999947 ], [ -74.49667296399997, -48.656108914999948 ], [ -74.505008934999978, -48.664455110999938 ], [ -74.516399940999975, -48.670835918999956 ], [ -74.567508930999963, -48.692082031999973 ], [ -74.585846020999952, -48.696672967999973 ], [ -74.606945952999979, -48.697499926999967 ], [ -74.62301791799996, -48.692181943999969 ] ] ], [ [ [ -74.720563991999938, -51.111944861999973 ], [ -74.885135788999946, -51.062500014999955 ], [ -74.960554979999984, -50.976391046999936 ], [ -74.964735872999938, -50.965835883999944 ], [ -74.964454911999951, -50.949863998999945 ], [ -74.960008814999981, -50.934173076999969 ], [ -74.933064013999967, -50.889863988999934 ], [ -74.920846048999977, -50.884027 ], [ -74.863063890999967, -50.887217989999954 ], [ -74.746399867999969, -50.906955024999945 ], [ -74.691117863999978, -50.921108874999959 ], [ -74.616117934999977, -50.89499991699995 ], [ -74.61083582699996, -50.81639090799996 ], [ -74.613626832999955, -50.79680893799997 ], [ -74.623199971999952, -50.782781990999979 ], [ -74.649726851999958, -50.765144957999951 ], [ -74.661390940999979, -50.761673005999967 ], [ -74.678346021999971, -50.75486405099997 ], [ -74.684581990999959, -50.745555108999952 ], [ -74.679454947999943, -50.734999945999959 ], [ -74.657499893999955, -50.726673027999936 ], [ -74.621946039999955, -50.731944909999982 ], [ -74.552781926999955, -50.752500018999967 ], [ -74.489872893999973, -50.779308865999951 ], [ -74.409454902999983, -50.830554982999956 ], [ -74.400846017999982, -50.843608959999983 ], [ -74.396663950999937, -50.860554988999979 ], [ -74.371046004999982, -51.023890956999935 ], [ -74.391108928999984, -51.081526934999943 ], [ -74.40153584899997, -51.088890939999942 ], [ -74.414172908999944, -51.084726977999935 ], [ -74.418626883999934, -51.064726918999952 ], [ -74.434446049999963, -51.02861801499995 ], [ -74.462372874999971, -51.00180900099997 ], [ -74.477781998999944, -50.997917952999956 ], [ -74.488890869999977, -51.00000001799998 ], [ -74.602781991999962, -51.04361793399994 ], [ -74.622363960999962, -51.085144899999932 ], [ -74.630146055999944, -51.093754957999977 ], [ -74.712781897999946, -51.111672952999982 ], [ -74.720563991999938, -51.111944861999973 ] ] ], [ [ [ -70.350846010999987, -54.898608938999985 ], [ -70.32306402599994, -54.900835842999982 ], [ -70.313063911999961, -54.906808954999974 ], [ -70.443408876999968, -54.941726957999947 ], [ -70.486217938999971, -54.94430003399998 ], [ -70.506181955999978, -54.953964032999977 ], [ -70.508755032999943, -54.97005510799994 ], [ -70.505208816999982, -54.987117980999983 ], [ -70.514172926999947, -54.996391047999964 ], [ -70.604172941999934, -55.004999932999965 ], [ -70.624726877999933, -55.006672960999936 ], [ -70.659454946999972, -55.005282067999985 ], [ -70.686399915999971, -54.999999959999968 ], [ -70.708617825999966, -54.99195501 ], [ -70.720835790999956, -54.995835830999965 ], [ -70.732508932999963, -55.012844891999976 ], [ -70.652781945999948, -55.032090914999969 ], [ -70.490573007999956, -55.044173092999984 ], [ -70.362917795999977, -55.032090914999969 ], [ -70.347226872999954, -55.031108890999974 ], [ -70.295564006999939, -55.030009017999987 ], [ -70.285708900999964, -55.033055001999969 ], [ -70.279173027999946, -55.052781977999985 ], [ -70.26417294099997, -55.113335864999954 ], [ -70.293890978999968, -55.129999925999982 ], [ -70.320281903999955, -55.131672953999953 ], [ -70.333890929999939, -55.128891 ], [ -70.346117946999982, -55.122364011999935 ], [ -70.354999914999951, -55.107091010999966 ], [ -70.380281913999966, -55.090835985999945 ], [ -70.400508954999964, -55.088563987999976 ], [ -70.411172915999941, -55.086226945999954 ], [ -70.445008814999937, -55.102155075999974 ], [ -70.448345985999936, -55.125281920999953 ], [ -70.439172998999936, -55.133609005999972 ], [ -70.412226855999961, -55.142226943999958 ], [ -70.39056399499998, -55.144173053999964 ], [ -70.379317827999955, -55.148199887999965 ], [ -70.372781954999937, -55.157782079999947 ], [ -70.383064035999951, -55.171944813999971 ], [ -70.530835815999978, -55.211108920999948 ], [ -70.5493088599999, -55.20972691299994 ], [ -70.559173018999957, -55.201673077999942 ], [ -70.564999949999958, -55.188054998999974 ], [ -70.567508820999933, -55.16972696199997 ], [ -70.567226853999955, -55.144173053999964 ], [ -70.549999863999972, -55.121944916999951 ], [ -70.606672928999956, -55.083063950999986 ], [ -70.699172929999975, -55.127917861999947 ], [ -70.720835790999956, -55.125281920999953 ], [ -70.937226859999953, -55.07833588699998 ], [ -71.008064, -55.045008936999977 ], [ -71.015835868999943, -54.96666395799997 ], [ -71.002508809999938, -54.956955031999939 ], [ -70.987781973999972, -54.951808878999941 ], [ -70.877499931999978, -54.938055013999985 ], [ -70.795563978999951, -54.948890969999979 ], [ -70.753064041999949, -54.956673064999961 ], [ -70.706390921999969, -54.969999954999935 ], [ -70.581955031999939, -54.972499941999956 ], [ -70.564664002999962, -54.966808964999984 ], [ -70.589735784999959, -54.960555058999944 ], [ -70.619808879999937, -54.952855107999937 ], [ -70.612508912999942, -54.942917858999976 ], [ -70.511399857999947, -54.909172986999977 ], [ -70.498208921999947, -54.906808954999974 ], [ -70.437226887999941, -54.905281939999952 ], [ -70.350846010999987, -54.898608938999985 ] ] ], [ [ [ -75.025554962999934, -48.444726871999933 ], [ -75.039590962999966, -48.444172995999963 ], [ -75.053199820999964, -48.439590943999974 ], [ -75.195008881999968, -48.229172987999959 ], [ -75.257235796999964, -48.101526995999961 ], [ -75.253764011999976, -48.07222687899997 ], [ -75.219735831999969, -48.069999974999973 ], [ -75.155008931999987, -48.079172962999962 ], [ -75.038617823999971, -48.098335836999979 ], [ -75.011126857999955, -48.108335950999958 ], [ -74.999172922999946, -48.114726983999958 ], [ -74.927508823999972, -48.154035930999953 ], [ -74.815008930999966, -48.173335933999965 ], [ -74.803963928999963, -48.182782002999943 ], [ -74.802226863999977, -48.199444891999974 ], [ -74.805281899999954, -48.22 ], [ -74.838755029999959, -48.364308880999943 ], [ -74.847226786999954, -48.372917933999986 ], [ -74.86181783699999, -48.376526845999933 ], [ -74.889872904999947, -48.375417919999961 ], [ -74.941955033999989, -48.398608969999941 ], [ -74.965564004999976, -48.410281943999962 ], [ -74.993617899999947, -48.425835905999975 ], [ -75.025554962999934, -48.444726871999933 ] ] ], [ [ [ -73.731399837999959, -45.284444934999954 ], [ -73.792508940999937, -45.270564000999968 ], [ -73.82965502199994, -45.239417853999953 ], [ -73.871835775999955, -45.238500035999948 ], [ -73.928346064999971, -45.248890912999968 ], [ -73.946117878999985, -45.249173047999932 ], [ -73.984999850999941, -45.246944802999963 ], [ -73.998335794999946, -45.242226964999929 ], [ -74.009446006999951, -45.236117898999964 ], [ -74.019726913999989, -45.22306409 ], [ -74.109999843999958, -45.148890952999977 ], [ -74.140835859999981, -45.160835834999943 ], [ -74.208346055999982, -45.171955099999934 ], [ -74.224726808999947, -45.169590900999935 ], [ -74.234590967999964, -45.162781944999949 ], [ -74.240846046999934, -45.137781912999969 ], [ -74.246808932999954, -45.106108879999965 ], [ -74.245835793999959, -45.096117986999957 ], [ -74.239035890999958, -45.075554998999962 ], [ -74.224454899999955, -45.061673058999986 ], [ -74.190290932999972, -45.037226902999976 ], [ -74.176673022999978, -45.029173066999931 ], [ -74.157790941999963, -45.026117863999957 ], [ -74.13472679399996, -45.026944821999962 ], [ -74.124999930999934, -45.03083586899993 ], [ -74.106945981999957, -45.035281965999957 ], [ -74.061399892999987, -45.032226929999979 ], [ -73.983335875999956, -45.022226983999985 ], [ -73.961399931999949, -45.017782060999934 ], [ -73.948899831999938, -45.012499952999974 ], [ -73.923954952999964, -45.000972991999959 ], [ -73.911946032999936, -44.994444830999953 ], [ -73.896535903999961, -44.992091024999979 ], [ -73.874999944999956, -44.994444830999953 ], [ -73.857046075999961, -44.999026881999953 ], [ -73.846681851999961, -45.002781974999948 ], [ -73.785572916999968, -45.036390891999986 ], [ -73.775846052999952, -45.043335968999941 ], [ -73.766955032999988, -45.050564019999968 ], [ -73.75889985699996, -45.058617854999966 ], [ -73.718899905999933, -45.104999954999982 ], [ -73.703335884999944, -45.13389103399993 ], [ -73.701672914999961, -45.145835916999943 ], [ -73.702226790999987, -45.158890897999981 ], [ -73.704999859999987, -45.186390916999983 ], [ -73.731399837999959, -45.284444934999954 ] ] ], [ [ [ -74.209163961999934, -50.851673020999954 ], [ -74.236117814999943, -50.805282036999984 ], [ -74.24779095699995, -50.79583596699996 ], [ -74.269454990999975, -50.785555059999979 ], [ -74.314590869999961, -50.800835939999956 ], [ -74.319455055999981, -50.811673069999983 ], [ -74.406108846999985, -50.790835825999977 ], [ -74.505008934999978, -50.740564020999955 ], [ -74.515017932999967, -50.733064061999983 ], [ -74.562790925999934, -50.665281956999934 ], [ -74.570554914999946, -50.650555120999968 ], [ -74.575426811999989, -50.630699900999957 ], [ -74.571108958999957, -50.618890972999964 ], [ -74.495564038999987, -50.572226905999969 ], [ -74.425563914999941, -50.526255016999983 ], [ -74.500835919999986, -50.506108944999937 ], [ -74.511399967999978, -50.505563953999967 ], [ -74.530708855999933, -50.510144830999934 ], [ -74.546390893999956, -50.513482001999932 ], [ -74.561399864999942, -50.513335821999931 ], [ -74.667581981999945, -50.478482023999959 ], [ -74.607508881999934, -50.443608948999952 ], [ -74.594726814999945, -50.43749988199994 ], [ -74.581954973999984, -50.4319448599999 ], [ -74.562499905999971, -50.423891023999943 ], [ -74.544445956999937, -50.418755096999973 ], [ -74.531399859999965, -50.420281943999953 ], [ -74.36389087699996, -50.491390993999971 ], [ -74.274445911999976, -50.622217917999933 ], [ -74.236955, -50.678609015999939 ], [ -74.181117945999972, -50.770282058999953 ], [ -74.176535894999972, -50.790144821999945 ], [ -74.178890873999933, -50.81389997399998 ], [ -74.190981936999947, -50.846390912999937 ], [ -74.200563960999943, -50.850835835999931 ], [ -74.209163961999934, -50.851673020999954 ] ] ], [ [ [ -69.906108932999985, -55.043064 ], [ -69.898199936999958, -55.014591009999947 ], [ -69.899455042999989, -55.002499946999933 ], [ -69.917017812999973, -54.980355125999949 ], [ -69.946535857999947, -54.974726845999953 ], [ -69.95189088799998, -54.959864054999969 ], [ -69.929455047999966, -54.897090975999959 ], [ -69.919726843999968, -54.892500039999959 ], [ -69.859726833999957, -54.87971797299997 ], [ -69.849726887999964, -54.878335964999962 ], [ -69.739726813999937, -54.867500007999979 ], [ -69.686399971999947, -54.868899953999971 ], [ -69.403626911999936, -54.903891046999945 ], [ -69.374999862999971, -54.908055008999952 ], [ -69.206399891999979, -54.939444900999945 ], [ -69.168754919999969, -54.959935971999982 ], [ -69.186672914999974, -54.966944918999957 ], [ -69.219181958999968, -54.968608894999932 ], [ -69.40639981299995, -54.995564089999959 ], [ -69.503890902999956, -55.012499892999983 ], [ -69.651672908999956, -55.027781945999948 ], [ -69.762217806999956, -55.038609017999931 ], [ -69.906108932999985, -55.043064 ] ] ], [ [ [ -73.916946005999989, -52.726955049999958 ], [ -73.926117818999955, -52.72639094799996 ], [ -73.940290946999937, -52.72083592599995 ], [ -73.949717905999989, -52.714172982999969 ], [ -74.070554942999934, -52.628335923999941 ], [ -74.078617830999974, -52.616673008999953 ], [ -74.07779087199998, -52.60667306299996 ], [ -74.055846043999964, -52.56972697499998 ], [ -74.045835871999941, -52.561955105999971 ], [ -73.988063939999961, -52.520564094999941 ], [ -73.828473005999967, -52.428335834999984 ], [ -73.766399982999985, -52.403617937999968 ], [ -73.752226855999936, -52.402499958999954 ], [ -73.738345920999961, -52.404863990999957 ], [ -73.725417840999967, -52.41111789699994 ], [ -73.714735775999941, -52.422226935999959 ], [ -73.671672909999984, -52.477644894999969 ], [ -73.72944601599994, -52.602500048999957 ], [ -73.785281896999948, -52.676391050999939 ], [ -73.793335899999988, -52.685835947999976 ], [ -73.807508859999984, -52.698335879999945 ], [ -73.825146060999941, -52.703617987999962 ], [ -73.841808948999983, -52.700000022999973 ], [ -73.852235868999969, -52.700835865999977 ], [ -73.88583590099995, -52.713055004999944 ], [ -73.916946005999989, -52.726955049999958 ] ] ], [ [ [ -74.317508944999986, -47.983891006999954 ], [ -74.355008909999981, -47.970555063999939 ], [ -74.462781911999969, -47.941117987999974 ], [ -74.477781998999944, -47.936673064999979 ], [ -74.496954931999937, -47.925282057999937 ], [ -74.497508807999964, -47.914173018999975 ], [ -74.416672894999977, -47.853617958999962 ], [ -74.406399866999948, -47.846673048999946 ], [ -74.388063950999936, -47.838890954999954 ], [ -74.293063962999952, -47.80472698799997 ], [ -74.273472940999966, -47.801255035999986 ], [ -74.048335858999963, -47.851954989999967 ], [ -73.927926801999945, -47.884864017999973 ], [ -73.900982000999988, -47.887364003999949 ], [ -73.886117868999975, -47.884035885999936 ], [ -73.869590934999962, -47.874455034999983 ], [ -73.856126915999937, -47.866390973999955 ], [ -73.843335796999952, -47.861391000999959 ], [ -73.833072993999963, -47.861944876999985 ], [ -73.820281874999978, -47.867499899999984 ], [ -73.804308816999935, -47.880699887999981 ], [ -73.800281982999934, -47.891255050999973 ], [ -73.806117798999935, -47.905555080999932 ], [ -73.825008932999935, -47.943335838999985 ], [ -73.843335796999952, -47.951391015999945 ], [ -73.876108869999939, -47.959308896999971 ], [ -73.890017800999942, -47.960008953999932 ], [ -73.926955003999979, -47.960835911999936 ], [ -74.034454923999988, -47.960555117999945 ], [ -74.053890880999973, -47.958890974999974 ], [ -74.076955028999976, -47.952781908999953 ], [ -74.090835795999965, -47.947781935999956 ], [ -74.112508882999975, -47.945008866999956 ], [ -74.125835773999938, -47.946108907999985 ], [ -74.287508939999952, -47.97722689099993 ], [ -74.302508858999943, -47.980564061999985 ], [ -74.317508944999986, -47.983891006999954 ] ] ], [ [ [ -74.263063957999975, -44.807499890999964 ], [ -74.281399873999987, -44.805554953999945 ], [ -74.308626809999964, -44.798617922999938 ], [ -74.327226923999945, -44.790555034999954 ], [ -74.337781918999951, -44.784444962999942 ], [ -74.352235840999981, -44.773890973999983 ], [ -74.374172957999974, -44.75354491 ], [ -74.413617858999942, -44.692217876999962 ], [ -74.414172908999944, -44.679726828999947 ], [ -74.410981917999948, -44.637082052999972 ], [ -74.399172989999954, -44.62833587199998 ], [ -74.263063957999975, -44.602499995999949 ], [ -74.247508821999986, -44.60056394399993 ], [ -74.186399885999947, -44.600835852999978 ], [ -74.159454916999948, -44.601108935999946 ], [ -74.000145949999933, -44.607499968999946 ], [ -73.966399904999946, -44.615564030999963 ], [ -73.953335870999979, -44.620282035999935 ], [ -73.929173022999976, -44.631390907999958 ], [ -73.919445991999964, -44.638064075999978 ], [ -73.906108874999973, -44.649172947999944 ], [ -73.894726920999972, -44.661663994999969 ], [ -73.880008801999963, -44.678335935999939 ], [ -73.874099895999962, -44.693482034999931 ], [ -74.015835866999964, -44.721118007999962 ], [ -74.185290959999975, -44.774726984999973 ], [ -74.209726889999956, -44.784444962999942 ], [ -74.263063957999975, -44.807499890999964 ] ] ], [ [ [ -75.071399949999943, -46.097455011999955 ], [ -75.083072923999964, -46.088617970999962 ], [ -75.089872993999961, -46.076673088999939 ], [ -75.101117819999956, -46.045144894999964 ], [ -75.095699925999952, -46.034444892999943 ], [ -75.084308918999966, -46.028617960999952 ], [ -74.966255009999941, -46.005554986999982 ], [ -74.951954979999982, -46.009863955999947 ], [ -74.959590893999973, -45.988526982999986 ], [ -74.984563935999972, -45.984017854999934 ], [ -75.011954989999936, -45.991299883999943 ], [ -75.048363965999954, -45.993381948999968 ], [ -75.064663917999951, -45.990264048999961 ], [ -75.07362685399994, -45.975835943999982 ], [ -75.109999955999967, -45.885835927999949 ], [ -75.104181908999976, -45.876108896999938 ], [ -75.087926883999955, -45.86694496299998 ], [ -75.065981887999953, -45.86250003899994 ], [ -74.974726933999989, -45.888064005999979 ], [ -74.961399875999973, -45.893055093999976 ], [ -74.944455019999964, -45.902499989999967 ], [ -74.882781982999973, -45.878064059999986 ], [ -74.797499972999958, -45.823335931999964 ], [ -74.745281889999944, -45.805835858999956 ], [ -74.72230893699998, -45.803408962999981 ], [ -74.711672971999974, -45.820282068999973 ], [ -74.711681856999974, -45.836254958999973 ], [ -74.715564019999988, -45.851955101999977 ], [ -74.762217859999964, -45.990563952999935 ], [ -74.768617945999949, -46.000555013999985 ], [ -74.776672954999981, -46.009172951999972 ], [ -74.803346014999988, -46.032499955999981 ], [ -74.910573020999948, -46.104444848999947 ], [ -74.926526799999976, -46.110417960999939 ], [ -74.997508946999972, -46.114173052999945 ], [ -75.021672967999962, -46.112226942999939 ], [ -75.057235874999947, -46.104172939999955 ], [ -75.071399949999943, -46.097455011999955 ] ] ], [ [ [ -74.988890841999989, -51.476391018999948 ], [ -74.99779091399995, -51.476108883999984 ], [ -75.020281907999959, -51.466390904999969 ], [ -75.014735769999959, -51.440417901999979 ], [ -74.944172885999933, -51.405835844999956 ], [ -74.892226878999963, -51.391390975999968 ], [ -74.871126777999962, -51.384172983999974 ], [ -74.79722689099998, -51.333063993999986 ], [ -74.788899972999957, -51.320835970999951 ], [ -74.799726876999955, -51.319173000999967 ], [ -74.907226796999964, -51.357226841999932 ], [ -74.92861791699994, -51.367917958999953 ], [ -74.949035897999977, -51.363544952999973 ], [ -74.960554979999984, -51.352226868999935 ], [ -74.964735872999938, -51.338473003999979 ], [ -74.961255036999944, -51.32652694799998 ], [ -74.953199859999984, -51.317226890999962 ], [ -74.793899945999954, -51.209444835999932 ], [ -74.715564019999988, -51.195281933999979 ], [ -74.613617947999956, -51.19249998 ], [ -74.568617856999936, -51.22610889799995 ], [ -74.561108844999978, -51.234726834999947 ], [ -74.536117865999984, -51.279163997999945 ], [ -74.543754952999961, -51.361944847999951 ], [ -74.556117924999967, -51.375555046999978 ], [ -74.59750893599994, -51.405417923999948 ], [ -74.607508881999934, -51.409444924999946 ], [ -74.63070881699997, -51.409444924999946 ], [ -74.643199863999939, -51.403335858999981 ], [ -74.678346021999971, -51.329999905999955 ], [ -74.718899848999968, -51.343608930999949 ], [ -74.74000883399998, -51.373608935999982 ], [ -74.78361786499994, -51.432226937999985 ], [ -74.797790992999978, -51.436955001999934 ], [ -74.84083592099995, -51.442781933999981 ], [ -74.878890934999959, -51.444726869999954 ], [ -74.933899856999972, -51.449172966999981 ], [ -74.951390877999984, -51.455144905999987 ], [ -74.988890841999989, -51.476391018999948 ] ] ], [ [ [ -75.328126915999974, -50.792672971999934 ], [ -75.425290943999983, -50.775555113999985 ], [ -75.445835826999939, -50.770418012999983 ], [ -75.456263919999969, -50.763055013999974 ], [ -75.51445494799998, -50.659726934999981 ], [ -75.505846062999979, -50.647226834999969 ], [ -75.460145914999941, -50.617091042999959 ], [ -75.427645923999989, -50.603891053999973 ], [ -75.413890884999944, -50.603055042999983 ], [ -75.399454900999956, -50.604864025999973 ], [ -75.374455035999972, -50.615835936999986 ], [ -75.368755006999947, -50.587091037999983 ], [ -75.399590854999985, -50.539444947999982 ], [ -75.428617888999952, -50.52389098499998 ], [ -75.462917809999965, -50.508199894999962 ], [ -75.460772880999968, -50.494100024999966 ], [ -75.412781958999972, -50.466390960999945 ], [ -75.390290965999952, -50.464444850999939 ], [ -75.186672911999949, -50.493054968999957 ], [ -75.100008894999974, -50.496255011999949 ], [ -75.090146076999986, -50.503063966999946 ], [ -75.096390929999984, -50.516391025999951 ], [ -75.19639994299996, -50.600564108999947 ], [ -75.212781869999958, -50.603055042999983 ], [ -75.223890908999977, -50.602226910999946 ], [ -75.241954915999941, -50.599163995999959 ], [ -75.257508878999943, -50.594726951999974 ], [ -75.274735868999983, -50.584726837999938 ], [ -75.277790904999961, -50.612782073999938 ], [ -75.273345981999967, -50.677508974999967 ], [ -75.269308921999937, -50.751108957999975 ], [ -75.285346017999984, -50.782844854999951 ], [ -75.302781884999945, -50.790555032999976 ], [ -75.318617814999982, -50.793891029999941 ], [ -75.328126915999974, -50.792672971999934 ] ] ], [ [ [ -75.604717819999962, -48.688881988999981 ], [ -75.589855028999978, -48.675472955999965 ], [ -75.57869988899995, -48.665181989999951 ], [ -75.547790950999968, -48.669391046999976 ], [ -75.520008964999988, -48.66389100899994 ], [ -75.504181919999951, -48.661391022999965 ], [ -75.477508859999944, -48.652226920999965 ], [ -75.466126905999943, -48.646117853999954 ], [ -75.446945925999955, -48.630564058999937 ], [ -75.441254948999983, -48.616809020999938 ], [ -75.450699844999974, -48.610699954999973 ], [ -75.468899974999943, -48.622217862999946 ], [ -75.486117912999987, -48.632226860999936 ], [ -75.499172894999958, -48.636944866999954 ], [ -75.520145924999952, -48.639308898999957 ], [ -75.534181924999984, -48.639455078999958 ], [ -75.602526789999956, -48.634364078999965 ], [ -75.617454959999975, -48.629199987999982 ], [ -75.649735847999978, -48.618618002999938 ], [ -75.669590900999935, -48.588617997999961 ], [ -75.650554927999963, -48.48194486899996 ], [ -75.621399985999972, -48.446526968999933 ], [ -75.601964028999987, -48.443064069999934 ], [ -75.38889990499996, -48.429455043999951 ], [ -75.340208926999935, -48.435908941999969 ], [ -75.334454917999949, -48.450282061999985 ], [ -75.314999849999936, -48.591673033999939 ], [ -75.320008874999985, -48.602226855999959 ], [ -75.366117892999966, -48.630281923999974 ], [ -75.38889990499996, -48.642782023999985 ], [ -75.452517879999959, -48.675835891999952 ], [ -75.483063881999954, -48.689999966999949 ], [ -75.496399825999958, -48.694455115999972 ], [ -75.51167299399998, -48.697782060999941 ], [ -75.541954966999981, -48.700282047999963 ], [ -75.577790955999944, -48.698335937999957 ], [ -75.597508879999964, -48.693200009999941 ], [ -75.604717819999962, -48.688881988999981 ] ] ], [ [ [ -75.179454919999955, -49.904726836999941 ], [ -75.19639994299996, -49.885417948999986 ], [ -75.253754959999981, -49.83999993599997 ], [ -75.277572975999988, -49.834726880999938 ], [ -75.269181852999964, -49.865281934999985 ], [ -75.261808962999964, -49.883335883999962 ], [ -75.261117790999947, -49.893891046999954 ], [ -75.274590861999968, -49.898608884999931 ], [ -75.298199833999945, -49.89264482599998 ], [ -75.329454944999952, -49.871944877999965 ], [ -75.348617819999959, -49.856944958999975 ], [ -75.374599875999934, -49.823335873999952 ], [ -75.375008912999988, -49.810973069999932 ], [ -75.370981910999944, -49.798755104999941 ], [ -75.427781877999962, -49.770281946999944 ], [ -75.539872901999956, -49.839582013999973 ], [ -75.559590993999961, -49.83444491299997 ], [ -75.587235851999935, -49.793890918999978 ], [ -75.591945977999956, -49.783890972999984 ], [ -75.603481991999956, -49.661535972999957 ], [ -75.562790868999969, -49.626390988999958 ], [ -75.383335829999965, -49.615417903999969 ], [ -75.371672914999976, -49.617781935999972 ], [ -75.359726858999977, -49.624172968999972 ], [ -75.345290874999989, -49.635563975999958 ], [ -75.308754996999937, -49.66972693699995 ], [ -75.198626846999957, -49.816390964999982 ], [ -75.193617821999965, -49.826390909999986 ], [ -75.173190955999985, -49.898617937999973 ], [ -75.179454919999955, -49.904726836999941 ] ] ], [ [ [ -74.969726793999939, -52.118055044999949 ], [ -74.986954957999956, -52.097782070999983 ], [ -75.059717923999983, -51.970555005999984 ], [ -74.972781997999959, -51.824717936999946 ], [ -74.956126820999941, -51.810417907999977 ], [ -74.925699840999982, -51.830835888999957 ], [ -74.922090928999978, -51.841117968999981 ], [ -74.934308893999969, -51.855008961999943 ], [ -74.932508963999965, -51.866118000999961 ], [ -74.907790898999963, -51.869173036999939 ], [ -74.874726805999956, -51.866108948999965 ], [ -74.853899955999964, -51.861944818999973 ], [ -74.830699853999988, -51.844717996999975 ], [ -74.860835812999937, -51.72444489399993 ], [ -74.890281941999945, -51.67444483 ], [ -74.916945948999967, -51.666117911999947 ], [ -74.931263915999978, -51.65764481399998 ], [ -74.933481935999964, -51.646673069999963 ], [ -74.922499965999975, -51.635835939999936 ], [ -74.903335917999982, -51.627226886999949 ], [ -74.889454982999951, -51.622781963999955 ], [ -74.868899873999965, -51.619590972999958 ], [ -74.805835775999981, -51.634591058999945 ], [ -74.78946390699997, -51.648335871999961 ], [ -74.785282007999967, -51.658891034999954 ], [ -74.770281921999981, -51.747508873999948 ], [ -74.765426787999957, -51.779999980999946 ], [ -74.781108825999979, -51.821672959999944 ], [ -74.831390857999963, -51.943890998999962 ], [ -74.884445957999958, -52.045563987999969 ], [ -74.934446021999975, -52.10000897499998 ], [ -74.949445940999965, -52.111673063999945 ], [ -74.961672957999951, -52.11778196299997 ], [ -74.969726793999939, -52.118055044999949 ] ] ], [ [ [ -75.257781960999978, -49.081944801999953 ], [ -75.313063965999959, -48.968891031999931 ], [ -75.32250886199995, -48.954444821999971 ], [ -75.422435899999982, -48.987290985999948 ], [ -75.454999928999939, -49.028617959999963 ], [ -75.463617866999982, -49.036944877999986 ], [ -75.478055024999946, -49.044726971999978 ], [ -75.499999852999963, -49.046390947999953 ], [ -75.628346068999974, -48.980282038999974 ], [ -75.640017869999951, -48.974164087999952 ], [ -75.64722680899996, -48.965281952999931 ], [ -75.65306396699998, -48.955835882999963 ], [ -75.65668193099998, -48.938899911999954 ], [ -75.656955013999948, -48.926673061999963 ], [ -75.654726935999975, -48.912782068999945 ], [ -75.650845946999937, -48.900555051999959 ], [ -75.633346041999971, -48.868617988999972 ], [ -75.62222677699998, -48.858199953999986 ], [ -75.545008828999983, -48.84111797099996 ], [ -75.369172928999944, -48.849164094999935 ], [ -75.352781948999962, -48.852782058999935 ], [ -75.314455025999962, -48.863617848999979 ], [ -75.302781884999945, -48.869999996999979 ], [ -75.28139998499995, -48.890008940999962 ], [ -75.202090919999989, -49.033472925999945 ], [ -75.20195496599996, -49.045973025999956 ], [ -75.239726838999957, -49.073335916999952 ], [ -75.251108960999943, -49.079444814999931 ], [ -75.257781960999978, -49.081944801999953 ] ] ], [ [ [ -74.458617949999962, -45.779163972999982 ], [ -74.473899835999987, -45.775072932999933 ], [ -74.484999822999953, -45.761672951999969 ], [ -74.495835779999936, -45.743055068999979 ], [ -74.498199979999981, -45.72972683699993 ], [ -74.489726880999967, -45.717781953999975 ], [ -74.466672958999936, -45.699172955999984 ], [ -74.449381930999948, -45.681326877999936 ], [ -74.448899971999936, -45.642782025999963 ], [ -74.458617949999962, -45.600281920999976 ], [ -74.468345986999964, -45.568481985999938 ], [ -74.468608843999959, -45.552508927999952 ], [ -74.466672958999936, -45.538891017999958 ], [ -74.46167298599994, -45.520563985999956 ], [ -74.457226889999959, -45.50917298 ], [ -74.446672899999953, -45.487499892999949 ], [ -74.433626802999981, -45.468335844999956 ], [ -74.417090983999969, -45.449999928999944 ], [ -74.394726892999984, -45.444026983999947 ], [ -74.302508858999943, -45.475281927999958 ], [ -74.285845970999958, -45.484726991999935 ], [ -74.275145967999947, -45.494173060999969 ], [ -74.260835879999945, -45.514455087999977 ], [ -74.255008948999944, -45.523608963999948 ], [ -74.245281917999989, -45.543617907999931 ], [ -74.22194602899998, -45.595281947999979 ], [ -74.210008857999981, -45.636117909999939 ], [ -74.228899822999949, -45.673055112999975 ], [ -74.236955, -45.681673050999962 ], [ -74.391681914999936, -45.766390957999931 ], [ -74.403335777999985, -45.771944806999954 ], [ -74.458617949999962, -45.779163972999982 ] ] ], [ [ [ -74.887508872999945, -48.070281942999941 ], [ -74.901390980999963, -48.069726892999938 ], [ -74.955290976999947, -48.058617853999976 ], [ -75.016108892999966, -48.040281937999964 ], [ -75.029726803999949, -48.035281964999967 ], [ -75.03732684299996, -48.023372956999935 ], [ -75.022773008999934, -48.003608931999963 ], [ -75.043517883999982, -47.992026985999985 ], [ -75.070117853999989, -47.987808876999964 ], [ -75.096464019999985, -47.989391044999934 ], [ -75.116217818999985, -47.997290987999975 ], [ -75.138872929999934, -48.015463959999977 ], [ -75.155835889999935, -48.032781977999946 ], [ -75.170563899999934, -48.036117975999957 ], [ -75.195008881999968, -48.03945497899997 ], [ -75.229735777999963, -48.041944906999959 ], [ -75.250973005999981, -48.039308965999965 ], [ -75.264935915999956, -48.030135978999965 ], [ -75.207508814999983, -47.974163975999943 ], [ -75.179454919999955, -47.958617892999939 ], [ -75.167235781999977, -47.953054990999931 ], [ -75.099163998999984, -47.939444959999946 ], [ -75.067508902999975, -47.934444818999964 ], [ -75.047790978999956, -47.935008920999962 ], [ -74.957508828999948, -47.893617909999932 ], [ -74.88862685099997, -47.827781915999935 ], [ -74.830290983999987, -47.807917978999967 ], [ -74.815563979999979, -47.815000016999932 ], [ -74.807781885999987, -47.848890900999947 ], [ -74.806399877999979, -47.860554989999969 ], [ -74.805281899999954, -47.89805512199996 ], [ -74.807226836999973, -48.038755089999938 ], [ -74.860008853999943, -48.065417923999973 ], [ -74.869735884999955, -48.069173016999969 ], [ -74.887508872999945, -48.070281942999941 ] ] ], [ [ [ -74.952235773999973, -49.278017968999961 ], [ -75.045835815999965, -49.205281992999971 ], [ -75.19375495, -49.172644872999967 ], [ -75.238617912999985, -49.152499974999955 ], [ -75.236326803999987, -49.136108994999972 ], [ -75.226963882999939, -49.122781936999957 ], [ -75.211399861999951, -49.104172937999977 ], [ -75.199717835999934, -49.090564079999979 ], [ -75.186399829999971, -49.078055095999957 ], [ -75.120981924999967, -49.02360893499997 ], [ -74.975972987999967, -49.029864013999941 ], [ -74.948899943999947, -49.043617878999953 ], [ -74.903899851999938, -49.076664034999965 ], [ -74.894181873999969, -49.084163993999937 ], [ -74.890017911999962, -49.119726900999979 ], [ -74.89056390899998, -49.132782049999946 ], [ -74.926317922999942, -49.297917948999952 ], [ -74.940290890999961, -49.29055511699994 ], [ -74.952235773999973, -49.278017968999961 ] ] ], [ [ [ -75.310290896999959, -51.634172969999952 ], [ -75.317781970999988, -51.619173050999962 ], [ -75.314999849999936, -51.541255046999936 ], [ -75.273617890999958, -51.513064023999959 ], [ -75.230563909999944, -51.470555034999961 ], [ -75.221681941999975, -51.42056402299994 ], [ -75.21897291099998, -51.350144803999967 ], [ -75.22056396399995, -51.333617869999955 ], [ -75.218335886999967, -51.319726876999937 ], [ -75.213345971999956, -51.30833587099994 ], [ -75.205290962999982, -51.299172941999984 ], [ -75.15918194599999, -51.27278201699994 ], [ -75.143199835999951, -51.265835933999938 ], [ -75.130281981999985, -51.265554971999961 ], [ -75.00472677199997, -51.335835889999942 ], [ -74.996535807999976, -51.366390943999932 ], [ -75.000290900999971, -51.39556399099996 ], [ -75.005281988999968, -51.406954996999957 ], [ -75.020846009999957, -51.414444897999942 ], [ -75.034181952999973, -51.414455123999971 ], [ -75.049035858999957, -51.406255107999982 ], [ -75.067081928999983, -51.404035915999941 ], [ -75.076673004999975, -51.408335831999977 ], [ -75.138335816999984, -51.49472693499996 ], [ -75.134173028999953, -51.511672963999956 ], [ -75.132508885999982, -51.529726912999934 ], [ -75.13459095099995, -51.545835924999949 ], [ -75.141681872999982, -51.559717864999982 ], [ -75.153890952999973, -51.577363950999938 ], [ -75.288754937999954, -51.63125506199998 ], [ -75.300290950999965, -51.633891002999974 ], [ -75.310290896999959, -51.634172969999952 ] ] ], [ [ [ -74.144672927999977, -52.392835959999957 ], [ -74.189517785999954, -52.371463950999953 ], [ -74.226672918999952, -52.327226947999975 ], [ -74.233899963999988, -52.248608886999932 ], [ -74.226963938999972, -52.238617993999981 ], [ -74.211254910999969, -52.231254994999972 ], [ -74.199717891999967, -52.228335912999967 ], [ -74.178346050999949, -52.229999888999942 ], [ -74.154446058999952, -52.237500014999966 ], [ -74.143063937999955, -52.244444924999982 ], [ -74.117781937999951, -52.253473072999952 ], [ -74.105708812999978, -52.250973086999977 ], [ -74.14584605899995, -52.197226981999961 ], [ -74.15639988099997, -52.189726854999947 ], [ -74.181672995999975, -52.177508889999956 ], [ -74.26918190899994, -52.159172973999944 ], [ -74.326126882999972, -52.164455081999961 ], [ -74.34250881, -52.16778202699993 ], [ -74.365981993999981, -52.166672932999973 ], [ -74.385563963999971, -52.160835943999984 ], [ -74.413481904999969, -52.146535913999969 ], [ -74.415554916999952, -52.133609007999951 ], [ -74.348072884999965, -52.094455125999957 ], [ -74.330417913999952, -52.088335833999963 ], [ -74.310835776999966, -52.083890910999969 ], [ -74.300563921999981, -52.083617995999987 ], [ -74.285572887999933, -52.088617968999984 ], [ -74.273055018999969, -52.094726866999963 ], [ -74.242508848999989, -52.110835878999978 ], [ -74.194172927999944, -52.136672927999939 ], [ -74.127790936999986, -52.178608930999985 ], [ -74.086399924999967, -52.208335853999984 ], [ -73.934308950999934, -52.323263983999936 ], [ -73.935008838999977, -52.337226893999969 ], [ -73.976963952999938, -52.356673076999982 ], [ -74.103345953999963, -52.396944936999944 ], [ -74.135845945999961, -52.397644825999976 ], [ -74.144672927999977, -52.392835959999957 ] ] ], [ [ [ -73.652508861999934, -45.761117902999956 ], [ -73.661390996999955, -45.759999923999942 ], [ -73.678754947999948, -45.752644803999942 ], [ -73.781954951999978, -45.670282043999975 ], [ -73.787226833999966, -45.564444925999965 ], [ -73.787508968999987, -45.548481926999955 ], [ -73.784726846999945, -45.531954992999943 ], [ -73.779445912999961, -45.521117862999972 ], [ -73.769181936999985, -45.507226869999954 ], [ -73.714864018999947, -45.450835939999934 ], [ -73.704035773999976, -45.444726872999979 ], [ -73.683335825999961, -45.442218001999947 ], [ -73.665845978999982, -45.443064070999981 ], [ -73.59250885199998, -45.459726959999955 ], [ -73.582026778999989, -45.470982011999979 ], [ -73.579181960999961, -45.50610889099994 ], [ -73.611955034999937, -45.697226845999978 ], [ -73.618899944999953, -45.71389090699995 ], [ -73.634863949999954, -45.749308974999963 ], [ -73.64557300499996, -45.759444874999986 ], [ -73.652508861999934, -45.761117902999956 ] ] ], [ [ [ -75.514172980999945, -49.271944944999973 ], [ -75.523345967999944, -49.270835851999948 ], [ -75.607226857999933, -49.24110892899995 ], [ -75.635281926999937, -49.230835900999978 ], [ -75.650417799999957, -49.223335941999949 ], [ -75.656399963999945, -49.213891044999968 ], [ -75.601673008999967, -49.142226946999983 ], [ -75.548464016999958, -49.11806409899998 ], [ -75.534235903999956, -49.115955043999975 ], [ -75.515273021999974, -49.121744927999941 ], [ -75.464699970999959, -49.090144817999942 ], [ -75.445735914999943, -49.055899880999959 ], [ -75.436772977999965, -49.039572939999971 ], [ -75.389454954999962, -48.999454971999967 ], [ -75.371945997999944, -48.990281984999967 ], [ -75.354181894999954, -48.985417965999943 ], [ -75.342226785999969, -48.988063964999981 ], [ -75.327790969999967, -49.011672936999958 ], [ -75.289464046999967, -49.082781985999986 ], [ -75.285426818999952, -49.096808933999966 ], [ -75.305281871999966, -49.123335980999968 ], [ -75.32250886199995, -49.140282009999964 ], [ -75.331954931999974, -49.147781968999936 ], [ -75.474726905999944, -49.249726866999936 ], [ -75.514172980999945, -49.271944944999973 ] ] ], [ [ [ -74.69889995799997, -50.891108869999982 ], [ -74.77902692899994, -50.886808952999957 ], [ -74.819172892999973, -50.879444947999957 ], [ -74.924872882999978, -50.85570002299994 ], [ -74.937363929999947, -50.843199922999986 ], [ -74.96278188399998, -50.773609003999979 ], [ -74.958064045999947, -50.739863963999937 ], [ -74.952645983999957, -50.728755092999961 ], [ -74.89237289099998, -50.679308904999971 ], [ -74.8230639399999, -50.663617981999948 ], [ -74.808617896999976, -50.666808971999956 ], [ -74.747090871999944, -50.704172981999932 ], [ -74.664463913999953, -50.81999998799995 ], [ -74.662372964999975, -50.831526948999965 ], [ -74.672926786999938, -50.868890958999941 ], [ -74.686808894999956, -50.888891017999981 ], [ -74.69889995799997, -50.891108869999982 ] ] ], [ [ [ -74.163072881999938, -51.953055100999961 ], [ -74.231464014999972, -51.945208968999964 ], [ -74.374308911999947, -51.891254993999951 ], [ -74.428063901999963, -51.84902696499995 ], [ -74.503345964999937, -51.712644850999936 ], [ -74.37389987499995, -51.739726947999941 ], [ -74.171955016999959, -51.842226894999953 ], [ -74.090290971999934, -51.877226872999984 ], [ -74.09180893499996, -51.888335911999945 ], [ -74.133899834999966, -51.94417296599994 ], [ -74.144726906999949, -51.951390957999934 ], [ -74.163072881999938, -51.953055100999961 ] ] ], [ [ [ -71.060290968999936, -54.955282003999969 ], [ -71.076955029999965, -54.954309032999959 ], [ -71.149735765999935, -54.934173018999957 ], [ -71.204999833999977, -54.906673 ], [ -71.324308849999966, -54.950282030999972 ], [ -71.340145952999933, -54.954726953999966 ], [ -71.40695491799994, -54.943755042999953 ], [ -71.454308814999933, -54.883609019999938 ], [ -71.40132680499994, -54.826881975999981 ], [ -71.353345941999976, -54.829444825999985 ], [ -71.199445984999954, -54.848335959999986 ], [ -71.134735847999934, -54.860282015999985 ], [ -71.106945982999946, -54.871944930999973 ], [ -71.07306398299994, -54.880282074999968 ], [ -71.048335859999952, -54.877644960999987 ], [ -71.026254909999977, -54.870008878999954 ], [ -71.010699940999984, -54.858335905999979 ], [ -70.99860887799997, -54.856672935999939 ], [ -70.946672929999977, -54.878891014999965 ], [ -70.915426870999966, -54.92610895699994 ], [ -70.935563890999958, -54.931399949999957 ], [ -70.968899892999957, -54.931944940999983 ], [ -71.060290968999936, -54.955282003999969 ] ] ], [ [ [ -74.277235911999981, -45.03083586899993 ], [ -74.287226804999989, -45.03028199299996 ], [ -74.360699886999953, -45.016255045999969 ], [ -74.365835813999979, -45.007364025999948 ], [ -74.35167291199997, -44.981672989999936 ], [ -74.200835869999935, -44.878063948999966 ], [ -74.186390833999951, -44.870563989999937 ], [ -74.168335878999983, -44.86667294199998 ], [ -74.150281929999949, -44.867226985999935 ], [ -73.969873030999963, -44.900835903999962 ], [ -73.956955008999955, -44.909173046999967 ], [ -73.918899826999962, -44.943608922999942 ], [ -73.912090871999965, -44.955417850999936 ], [ -73.923335865999945, -44.964173083999981 ], [ -73.958890892999989, -44.979444911999963 ], [ -73.980282012999965, -44.984455110999932 ], [ -74.04194599899995, -44.996944816999985 ], [ -74.058899906999955, -44.997782001999951 ], [ -74.13862689399997, -44.997508918999984 ], [ -74.190281880999976, -44.994591010999955 ], [ -74.208346055999982, -44.998335877999978 ], [ -74.220564020999973, -45.003063941999983 ], [ -74.277235911999981, -45.03083586899993 ] ] ], [ [ [ -73.724426932999961, -52.224408990999962 ], [ -73.730008944999952, -52.215835980999941 ], [ -73.757781877999946, -52.18471799799994 ], [ -73.80361781299996, -52.141526888999977 ], [ -73.872790977999955, -52.096672977999958 ], [ -73.891955025999948, -52.087499989999969 ], [ -73.952517796999985, -52.061673 ], [ -74.016955018999965, -52.037782060999973 ], [ -74.081390899999974, -52.013890954999965 ], [ -74.095290944999988, -52.008335931999966 ], [ -74.112790849999953, -51.998608900999955 ], [ -74.113890890999983, -51.963335840999946 ], [ -74.095290944999988, -51.922782013999949 ], [ -74.059872877999965, -51.906117951999931 ], [ -74.047499847999973, -51.907781927999963 ], [ -74.028335799999979, -51.916944855999986 ], [ -73.858899816999951, -52.013063995999971 ], [ -73.847499925999955, -52.019726938999952 ], [ -73.80667301699998, -52.043890959999942 ], [ -73.770563944999935, -52.066535844999976 ], [ -73.761126927999953, -52.077782011999943 ], [ -73.710008885999969, -52.150144825999973 ], [ -73.688335798999958, -52.204726941999979 ], [ -73.687917876999961, -52.220554991999961 ], [ -73.693345996999938, -52.238890908999963 ], [ -73.709172874999979, -52.23854490399998 ], [ -73.724426932999961, -52.224408990999962 ] ] ], [ [ [ -74.022463940999955, -51.802026951999949 ], [ -74.045290880999971, -51.798055102999967 ], [ -74.060290966999958, -51.79306401499997 ], [ -74.199455035999961, -51.728755035999939 ], [ -74.220290937999948, -51.717508868999971 ], [ -74.236681917999988, -51.703890958999978 ], [ -74.238208932999953, -51.68541791499996 ], [ -74.230426837999971, -51.676108972999941 ], [ -74.183899899999972, -51.670008958999972 ], [ -74.140290868999955, -51.67028204199994 ], [ -74.088617943999964, -51.614726954999981 ], [ -74.104726788999983, -51.554173068999944 ], [ -74.098345980999966, -51.54389098799993 ], [ -74.088899911999988, -51.539455116999932 ], [ -74.074035779999974, -51.541255046999936 ], [ -74.058208902999979, -51.550490897999964 ], [ -73.925281975999951, -51.759726838999939 ], [ -73.925772987999949, -51.775491019999947 ], [ -73.939999927999963, -51.785835964999933 ], [ -73.952790878999963, -51.791390986999943 ], [ -73.977917813999966, -51.799726957999951 ], [ -73.998899896999944, -51.803063960999964 ], [ -74.009172924999973, -51.803335869999955 ], [ -74.022463940999955, -51.802026951999949 ] ] ], [ [ [ -67.338899956999967, -55.790835879999975 ], [ -67.337499843999979, -55.760417952999944 ], [ -67.346681882999974, -55.755282025999975 ], [ -67.400281974999984, -55.747508983999978 ], [ -67.460008902999959, -55.756390951999947 ], [ -67.552508903999978, -55.737781952999967 ], [ -67.556399950999946, -55.712226870999984 ], [ -67.543064007999988, -55.663754995999966 ], [ -67.429172886999936, -55.592782068999952 ], [ -67.370699891999948, -55.575691032999941 ], [ -67.353064031999963, -55.575281995999944 ], [ -67.268063989999973, -55.721390973999974 ], [ -67.251681894999933, -55.760982054999943 ], [ -67.256390848999956, -55.772090926999965 ], [ -67.27917286099995, -55.783055126999955 ], [ -67.301126909999937, -55.787917971999946 ], [ -67.338899956999967, -55.790835879999975 ] ] ], [ [ [ -74.870564016999936, -52.141673068999978 ], [ -74.877226791999988, -52.14000892599995 ], [ -74.897573023999939, -52.116390901999978 ], [ -74.794872916999964, -51.901117978999935 ], [ -74.787226776999944, -51.887782035999976 ], [ -74.766108906999989, -51.857782030999942 ], [ -74.755008920999956, -51.843055026999934 ], [ -74.743472906999955, -51.832781998999963 ], [ -74.73083584699998, -51.831944813999939 ], [ -74.600835880999966, -51.843472948999931 ], [ -74.605008895999958, -51.858890956999971 ], [ -74.769726871999978, -52.083617995999987 ], [ -74.780008952999935, -52.091391037999983 ], [ -74.863617933999933, -52.139164029999961 ], [ -74.870564016999936, -52.141673068999978 ] ] ], [ [ [ -72.294190938999975, -54.078900044999955 ], [ -72.238617914999963, -54.108890997999936 ], [ -72.208126897999989, -54.145417990999931 ], [ -72.251955030999966, -54.20056404099995 ], [ -72.301808914999981, -54.253335832999937 ], [ -72.322235780999961, -54.258055011999943 ], [ -72.430008950999934, -54.261944884999934 ], [ -72.468335873999933, -54.258608887999969 ], [ -72.490008960999944, -54.250281969999946 ], [ -72.501108947999967, -54.243055092999953 ], [ -72.511126830999956, -54.202782059999947 ], [ -72.386945917999981, -54.091390924999985 ], [ -72.366535815999953, -54.079444868999985 ], [ -72.331954932999963, -54.069173013999944 ], [ -72.305699961999949, -54.070564074999936 ], [ -72.296399904999987, -54.075282079999965 ], [ -72.294190938999975, -54.078900044999955 ] ] ], [ [ [ -73.745563912999955, -44.743617885999981 ], [ -73.758617888999936, -44.743054957999959 ], [ -73.822235863999936, -44.679999911999971 ], [ -73.825563981999949, -44.584726840999963 ], [ -73.821255013999973, -44.569309000999965 ], [ -73.806399933999955, -44.559581969999954 ], [ -73.709590963999972, -44.542644825999957 ], [ -73.692363973999989, -44.543608911999968 ], [ -73.675563956999952, -44.549444895999954 ], [ -73.659454944999936, -44.560355116999972 ], [ -73.627926918999947, -44.618335925999929 ], [ -73.589590943999951, -44.701391030999957 ], [ -73.591399925999951, -44.712081980999983 ], [ -73.602363958999945, -44.71778201099994 ], [ -73.711399945999972, -44.741955083999983 ], [ -73.745563912999955, -44.743617885999981 ] ] ], [ [ [ -73.992781944999933, -43.939999899999975 ], [ -74.019181922999962, -43.917781988999934 ], [ -74.099872995999988, -43.900281915999983 ], [ -74.118899916999965, -43.896117953999976 ], [ -74.165282015999935, -43.882917964999933 ], [ -74.173055057999989, -43.874999916999968 ], [ -74.152990960999944, -43.820355104999976 ], [ -74.140017786999977, -43.810835944999951 ], [ -74.124035843999934, -43.805417882999961 ], [ -74.063608859999988, -43.811108859999933 ], [ -74.047499847999973, -43.814172947999964 ], [ -73.915426869999976, -43.799726905999933 ], [ -73.860072948999971, -43.764163998999948 ], [ -73.789735872999984, -43.821673074999978 ], [ -73.769726928999944, -43.86695496599998 ], [ -73.764035783999987, -43.889308998999979 ], [ -73.853899843999955, -43.894726893999973 ], [ -73.86722690299996, -43.88572690899997 ], [ -73.883899848999988, -43.880563991999963 ], [ -73.889017839999951, -43.870391042999984 ], [ -73.874172985999962, -43.861808979999978 ], [ -73.864445954999951, -43.852572960999964 ], [ -73.879182010999955, -43.844999911999935 ], [ -73.905835792999937, -43.842226842999935 ], [ -73.964381877999983, -43.852708915999983 ], [ -73.970081907999941, -43.874581994999971 ], [ -73.95807298699998, -43.88472694799998 ], [ -73.954346057999942, -43.895999936999942 ], [ -73.929981876999989, -43.906355107999957 ], [ -73.961681898999984, -43.934726843999954 ], [ -73.978345960999945, -43.939172940999981 ], [ -73.992781944999933, -43.939999899999975 ] ] ], [ [ [ -73.840290985999957, -52.393617991999974 ], [ -73.881672944999934, -52.361390914999959 ], [ -73.914735865999944, -52.303064100999961 ], [ -74.000564039999972, -52.258335917999943 ], [ -74.078063954999948, -52.196390970999971 ], [ -74.08584604899994, -52.187781917999985 ], [ -74.094246056999964, -52.166117883999959 ], [ -74.079726923999942, -52.152499972999976 ], [ -74.048335858999963, -52.141390933999958 ], [ -74.037226819999944, -52.141673068999978 ], [ -73.990155056999981, -52.161255038999968 ], [ -73.948490962999983, -52.202264002999982 ], [ -73.886790935999954, -52.223244912999974 ], [ -73.809717826999986, -52.249455123999951 ], [ -73.789172943999972, -52.264164022999978 ], [ -73.777235772999973, -52.277226883999958 ], [ -73.772781964999979, -52.287782046999951 ], [ -73.747508849999974, -52.355835891999959 ], [ -73.751746069999967, -52.37187298799995 ], [ -73.76529089, -52.382782034999934 ], [ -73.808063909999987, -52.397226903999979 ], [ -73.832926813999961, -52.396673027999952 ], [ -73.840290985999957, -52.393617991999974 ] ] ], [ [ [ -74.000564039999972, -45.357226844999957 ], [ -74.014035769999964, -45.35583595199995 ], [ -74.133199945999934, -45.323473087999957 ], [ -74.143890895999959, -45.313899948999961 ], [ -74.166117859999986, -45.250555055999939 ], [ -74.143472974999952, -45.229726864999975 ], [ -74.082372923999969, -45.21083589899996 ], [ -74.066672947999962, -45.209726973999977 ], [ -74.052926794999962, -45.214309024999977 ], [ -74.043899819999979, -45.221673029999977 ], [ -74.036808897999947, -45.236526935999962 ], [ -74.031399887999953, -45.249173047999932 ], [ -74.022508867999989, -45.25667300799995 ], [ -74.010563984999976, -45.262217971999974 ], [ -73.994173005999983, -45.265282059999947 ], [ -73.976672932999975, -45.267499911999948 ], [ -73.939454935999947, -45.268335922999938 ], [ -73.921955030999982, -45.267782046999969 ], [ -73.886399835999953, -45.263054988999954 ], [ -73.858063973999947, -45.260281919999954 ], [ -73.831117831999961, -45.26306404099995 ], [ -73.817781887999956, -45.268054961999951 ], [ -73.807781941999963, -45.274726956999984 ], [ -73.793899833999944, -45.291944893999982 ], [ -73.784454937999953, -45.311955011999942 ], [ -73.782235912999965, -45.330699964999951 ], [ -73.792508940999937, -45.34625510099994 ], [ -73.802226919999953, -45.349444917999961 ], [ -73.874999944999956, -45.349726884999939 ], [ -73.961673014999974, -45.351954962999969 ], [ -74.000564039999972, -45.357226844999957 ] ] ], [ [ [ -73.42980890299998, -53.397055018999936 ], [ -73.407790983999973, -53.403064004999976 ], [ -73.395290883999962, -53.415699891999964 ], [ -73.466535887999953, -53.473199914999952 ], [ -73.402790842999934, -53.527226980999956 ], [ -73.395426838999981, -53.542364027999952 ], [ -73.489872949999949, -53.57389104799995 ], [ -73.510281878999933, -53.569455008999967 ], [ -73.644455026999935, -53.521664079999937 ], [ -73.767372954999985, -53.46569995599998 ], [ -73.783064044999946, -53.451391040999965 ], [ -73.800708956999983, -53.431526936999944 ], [ -73.797508913999934, -53.420835986999975 ], [ -73.780835799999977, -53.421391035999932 ], [ -73.745008863999942, -53.444726924999941 ], [ -73.712235789999966, -53.460008978999952 ], [ -73.691390834999936, -53.468608978999953 ], [ -73.674455031999969, -53.472781993999945 ], [ -73.664172950999955, -53.473890918999984 ], [ -73.622508856999957, -53.475835855999946 ], [ -73.537373027999934, -53.456391013999962 ], [ -73.538481953999963, -53.445972978999976 ], [ -73.547790895999981, -53.441118012999937 ], [ -73.563608887999976, -53.436108987999944 ], [ -73.57889982599994, -53.431400034999967 ], [ -73.564999948999969, -53.393335967999974 ], [ -73.450564003999943, -53.394999943999949 ], [ -73.439181881999957, -53.395564045999947 ], [ -73.42980890299998, -53.397055018999936 ] ] ], [ [ [ -74.525554990999979, -48.340281987999958 ], [ -74.53486393299994, -48.335835890999931 ], [ -74.596681977999935, -48.246673059999978 ], [ -74.599455046999935, -48.235554968999963 ], [ -74.601117848999934, -48.217508898999938 ], [ -74.601963917999967, -48.192499981999958 ], [ -74.600699926999937, -48.154726934999985 ], [ -74.566390952999939, -48.120973010999933 ], [ -74.549590936999948, -48.121108964999962 ], [ -74.529726831999938, -48.13222688899998 ], [ -74.508899981999946, -48.145835914999964 ], [ -74.498335765999968, -48.152781997999966 ], [ -74.390290854999989, -48.226108898999939 ], [ -74.366672998999945, -48.258472935999976 ], [ -74.40779092799994, -48.298335926999982 ], [ -74.418899966999959, -48.304726959999982 ], [ -74.525554990999979, -48.340281987999958 ] ] ], [ [ [ -73.773055046999957, -46.211944936999942 ], [ -73.805555037999966, -46.190835951999929 ], [ -73.814999934999946, -46.183617958999946 ], [ -73.934864, -46.071664062999957 ], [ -73.933899913999937, -46.055000001999986 ], [ -73.920835878999981, -46.028064084999983 ], [ -73.909454930999971, -46.018608962999963 ], [ -73.895146016999945, -46.015144889999931 ], [ -73.847781892999933, -46.013890957999934 ], [ -73.829181946999938, -46.015555100999961 ], [ -73.740008890999945, -46.042782036999938 ], [ -73.697235870999975, -46.065564049999978 ], [ -73.683335825999961, -46.076664035999954 ], [ -73.677926815999967, -46.094035865999956 ], [ -73.684726885999964, -46.112090987999977 ], [ -73.739181931999951, -46.186954962999948 ], [ -73.753346006999948, -46.205555075999939 ], [ -73.765017807999982, -46.211108925999952 ], [ -73.773055046999957, -46.211944936999942 ] ] ], [ [ [ -75.206526790999987, -48.994664043999933 ], [ -75.226390895999941, -48.966944921999982 ], [ -75.309517917999983, -48.80007296399998 ], [ -75.277508937999983, -48.798890947999951 ], [ -75.227508873999966, -48.809444937999956 ], [ -75.212508954999976, -48.813899918999937 ], [ -75.184446007999952, -48.823890979999931 ], [ -75.150554955999951, -48.837781972999949 ], [ -75.117099929999938, -48.854591041999981 ], [ -75.105008866999981, -48.863617848999979 ], [ -75.096390929999984, -48.87167302499995 ], [ -75.082226854999988, -48.889164045999962 ], [ -75.077226881999934, -48.899173043999951 ], [ -75.059026919999951, -48.949591029999965 ], [ -75.061808873999951, -48.961108937999938 ], [ -75.0700088899999, -48.970009010999945 ], [ -75.172226869999974, -48.998891036999964 ], [ -75.190146037999966, -48.999308958999961 ], [ -75.206526790999987, -48.994664043999933 ] ] ], [ [ [ -74.401672975999986, -44.550835956999947 ], [ -74.513072995999948, -44.531944822999947 ], [ -74.530564016999961, -44.520281907999959 ], [ -74.536117865999984, -44.510835837999934 ], [ -74.549035886999945, -44.477217868999958 ], [ -74.542581988999984, -44.462573006999946 ], [ -74.520572955999967, -44.445555061999983 ], [ -74.506535781999958, -44.438608977999934 ], [ -74.315145918999974, -44.396944884999982 ], [ -74.264935803999947, -44.40895497799994 ], [ -74.230281998999942, -44.449999984999977 ], [ -74.218890992999945, -44.46555495299998 ], [ -74.219599933999973, -44.476108942999986 ], [ -74.243346032999966, -44.48222689399995 ], [ -74.331681904999982, -44.498335905999966 ], [ -74.399446071999989, -44.508890900999972 ], [ -74.41250893299997, -44.51278194899993 ], [ -74.401672975999986, -44.550835956999947 ] ] ], [ [ [ -73.986955013999989, -45.724726863999933 ], [ -73.995835807999981, -45.724726863999933 ], [ -74.048335858999963, -45.717781953999975 ], [ -74.061255053999957, -45.709444810999969 ], [ -74.092508823999935, -45.65389089699994 ], [ -74.111399956999946, -45.617226943999981 ], [ -74.112217862999955, -45.596673008999971 ], [ -74.062235903999976, -45.552917964999949 ], [ -74.028899901999978, -45.538608882999938 ], [ -74.011945993999973, -45.537509009999951 ], [ -73.963763963999952, -45.555417951999971 ], [ -73.917235851999976, -45.588335864999976 ], [ -73.896808818999943, -45.617781993999984 ], [ -73.896390896999947, -45.633608870999979 ], [ -73.905008833999943, -45.664172977999954 ], [ -73.924726925999948, -45.702291023999976 ], [ -73.986955013999989, -45.724726863999933 ] ] ], [ [ [ -75.612790932999985, -48.796955063999974 ], [ -75.621945982999989, -48.795835911999973 ], [ -75.634173000999965, -48.792226831999983 ], [ -75.64931792699997, -48.780835825999986 ], [ -75.654445974999987, -48.76625500199998 ], [ -75.647635845999957, -48.705490897999937 ], [ -75.623899972999936, -48.703608992999932 ], [ -75.578608861999953, -48.716944935999948 ], [ -75.533335855999951, -48.724164101999975 ], [ -75.513626815999942, -48.726108870999951 ], [ -75.497508918999984, -48.723617936999972 ], [ -75.486117912999987, -48.71750887099995 ], [ -75.426390984999955, -48.681118 ], [ -75.348072995999985, -48.635564031999934 ], [ -75.300981954999941, -48.657364020999978 ], [ -75.291945927999961, -48.67444483099996 ], [ -75.287226916999941, -48.684444944999939 ], [ -75.283335869999974, -48.695282074999966 ], [ -75.281254977999936, -48.709864071999959 ], [ -75.301117909999959, -48.729444867999973 ], [ -75.318072990999951, -48.738617855999962 ], [ -75.491390967999962, -48.780835825999986 ], [ -75.612790932999985, -48.796955063999974 ] ] ], [ [ [ -74.139172890999987, -45.579444844999955 ], [ -74.144454997999958, -45.572917856999936 ], [ -74.143055052999955, -45.56152685 ], [ -74.140835859999981, -45.55097302799993 ], [ -74.138063964999958, -45.534726887999966 ], [ -74.133199945999934, -45.519581962999951 ], [ -74.124454938999975, -45.511808920999954 ], [ -74.109935805999953, -45.503817949999984 ], [ -74.109245975999954, -45.48236396599998 ], [ -74.100845967999987, -45.468890893999969 ], [ -74.087226883999961, -45.455835911999941 ], [ -74.077226937999967, -45.44278193599996 ], [ -74.071946003999983, -45.431944805999933 ], [ -74.060145959999943, -45.422917998999935 ], [ -74.045708802999968, -45.42139098399997 ], [ -74.031399887999953, -45.428063984999937 ], [ -74.01779086199997, -45.433063957999934 ], [ -73.999454945999958, -45.434717874999933 ], [ -73.976817939999989, -45.434444959999951 ], [ -73.965290978999974, -45.43722691399995 ], [ -73.954181939999955, -45.443335812999976 ], [ -73.945008952999956, -45.450835939999934 ], [ -73.917781848999937, -45.460008926999933 ], [ -73.904317829999968, -45.467917922999959 ], [ -73.890973001999953, -45.472781940999937 ], [ -73.876535844999978, -45.470417908999934 ], [ -73.852235868999969, -45.456672928999978 ], [ -73.835563927999942, -45.452226832999941 ], [ -73.819926816999953, -45.460491053999931 ], [ -73.81584600399998, -45.47583597199997 ], [ -73.823063995999973, -45.496117997999932 ], [ -73.833890899999972, -45.513335935999976 ], [ -73.840846035999959, -45.526526871999977 ], [ -73.84861790399998, -45.535144809999963 ], [ -73.858617849999973, -45.547499902999959 ], [ -73.864590961999966, -45.567082039999946 ], [ -73.877781897999967, -45.569726865999939 ], [ -73.898055039999974, -45.55971786799995 ], [ -73.908064037999964, -45.559173043999976 ], [ -73.923335865999945, -45.555555079999976 ], [ -73.93361794599997, -45.545554965999941 ], [ -73.941117905999988, -45.537364002999936 ], [ -73.961399931999949, -45.533335827999963 ], [ -73.980835888999934, -45.532499983999969 ], [ -73.999035850999974, -45.527090973999975 ], [ -74.012782004999963, -45.522644877999937 ], [ -74.045699917999968, -45.517363942999964 ], [ -74.056399919999933, -45.519726969999965 ], [ -74.07223585, -45.529163986999947 ], [ -74.094454933999941, -45.533617961999937 ], [ -74.110008896999943, -45.545144922999953 ], [ -74.12056389199995, -45.564444925999965 ], [ -74.129873000999964, -45.575835932999951 ], [ -74.139172890999987, -45.579444844999955 ] ] ], [ [ [ -74.428072953999958, -51.206672940999965 ], [ -74.561399864999942, -51.16639102299996 ], [ -74.575708946999953, -51.157917923999946 ], [ -74.605146023999964, -51.103481988999931 ], [ -74.601108963999934, -51.075281913999959 ], [ -74.49486398199997, -51.026117860999932 ], [ -74.477646043999982, -51.024591012999963 ], [ -74.466672958999936, -51.028335879999986 ], [ -74.454999817999976, -51.041391029999943 ], [ -74.393335832999981, -51.122217889999945 ], [ -74.388063950999936, -51.131954978999943 ], [ -74.385281996999936, -51.143335926999953 ], [ -74.385146042999963, -51.171390994999967 ], [ -74.409172935999948, -51.206390972999941 ], [ -74.421672867999973, -51.20833591 ], [ -74.428072953999958, -51.206672940999965 ] ] ], [ [ [ -74.171108947999983, -47.17444491599997 ], [ -74.183626816999947, -47.168890898999962 ], [ -74.227646057999948, -47.12986408699993 ], [ -74.229172905999974, -47.116672982999944 ], [ -74.227508929999942, -47.10305507299995 ], [ -74.211399917999984, -47.070555080999952 ], [ -74.195281853999973, -47.038335883999935 ], [ -74.18598196399995, -47.027226843999983 ], [ -74.175146007999956, -47.020835978999969 ], [ -74.163617872999964, -47.018617958999982 ], [ -74.033335771999987, -47.023608879999983 ], [ -73.976672932999975, -47.053617936999956 ], [ -74.058346029999939, -47.133055077999984 ], [ -74.08056394099998, -47.149172974999942 ], [ -74.091672980999988, -47.155282040999964 ], [ -74.104172912999957, -47.160282013999961 ], [ -74.154446058999952, -47.172499978999952 ], [ -74.171108947999983, -47.17444491599997 ] ] ], [ [ [ -74.281908822999981, -51.218218005999972 ], [ -74.323626895999951, -51.08500894499997 ], [ -74.337781918999951, -51.028890929999932 ], [ -74.348335908999957, -50.934309030999941 ], [ -74.340981961999944, -50.924591052999972 ], [ -74.314863951999939, -50.92382695799995 ], [ -74.295563948999984, -50.950281920999942 ], [ -74.290282008999952, -50.960282034999977 ], [ -74.235835847999965, -51.072226877999981 ], [ -74.200290878999965, -51.161944925999933 ], [ -74.192363944999954, -51.198608878999949 ], [ -74.249454931999935, -51.243055093999942 ], [ -74.263335866999967, -51.247781984999961 ], [ -74.277090904999966, -51.24680901399995 ], [ -74.284863946999963, -51.238055120999945 ], [ -74.283064016999958, -51.221391059999974 ], [ -74.281908822999981, -51.218218005999972 ] ] ], [ [ [ -70.281399931999943, -54.275555083999961 ], [ -70.293064020999964, -54.275555083999961 ], [ -70.314181889999986, -54.273608973999956 ], [ -70.448626779999984, -54.241108982999947 ], [ -70.46792678199995, -54.234863961999963 ], [ -70.50750881099998, -54.199999937999962 ], [ -70.515290905999962, -54.190835835999962 ], [ -70.517226789999938, -54.178608985999972 ], [ -70.511126775999969, -54.160835830999986 ], [ -70.501954961999957, -54.148890947999973 ], [ -70.488345936999963, -54.146664043999976 ], [ -70.468335818999947, -54.149173082999937 ], [ -70.292917839999973, -54.190564094999957 ], [ -70.234726812999952, -54.212500037999973 ], [ -70.21722690699994, -54.229026971999986 ], [ -70.219726893999962, -54.244864074999953 ], [ -70.231946031999939, -54.256673002999946 ], [ -70.257508824999945, -54.272644887999945 ], [ -70.270845941999937, -54.275282001999983 ], [ -70.281399931999943, -54.275555083999961 ] ] ], [ [ [ -73.844435837999981, -44.957435877999956 ], [ -73.872508842999935, -44.938055073999976 ], [ -73.882508955999981, -44.931117875999973 ], [ -73.913890969999954, -44.905282 ], [ -73.924181934999979, -44.892226850999975 ], [ -73.93000886699997, -44.883055036999963 ], [ -73.936872974999972, -44.808890951999956 ], [ -73.930555030999983, -44.793335815999967 ], [ -73.915146075999985, -44.780144878999977 ], [ -73.900281943999971, -44.773609006999948 ], [ -73.885563992999948, -44.771117904999983 ], [ -73.864035911999963, -44.770144933999973 ], [ -73.843335796999952, -44.776808881999955 ], [ -73.833617817999937, -44.786944949999963 ], [ -73.770281977999957, -44.902226963999965 ], [ -73.76528200499996, -44.932508935999977 ], [ -73.771117821999951, -44.946108909999964 ], [ -73.778063904999954, -44.955554978999942 ], [ -73.793626919999951, -44.964999874999933 ], [ -73.813481971999977, -44.967364074999978 ], [ -73.82583589099994, -44.965282009999953 ], [ -73.838899925999954, -44.960555119999981 ], [ -73.844435837999981, -44.957435877999956 ] ] ], [ [ [ -74.273055018999969, -48.467781966999951 ], [ -74.286954896999987, -48.453890973999933 ], [ -74.29749983399995, -48.447226857999965 ], [ -74.316117884999983, -48.438335837999944 ], [ -74.386126892999982, -48.406954998999936 ], [ -74.407226825999942, -48.399444812999945 ], [ -74.458199860999969, -48.38652695899998 ], [ -74.472226807999959, -48.378617962999954 ], [ -74.487090939999973, -48.364444834999972 ], [ -74.491526810999972, -48.354164095999977 ], [ -74.361954992999983, -48.288608895999971 ], [ -74.345145923999951, -48.282917918999942 ], [ -74.331681904999982, -48.281955005999976 ], [ -74.310008817999972, -48.28555503299998 ], [ -74.295835857999975, -48.296672956999942 ], [ -74.296808829999975, -48.312917923999976 ], [ -74.310699821999947, -48.341535919999956 ], [ -74.311255039999935, -48.353891012999952 ], [ -74.299181913999973, -48.369444807999969 ], [ -74.270572969999989, -48.398890936999976 ], [ -74.251399868999954, -48.413608888999931 ], [ -74.230426837999971, -48.424172935999934 ], [ -74.216746063999949, -48.434035921999964 ], [ -74.221390978999978, -48.447782075999953 ], [ -74.232790869999974, -48.454172940999968 ], [ -74.260699925999972, -48.466117991999965 ], [ -74.273055018999969, -48.467781966999951 ] ] ], [ [ [ -74.701355016999969, -45.732126910999966 ], [ -74.703899930999967, -45.720555022999974 ], [ -74.70445498, -45.70195507699998 ], [ -74.700835841999947, -45.68972688599996 ], [ -74.68860882499996, -45.654444940999952 ], [ -74.682508810999934, -45.636944867999944 ], [ -74.67639086, -45.62694492299994 ], [ -74.669172867999976, -45.617781993999984 ], [ -74.65583591799998, -45.606117904999962 ], [ -74.645008845999939, -45.600009005999937 ], [ -74.63250891399997, -45.594999980999944 ], [ -74.576526852999962, -45.576117899999986 ], [ -74.552372889999958, -45.576535820999936 ], [ -74.541264018999982, -45.582782015999953 ], [ -74.537090836999937, -45.593064095999978 ], [ -74.550417894999953, -45.68812694899998 ], [ -74.580555027999935, -45.740555082999947 ], [ -74.593608836999977, -45.748891052999966 ], [ -74.605281977999937, -45.754444901999932 ], [ -74.624735871999974, -45.756955113999936 ], [ -74.63806393699997, -45.755835962999981 ], [ -74.689035798999953, -45.747364037999944 ], [ -74.699035911999943, -45.740555082999947 ], [ -74.701355016999969, -45.732126910999966 ] ] ], [ [ [ -73.272508909999942, -54.135564057999943 ], [ -73.334726771999954, -54.115563997999971 ], [ -73.45750891299997, -54.082226989999981 ], [ -73.468199862999938, -54.071808954999938 ], [ -73.389590854999938, -54.029035934999968 ], [ -73.35250881199994, -54.028063969999948 ], [ -73.319735905999948, -54.029444971999965 ], [ -73.251254917999972, -54.034999994999964 ], [ -73.238890940999966, -54.038335824999933 ], [ -73.183335853999949, -54.05639999899995 ], [ -73.178617847999988, -54.06694493699996 ], [ -73.161946074999946, -54.116044951999982 ], [ -73.176390943999934, -54.126399954999954 ], [ -73.194172983999977, -54.128891056999976 ], [ -73.272508909999942, -54.135564057999943 ] ] ], [ [ [ -66.869663916999968, -55.232344807999937 ], [ -66.850008855999988, -55.244590936999941 ], [ -66.827508810999973, -55.294173078999961 ], [ -66.842846016999943, -55.317782050999938 ], [ -66.874726920999933, -55.332226919999982 ], [ -66.893890969999973, -55.33528195599996 ], [ -66.916672981999966, -55.334726905999958 ], [ -67.002499815999954, -55.331944951999958 ], [ -67.052081957999974, -55.329590978999931 ], [ -67.06167286699997, -55.324717907999968 ], [ -67.072090901999957, -55.275344809999979 ], [ -67.043481957999973, -55.248891020999963 ], [ -67.020845957999938, -55.241255106999972 ], [ -66.94250885799994, -55.223755033999964 ], [ -66.91473575699996, -55.222226844999966 ], [ -66.895572881999954, -55.224726998999984 ], [ -66.878617800999962, -55.228890960999934 ], [ -66.869663916999968, -55.232344807999937 ] ] ], [ [ [ -73.113590875999989, -52.051655116999939 ], [ -73.118063961999951, -52.030835977999971 ], [ -73.112635840999985, -52.012364106999939 ], [ -73.105564029999982, -51.998891035999975 ], [ -73.098890860999973, -51.988890922999985 ], [ -73.056955025999969, -51.933335835999969 ], [ -73.047499903999949, -51.928890912999975 ], [ -72.967508886999951, -51.903891047999934 ], [ -72.888335776999952, -51.885564016999979 ], [ -72.893064007999953, -51.917782040999953 ], [ -72.989872978999983, -52.043335909999939 ], [ -73.016954907999946, -52.050281992999942 ], [ -73.073335779999979, -52.062226875999954 ], [ -73.094726898999966, -52.064308940999979 ], [ -73.105564029999982, -52.060281938999935 ], [ -73.113590875999989, -52.051655116999939 ] ] ], [ [ [ -73.908617913999933, -45.989173059999985 ], [ -73.919872965999957, -45.98625498399997 ], [ -73.928890887999955, -45.975835943999982 ], [ -73.944172941999966, -45.94389100199993 ], [ -73.945554949999973, -45.928608947999976 ], [ -73.936672982999937, -45.913064037999959 ], [ -73.93000886699997, -45.90389105099996 ], [ -73.902508847999968, -45.873608910999963 ], [ -73.88680887299995, -45.860282019999943 ], [ -73.740846074999979, -45.799308870999937 ], [ -73.72667294699994, -45.801254980999943 ], [ -73.713899932999936, -45.816672989999972 ], [ -73.708890906999954, -45.826664049999977 ], [ -73.703899818999957, -45.842781946999935 ], [ -73.700008939999975, -45.893754982999951 ], [ -73.715563907999979, -45.886390977999952 ], [ -73.724726836999935, -45.879035857999952 ], [ -73.740699894999977, -45.876399916999958 ], [ -73.78319983199998, -45.8793089399999 ], [ -73.803199890999963, -45.885418006999942 ], [ -73.821672934999981, -45.932499994999944 ], [ -73.853681914999981, -45.975908865999941 ], [ -73.908617913999933, -45.989173059999985 ] ] ], [ [ [ -75.18300884699994, -47.837844893999943 ], [ -75.178481948999945, -47.820835832999933 ], [ -75.180972882999981, -47.809726960999967 ], [ -75.190281991999939, -47.80208199499998 ], [ -75.233063895999976, -47.791117962999976 ], [ -75.251108960999943, -47.788608923999959 ], [ -75.271663901999943, -47.787226915999952 ], [ -75.288890891999984, -47.78389091799994 ], [ -75.300981954999941, -47.772091041999943 ], [ -75.263335809999944, -47.74472697799996 ], [ -75.139163949999954, -47.698335825999948 ], [ -75.121946011999967, -47.703891016999933 ], [ -75.091672923999965, -47.731391034999945 ], [ -75.078899909999961, -47.749726950999957 ], [ -75.060708832999978, -47.789582062999955 ], [ -75.065845932999935, -47.804791025999975 ], [ -75.080563884999947, -47.821673016999966 ], [ -75.089735865999955, -47.829172976999985 ], [ -75.102917917999946, -47.837917983999944 ], [ -75.131955009999956, -47.848890900999947 ], [ -75.201046031999965, -47.857781920999969 ], [ -75.18300884699994, -47.837844893999943 ] ] ], [ [ [ -74.078081891999943, -51.377635937999969 ], [ -74.090290971999934, -51.372217875999979 ], [ -74.101963945999955, -51.362226981999981 ], [ -74.119872887999975, -51.294999927999982 ], [ -74.118899916999965, -51.284999981999931 ], [ -74.107926831999976, -51.236944854999933 ], [ -74.100146078999956, -51.227499957999953 ], [ -74.089172993999966, -51.224163960999931 ], [ -74.070008945999973, -51.223064087999944 ], [ -73.996535864999942, -51.230564046999973 ], [ -73.97126392399997, -51.241044945999931 ], [ -73.965008844999943, -51.255281943999933 ], [ -73.952517796999985, -51.306399986999963 ], [ -73.955008898999949, -51.329444855999952 ], [ -74.049864046999971, -51.379999969999972 ], [ -74.078081891999943, -51.377635937999969 ] ] ], [ [ [ -75.129181940999956, -48.83444480199995 ], [ -75.136126850999972, -48.831944815999975 ], [ -75.244590856999935, -48.785281921999967 ], [ -75.247572970999954, -48.770072958999947 ], [ -75.186955046999969, -48.717781952999985 ], [ -75.081681862999972, -48.637644923999972 ], [ -75.068345919999956, -48.635973068999931 ], [ -75.061399836999954, -48.648055079999949 ], [ -75.057781871999964, -48.658617953999965 ], [ -75.053890992999982, -48.675563982999961 ], [ -75.054735887999982, -48.688608906999946 ], [ -75.056672945999935, -48.70250895199996 ], [ -75.082781903999944, -48.77569101399996 ], [ -75.107226886999968, -48.821109026999977 ], [ -75.117645927999945, -48.832090995999977 ], [ -75.129181940999956, -48.83444480199995 ] ] ], [ [ [ -74.757781989999955, -50.500282013999936 ], [ -74.779590862999953, -50.495835916999965 ], [ -74.786535772999969, -50.488064048999945 ], [ -74.755908968999961, -50.391808953999941 ], [ -74.699726915999975, -50.364308935999986 ], [ -74.68860882499996, -50.361672994999935 ], [ -74.670008878999965, -50.361944903999984 ], [ -74.609454991999939, -50.366391000999954 ], [ -74.54653590099997, -50.379444808999949 ], [ -74.543764004999957, -50.389726889999963 ], [ -74.557508817999974, -50.40555510799993 ], [ -74.641108914999961, -50.452226885999949 ], [ -74.723345945999938, -50.495835916999965 ], [ -74.738346031999981, -50.500000045999968 ], [ -74.757781989999955, -50.500282013999936 ] ] ], [ [ [ -74.428746020999938, -49.614517854999974 ], [ -74.438335755999958, -49.575563965999947 ], [ -74.449717877999944, -49.485000015999958 ], [ -74.442508937999946, -49.445282032999955 ], [ -74.437781879999989, -49.429864024999972 ], [ -74.426117790999967, -49.426808988999937 ], [ -74.366672998999945, -49.46110891 ], [ -74.34153583899996, -49.476672930999939 ], [ -74.331681904999982, -49.487226919999955 ], [ -74.287090850999959, -49.549590961999968 ], [ -74.291817908999974, -49.558617936999951 ], [ -74.415835877999939, -49.628335924999931 ], [ -74.428746020999938, -49.614517854999974 ] ] ], [ [ [ -75.108554914999957, -51.899808893999932 ], [ -75.116672955999945, -51.894444810999971 ], [ -75.121817935999957, -51.884591044999979 ], [ -75.095290888999955, -51.790554975999953 ], [ -75.076954972999943, -51.750835818999974 ], [ -75.070846073999974, -51.740281996999954 ], [ -75.055554967999967, -51.728617907999933 ], [ -75.034035772999971, -51.718064086999959 ], [ -75.014454975999968, -51.713617989999932 ], [ -74.989172976999953, -51.716535897999961 ], [ -74.968190893999974, -51.729455092999956 ], [ -74.964446026999951, -51.745000002999973 ], [ -74.973345931999972, -51.782499966999978 ], [ -74.990572921999956, -51.823064019999947 ], [ -75.006254959999978, -51.853199979999943 ], [ -75.015835810999988, -51.865008907999936 ], [ -75.02723587, -51.87221801499993 ], [ -75.071673032999968, -51.896254966999948 ], [ -75.094735838999952, -51.901673028999937 ], [ -75.108554914999957, -51.899808893999932 ] ] ], [ [ [ -74.134964001999947, -51.451381933999983 ], [ -74.195554935999951, -51.429726951999953 ], [ -74.235290856999939, -51.411663949999934 ], [ -74.247226854999951, -51.402226932999952 ], [ -74.261126899999965, -51.348891038999966 ], [ -74.263899968999965, -51.318335983999987 ], [ -74.259799876999978, -51.299935862999973 ], [ -74.182226871999944, -51.282781962999934 ], [ -74.169172895999964, -51.288064070999951 ], [ -74.116673012999968, -51.378335826999944 ], [ -74.111390904999951, -51.388335939999934 ], [ -74.109455020999974, -51.441673007999952 ], [ -74.115290836999975, -51.452499911999951 ], [ -74.127790936999986, -51.45444484899997 ], [ -74.134964001999947, -51.451381933999983 ] ] ], [ [ [ -66.581954921999966, -55.285564025999975 ], [ -66.628208945999972, -55.278617942999972 ], [ -66.638063884999951, -55.270417926999983 ], [ -66.644035822999967, -55.253054981999981 ], [ -66.644726826999943, -55.243055036999976 ], [ -66.62778197199998, -55.202081946999954 ], [ -66.540555024999946, -55.165835914999946 ], [ -66.517499929999985, -55.164999903999956 ], [ -66.501955019999968, -55.16611788199998 ], [ -66.432781854999973, -55.184582041999931 ], [ -66.42062692199994, -55.202081946999954 ], [ -66.511672998999984, -55.268335861999958 ], [ -66.57139992599997, -55.284726841999941 ], [ -66.581954921999966, -55.285564025999975 ] ] ], [ [ [ -70.465699877999953, -54.839963946999944 ], [ -70.440846025999974, -54.84417300399997 ], [ -70.420981921999953, -54.849863980999942 ], [ -70.397017892999941, -54.868890900999986 ], [ -70.407781932999967, -54.879863985999975 ], [ -70.420290917999978, -54.882226843999945 ], [ -70.604317948999949, -54.90417301399998 ], [ -70.678890903999957, -54.90417301399998 ], [ -70.730835904999935, -54.886390973999937 ], [ -70.744864025999959, -54.872090943999979 ], [ -70.730835904999935, -54.863890927999933 ], [ -70.69709086599994, -54.852363966999974 ], [ -70.589445937999983, -54.834444966999968 ], [ -70.515017822999937, -54.829726960999949 ], [ -70.470563896999977, -54.83861798099997 ], [ -70.465699877999953, -54.839963946999944 ] ] ], [ [ [ -74.023055032999935, -45.9188909699999 ], [ -74.069454901999961, -45.841663968999967 ], [ -74.093064040999934, -45.811954983999954 ], [ -74.10513582599998, -45.786944892999941 ], [ -74.093899884999985, -45.769173078999984 ], [ -74.085281946999942, -45.761390984999935 ], [ -74.048481871999968, -45.739581943999951 ], [ -74.034172956999953, -45.736944828999981 ], [ -73.965563893999956, -45.754172992999941 ], [ -73.962508857999978, -45.788064044999942 ], [ -73.965835802999948, -45.861944821999941 ], [ -73.970426906999933, -45.876808953999955 ], [ -73.984308846999966, -45.902364035999938 ], [ -74.015017793999959, -45.917782043999978 ], [ -74.023055032999935, -45.9188909699999 ] ] ], [ [ [ -74.385008914999958, -44.86028190899998 ], [ -74.403335777999985, -44.85833596599997 ], [ -74.464999931999955, -44.830208980999942 ], [ -74.526672968999947, -44.760564082999963 ], [ -74.528126893999968, -44.746108987999946 ], [ -74.517499981999947, -44.734172989999934 ], [ -74.506390942999985, -44.72861796799998 ], [ -74.446817906999968, -44.714726974999962 ], [ -74.427226884999982, -44.721390922999944 ], [ -74.313064021999935, -44.837508947999936 ], [ -74.313481943999989, -44.848063943999932 ], [ -74.376954911999974, -44.859455117999971 ], [ -74.385008914999958, -44.86028190899998 ] ] ], [ [ [ -75.065008916999943, -50.798755048999965 ], [ -75.077790983999989, -50.789726900999938 ], [ -75.085554972999944, -50.780835880999973 ], [ -75.109726872999943, -50.736391006999952 ], [ -75.111881859999983, -50.717917961999945 ], [ -75.07918187699994, -50.657226947999959 ], [ -75.065981887999953, -50.652226974999962 ], [ -74.989726852999979, -50.654026904999967 ], [ -74.980982012999959, -50.662090966999983 ], [ -74.978346072999955, -50.676390996999942 ], [ -74.986117940999975, -50.808473026999934 ], [ -74.998345963999952, -50.814309010999978 ], [ -75.03098191, -50.812155029999985 ], [ -75.065008916999943, -50.798755048999965 ] ] ], [ [ [ -72.46334595899998, -54.430000032999942 ], [ -72.475417911999955, -54.426535959999967 ], [ -72.52514606699998, -54.387363972999935 ], [ -72.540417894999962, -54.345555039999965 ], [ -72.428345981999939, -54.308063960999959 ], [ -72.406399979999946, -54.309444962999976 ], [ -72.299035845999981, -54.335144883999931 ], [ -72.294308955999952, -54.345690994999984 ], [ -72.304235810999955, -54.366454980999947 ], [ -72.373899820999952, -54.384999940999933 ], [ -72.385563908999984, -54.384444891999976 ], [ -72.46334595899998, -54.430000032999942 ] ] ], [ [ [ -74.724455039999953, -52.065282079999974 ], [ -74.715564019999988, -52.043064000999948 ], [ -74.709454952999977, -52.032226870999978 ], [ -74.697917933999975, -52.021944957999949 ], [ -74.544172874999958, -51.926044920999971 ], [ -74.509317903999943, -51.939444901999934 ], [ -74.489590926999938, -51.95500892299998 ], [ -74.490426937999985, -51.98459100599996 ], [ -74.501808891999985, -52.004517974999942 ], [ -74.55944604299998, -52.028617958999973 ], [ -74.678335795999942, -52.074026918999948 ], [ -74.721946000999935, -52.087644829999931 ], [ -74.732372920999978, -52.082226934999937 ], [ -74.724455039999953, -52.065282079999974 ] ] ], [ [ [ -74.387790867999968, -45.397782012999983 ], [ -74.482226921999938, -45.358335937999982 ], [ -74.493055, -45.35222687199996 ], [ -74.507508920999953, -45.341663996999955 ], [ -74.526117919999933, -45.323891009999954 ], [ -74.530154979999963, -45.313617981999982 ], [ -74.522845959999984, -45.29979102599998 ], [ -74.509172896999985, -45.290281924999931 ], [ -74.488890869999977, -45.284726901999932 ], [ -74.472781857999962, -45.283055047999937 ], [ -74.455290837999939, -45.282499997999935 ], [ -74.410281861999977, -45.282499997999935 ], [ -74.390555051999968, -45.286808966999956 ], [ -74.377226820999965, -45.295008982999946 ], [ -74.360290849999956, -45.310281983999971 ], [ -74.348481921999962, -45.32555498499994 ], [ -74.310699821999947, -45.392508956999961 ], [ -74.32111785799998, -45.400281998999958 ], [ -74.337781918999951, -45.405281971999955 ], [ -74.357508895999956, -45.408055040999955 ], [ -74.382990887999938, -45.402426927999954 ], [ -74.387790867999968, -45.397782012999983 ] ] ], [ [ [ -74.045290880999971, -44.558064006999984 ], [ -74.069735862999948, -44.553890992999982 ], [ -74.101117876999979, -44.547226876999957 ], [ -74.12056389199995, -44.539726917999985 ], [ -74.129454911999972, -44.532500040999935 ], [ -74.134172917999933, -44.51945511699995 ], [ -74.129454911999972, -44.448335841999949 ], [ -74.025281936999988, -44.459164086999976 ], [ -73.999454945999958, -44.462499916999946 ], [ -73.979172919999939, -44.469173085999955 ], [ -73.968335789999969, -44.475281983999935 ], [ -73.95779085199996, -44.48499996299995 ], [ -73.951126903999977, -44.496944844999973 ], [ -73.945281867999938, -44.512499980999962 ], [ -73.943345982999972, -44.530555103999973 ], [ -73.947508938999988, -44.545835815999965 ], [ -73.961399931999949, -44.553064033999931 ], [ -73.977781858999947, -44.55417296 ], [ -74.019726913999989, -44.556672946999981 ], [ -74.045290880999971, -44.558064006999984 ] ] ], [ [ [ -109.42778197399997, -27.201946060999944 ], [ -109.44527299399999, -27.198200020999934 ], [ -109.446108837999986, -27.178054954999936 ], [ -109.421526894999943, -27.104726880999976 ], [ -109.415554955999937, -27.092499862999944 ], [ -109.409182027999975, -27.084446027999945 ], [ -109.393481884999971, -27.067499998999949 ], [ -109.36861797499995, -27.063608951999981 ], [ -109.219590920999963, -27.097646015999942 ], [ -109.217781938999963, -27.10875505599995 ], [ -109.224163919999967, -27.12110897499997 ], [ -109.23860895699994, -27.132081891999974 ], [ -109.29084598299994, -27.149999886999979 ], [ -109.321672946999968, -27.149172927999928 ], [ -109.333890911999958, -27.151390946999982 ], [ -109.388900000999968, -27.177226822999955 ], [ -109.415845975999957, -27.193335834999971 ], [ -109.42778197399997, -27.201946060999944 ] ] ], [ [ [ -73.165281904999972, -44.029164070999968 ], [ -73.194454950999955, -44.024444891999963 ], [ -73.272026782999944, -43.996599873999969 ], [ -73.283899916999985, -43.983055053999976 ], [ -73.28917297199996, -43.963891005999983 ], [ -73.286526804999937, -43.947500026999933 ], [ -73.269455047999941, -43.920835850999936 ], [ -73.256954947999986, -43.90889096899997 ], [ -73.190563903999987, -43.882782010999961 ], [ -73.171255016999964, -43.880282023999939 ], [ -73.158890870999983, -43.882226960999958 ], [ -73.148054914999989, -43.888335859999984 ], [ -73.140017842999953, -43.896117953999976 ], [ -73.136946042999966, -43.913608973999942 ], [ -73.152090968999971, -44.019654969999976 ], [ -73.165281904999972, -44.029164070999968 ] ] ], [ [ [ -74.785573027999988, -43.648891036999942 ], [ -74.793899945999954, -43.647781943999973 ], [ -74.809446028999957, -43.641254955999955 ], [ -74.843608822999954, -43.601672926999981 ], [ -74.850008908999939, -43.593054988999938 ], [ -74.855563930999949, -43.583617971999956 ], [ -74.859999969999933, -43.573890940999945 ], [ -74.857372913999939, -43.557635915999981 ], [ -74.773346009999955, -43.527090919999978 ], [ -74.761126871999977, -43.527781923999953 ], [ -74.67639086, -43.558891021999955 ], [ -74.666672880999954, -43.565564022999979 ], [ -74.644181887999935, -43.583617971999956 ], [ -74.634517888999937, -43.601808880999954 ], [ -74.65382677599996, -43.61499998499994 ], [ -74.676117944999987, -43.616673012999968 ], [ -74.703063919999977, -43.614173025999946 ], [ -74.717790923999985, -43.616673012999968 ], [ -74.737499962999948, -43.622508996999954 ], [ -74.749454903999947, -43.627226834999931 ], [ -74.785573027999988, -43.648891036999942 ] ] ], [ [ [ -70.353899873999978, -54.156108940999957 ], [ -70.364181954999935, -54.155281981999963 ], [ -70.378063894999968, -54.149444824999932 ], [ -70.452517826999951, -54.117226967999954 ], [ -70.480835918999958, -54.099444927999969 ], [ -70.494172867999964, -54.086944827999957 ], [ -70.499173008999946, -54.073064060999968 ], [ -70.492235809999954, -54.06333585699997 ], [ -70.482226811999965, -54.058890932999986 ], [ -70.313063911999961, -54.039726884999936 ], [ -70.304026878999935, -54.048199982999961 ], [ -70.292781885999943, -54.067218018999938 ], [ -70.286946068999953, -54.087364090999984 ], [ -70.310008875999984, -54.126673037999979 ], [ -70.32500896199997, -54.145835911999939 ], [ -70.33723581199996, -54.152500027999963 ], [ -70.353899873999978, -54.156108940999957 ] ] ], [ [ [ -74.007235866999963, -44.332499950999932 ], [ -74.024735771999985, -44.331672992999984 ], [ -74.036663890999989, -44.327508862999935 ], [ -74.075563967999983, -44.303064047999953 ], [ -74.092226856999957, -44.286326895999935 ], [ -74.124454938999975, -44.199935960999937 ], [ -74.063335776999963, -44.151526949999948 ], [ -74.048481871999968, -44.15402693599998 ], [ -73.985835861999988, -44.208335968999961 ], [ -73.950835883999957, -44.240564051999968 ], [ -74.008608822999975, -44.25583587899996 ], [ -74.012217902999964, -44.271664097999974 ], [ -74.011672910999948, -44.284173082999985 ], [ -74.007235866999963, -44.332499950999932 ] ] ], [ [ [ -73.841672994999954, -53.591390952999973 ], [ -73.853199955999969, -53.587644912999963 ], [ -73.874172985999962, -53.538890901999935 ], [ -73.862781979999966, -53.460699982999984 ], [ -73.853054948999954, -53.452499966999937 ], [ -73.839735768999958, -53.453608892999966 ], [ -73.710281967999947, -53.507781971999975 ], [ -73.689035854999986, -53.519172977999972 ], [ -73.691117919999954, -53.531944818999932 ], [ -73.699308882999958, -53.541117973999974 ], [ -73.800845917999936, -53.582226850999973 ], [ -73.815564036999945, -53.586944855999946 ], [ -73.831955015999938, -53.590282026999944 ], [ -73.841672994999954, -53.591390952999973 ] ] ], [ [ [ -73.656399908999958, -44.137500001999967 ], [ -73.72667294699994, -44.046390893999956 ], [ -73.755426898999985, -43.996944873999951 ], [ -73.756326779999938, -43.980626983999969 ], [ -73.750563885999952, -43.964999931999955 ], [ -73.736955027999954, -43.946673067999939 ], [ -73.728617883999959, -43.938900025999942 ], [ -73.70625496699995, -43.939308895999943 ], [ -73.634446027999957, -44.010000022999975 ], [ -73.612572948999969, -44.079999978999979 ], [ -73.618199887999936, -44.106255116999932 ], [ -73.646117828999934, -44.131390935999946 ], [ -73.656399908999958, -44.137500001999967 ] ] ], [ [ [ -73.436508892999939, -42.554935825999962 ], [ -73.445845997999982, -42.528617990999976 ], [ -73.450564003999943, -42.518890959999965 ], [ -73.456955036999943, -42.510281906999978 ], [ -73.472781913999938, -42.501108919999979 ], [ -73.566117926999937, -42.464444798999978 ], [ -73.579726784999934, -42.460282010999947 ], [ -73.611955034999937, -42.45528203799995 ], [ -73.625699847999954, -42.447917864999965 ], [ -73.653208918999951, -42.3899999 ], [ -73.650417912999956, -42.379864019999957 ], [ -73.634446027999957, -42.375000000999933 ], [ -73.61111785099996, -42.372781981999935 ], [ -73.576672921999943, -42.372508899999957 ], [ -73.552781983999978, -42.37667302899996 ], [ -73.533763947999944, -42.386944883999945 ], [ -73.415835766999976, -42.523063973999967 ], [ -73.417781876999982, -42.557364062999966 ], [ -73.436508892999939, -42.554935825999962 ] ] ], [ [ [ -73.41166392599996, -52.953891055999975 ], [ -73.440563889999964, -52.956117959999972 ], [ -73.454172915999948, -52.954864026999985 ], [ -73.487782000999971, -52.933755041999973 ], [ -73.495281959999943, -52.924864021999952 ], [ -73.484455055999945, -52.911526905999949 ], [ -73.467790993999984, -52.910417979999977 ], [ -73.458073014999968, -52.9068089 ], [ -73.493063940999946, -52.892917906999969 ], [ -73.532790976999934, -52.884444808999945 ], [ -73.613345927999944, -52.880282019999981 ], [ -73.631954926999981, -52.882226956999943 ], [ -73.720290965999936, -52.893335828999966 ], [ -73.741672865999988, -52.90083595599998 ], [ -73.752226855999936, -52.893335828999966 ], [ -73.699172928999985, -52.863335823999932 ], [ -73.575835905999952, -52.845282041999951 ], [ -73.428617833999965, -52.870835950999947 ], [ -73.415699979999943, -52.876808894999954 ], [ -73.375281939999979, -52.90722698899998 ], [ -73.388064006999969, -52.951944945999969 ], [ -73.41166392599996, -52.953891055999975 ] ] ], [ [ [ -73.796672902999944, -51.819172972999979 ], [ -73.80667301699998, -51.819172972999979 ], [ -73.830835863999937, -51.816117936999945 ], [ -73.849163901999987, -51.809717850999959 ], [ -73.856945995999979, -51.801117850999958 ], [ -73.942645926999944, -51.69097293699997 ], [ -73.943755019999969, -51.671390966999979 ], [ -73.935972925999977, -51.662090909999961 ], [ -73.91307289599996, -51.661391021999975 ], [ -73.847226843999977, -51.683617984999955 ], [ -73.795282009999937, -51.726535843999955 ], [ -73.765845939999963, -51.76861785899996 ], [ -73.767363901999943, -51.780972951999956 ], [ -73.796672902999944, -51.819172972999979 ] ] ], [ [ [ -74.434617878999973, -48.525563957999964 ], [ -74.454726902999937, -48.492226949999974 ], [ -74.497790942999984, -48.439999980999971 ], [ -74.505008934999978, -48.43139998099997 ], [ -74.510008907999975, -48.421390982999981 ], [ -74.51167288299996, -48.410835819999932 ], [ -74.494035849999989, -48.398335886999973 ], [ -74.478054912999937, -48.398890936999976 ], [ -74.45195500799997, -48.406673030999968 ], [ -74.377226820999965, -48.435008892999974 ], [ -74.326955014999953, -48.457782020999957 ], [ -74.309446056999946, -48.467226917999938 ], [ -74.301399932999971, -48.478617923999934 ], [ -74.302781940999978, -48.489726962999953 ], [ -74.316390966999961, -48.498064106999948 ], [ -74.336117943999966, -48.505281931999946 ], [ -74.390563936999968, -48.523608962999958 ], [ -74.415699923999966, -48.530417917999955 ], [ -74.428072953999958, -48.529163984999968 ], [ -74.434617878999973, -48.525563957999964 ] ] ], [ [ [ -67.611955037999962, -55.902226846999952 ], [ -67.644035766999934, -55.85361801099998 ], [ -67.655008850999934, -55.849444828999935 ], [ -67.713617800999941, -55.849726963999956 ], [ -67.783063879999986, -55.861391052999977 ], [ -67.831681935999939, -55.869172979999973 ], [ -67.84472686, -55.865981988999977 ], [ -67.854317936999962, -55.857781972999987 ], [ -67.855417809999949, -55.841800030999934 ], [ -67.840563903999964, -55.821108966999986 ], [ -67.808899923999945, -55.816390961999957 ], [ -67.797790883999937, -55.815564002999963 ], [ -67.771117823999987, -55.821108966999986 ], [ -67.751681866999945, -55.823890920999986 ], [ -67.71139994899994, -55.82833584399998 ], [ -67.606399847999967, -55.829726904999973 ], [ -67.568199826999944, -55.813473053999985 ], [ -67.556672865999985, -55.810282062999931 ], [ -67.511399859999983, -55.81778202199996 ], [ -67.494235900999968, -55.830344818999947 ], [ -67.523472985999945, -55.876808892999975 ], [ -67.534590909999963, -55.884444806999966 ], [ -67.58168195099995, -55.875282045999938 ], [ -67.593890862999956, -55.87597305 ], [ -67.611955037999962, -55.902226846999952 ] ] ], [ [ [ -74.336408963999986, -45.298273063999943 ], [ -74.388063950999936, -45.268617889999973 ], [ -74.403335777999985, -45.258891026999947 ], [ -74.412226797999949, -45.251399951999986 ], [ -74.420154904999947, -45.240282027999967 ], [ -74.418899966999959, -45.224726891999978 ], [ -74.405145933999961, -45.171944873999962 ], [ -74.392364034999957, -45.154590981999945 ], [ -74.366117948999943, -45.153335875999971 ], [ -74.353054919999977, -45.158199893999949 ], [ -74.272226886999988, -45.21209100599998 ], [ -74.302226891999965, -45.299999902999957 ], [ -74.313199976999954, -45.30597301499995 ], [ -74.325563953999961, -45.304173084999945 ], [ -74.336408963999986, -45.298273063999943 ] ] ], [ [ [ -67.016326770999967, -54.997126978999972 ], [ -66.968063939999979, -55.004717965999987 ], [ -66.859172958999977, -55.028055028999972 ], [ -66.846390891999988, -55.037782059999984 ], [ -66.806672907999939, -55.114035920999981 ], [ -66.821399911999947, -55.118617971999981 ], [ -66.840835868999989, -55.113335864999954 ], [ -67.064035892999982, -55.025008876999948 ], [ -67.075008809999986, -55.011109 ], [ -67.06987288299996, -55.000700016999986 ], [ -67.061399951999988, -54.994999987999961 ], [ -67.041399892999948, -54.992781967999974 ], [ -67.022226791999969, -54.995564089999959 ], [ -67.016326770999967, -54.997126978999972 ] ] ], [ [ [ -74.74860883499997, -52.317782051999984 ], [ -74.809717937999949, -52.279726869999934 ], [ -74.82055490099998, -52.229444838999939 ], [ -74.663345935999985, -52.204726941999979 ], [ -74.646117939999954, -52.202226954999958 ], [ -74.622508967999977, -52.205972994999968 ], [ -74.617645955999933, -52.216255075999982 ], [ -74.689035798999953, -52.299864056999979 ], [ -74.719599905999985, -52.312363989999938 ], [ -74.739454957999953, -52.316944866999961 ], [ -74.74860883499997, -52.317782051999984 ] ] ], [ [ [ -74.466672958999936, -44.699444920999952 ], [ -74.504455058999952, -44.697781951999957 ], [ -74.628890948999981, -44.698335827999983 ], [ -74.674454974999946, -44.681672938999952 ], [ -74.67361779099997, -44.66861795799997 ], [ -74.667781974999968, -44.658617843999934 ], [ -74.627499888999978, -44.62833587199998 ], [ -74.612499969999988, -44.621944837999933 ], [ -74.592508962999943, -44.619444851999958 ], [ -74.578335835999951, -44.619999901999961 ], [ -74.552781926999955, -44.623608980999961 ], [ -74.477508915999977, -44.635835830999952 ], [ -74.461399903999961, -44.642090909999979 ], [ -74.453826854999988, -44.690000024999961 ], [ -74.466672958999936, -44.699444920999952 ] ] ], [ [ [ -73.787173021999934, -51.372355003999985 ], [ -73.859590988999969, -51.3623641099999 ], [ -73.869445927999948, -51.358064025999965 ], [ -73.894172877999949, -51.342500005999966 ], [ -73.915290914999957, -51.303055103999952 ], [ -73.908899881999957, -51.29278207599998 ], [ -73.88583590099995, -51.275835879999931 ], [ -73.846391, -51.252226907999955 ], [ -73.829726770999969, -51.249455012999931 ], [ -73.812226865999946, -51.253064092999978 ], [ -73.794445998999947, -51.259590912999954 ], [ -73.781108881999955, -51.26833592 ], [ -73.771955005999985, -51.276390928999945 ], [ -73.764172911999935, -51.284999981999931 ], [ -73.757508962999964, -51.302364099999977 ], [ -73.759590860999936, -51.323608871999966 ], [ -73.774735785999951, -51.361390970999935 ], [ -73.781399901999976, -51.371390916999985 ], [ -73.787173021999934, -51.372355003999985 ] ] ], [ [ [ -74.465290950999986, -47.160563980999939 ], [ -74.489454971999976, -47.126108994999981 ], [ -74.489173004999941, -47.090699979999954 ], [ -74.481535917999963, -47.081808959999933 ], [ -74.42110893399996, -47.058617909999953 ], [ -74.406399866999948, -47.055281912999931 ], [ -74.372508814999946, -47.052509010999984 ], [ -74.34250881, -47.054172986999959 ], [ -74.320973017999961, -47.057917853999982 ], [ -74.31237301799996, -47.065563992999955 ], [ -74.315290925999989, -47.080555026999946 ], [ -74.324172893999958, -47.099864081999954 ], [ -74.332781945999955, -47.108608921999974 ], [ -74.443345954999984, -47.170835835999981 ], [ -74.459454966999942, -47.177509003999944 ], [ -74.467573007999988, -47.166526866999959 ], [ -74.465290950999986, -47.160563980999939 ] ] ], [ [ [ -75.085554972999944, -44.927226828999949 ], [ -75.095290888999955, -44.926672951999933 ], [ -75.11042693, -44.919726868999931 ], [ -75.143617924999944, -44.850008880999951 ], [ -75.148054969999976, -44.839999881999972 ], [ -75.150281873999973, -44.828891010999939 ], [ -75.147781886999951, -44.815835860999982 ], [ -75.137217838999959, -44.802226835999932 ], [ -75.115354985999943, -44.780835882999952 ], [ -75.092372980999983, -44.776535966999973 ], [ -75.077226881999934, -44.783335869999974 ], [ -75.023064028999954, -44.847917930999984 ], [ -75.023064028999954, -44.894455095999945 ], [ -75.069455012999981, -44.92556402699995 ], [ -75.085554972999944, -44.927226828999949 ] ] ], [ [ [ -73.96728184899996, -44.434826895999947 ], [ -74.07139983899998, -44.394999947999963 ], [ -74.085835822999968, -44.383263941999985 ], [ -74.106526885999983, -44.32680897399996 ], [ -74.089172993999966, -44.321673046999933 ], [ -73.931190882999942, -44.357299990999934 ], [ -73.926535908999938, -44.439173080999979 ], [ -73.932926774999942, -44.448890890999962 ], [ -73.952372957999955, -44.445135965999953 ], [ -73.96728184899996, -44.434826895999947 ] ] ], [ [ [ -75.005845922999981, -48.744444954999949 ], [ -75.029872983999951, -48.74292699199998 ], [ -75.043208927999956, -48.735835901999963 ], [ -75.044308967999939, -48.72305500799996 ], [ -75.008346077999988, -48.664455110999938 ], [ -74.99139099599995, -48.648890922999954 ], [ -74.90668197399998, -48.649173057999974 ], [ -74.856945938999957, -48.653617980999968 ], [ -74.827026903999979, -48.663544836999961 ], [ -74.918626855999946, -48.721944908999944 ], [ -74.935835908999934, -48.731390978999968 ], [ -74.948899943999947, -48.736117868999941 ], [ -74.979445945999942, -48.74250001799993 ], [ -75.005845922999981, -48.744444954999949 ] ] ], [ [ [ -74.772781907999956, -52.188608876999979 ], [ -74.790281980999964, -52.185564066999973 ], [ -74.799454967999964, -52.177508889999956 ], [ -74.803346014999988, -52.166944841999964 ], [ -74.802017818999957, -52.146190914999977 ], [ -74.788890919999972, -52.124517994999962 ], [ -74.612226887999952, -52.060417893999954 ], [ -74.599663923999969, -52.080555080999943 ], [ -74.683064027999933, -52.16917308799998 ], [ -74.745281889999944, -52.185835975999964 ], [ -74.762508879999984, -52.18833596199994 ], [ -74.772781907999956, -52.188608876999979 ] ] ], [ [ [ -74.325563953999961, -44.581672978999961 ], [ -74.334163954999951, -44.580281917999969 ], [ -74.345554960999948, -44.573199879999947 ], [ -74.359999829999936, -44.559444841999948 ], [ -74.367781923999985, -44.548335969999982 ], [ -74.36876394799998, -44.536254965999944 ], [ -74.362499983999953, -44.526526928999942 ], [ -74.292372958999977, -44.502917956999966 ], [ -74.192508951999969, -44.496672935999982 ], [ -74.139172890999987, -44.550564047999956 ], [ -74.189726830999973, -44.560563993999949 ], [ -74.295290866999949, -44.577226881999934 ], [ -74.325563953999961, -44.581672978999961 ] ] ], [ [ [ -67.728617886999984, -55.624455100999967 ], [ -67.738617832999978, -55.616808961999936 ], [ -67.702517813999975, -55.514164007999966 ], [ -67.688063891999946, -55.501672959999951 ], [ -67.666399857999977, -55.493617950999976 ], [ -67.651808807999942, -55.494173000999979 ], [ -67.634735876999969, -55.504444855999964 ], [ -67.623899920999975, -55.511944814999936 ], [ -67.608063990999938, -55.523608903999957 ], [ -67.598346011999979, -55.531672964999984 ], [ -67.587926803999949, -55.548055059999967 ], [ -67.590563917999987, -55.58222690599996 ], [ -67.64139982599994, -55.604444815999955 ], [ -67.663072912999951, -55.613335835999976 ], [ -67.689726861999986, -55.618899910999971 ], [ -67.728617886999984, -55.624455100999967 ] ] ], [ [ [ -74.065845989999957, -48.491390938999984 ], [ -74.07417290799998, -48.49110897099996 ], [ -74.095290944999988, -48.482226835999938 ], [ -74.180145979999963, -48.443200023999964 ], [ -74.240355034999936, -48.402017889999968 ], [ -74.249308918999986, -48.386117921999983 ], [ -74.242781930999968, -48.371944961999986 ], [ -74.222781871999985, -48.366955047999966 ], [ -74.204181925999933, -48.366390945999967 ], [ -74.193617877999941, -48.366955047999966 ], [ -74.171808836999958, -48.370699913999943 ], [ -74.07471789899995, -48.415554998999937 ], [ -74.062790953999979, -48.421672949999959 ], [ -74.052655052999967, -48.431944804999944 ], [ -74.048617825999941, -48.442644806999965 ], [ -74.065845989999957, -48.491390938999984 ] ] ], [ [ [ -73.688608880999936, -46.030009021999945 ], [ -73.698335911999948, -46.029444919999946 ], [ -73.795563976999972, -46.010564011999975 ], [ -73.819935869999938, -45.997573067999951 ], [ -73.827517803999967, -45.984726963999947 ], [ -73.82612691099996, -45.970835970999985 ], [ -73.778063904999954, -45.905008860999942 ], [ -73.764308865999965, -45.897644856999932 ], [ -73.75306404, -45.895281997999973 ], [ -73.708617824999976, -45.92528200299995 ], [ -73.679517868999937, -46.024444946999949 ], [ -73.688608880999936, -46.030009021999945 ] ] ], [ [ [ -73.69218191899995, -44.837081973999943 ], [ -73.727508957999987, -44.821673018999945 ], [ -73.746263969999973, -44.810691048999956 ], [ -73.753755043999945, -44.770282060999932 ], [ -73.74667300699997, -44.75631797799997 ], [ -73.634035817999973, -44.735700004999956 ], [ -73.62028195299996, -44.735554997999941 ], [ -73.606672926999977, -44.743335918999946 ], [ -73.60348193699997, -44.754173048999974 ], [ -73.618754937999938, -44.828335960999937 ], [ -73.636399849999975, -44.841664025999933 ], [ -73.655563897999969, -44.844590985999957 ], [ -73.680972966999946, -44.841390942999965 ], [ -73.69218191899995, -44.837081973999943 ] ] ], [ [ [ -73.866673026999933, -44.199173039999948 ], [ -73.943345982999972, -44.188608992999946 ], [ -73.97764607199997, -44.180973078999955 ], [ -73.991673019999951, -44.173617958999955 ], [ -74.000564039999972, -44.166117998999937 ], [ -74.007235866999963, -44.157499893999955 ], [ -74.011535782999943, -44.144726878999961 ], [ -73.974454913999978, -44.116944893999971 ], [ -73.948199942999963, -44.101535937999984 ], [ -73.92639090199998, -44.098335894999934 ], [ -73.91555494499994, -44.101390930999969 ], [ -73.872790977999955, -44.122918005999963 ], [ -73.828208807999943, -44.163335877999941 ], [ -73.835008878999986, -44.182226843999956 ], [ -73.841672994999954, -44.191673080999976 ], [ -73.852781865999987, -44.19583586899995 ], [ -73.866673026999933, -44.199173039999948 ] ] ], [ [ [ -74.04194599899995, -44.858891015999973 ], [ -74.067226824999977, -44.857509007999965 ], [ -74.170835864999958, -44.827226867999968 ], [ -74.184581850999962, -44.815835860999982 ], [ -74.166399826999964, -44.806944840999961 ], [ -74.126108855999973, -44.803064019999965 ], [ -74.110290863999978, -44.801117909999959 ], [ -74.079726923999942, -44.796672986999965 ], [ -74.065845989999957, -44.793335815999967 ], [ -74.041399833999947, -44.783618004999937 ], [ -74.023899928999981, -44.774999899999955 ], [ -74.005564012999969, -44.77152694199998 ], [ -73.965572946999941, -44.778617863999955 ], [ -73.956808828999954, -44.790835828999946 ], [ -73.963335816999972, -44.830417857999976 ], [ -73.974726822999969, -44.839726967999979 ], [ -73.986955013999989, -44.844726940999976 ], [ -74.022655047999933, -44.856108894999977 ], [ -74.04194599899995, -44.858891015999973 ] ] ], [ [ [ -74.997217927999941, -47.78666398699994 ], [ -75.005573008999988, -47.78611799 ], [ -75.044726889999936, -47.763617943999975 ], [ -75.053072918999987, -47.755563940999934 ], [ -75.076673004999975, -47.697226900999965 ], [ -75.065981887999953, -47.690563957999984 ], [ -75.042781952999974, -47.690281990999949 ], [ -74.961117908999938, -47.702364000999978 ], [ -74.95139993, -47.706391002999965 ], [ -74.932781878999947, -47.721390921999955 ], [ -74.910573020999948, -47.746944829999961 ], [ -74.90459085599997, -47.758891053999946 ], [ -74.91555505599996, -47.772644918999958 ], [ -74.954726874999949, -47.783055074999936 ], [ -74.997217927999941, -47.78666398699994 ] ] ], [ [ [ -70.1630729399999, -55.009444856999949 ], [ -70.173890958999948, -55.008609012999955 ], [ -70.188899929999934, -55.003617924999958 ], [ -70.203617881999946, -54.994726904999936 ], [ -70.203617881999946, -54.984026902999972 ], [ -70.189999970999963, -54.974726845999953 ], [ -70.177782005999973, -54.968055018999962 ], [ -70.033335829999942, -54.923055094999938 ], [ -70.016399859999979, -54.91917293299997 ], [ -70.001399940999988, -54.919726975999936 ], [ -69.991672909999977, -54.924444813999969 ], [ -69.979454944999986, -54.93514481699998 ], [ -69.978681965999954, -54.949999895999952 ], [ -70.013335770999959, -54.980282035999949 ], [ -70.107790934999969, -55.002226863999965 ], [ -70.1630729399999, -55.009444856999949 ] ] ], [ [ [ -74.056117952999955, -53.252226962999941 ], [ -74.061117925999952, -53.26409992899994 ], [ -74.10556397299996, -53.309172942999965 ], [ -74.133473028999958, -53.320281981999983 ], [ -74.196254992999968, -53.332363992999944 ], [ -74.214172986999984, -53.331255066999972 ], [ -74.224454899999955, -53.326954982999951 ], [ -74.242226881999954, -53.313608980999959 ], [ -74.244726867999987, -53.302782076999961 ], [ -74.189999912999951, -53.269999950999932 ], [ -74.147781942999984, -53.247217937999949 ], [ -74.10556397299996, -53.228199901999972 ], [ -74.09333578199994, -53.228335856999934 ], [ -74.079181932999973, -53.233891046999986 ], [ -74.058063895999965, -53.24556402099995 ], [ -74.056117952999955, -53.252226962999941 ] ] ], [ [ [ -74.78584594299997, -44.687782005999964 ], [ -74.795417907999934, -44.684035965999954 ], [ -74.815563979999979, -44.661117997999952 ], [ -74.820008903999963, -44.651117884999962 ], [ -74.825008876999959, -44.628618006999943 ], [ -74.825563925999973, -44.609999955999967 ], [ -74.823626867999963, -44.570835847999945 ], [ -74.816399823999973, -44.5577820399999 ], [ -74.807226836999973, -44.550417866999965 ], [ -74.792226917999983, -44.550417866999965 ], [ -74.738617940999973, -44.573335834999966 ], [ -74.729726920999951, -44.583890997999958 ], [ -74.726117840999962, -44.597781990999977 ], [ -74.727781984999979, -44.61139101599997 ], [ -74.741954944999975, -44.671954960999983 ], [ -74.765017918999945, -44.682782032999967 ], [ -74.777235883999936, -44.687500038999985 ], [ -74.78584594299997, -44.687782005999964 ] ] ], [ [ [ -67.246945951999976, -55.894999969999958 ], [ -67.349726860999965, -55.863617956999974 ], [ -67.41139084699995, -55.834308955999973 ], [ -67.405008864999957, -55.820282008999982 ], [ -67.394455042999937, -55.815835911999955 ], [ -67.376108900999952, -55.812227 ], [ -67.320281905999934, -55.814726985999982 ], [ -67.246945951999976, -55.828055050999978 ], [ -67.212235820999979, -55.855835862999982 ], [ -67.208890937999968, -55.891044884999985 ], [ -67.246945951999976, -55.894999969999958 ] ] ], [ [ [ -73.920563969999989, -45.434173050999959 ], [ -73.991673019999951, -45.419172964999973 ], [ -74.018055059999938, -45.412644802999978 ], [ -74.023899928999981, -45.403335861999949 ], [ -74.018063944999938, -45.390008970999986 ], [ -74.004172951999976, -45.382644797999944 ], [ -73.958890892999989, -45.371390919999953 ], [ -73.938472911999952, -45.369309022999971 ], [ -73.836817860999986, -45.370563960999959 ], [ -73.824308875999975, -45.375564101999942 ], [ -73.821399852999946, -45.390008970999986 ], [ -73.823345962999952, -45.408335834999946 ], [ -73.893481873999974, -45.433335866999982 ], [ -73.905008833999943, -45.435008894999953 ], [ -73.920563969999989, -45.434173050999959 ] ] ], [ [ [ -73.859726775999945, -51.902499986999942 ], [ -73.940145939999979, -51.893055090999951 ], [ -73.951535772999989, -51.886117892999948 ], [ -73.960146, -51.83958206899996 ], [ -73.929599829999972, -51.801673067999957 ], [ -73.917090844999962, -51.795555116999935 ], [ -73.904172990999939, -51.796672926999975 ], [ -73.892790868999953, -51.803335869999955 ], [ -73.882781870999963, -51.810835828999984 ], [ -73.86361782299997, -51.826117882999938 ], [ -73.819726824999975, -51.870564097999932 ], [ -73.824246011999946, -51.884799921999956 ], [ -73.845564041999978, -51.897508898999945 ], [ -73.859726775999945, -51.902499986999942 ] ] ], [ [ [ -73.855835895999974, -44.338335934999975 ], [ -73.955008898999949, -44.324864036999941 ], [ -73.96722686399994, -44.314864091999937 ], [ -73.972363964999943, -44.280417989999933 ], [ -73.817508805999978, -44.269999954999946 ], [ -73.800981871999966, -44.273335951999968 ], [ -73.79306399099994, -44.310008957999969 ], [ -73.795008927999959, -44.325417913999956 ], [ -73.808899920999977, -44.332499950999932 ], [ -73.823626924999985, -44.335281904999931 ], [ -73.846954934999985, -44.338054973999931 ], [ -73.855835895999974, -44.338335934999975 ] ] ] ] }
        }
    ]
}