{
    "type": "FeatureCollection",
    "features": [
        {
            "type": "Feature",
            "properties": {
                "WCID": "FRA",
                "COUNTRY": "France"
            },
            "geometry": { "type": "MultiPolygon", "coordinates": [ [ [ [ -76.395008914999949, 39.229991149000057 ], [ -76.386946026999965, 39.226382070000057 ], [ -76.388608828999963, 39.224709042000029 ], [ -76.416399867999985, 39.209718008000038 ], [ -76.438563966999936, 39.212209109000071 ], [ -76.47330896699998, 39.223082114000078 ], [ -76.489435915999934, 39.236518137000076 ], [ -76.511399855999969, 39.247773189000043 ], [ -76.549435758999948, 39.261109133000048 ], [ -76.576672920999954, 39.267209147000074 ], [ -76.610517872999935, 39.25037308800006 ], [ -76.582781986999976, 39.242073160000075 ], [ -76.519445979999944, 39.204827 ], [ -76.478281949999939, 39.177153979000025 ], [ -76.440972925999972, 39.145409029000064 ], [ -76.421526909999955, 39.108327154000051 ], [ -76.393890936999981, 39.011036057000069 ], [ -76.453954984999939, 38.913253947000044 ], [ -76.523617820999959, 38.854709036000031 ], [ -76.537508813999978, 38.731653980000033 ], [ -76.511390970999969, 38.557627061000062 ], [ -76.505008821999979, 38.531109067000045 ], [ -76.491945960999942, 38.505553985000063 ], [ -76.478335761999972, 38.490273105000028 ], [ -76.441935838999939, 38.457218064000074 ], [ -76.401390896999942, 38.419854054000041 ], [ -76.378573008999979, 38.365200189000063 ], [ -76.406246029999977, 38.337209159000054 ], [ -76.445764021999935, 38.339535975000047 ], [ -76.579181959999971, 38.43193606400007 ], [ -76.636946012999942, 38.49096410900006 ], [ -76.665699964999988, 38.585136132000059 ], [ -76.667355054999973, 38.608191060000024 ], [ -76.666117885999938, 38.636800172000051 ], [ -76.679163982999967, 38.662527083000043 ], [ -76.663464007999949, 38.47470908400004 ], [ -76.649445945999958, 38.453327017000049 ], [ -76.59445496099994, 38.404991095000071 ], [ -76.481946014999949, 38.315545124000039 ], [ -76.448755019999965, 38.300000046000036 ], [ -76.371108923999941, 38.288327073000062 ], [ -76.391108815999985, 38.248118077000072 ], [ -76.380408813999964, 38.219845080000027 ], [ -76.347781919999989, 38.193882134000035 ], [ -76.333617844999935, 38.178045031000067 ], [ -76.317499947999977, 38.148318109000058 ], [ -76.31234591599997, 38.047300082000049 ], [ -76.338608932999989, 38.05888219600007 ], [ -76.548617852999939, 38.186382175000062 ], [ -76.560272888999975, 38.203327031000072 ], [ -76.581955028999971, 38.22123614000003 ], [ -76.606245951999938, 38.233045068000024 ], [ -76.629990877999944, 38.23943610200007 ], [ -76.653881983999952, 38.241936088000045 ], [ -76.674435918999961, 38.242491138000048 ], [ -76.702081950999968, 38.240826995000077 ], [ -76.739299947999939, 38.233609170000079 ], [ -76.870690973999956, 38.274573208000049 ], [ -76.915835904999938, 38.309154091000039 ], [ -76.97013588599998, 38.358464157000071 ], [ -77.044445983999935, 38.438318045000074 ], [ -77.075290884999959, 38.416518056000029 ], [ -77.196772992999968, 38.367945095000039 ], [ -77.243746016999978, 38.398254057000031 ], [ -77.263199910999958, 38.487773118000064 ], [ -77.248045932999958, 38.52416415700003 ], [ -77.234581913999989, 38.550691204000032 ], [ -77.180555015999971, 38.605827028000078 ], [ -77.087499964999949, 38.685544962000051 ], [ -77.064446042999975, 38.694991200000061 ], [ -77.029372974999944, 38.698945111000057 ], [ -77.006117886999959, 38.755000095000071 ], [ -77.019455003999951, 38.796109139000066 ], [ -77.022781948999977, 38.803091097000049 ], [ -77.021663970999953, 38.80888215300007 ], [ -77.016808836999985, 38.86430011200008 ], [ -77.053399867999985, 38.901100188000044 ], [ -77.061690910999971, 38.904573145000029 ], [ -77.050281967999979, 38.878873224000074 ], [ -77.037217932999965, 38.843318029000045 ], [ -77.042217905999962, 38.726618132000056 ], [ -77.095835767999972, 38.70470917800003 ], [ -77.134445998999979, 38.698600112000065 ], [ -77.248890995999943, 38.598600151000028 ], [ -77.304445914999974, 38.495544987000073 ], [ -77.326399963999961, 38.402491109000039 ], [ -77.320008929999972, 38.345273220000024 ], [ -77.246335856999963, 38.332835985000031 ], [ -77.224164046999988, 38.333600079000064 ], [ -77.166317849999984, 38.343182103000061 ], [ -77.068745958999955, 38.379018092000024 ], [ -77.023326939999947, 38.309436058000074 ], [ -76.932499966999956, 38.203045063000047 ], [ -76.876935827999944, 38.178326998000045 ], [ -76.845554987999947, 38.168882102000055 ], [ -76.689435837999952, 38.151382197000032 ], [ -76.590972950999969, 38.122773085000063 ], [ -76.501108889999955, 38.023609135000072 ], [ -76.405008860999942, 37.974573158000055 ], [ -76.349446062999959, 37.956653990000063 ], [ -76.281535882999947, 37.930826999000033 ], [ -76.243617829999948, 37.906100049000031 ], [ -76.228199821999965, 37.88166411900005 ], [ -76.285555005999981, 37.69693602500007 ], [ -76.33750889199996, 37.626654102000032 ], [ -76.353608851999979, 37.618600099000048 ], [ -76.369708810999953, 37.633609070000034 ], [ -76.478881926999975, 37.67832702700008 ], [ -76.702499872999965, 37.833053942000049 ], [ -76.834445948999985, 37.95304507700007 ], [ -76.885990964999962, 38.025191136000046 ], [ -76.910972891999961, 38.067636088000029 ], [ -76.931945922999944, 38.089709159000051 ], [ -77.054508960999954, 38.160682086000065 ], [ -77.129890936999971, 38.169118137000055 ], [ -77.110690846999944, 38.141936128000054 ], [ -77.020835838999972, 38.096382160000076 ], [ -76.985972988999947, 38.093327124000041 ], [ -76.947917806999953, 38.076945029000058 ], [ -76.923335863999966, 38.053600088000053 ], [ -76.902917883999976, 38.006164216000059 ], [ -76.848472895999976, 37.927773136000042 ], [ -76.720273027999951, 37.794991217000074 ], [ -76.663745974999983, 37.763609036000048 ], [ -76.636108828999966, 37.761109050000073 ], [ -76.615008895999949, 37.75277324700005 ], [ -76.589717844999939, 37.72748219500005 ], [ -76.576672920999954, 37.692764184000055 ], [ -76.564163935999943, 37.660409032000075 ], [ -76.538890988999981, 37.630273240000065 ], [ -76.518617847999963, 37.620264242000076 ], [ -76.421390955999982, 37.603327098000079 ], [ -76.290699985999936, 37.568609087000027 ], [ -76.245272919999934, 37.495273134000058 ], [ -76.23666403499999, 37.428673213000025 ], [ -76.23943576299996, 37.373464132000038 ], [ -76.261126786999966, 37.334164237000039 ], [ -76.289446052999949, 37.335545072000059 ], [ -76.36528199299994, 37.383882167000024 ], [ -76.403472960999977, 37.345818100000031 ], [ -76.376490943999954, 37.280509160000065 ], [ -76.448335924999981, 37.262773221000032 ], [ -76.454726790999985, 37.261936036000066 ], [ -76.479517945999987, 37.268809029000067 ], [ -76.578890939999951, 37.323609074000046 ], [ -76.68277289599996, 37.429718101000049 ], [ -76.67054604599997, 37.386654062000048 ], [ -76.606108823999989, 37.30582703400006 ], [ -76.585555055999976, 37.291936041000042 ], [ -76.543064003999973, 37.268882120000058 ], [ -76.465563920999955, 37.229709127000035 ], [ -76.442635894999967, 37.223045011000067 ], [ -76.377208937999967, 37.214153991000046 ], [ -76.289999928999976, 37.135544983000045 ], [ -76.267717812999933, 37.086309180000057 ], [ -76.291455027999973, 37.005345025000054 ], [ -76.389726807999978, 36.973318108000058 ], [ -76.436390873999983, 36.997218099000065 ], [ -76.557499819999975, 37.084435993000056 ], [ -76.613117938999949, 37.133945045000075 ], [ -76.613881865999986, 37.156100092000031 ], [ -76.613608950999947, 37.183600110000043 ], [ -76.631390990999989, 37.216236056000071 ], [ -76.653881983999952, 37.226936058000035 ], [ -76.678326798999933, 37.226100047000045 ], [ -76.785226909999949, 37.235045047000028 ], [ -76.887464000999955, 37.247882099000037 ], [ -76.903681977999952, 37.266091113000073 ], [ -76.974163892999968, 37.298882125000034 ], [ -76.990272904999983, 37.312909072000025 ], [ -77.238599862999934, 37.336109174000057 ], [ -77.232226934999971, 37.296391191000055 ], [ -77.146117798999967, 37.291936041000042 ], [ -77.027217819999976, 37.283609123000076 ], [ -76.864946017999955, 37.213382186000047 ], [ -76.716663947999962, 37.147491206000041 ], [ -76.644863893999968, 37.046800074000032 ], [ -76.575563994999982, 37.015827098000045 ], [ -76.479654905999951, 36.957773198000041 ], [ -76.477490865999982, 36.90526426200006 ], [ -76.331681959999969, 36.863609053000062 ], [ -76.293608841999969, 36.843318142000044 ], [ -76.318063881999933, 36.881100074000074 ], [ -76.314372994999985, 36.944918040000061 ], [ -76.255145963999951, 36.95790915200007 ], [ -76.235546056999965, 36.950827115000038 ], [ -76.195263970999974, 36.929435995000063 ], [ -76.160835806999955, 36.918882173000043 ], [ -76.057217880999985, 36.906582233000051 ], [ -76.013890984999989, 36.920064189000072 ], [ -75.987290847999986, 36.909227058000056 ], [ -75.962917949999962, 36.854300112000033 ], [ -75.88639989099994, 36.64054498400003 ], [ -75.851681879999944, 36.549073107000027 ], [ -75.849445923999951, 36.531664229000057 ], [ -75.844163983999977, 36.506664197000077 ], [ -75.827790940999989, 36.440827029000047 ], [ -75.809154952999961, 36.370827074000033 ], [ -75.785281951999934, 36.283609180000042 ], [ -75.712081952999938, 36.116518119000034 ], [ -75.699999941999977, 36.09665401400008 ], [ -75.659163980999949, 36.043609140000058 ], [ -75.635835802999964, 36.007773151000038 ], [ -75.575563883999962, 35.908882116000029 ], [ -75.553326861999949, 35.858891104000065 ], [ -75.532646024999963, 35.801518150000049 ], [ -75.556946000999972, 35.808044970000026 ], [ -75.58902689699994, 35.856453982000062 ], [ -75.589790990999973, 35.897491109000043 ], [ -75.636946069999965, 35.952909068000054 ], [ -75.660826782999948, 35.974435975000063 ], [ -75.683317942999963, 35.991664139000079 ], [ -75.700835785999971, 36.008045060000029 ], [ -75.72860888699995, 36.061100160000024 ], [ -75.738608832999944, 36.123636031000046 ], [ -75.751254944999971, 36.182773208000071 ], [ -75.758199854999987, 36.202209165000056 ], [ -75.768335922999938, 36.222491191000074 ], [ -75.811663991999978, 36.319445001000076 ], [ -75.863890959999935, 36.476382225000066 ], [ -75.869999858999961, 36.498600135000061 ], [ -75.879163960999961, 36.532773155000029 ], [ -75.882708835999949, 36.549944992000064 ], [ -75.88194591499996, 36.58193603400008 ], [ -75.911390870999981, 36.665264222000076 ], [ -75.945308911999973, 36.712418127000035 ], [ -75.966663989999972, 36.680827069000031 ], [ -75.975555009999937, 36.620827059000078 ], [ -75.975826918999985, 36.565818137000065 ], [ -75.968845966999936, 36.549718010000049 ], [ -75.949026788999959, 36.542527008000036 ], [ -75.943299937999939, 36.549718010000049 ], [ -75.938255037999966, 36.563673208000068 ], [ -75.912645976999954, 36.573191195000049 ], [ -75.909235882999951, 36.55000014500007 ], [ -75.899581941999941, 36.492773204000059 ], [ -75.926935780999941, 36.484991110000067 ], [ -75.969935781999936, 36.491936019000036 ], [ -76.01279982899996, 36.549845080000068 ], [ -76.019581961999961, 36.566727071000059 ], [ -76.042354922999948, 36.574645120000071 ], [ -76.028990983999961, 36.55000014500007 ], [ -76.038890849999973, 36.518191158000036 ], [ -76.034726887999966, 36.496654025000055 ], [ -75.986935790999951, 36.411664209000037 ], [ -75.946655045999989, 36.371935999000073 ], [ -75.916399895999973, 36.351391116000059 ], [ -75.883326917999966, 36.295545010000069 ], [ -75.796390990999953, 36.11804496600007 ], [ -75.793154905999984, 36.07384501100006 ], [ -75.852708830999973, 36.110691187000043 ], [ -75.938946041999941, 36.283809172000076 ], [ -75.976035795999962, 36.311382113000036 ], [ -75.997354998999981, 36.310827063000033 ], [ -75.95287290899995, 36.192409044000044 ], [ -75.926535795999939, 36.170891190000077 ], [ -75.949435825999956, 36.168600080000033 ], [ -76.004654965999976, 36.181100180000044 ], [ -76.032417840999983, 36.202209165000056 ], [ -76.04274602199996, 36.219736060000059 ], [ -76.139863949999949, 36.288054103000036 ], [ -76.19965491499994, 36.317391100000066 ], [ -76.222635913999966, 36.292500200000063 ], [ -76.183608934999938, 36.269154085000025 ], [ -76.150772996999933, 36.258673185000077 ], [ -76.092164046999983, 36.197600124000076 ], [ -76.075908854999966, 36.179100090000077 ], [ -76.070972919999974, 36.149300077000078 ], [ -76.214172873999985, 36.094709077000061 ], [ -76.235826850999956, 36.094991212000025 ], [ -76.334164009999938, 36.134718080000027 ], [ -76.370835841999963, 36.149991082000042 ], [ -76.367764041999976, 36.118327101000034 ], [ -76.371382006999966, 36.07694497500006 ], [ -76.495272905999968, 36.009582133000038 ], [ -76.518617847999963, 36.006936134000057 ], [ -76.659790890999943, 36.033118014000024 ], [ -76.691172903999984, 36.071645097000044 ], [ -76.710208876999957, 36.117518080000025 ], [ -76.727635858999975, 36.167354026000055 ], [ -76.718890851999959, 36.20943604200005 ], [ -76.704581936999944, 36.246727129000078 ], [ -76.74609985099994, 36.228182168000046 ], [ -76.757508961999974, 36.204154102000075 ], [ -76.760281862999989, 36.145127063000075 ], [ -76.75383584399998, 36.094773115000066 ], [ -76.733917927999983, 36.047600099000078 ], [ -76.729517931999965, 35.93984503400003 ], [ -76.662217953999971, 35.933044963000043 ], [ -76.553746068999942, 35.939709079000068 ], [ -76.529726886999981, 35.946100113000057 ], [ -76.470272873999988, 35.964991079000072 ], [ -76.420135849999951, 35.978736059000028 ], [ -76.392772958999956, 35.975273159000039 ], [ -76.379854936999948, 35.957627074000072 ], [ -76.279173024999977, 35.919153970000025 ], [ -76.26749988399996, 35.918882229000076 ], [ -76.301735766999968, 35.954054036000059 ], [ -76.174717914999974, 35.995964223000044 ], [ -76.077508959999989, 35.993191154000044 ], [ -76.051108814999964, 35.982209184000055 ], [ -76.026526871999977, 35.962218010000072 ], [ -76.021808865999958, 35.922773109000047 ], [ -76.05304604, 35.87374501000005 ], [ -76.060272916999963, 35.846935995000024 ], [ -76.053054924999969, 35.79360915400008 ], [ -76.041672970999969, 35.749164112000074 ], [ -76.044754996999984, 35.684364121000044 ], [ -76.109581976999948, 35.69130903100006 ], [ -76.135626897999941, 35.692391135000037 ], [ -76.103199828999948, 35.660409145000074 ], [ -76.02874606499995, 35.654091202000075 ], [ -75.993881873999953, 35.710273087000076 ], [ -75.988535895999973, 35.791100115000063 ], [ -75.995546016999981, 35.813327078000043 ], [ -75.989435776999983, 35.880545080000047 ], [ -75.970699875999969, 35.897773244000064 ], [ -75.943326927999976, 35.917773136000051 ], [ -75.850826925999968, 35.975273159000039 ], [ -75.824726852999959, 35.964991079000072 ], [ -75.783326788999943, 35.91971807200008 ], [ -75.749172879999946, 35.877909139000053 ], [ -75.720835844999954, 35.814509094000073 ], [ -75.720835844999954, 35.692627001000062 ], [ -75.740763987999969, 35.618464257000028 ], [ -75.789445913999941, 35.57138210100004 ], [ -75.816954984999938, 35.566100161000065 ], [ -75.838335878999942, 35.56693600400007 ], [ -75.859999912999967, 35.584718044000056 ], [ -75.893617882999933, 35.575553942000056 ], [ -75.97958201199998, 35.516664199000047 ], [ -76.002226896999957, 35.466100200000028 ], [ -76.04110886899997, 35.424164197000039 ], [ -76.133190948999982, 35.359854045000077 ], [ -76.149172890999978, 35.336936078000065 ], [ -76.461945955999965, 35.372209138000073 ], [ -76.496108916999958, 35.384718123000027 ], [ -76.522508894999987, 35.404164138000056 ], [ -76.567108833999953, 35.484936013000038 ], [ -76.563754898999946, 35.50880918200005 ], [ -76.515563984999972, 35.531936027000029 ], [ -76.588199881999969, 35.551036037000074 ], [ -76.614863888999935, 35.535827074000053 ], [ -76.631946040999935, 35.522491130000049 ], [ -76.616108936999979, 35.458882208000034 ], [ -76.601390985999956, 35.431382190000079 ], [ -76.652499975999945, 35.414991210000039 ], [ -76.91291782899998, 35.461664162000034 ], [ -76.942635866999979, 35.477282162000051 ], [ -77.049581910999962, 35.526936054000032 ], [ -77.023055031999945, 35.486936103000062 ], [ -76.832508890999975, 35.392218082000056 ], [ -76.50298191, 35.307909044000041 ], [ -76.468890865999981, 35.271664186000066 ], [ -76.487499863999972, 35.225818025000024 ], [ -76.563608886999987, 35.233609172000058 ], [ -76.664890942999989, 35.166935993000038 ], [ -76.573054955999964, 35.160127038000041 ], [ -76.552917936999961, 35.137909127000057 ], [ -76.565554996999936, 35.114854032000039 ], [ -76.604017873999965, 35.07416425100007 ], [ -76.654173003999972, 35.04332706100007 ], [ -76.727081982999948, 35.001518128000043 ], [ -76.761399841999946, 34.987773148000031 ], [ -76.805308943999989, 34.985591171000067 ], [ -76.836063990999946, 34.992544965000036 ], [ -76.867217848999985, 35.000000165000074 ], [ -76.97639096499995, 35.068054011000072 ], [ -77.068163919999961, 35.149782093000056 ], [ -76.965008842999964, 34.997773094000024 ], [ -76.931799909999938, 34.969573186000048 ], [ -76.889999861999968, 34.953882096000029 ], [ -76.840690968999979, 34.943518040000072 ], [ -76.816354951999983, 34.939436053000065 ], [ -76.778881976999969, 34.926653986000076 ], [ -76.75306403899998, 34.905264207000073 ], [ -76.738746071999969, 34.918609035000031 ], [ -76.697217931999944, 34.948873238000033 ], [ -76.633817886999964, 34.982418118000055 ], [ -76.529173010999955, 35.004436036000072 ], [ -76.489435915999934, 35.009164100000078 ], [ -76.453563884999937, 35.066764204000037 ], [ -76.432364040999971, 35.042773185000044 ], [ -76.433954925999956, 34.987818075000064 ], [ -76.462299839999957, 34.962982160000024 ], [ -76.453190890999963, 34.935236049000025 ], [ -76.415326815999947, 34.941154008000069 ], [ -76.323545981999985, 34.974291192000067 ], [ -76.333754972999941, 34.996245073000068 ], [ -76.351245992999964, 35.022209024000063 ], [ -76.312635761999957, 35.012636052000062 ], [ -76.271808851999936, 34.962627103000045 ], [ -76.29249991599994, 34.936936067000033 ], [ -76.343263906999937, 34.881936030000077 ], [ -76.383045927999945, 34.864227080000035 ], [ -76.411390841999946, 34.84777323600008 ], [ -76.48138191299995, 34.776382220000073 ], [ -76.500626930999942, 34.736173224000026 ], [ -76.626108882999972, 34.710136015000046 ], [ -76.653608901999974, 34.717282091000072 ], [ -76.660972906999973, 34.757809096000074 ], [ -76.683255022999958, 34.797491205000028 ], [ -76.759935857999949, 34.766591151000057 ], [ -77.094235829999946, 34.677418094000075 ], [ -77.123317848999989, 34.69331806200006 ], [ -77.175555042999974, 34.654709172000025 ], [ -77.273055016999933, 34.584436134000043 ], [ -77.309582009999986, 34.559718069000041 ], [ -77.33389992299999, 34.575991198000054 ], [ -77.350235916999964, 34.600991063000038 ], [ -77.330972962999965, 34.639918130000069 ], [ -77.388472985999954, 34.733045098000048 ], [ -77.428881973999978, 34.741936118000069 ], [ -77.424435876999951, 34.71305409100006 ], [ -77.409435790999964, 34.689154100000053 ], [ -77.385717854999939, 34.61260016600005 ], [ -77.379046026999958, 34.562936049000029 ], [ -77.381726894999986, 34.516454037000074 ], [ -77.421246059999987, 34.514445063000039 ], [ -77.455272898999965, 34.504027027000063 ], [ -77.573626880999939, 34.436936095000078 ], [ -77.61458186599998, 34.412218030000076 ], [ -77.636672874999988, 34.39804507000008 ], [ -77.664445975999968, 34.379436071000043 ], [ -77.682217789999982, 34.365545078000025 ], [ -77.705272884999943, 34.341936107000038 ], [ -77.757235822999974, 34.28527310000004 ], [ -77.835008820999974, 34.191936082000041 ], [ -77.862217819999955, 34.150827038000045 ], [ -77.86971794699997, 34.130818094000063 ], [ -77.882145961999981, 34.061664207000035 ], [ -77.884172873999944, 34.032773128000031 ], [ -77.922635918999958, 33.937145 ], [ -77.934435794999956, 33.926936010000077 ], [ -77.922499964999986, 33.991935993000027 ], [ -77.92069098199994, 34.019300057000066 ], [ -77.927282007999963, 34.117564125000058 ], [ -77.955626922999954, 34.149018055000056 ], [ -77.950835826999935, 34.119435972000076 ], [ -77.947772911999948, 34.091382077000048 ], [ -77.944990957999948, 34.064991152000061 ], [ -77.946246063999979, 34.028745120000053 ], [ -77.95299098199996, 33.992427004000035 ], [ -77.97610894099995, 33.942764228000044 ], [ -78.025972882999952, 33.889364129000057 ], [ -78.069735805999983, 33.895000120000077 ], [ -78.101390900999945, 33.90470904600005 ], [ -78.153890951999983, 33.914709160000029 ], [ -78.237354926999956, 33.919853972000055 ], [ -78.437208835999968, 33.898045098000068 ], [ -78.51806402699998, 33.879991149000034 ], [ -78.572217826999974, 33.881664177000061 ], [ -78.582090870999934, 33.879300145000059 ], [ -78.600555029999953, 33.870827047000034 ], [ -78.82749992, 33.730273091000072 ], [ -78.861255017999952, 33.707218164000039 ], [ -78.881381978999968, 33.691936110000029 ], [ -78.917773017999934, 33.657491182000058 ], [ -78.937499826999954, 33.638044999000044 ], [ -78.980835774999946, 33.591664240000057 ], [ -79.137645928999973, 33.415682159000028 ], [ -79.148617839999986, 33.38943607300007 ], [ -79.164172975999975, 33.314435977000073 ], [ -79.196445985999958, 33.278936102000046 ], [ -79.269099987999937, 33.314164236000067 ], [ -79.26348193299998, 33.336936023000078 ], [ -79.237291, 33.377209056000027 ], [ -79.199681902999941, 33.430273209000063 ], [ -79.226108870999951, 33.413318127000025 ], [ -79.271390928999949, 33.373318009000059 ], [ -79.289582005999989, 33.32943606300006 ], [ -79.295690904999958, 33.30513608800004 ], [ -79.294581978999986, 33.284164231000034 ], [ -79.282499968999957, 33.266391076000048 ], [ -79.255608810999945, 33.244045089000053 ], [ -79.22478201499996, 33.232554003000075 ], [ -79.204726802999971, 33.185545105000074 ], [ -79.205835896999986, 33.165545045000044 ], [ -79.23306400599995, 33.141109115000063 ], [ -79.297072912999965, 33.09920915500004 ], [ -79.344355060999987, 33.079754087000026 ], [ -79.371717951999983, 33.058945006000044 ], [ -79.388335912999935, 33.008191074000024 ], [ -79.445263955999962, 33.004718116000049 ], [ -79.494435887999941, 33.009164213000076 ], [ -79.523190844999988, 33.033400151000023 ], [ -79.571390978999943, 33.015545020000047 ], [ -79.602499909999949, 32.986518154000066 ], [ -79.627908811999987, 32.939300044000049 ], [ -79.612217888999965, 32.917500055000062 ], [ -79.732635830999982, 32.804154092000033 ], [ -79.79472679, 32.775273239000057 ], [ -79.815826889999983, 32.76720917800003 ], [ -79.857335918999979, 32.770718010000053 ], [ -79.883972936999953, 32.790882187000079 ], [ -79.893672977999984, 32.818191098000057 ], [ -79.878399976999958, 32.838809071000071 ], [ -79.895417922999968, 32.852009060000057 ], [ -79.942635865999989, 32.853464158000065 ], [ -79.969172970999978, 32.787909126000045 ], [ -79.950135824999961, 32.763327015000073 ], [ -79.910190859999943, 32.745144991000075 ], [ -79.882390935999979, 32.727727061000053 ], [ -79.877981887999965, 32.694854075000023 ], [ -79.900281940999946, 32.673882217000028 ], [ -79.917217911999956, 32.662491211000031 ], [ -79.987781969999958, 32.618327131000058 ], [ -80.046955020999974, 32.606100113000025 ], [ -80.222781868999959, 32.540836100000035 ], [ -80.327717932999974, 32.480409116000033 ], [ -80.40916404799998, 32.47165405100003 ], [ -80.431899960999942, 32.498364159000062 ], [ -80.53694599499994, 32.515000057000066 ], [ -80.611390873999937, 32.52027311300003 ], [ -80.66929993399998, 32.522909053000035 ], [ -80.680008821999934, 32.500164256000062 ], [ -80.554999943999974, 32.485754088000078 ], [ -80.53055496099995, 32.491173156000059 ], [ -80.482090964999941, 32.475127008000072 ], [ -80.429508938999959, 32.398045015000037 ], [ -80.442490997999982, 32.351935998000044 ], [ -80.464999928999987, 32.317491070000074 ], [ -80.533326856999963, 32.286109056000043 ], [ -80.574445958999945, 32.268054102000065 ], [ -80.631381880999982, 32.256382134000035 ], [ -80.643072958999937, 32.293782186000044 ], [ -80.641663960999949, 32.342991166000047 ], [ -80.653608843999962, 32.422764253000025 ], [ -80.674435861999939, 32.450273157000026 ], [ -80.674708943999974, 32.397218056000042 ], [ -80.682608887999947, 32.328164250000043 ], [ -80.711117919999936, 32.319718141000067 ], [ -80.764517851999983, 32.37270015100006 ], [ -80.79804596799994, 32.461382196000045 ], [ -80.806946039999957, 32.500273221000043 ], [ -80.832363993999934, 32.519991145000063 ], [ -80.827499974999967, 32.462491122000074 ], [ -80.816254981999975, 32.419164226000078 ], [ -80.783326842999941, 32.310544986000025 ], [ -80.766399923999984, 32.284718163000036 ], [ -80.740345951999984, 32.26006413600004 ], [ -80.710345946999951, 32.258882120000067 ], [ -80.672290932999942, 32.21707318700004 ], [ -80.720699943999989, 32.156654082000045 ], [ -80.819726933999959, 32.10958215200003 ], [ -80.801099829999941, 32.152491126000029 ], [ -80.825563922999947, 32.156654082000045 ], [ -80.879164014999958, 32.079436134000048 ], [ -80.896190845999968, 32.041800047000038 ], [ -80.892963979999934, 32.027854069000057 ], [ -80.835417855999935, 32.006282068000075 ], [ -80.854717858999948, 31.971936046000053 ], [ -80.934581973999968, 31.894582144000026 ], [ -80.977708876999941, 31.861935972000026 ], [ -81.055554964999942, 31.792218151000043 ], [ -81.121935782999969, 31.728609061000043 ], [ -81.126935922999962, 31.692636112000059 ], [ -81.136945926999942, 31.613327047000041 ], [ -81.165899870999965, 31.564853997000057 ], [ -81.241754920999938, 31.560109170000032 ], [ -81.279026897999984, 31.56527309300003 ], [ -81.302499914999942, 31.567773079000062 ], [ -81.329026794999947, 31.554791187000035 ], [ -81.284099960999981, 31.491109175000076 ], [ -81.252063991999989, 31.501800125000045 ], [ -81.204726857999958, 31.474718028000041 ], [ -81.277499882999962, 31.357218162000038 ], [ -81.293881976999955, 31.323054027000069 ], [ -81.268955035999966, 31.267182105000074 ], [ -81.284235915999943, 31.221245084000032 ], [ -81.386035805999938, 31.162427090000051 ], [ -81.404081875999964, 31.177627001000076 ], [ -81.408535851999943, 31.205064155000059 ], [ -81.444099931999972, 31.207218137000041 ], [ -81.488435840999955, 31.113473087000045 ], [ -81.435635885999943, 31.084691141000064 ], [ -81.409881985999959, 31.089726988000052 ], [ -81.419446072999961, 31.029027089000067 ], [ -81.45959086299996, 30.942218065000077 ], [ -81.473608924999951, 30.92721814600003 ], [ -81.501390910999987, 30.900691099000028 ], [ -81.533754947999967, 30.849444981000033 ], [ -81.51014597599999, 30.800273216000051 ], [ -81.492908927999963, 30.777918010000064 ], [ -81.487290872999949, 30.752009044000033 ], [ -81.495272959999966, 30.73221803000007 ], [ -81.507335859999955, 30.71346419200006 ], [ -81.472781966999946, 30.691936111000075 ], [ -81.435272949999955, 30.639436061000026 ], [ -81.444154916999935, 30.573054070000069 ], [ -81.453064041999937, 30.508327002000044 ], [ -81.412508873999968, 30.467082170000026 ], [ -81.390699832999985, 30.385000036000065 ], [ -81.392773012999953, 30.358054062000065 ], [ -81.390835786999958, 30.283191093000028 ], [ -81.386126833999981, 30.261109137000062 ], [ -81.361117916999945, 30.190273170000069 ], [ -81.329726850999975, 30.074436106000064 ], [ -81.304172942999969, 29.973882101000072 ], [ -81.287217861999977, 29.903882146000058 ], [ -81.255281971999977, 29.796664193000026 ], [ -81.248046042999988, 29.776664133000054 ], [ -81.185272963999978, 29.619718025000054 ], [ -81.159164005999969, 29.558327122000037 ], [ -81.013899923999986, 29.243045018000032 ], [ -80.966108825999981, 29.153045003000045 ], [ -80.829726878999963, 28.939718023000069 ], [ -80.702499981999949, 28.747218061000069 ], [ -80.681172899999979, 28.715964123000049 ], [ -80.638472970999942, 28.669164102000025 ], [ -80.587217799999962, 28.590554087000044 ], [ -80.565981912999973, 28.554582144000051 ], [ -80.552490904999956, 28.525000061000071 ], [ -80.535172886999987, 28.449336118000076 ], [ -80.559863961999952, 28.432491174000063 ], [ -80.596955056999946, 28.402218087000051 ], [ -80.59778201599994, 28.33916421400005 ], [ -80.59778201599994, 28.274164231000043 ], [ -80.59778201599994, 28.246664213000031 ], [ -80.595554943999957, 28.226109104000045 ], [ -80.590835764999952, 28.194718038000076 ], [ -80.586946058999956, 28.173609053000064 ], [ -80.580835818999958, 28.142218155000023 ], [ -80.573063950999938, 28.111109057000078 ], [ -80.561390976999974, 28.079436024000074 ], [ -80.53694599499994, 28.033745096000075 ], [ -80.496655023999949, 27.968882074000078 ], [ -80.475008926999976, 27.935827032000077 ], [ -80.464172969999936, 27.918327127000055 ], [ -80.446135784999967, 27.874473177000027 ], [ -80.446654959999989, 27.86443601600007 ], [ -80.507782000999953, 27.954717998000035 ], [ -80.561390976999974, 28.044582059000049 ], [ -80.593054957999982, 28.114854091000041 ], [ -80.600826825999945, 28.137500150000051 ], [ -80.607226911999987, 28.161109121000038 ], [ -80.620281893999959, 28.217909088000056 ], [ -80.621655016999966, 28.328054002000044 ], [ -80.61694606399999, 28.402773137000054 ], [ -80.605281974999968, 28.424854087000028 ], [ -80.591672949999975, 28.468882213000029 ], [ -80.584308944999975, 28.501664172000062 ], [ -80.584654949999958, 28.548882115000026 ], [ -80.603199909999944, 28.608609042000069 ], [ -80.659299988999976, 28.608327075000034 ], [ -80.674572989999945, 28.588953982000078 ], [ -80.755346037999971, 28.604373164000037 ], [ -80.782490998999947, 28.635691139000073 ], [ -80.770345956999961, 28.687182176000078 ], [ -80.745054904999961, 28.708118159000037 ], [ -80.751454990999946, 28.731727130000024 ], [ -80.813046053999983, 28.771664217000023 ], [ -80.843608819999986, 28.780973159000041 ], [ -80.823063936999972, 28.651664197000059 ], [ -80.757235821999984, 28.420691131000069 ], [ -80.718890961999989, 28.337500071000079 ], [ -80.576673030999984, 28.03444498500005 ], [ -80.486935871999947, 27.854164161000028 ], [ -80.460899836999943, 27.812564105000035 ], [ -80.441935780999984, 27.787218068000072 ], [ -80.432499936999989, 27.769164119000038 ], [ -80.39722687699998, 27.695545025000058 ], [ -80.385563961999935, 27.668609109000045 ], [ -80.37193582499998, 27.632218070000079 ], [ -80.356035857999984, 27.58332709900003 ], [ -80.349517921999961, 27.538191053000048 ], [ -80.312072942999976, 27.429991077000068 ], [ -80.215008827999952, 27.193609169000069 ], [ -80.150972930999956, 27.138191042000074 ], [ -80.105272950999961, 27.051664153000047 ], [ -80.082508874999974, 26.98569119900003 ], [ -80.05166397399995, 26.864436072000046 ], [ -80.035335858999986, 26.795691055000077 ], [ -80.028746006999938, 26.632354081000074 ], [ -80.035208956999952, 26.552982151000037 ], [ -80.046390918999975, 26.515000060000034 ], [ -80.050826789999974, 26.492491130000076 ], [ -80.067508956999973, 26.383609034000074 ], [ -80.094726839999964, 26.200545083000065 ], [ -80.13612690399998, 25.905554058000064 ], [ -80.191235905999974, 25.743191061000061 ], [ -80.255845962999956, 25.684164190000047 ], [ -80.312908953999965, 25.59937319200003 ], [ -80.313326875999962, 25.542500135000068 ], [ -80.31193581499997, 25.538054038000041 ], [ -80.339446059999943, 25.502427094000041 ], [ -80.376099954999972, 25.319718033000072 ], [ -80.421108930999935, 25.249854031000041 ], [ -80.419445960999951, 25.207909144000041 ], [ -80.397508843999958, 25.186653978000038 ], [ -80.41530882099994, 25.191209040000047 ], [ -80.453546057999972, 25.241935983000076 ], [ -80.488872929999957, 25.21632708900006 ], [ -80.503155022999977, 25.198745041000052 ], [ -80.510908953999945, 25.233982059000027 ], [ -80.539990972999988, 25.245545063000066 ], [ -80.573964, 25.240545090000069 ], [ -80.652217950999955, 25.186936113000058 ], [ -80.682217955999988, 25.163609109000049 ], [ -80.827790994999987, 25.162218048000057 ], [ -81.046663944999978, 25.127773120000029 ], [ -81.08805495699994, 25.115553982000051 ], [ -81.103335836999975, 25.126382059000036 ], [ -81.146672958999943, 25.160409066000057 ], [ -81.177499921999981, 25.240482058000055 ], [ -81.135608845999968, 25.320536106000077 ], [ -81.108672929999955, 25.298718012000052 ], [ -81.091664036999987, 25.280273132000048 ], [ -81.003345933999981, 25.211109019000048 ], [ -80.977208812999947, 25.200900029000024 ], [ -80.928890996999939, 25.219854026000064 ], [ -80.917845994999936, 25.246873091000055 ], [ -80.954454962999989, 25.299164097000073 ], [ -80.990835775999983, 25.322427064000067 ], [ -81.042499982999971, 25.329582192000032 ], [ -81.10771789599994, 25.365400076000071 ], [ -81.126390931999936, 25.379527103000044 ], [ -81.144863975999954, 25.408326987000066 ], [ -81.172226866999949, 25.471109118000072 ], [ -81.32765501199998, 25.788054024000076 ], [ -81.340908812999942, 25.809718059000033 ], [ -81.376799954999967, 25.835691062000024 ], [ -81.402217908999944, 25.848882166000067 ], [ -81.558608966999941, 25.91971813300006 ], [ -81.618326841999988, 25.930545037000059 ], [ -81.674708887999941, 25.914436025000043 ], [ -81.736590969999952, 25.959445001000063 ], [ -81.780563942999947, 26.086936096000045 ], [ -81.800417821999986, 26.100000130000069 ], [ -81.8111089399999, 26.138882103000071 ], [ -81.81695498199997, 26.165553989000045 ], [ -81.841108944999974, 26.350000116000047 ], [ -81.881617844999937, 26.445691108000062 ], [ -81.969308812999941, 26.481827002000045 ], [ -81.95524599099997, 26.501200095000058 ], [ -81.918726876999983, 26.512327071000072 ], [ -81.922772988999952, 26.533609059000071 ], [ -81.785935904999974, 26.706900046000044 ], [ -81.89111789399999, 26.660273195000059 ], [ -81.915617861999976, 26.628053997000052 ], [ -81.920063957999957, 26.599300046000053 ], [ -81.948745992999989, 26.540827051000065 ], [ -82.023372926999969, 26.529218115000049 ], [ -82.066946082999948, 26.55437321200003 ], [ -82.079999890999943, 26.683882166000046 ], [ -82.079726808999965, 26.707773105000058 ], [ -82.049435783999968, 26.847773184000062 ], [ -82.01722681199999, 26.964718 ], [ -82.100281917999951, 26.952500035000071 ], [ -82.191935849999936, 26.93804510800004 ], [ -82.164172974999985, 26.874164109000048 ], [ -82.150835857999937, 26.818882105000057 ], [ -82.158890866999968, 26.782882166000036 ], [ -82.291108851999979, 26.829582107000078 ], [ -82.309435883999981, 26.844436013000063 ], [ -82.378881962999969, 26.935409167000046 ], [ -82.396390920999977, 26.962353968000059 ], [ -82.424435762999963, 27.021945109000058 ], [ -82.456117847999963, 27.090827087000036 ], [ -82.538399974999948, 27.288536067000052 ], [ -82.544999884999982, 27.319718088000059 ], [ -82.571535816999983, 27.391245059000028 ], [ -82.587217854999949, 27.409718103000046 ], [ -82.655272873999934, 27.461664110000072 ], [ -82.646117823999987, 27.465273189000072 ], [ -82.590835819999938, 27.496935996000047 ], [ -82.58375495599995, 27.550273232000052 ], [ -82.616108934999943, 27.553609061000031 ], [ -82.547499871999946, 27.64055404000004 ], [ -82.534726856999953, 27.656664226000032 ], [ -82.465835826999978, 27.732909035000034 ], [ -82.442217802999949, 27.744991046000052 ], [ -82.405008857999974, 27.780691080000054 ], [ -82.388545961999966, 27.821109120000074 ], [ -82.407499959999939, 27.880554081000071 ], [ -82.424164021999957, 27.919436053000027 ], [ -82.443326896999963, 27.93082706000007 ], [ -82.69124599099996, 28.029854049000051 ], [ -82.714926878999961, 27.925618042000053 ], [ -82.637508938999986, 27.883609117000049 ], [ -82.603608834999989, 27.873053954000056 ], [ -82.595073039999988, 27.82187321400005 ], [ -82.622772882999982, 27.722500052000044 ], [ -82.63652691499999, 27.696109127000057 ], [ -82.724726832999977, 27.658053946000052 ], [ -82.744445930999973, 27.679436013000043 ], [ -82.835008873999982, 27.814445004000049 ], [ -82.843890841999951, 27.832773209000038 ], [ -82.854164037999965, 27.858609085000069 ], [ -82.852290849999974, 27.894853943000044 ], [ -82.827781997999978, 27.941727054000069 ], [ -82.835726867999938, 27.897182100000066 ], [ -82.809435854999947, 27.936664217000043 ], [ -82.797499857999981, 27.969718085000068 ], [ -82.773899938999989, 28.070273095000061 ], [ -82.749726864999957, 28.230544975000043 ], [ -82.716108894999934, 28.30555395600004 ], [ -82.664026933999935, 28.436936098000047 ], [ -82.641681953999978, 28.539436045000059 ], [ -82.628599981999969, 28.696382153000059 ], [ -82.636808882999958, 28.752364214000067 ], [ -82.654173000999947, 28.767773170000055 ], [ -82.675617932999955, 28.804054070000063 ], [ -82.64110896699998, 28.82582706900007 ], [ -82.628881948999947, 28.849582221000048 ], [ -82.629717959999937, 28.880136103000041 ], [ -82.644581923999965, 28.894991182000069 ], [ -82.750835790999986, 29.007500127000071 ], [ -82.769455014999949, 29.070554 ], [ -82.802781964999951, 29.15499111400004 ], [ -82.83195501199998, 29.163882134000062 ], [ -82.933063897999943, 29.18277309900003 ], [ -82.962635923999983, 29.186245051000071 ], [ -82.983746081999982, 29.179718063000053 ], [ -83.071672916999944, 29.224436020000041 ], [ -83.100281860999985, 29.274436084000058 ], [ -83.222499900999935, 29.422773140000061 ], [ -83.352217898999982, 29.505273195000029 ], [ -83.374435809999966, 29.514164215000051 ], [ -83.398063891999982, 29.525409041000046 ], [ -83.407499903999962, 29.575827027000059 ], [ -83.428055012999948, 29.668327029000068 ], [ -83.466946037999946, 29.680544994000059 ], [ -83.536664025999983, 29.722636062000049 ], [ -83.578272966999975, 29.766527060000044 ], [ -83.583264054999972, 29.805418085000042 ], [ -83.631945980999944, 29.875691123000024 ], [ -83.669445945999939, 29.906109050000055 ], [ -83.737781925999968, 29.952500034000025 ], [ -83.788190859999986, 29.974091146000035 ], [ -83.82444594399999, 29.984436091000077 ], [ -83.889308965999987, 30.017635971000061 ], [ -83.937499880999951, 30.050554052000052 ], [ -84.010982013999978, 30.097636041000044 ], [ -84.031681961999936, 30.10139113300005 ], [ -84.20555498899995, 30.105691050000075 ], [ -84.264308944999982, 30.096382108000057 ], [ -84.32918185799997, 30.070827026000075 ], [ -84.459026926999968, 29.997082204000037 ], [ -84.437490967999963, 29.958044998000048 ], [ -84.41236403299996, 29.955554064000069 ], [ -84.386126831999945, 29.958044998000048 ], [ -84.33673579699996, 29.941454027000077 ], [ -84.334999904999961, 29.920000043000073 ], [ -84.347290959999953, 29.894373212000062 ], [ -84.376555033999978, 29.904809016000058 ], [ -84.409726918999979, 29.916936122000038 ], [ -84.449308947999953, 29.920973181000079 ], [ -84.515835778999985, 29.914718102000052 ], [ -84.550826871999959, 29.89943604900003 ], [ -84.574717809999981, 29.886936117000062 ], [ -84.651945983999951, 29.845827072000077 ], [ -84.722781950999945, 29.800826981000057 ], [ -84.752226905999976, 29.781245011000067 ], [ -84.829999903999976, 29.751109052000061 ], [ -84.865554931999952, 29.737500194000063 ], [ -84.885281907999968, 29.747218005000036 ], [ -84.86415498599996, 29.795591141000045 ], [ -84.915008830999966, 29.77971816400003 ], [ -84.977781909999976, 29.733609147000038 ], [ -85.059999830999971, 29.71999106800007 ], [ -85.208890929999939, 29.69943612700007 ], [ -85.295272979999936, 29.688882138000054 ], [ -85.341673016999948, 29.676382205000039 ], [ -85.357090857999935, 29.677773098000046 ], [ -85.374308962999976, 29.691109042000051 ], [ -85.386672940999972, 29.710964094000076 ], [ -85.40055504899999, 29.751664101000074 ], [ -85.412226848999978, 29.793745111000078 ], [ -85.413326889999951, 29.813882131000071 ], [ -85.399199862999978, 29.864682164000044 ], [ -85.399026859999935, 29.821109175000061 ], [ -85.396664001999966, 29.79166422000003 ], [ -85.385699969999962, 29.741100053000025 ], [ -85.372217845999955, 29.713882170000034 ], [ -85.347117901999979, 29.686973075000026 ], [ -85.306590896999978, 29.699991177000072 ], [ -85.302217889999952, 29.744164142000045 ], [ -85.307208977999949, 29.815973080000049 ], [ -85.362908903999937, 29.897909034000065 ], [ -85.405826930999979, 29.933609068000067 ], [ -85.546390944999985, 30.033882111000025 ], [ -85.613599893999947, 30.07000006800007 ], [ -85.629390896999951, 30.10462705100008 ], [ -85.598691002999942, 30.102354046000073 ], [ -85.550317865999943, 30.074564182000074 ], [ -85.521535918999973, 30.060553998000046 ], [ -85.476954922999937, 30.025827102000051 ], [ -85.43943584799996, 30.017673187000071 ], [ -85.393890932999966, 30.041527078000058 ], [ -85.413190935999978, 30.055409018000034 ], [ -85.442490883999938, 30.054164138000033 ], [ -85.647381981999956, 30.146000125000057 ], [ -85.688245938999955, 30.190664102000028 ], [ -85.663617895999948, 30.246109051000076 ], [ -85.746946082999955, 30.297218041000065 ], [ -85.838681990999987, 30.287427139000044 ], [ -85.845554983999989, 30.247082190000071 ], [ -85.829726932999961, 30.227636006000068 ], [ -85.803535831999966, 30.241454077000071 ], [ -85.764026892999937, 30.240273234000028 ], [ -85.738999871999965, 30.19882707000005 ], [ -85.722581902999934, 30.162164122000036 ], [ -85.725554963999969, 30.125827063000031 ], [ -85.779999950999979, 30.162773151000067 ], [ -85.830290866999974, 30.195545052000057 ], [ -85.872217817999967, 30.216936004000047 ], [ -85.902499957999964, 30.232218058000058 ], [ -85.929990923999981, 30.244718158000069 ], [ -86.030835779999961, 30.28388209700006 ], [ -86.085826932999964, 30.303609074000065 ], [ -86.16471790899999, 30.329436065000039 ], [ -86.255554939999968, 30.358327144000043 ], [ -86.312499913999943, 30.372500104000039 ], [ -86.33736399199995, 30.384436102000052 ], [ -86.162508941999988, 30.390827136000041 ], [ -86.104235770999935, 30.379091130000063 ], [ -86.122773020999944, 30.42610908100005 ], [ -86.197490981999977, 30.473045056000046 ], [ -86.259999863999951, 30.495827069000029 ], [ -86.438046071999963, 30.496109036000064 ], [ -86.492908813999975, 30.470000079000044 ], [ -86.598054927999954, 30.415000041000042 ], [ -86.618326895999985, 30.415000041000042 ], [ -86.664445970999964, 30.417218061000028 ], [ -86.708617930999935, 30.419164171000034 ], [ -86.780290913999977, 30.416664184000069 ], [ -86.926663921999989, 30.399164112000051 ], [ -86.97083588199996, 30.393327122000073 ], [ -87.072226902999944, 30.378609171000051 ], [ -87.098346086999982, 30.373053980000066 ], [ -87.126099909999937, 30.363882167000043 ], [ -87.175535871999955, 30.369827115000078 ], [ -87.115826880999975, 30.394436048000046 ], [ -87.084863962999975, 30.400827081000045 ], [ -87.009454997999967, 30.40750008200007 ], [ -86.986255062999987, 30.417218061000028 ], [ -86.936390952999943, 30.450000187000057 ], [ -86.953608890999988, 30.470827037000049 ], [ -87.012508859999969, 30.520000143000061 ], [ -87.10194594699999, 30.526664091000043 ], [ -87.160835857999984, 30.517773239000064 ], [ -87.153199943999937, 30.498609023000029 ], [ -87.156672901999968, 30.472145008000041 ], [ -87.179717938999943, 30.43166410300006 ], [ -87.26610887399994, 30.351109152000049 ], [ -87.302108979999957, 30.345444997000072 ], [ -87.306654988999981, 30.321382062000055 ], [ -87.334163892999982, 30.314718113000026 ], [ -87.453064038999969, 30.290554092000036 ], [ -87.522563930999979, 30.27929116100006 ], [ -87.49854609, 30.30332710700003 ], [ -87.458799942999974, 30.306873155000062 ], [ -87.418055008999943, 30.33832708500006 ], [ -87.340835887999958, 30.434582179000074 ], [ -87.35506400099996, 30.456309078000061 ], [ -87.420390877999978, 30.480945 ], [ -87.408890906999943, 30.452773088000072 ], [ -87.422773014999962, 30.42055405800005 ], [ -87.463335893999954, 30.35971803700005 ], [ -87.568617962999951, 30.279445053000074 ], [ -87.655972983999959, 30.251945034000073 ], [ -87.733608853999954, 30.234991127000058 ], [ -87.77721788499997, 30.231664182000031 ], [ -88.021355064999966, 30.225482193000062 ], [ -87.952499908999982, 30.248327070000073 ], [ -87.915281911999955, 30.244991072000062 ], [ -87.873746060999963, 30.237564203000034 ], [ -87.778190855999981, 30.262918119000062 ], [ -87.757708836999939, 30.282426999000052 ], [ -87.763408866999953, 30.303054025000051 ], [ -87.831681982999953, 30.360827131000065 ], [ -87.871799950999957, 30.384300148000079 ], [ -87.908408918999953, 30.409718101000067 ], [ -87.934154940999974, 30.49527319300006 ], [ -87.917781897999987, 30.533882083000037 ], [ -87.909445927999968, 30.569444990000079 ], [ -87.913055007999958, 30.593891146000033 ], [ -87.930546027999981, 30.641109089000054 ], [ -87.949026783999955, 30.670344999000065 ], [ -88.020282012999985, 30.701109099000064 ], [ -88.082508926999935, 30.574718045000054 ], [ -88.100972918999958, 30.512635970000076 ], [ -88.102217798999959, 30.47027316100008 ], [ -88.107226824999941, 30.397500136000076 ], [ -88.11110881899998, 30.367082210000035 ], [ -88.131455050999989, 30.318953992000047 ], [ -88.194026796999935, 30.331527014000073 ], [ -88.192317893999984, 30.35992708200007 ], [ -88.353399968999952, 30.404227117000062 ], [ -88.402190859999962, 30.387664141000073 ], [ -88.405972941999948, 30.356391092000024 ], [ -88.457926827999984, 30.317500067000026 ], [ -88.484445995999977, 30.323054084000034 ], [ -88.55986401399997, 30.348327031000053 ], [ -88.614435903999947, 30.363609084000075 ], [ -88.696108832999982, 30.345691090000059 ], [ -88.722499925999955, 30.346382094000035 ], [ -88.744717836999939, 30.354164188000027 ], [ -88.788190912999937, 30.377636032000055 ], [ -88.832508884999982, 30.413054099000078 ], [ -88.980835881999951, 30.418326986000068 ], [ -88.984999843999958, 30.386382212000058 ], [ -89.202354998999965, 30.327082091000079 ], [ -89.264445958999943, 30.318264161000059 ], [ -89.311799855999936, 30.310553984000023 ], [ -89.448255060999941, 30.184300058000076 ], [ -89.498608841999953, 30.183882136000079 ], [ -89.522063921999973, 30.18685402400007 ], [ -89.593126869999935, 30.153264218000061 ], [ -89.694999850999977, 30.183773172000031 ], [ -89.819735813999955, 30.223327038000036 ], [ -89.979581892999988, 30.266382192000037 ], [ -89.98791786399994, 30.301109088000032 ], [ -90.000826832999962, 30.319164210000054 ], [ -90.063890930999946, 30.358882194000046 ], [ -90.089446012999986, 30.365554021000037 ], [ -90.18762693299999, 30.387773105000065 ], [ -90.213755001999971, 30.386944973000027 ], [ -90.236255047999975, 30.376527106000026 ], [ -90.414999971999976, 30.203473159000055 ], [ -90.427908940999941, 30.178609081000047 ], [ -90.430546054999979, 30.151800067000067 ], [ -90.425135871999942, 30.123473090000061 ], [ -90.412635771999987, 30.097909123000079 ], [ -90.349726905999944, 30.061664097000062 ], [ -90.170135912999967, 30.023473129000024 ], [ -90.131673035999938, 30.02221802300005 ], [ -90.034026880999988, 30.036664233000067 ], [ -89.811935782999967, 30.099164229000053 ], [ -89.7223089299999, 30.142726992000064 ], [ -89.673535808999986, 30.16714498500005 ], [ -89.642645980999987, 30.133191068000031 ], [ -89.719164039999953, 30.058054012000071 ], [ -89.769517820999965, 30.044300147000058 ], [ -89.805690929999969, 30.044300147000058 ], [ -89.827790990999972, 30.032918025000072 ], [ -89.843745943999977, 30.007082149000041 ], [ -89.835554979999984, 29.981109146000051 ], [ -89.817846029999941, 29.945482202000051 ], [ -89.683608844999981, 29.879027120000046 ], [ -89.658054935999985, 29.873882141000024 ], [ -89.625690899999938, 29.873400181000079 ], [ -89.589299860999972, 29.899582062000036 ], [ -89.565826843999957, 29.961109087000068 ], [ -89.476317840999968, 30.07460910900005 ], [ -89.39944606499995, 30.050827135000077 ], [ -89.333754910999971, 29.878191109000056 ], [ -89.404172955999968, 29.762500058000057 ], [ -89.412217906999956, 29.790273159000037 ], [ -89.429717811999978, 29.808327108000071 ], [ -89.448046016999967, 29.821382090000043 ], [ -89.476390930999969, 29.832291137000027 ], [ -89.590564019999988, 29.73888220200007 ], [ -89.662508911999964, 29.666382092000049 ], [ -89.752717803999985, 29.632982219000041 ], [ -89.67778191299999, 29.525691176000066 ], [ -89.519163950999939, 29.462491123000063 ], [ -89.464172965999978, 29.40304498900008 ], [ -89.317508937999946, 29.350553991000027 ], [ -89.255845958999942, 29.334718061000046 ], [ -89.187208899999973, 29.339718034000043 ], [ -89.029172976999973, 29.21582713500004 ], [ -89.009317924999948, 29.196382125000071 ], [ -89.008754995999936, 29.174164214000029 ], [ -89.021663964999959, 29.140273162000028 ], [ -89.042355028999964, 29.11040911200007 ], [ -89.15388195, 29.040000119000069 ], [ -89.24943581399998, 29.096109082000055 ], [ -89.306946063999987, 29.042218138000067 ], [ -89.325846081999941, 29.018327032000059 ], [ -89.338335788999984, 28.986800179000056 ], [ -89.363055026999973, 28.95360901600003 ], [ -89.390626794999946, 28.932082109000078 ], [ -89.404999914999962, 28.926664215000073 ], [ -89.413054922999947, 28.931109138000068 ], [ -89.397499954999944, 28.974582214000066 ], [ -89.381245935999971, 28.989300166000078 ], [ -89.36582692199994, 29.003609080000047 ], [ -89.301935864999962, 29.082500056000072 ], [ -89.272017834999986, 29.149644968000075 ], [ -89.324308840999947, 29.178045035000025 ], [ -89.329654986999969, 29.153118094000035 ], [ -89.323754964999978, 29.121800118000067 ], [ -89.331390878999969, 29.101664104000065 ], [ -89.355417939999938, 29.086664186000064 ], [ -89.389581905999989, 29.092082080000068 ], [ -89.478608949999966, 29.233609175000026 ], [ -89.608399870999961, 29.251109080000049 ], [ -89.708346019999965, 29.300827009000045 ], [ -89.770564049999962, 29.339164158000074 ], [ -89.750826846999985, 29.360553937000077 ], [ -89.773335776999943, 29.414854085000059 ], [ -89.831681869999954, 29.443882125000073 ], [ -89.985273037999946, 29.486382062000075 ], [ -90.119154997999942, 29.551391097000078 ], [ -90.182499890999964, 29.569854083000052 ], [ -90.203272928999979, 29.544718096000054 ], [ -90.191099890999965, 29.510827044000052 ], [ -90.172082022999973, 29.488054084000055 ], [ -90.124863912999956, 29.465827121000075 ], [ -90.09666400499998, 29.461382197000034 ], [ -90.058745951999981, 29.459582100000034 ], [ -90.02652692199996, 29.42513599800003 ], [ -90.056946021999977, 29.311945101000049 ], [ -90.051590990999955, 29.221526996000023 ], [ -90.065826815999969, 29.183327143000042 ], [ -90.115964007999935, 29.13902710800005 ], [ -90.135835823999969, 29.126382169000067 ], [ -90.209446032999949, 29.091109109000058 ], [ -90.237499927999977, 29.083609150000029 ], [ -90.247772955999949, 29.082500056000072 ], [ -90.235972912999955, 29.09221803500003 ], [ -90.235690945999977, 29.118464121000045 ], [ -90.255572987999983, 29.19721813600006 ], [ -90.272781872999985, 29.259718133000035 ], [ -90.344999847999986, 29.30916415300004 ], [ -90.393617903999939, 29.317500123000059 ], [ -90.44444593299994, 29.326109176000045 ], [ -90.52444600199999, 29.289718138000069 ], [ -90.589717893999989, 29.233327040000063 ], [ -90.647226801999977, 29.158054029000027 ], [ -90.678608982999947, 29.129717999000036 ], [ -90.702017961999957, 29.115827006000075 ], [ -90.765017855999986, 29.109435973000075 ], [ -90.878326937999987, 29.128745028000026 ], [ -90.912217821999945, 29.150826984000048 ], [ -90.929999861999988, 29.164300055000069 ], [ -90.998890891999963, 29.219236055000067 ], [ -91.035345967999945, 29.213118104000046 ], [ -91.048326853999981, 29.194164106000073 ], [ -91.077646080999955, 29.194853936000072 ], [ -91.096954968999967, 29.202218109000057 ], [ -91.194717966999974, 29.226936006000074 ], [ -91.219454974999962, 29.231664238000064 ], [ -91.25486399, 29.244300125000052 ], [ -91.277917911999964, 29.255835970000078 ], [ -91.299435933999973, 29.271382221000067 ], [ -91.322235883999952, 29.295273160000079 ], [ -91.339308981999977, 29.324718116000042 ], [ -91.223326910999958, 29.360553937000077 ], [ -91.162146058999951, 29.32979117900004 ], [ -91.163054992999946, 29.293191095000054 ], [ -91.173473027999989, 29.273609125000064 ], [ -91.149235915999952, 29.249436052000078 ], [ -91.117708895999954, 29.262500086000045 ], [ -91.114435930999946, 29.325418004000028 ], [ -91.126526825999974, 29.347353948000034 ], [ -91.267226793999953, 29.466936046000058 ], [ -91.415008967999938, 29.54027317300006 ], [ -91.52305505299995, 29.532217997000032 ], [ -91.543335905999982, 29.542773160000024 ], [ -91.551099894999936, 29.586109108000073 ], [ -91.557145928999944, 29.630482065000024 ], [ -91.631035925999981, 29.739027041000043 ], [ -91.664172942999983, 29.748600180000039 ], [ -91.82389999899999, 29.795554093000078 ], [ -91.83881794199999, 29.82826413500004 ], [ -91.89917301, 29.836109094000051 ], [ -92.148617945999945, 29.768891092000047 ], [ -92.175826944999983, 29.690273198000057 ], [ -92.099726807999957, 29.615554063000047 ], [ -92.137217886999963, 29.590000155000041 ], [ -92.273199849999969, 29.540973230000077 ], [ -92.308335781999972, 29.539718124000046 ], [ -92.337217808999981, 29.542218110000078 ], [ -92.570008908999966, 29.575827027000059 ], [ -92.687772972999937, 29.60027318300007 ], [ -92.75110898, 29.62069116400005 ], [ -92.813608976999944, 29.643891099000029 ], [ -92.855272902999957, 29.663053973000046 ], [ -92.905563986999937, 29.693327061000048 ], [ -93.03750889, 29.739164169000048 ], [ -93.118326864999972, 29.763609152000072 ], [ -93.144726842999944, 29.769444968000073 ], [ -93.240826871999957, 29.785000104000062 ], [ -93.272226821999936, 29.786945041000024 ], [ -93.299990870999977, 29.786664247000033 ], [ -93.667773024999974, 29.763882066000065 ], [ -93.719308821999959, 29.759164228000031 ], [ -93.749999997999964, 29.750000126000032 ], [ -93.794026950999978, 29.727354067000078 ], [ -93.823472911999943, 29.708191193000062 ], [ -93.850490970999942, 29.708818159000032 ], [ -93.885554986999978, 29.74527323500007 ], [ -93.900981878999971, 29.791109170000027 ], [ -93.892008883999949, 29.817564133000076 ], [ -93.862081969999963, 29.830691199000057 ], [ -93.811863975999984, 29.833882190000054 ], [ -93.773063977999982, 29.900409020000041 ], [ -93.768026789999965, 29.976282176000041 ], [ -93.789726866999956, 29.994853958000078 ], [ -93.796664064999959, 29.994164128000079 ], [ -93.852008933999969, 29.985135980000052 ], [ -93.95847301799995, 29.816664252000066 ], [ -93.947490880999965, 29.786318074000064 ], [ -93.914717806999988, 29.765554088000044 ], [ -93.890699965999943, 29.74040904900005 ], [ -93.858435841999949, 29.681627097000046 ], [ -93.890908842999977, 29.672144986000035 ], [ -93.920272996999984, 29.681518133000054 ], [ -94.036390854999979, 29.679164159000038 ], [ -94.068346022999947, 29.674164186000041 ], [ -94.134299865999935, 29.653609077000056 ], [ -94.317508823999958, 29.584164171000054 ], [ -94.458890911999958, 29.527500158000066 ], [ -94.619999975999974, 29.461936073000061 ], [ -94.653608892999955, 29.447082168000065 ], [ -94.683608897999989, 29.429164173000061 ], [ -94.708063938999942, 29.409436023000069 ], [ -94.733746090999944, 29.380691124000066 ], [ -94.75417295599999, 29.367909057000077 ], [ -94.786946029999967, 29.373535996000044 ], [ -94.781108872999937, 29.397218058000078 ], [ -94.692081996999946, 29.46749109600006 ], [ -94.61220882899994, 29.494436065000059 ], [ -94.515417963999937, 29.516527074000066 ], [ -94.476590976999944, 29.55888217200004 ], [ -94.574026912999955, 29.573191086000065 ], [ -94.67555506299999, 29.552773105000028 ], [ -94.765835871999968, 29.568053985000063 ], [ -94.730417971999941, 29.612909070000057 ], [ -94.722082001999979, 29.633744972000045 ], [ -94.717226867999955, 29.653327110000077 ], [ -94.706663993999939, 29.711109101000034 ], [ -94.711046052999961, 29.756800029000033 ], [ -94.757017941999948, 29.785000104000062 ], [ -94.824308866999957, 29.761945008000055 ], [ -94.840564058999973, 29.749164115000042 ], [ -94.955555053999944, 29.695827047000023 ], [ -95.007091017999983, 29.716518111000028 ], [ -95.060063975999981, 29.715064186000063 ], [ -95.015835857999946, 29.565553999000031 ], [ -94.897990991999961, 29.420900119000066 ], [ -94.887508919999959, 29.385273175000066 ], [ -94.893899952999959, 29.337773097000024 ], [ -94.902790972999981, 29.314445087000024 ], [ -95.086946079999962, 29.181936083000039 ], [ -95.14860889199997, 29.05124511300005 ], [ -95.303190968999957, 28.931527060000064 ], [ -95.331954977999942, 28.912773222000055 ], [ -95.35972690599999, 28.896109160000037 ], [ -95.61832689199997, 28.755554031000031 ], [ -95.689890910999964, 28.738136101000066 ], [ -95.745672978999949, 28.737300090000076 ], [ -95.797226880999972, 28.736935980000055 ], [ -95.941108954999947, 28.686418082000046 ], [ -95.941517823999959, 28.626318160000039 ], [ -95.89611791599998, 28.640000108000038 ], [ -95.876099918999955, 28.650273136000067 ], [ -95.84778199499999, 28.668191131000071 ], [ -95.816982020999944, 28.68082701700007 ], [ -95.76550892099999, 28.692491106000034 ], [ -95.827226885999949, 28.648327026000061 ], [ -95.858045970999967, 28.635273217000076 ], [ -95.895554986999969, 28.621382225000048 ], [ -95.92944603899997, 28.61027318500004 ], [ -95.951673002999939, 28.603609069000072 ], [ -95.97902684099995, 28.598473142000046 ], [ -96.000563973999988, 28.590273126000056 ], [ -96.036117827999988, 28.573609064000038 ], [ -96.059435778999955, 28.560826997000049 ], [ -96.064164010999946, 28.557500052000023 ], [ -96.131099877999986, 28.521945025000036 ], [ -96.156390929999986, 28.51055401800005 ], [ -96.212008880999974, 28.488118010000051 ], [ -96.195617901999981, 28.509791097000061 ], [ -96.146664066999961, 28.53832711900003 ], [ -96.07236402699999, 28.573882147000063 ], [ -96.045835805999957, 28.584445021000079 ], [ -96.025281870999947, 28.59194498100004 ], [ -95.996517860999973, 28.60388215200004 ], [ -95.981663954999988, 28.632353968000075 ], [ -95.990681876999986, 28.651036057000056 ], [ -96.029726793999941, 28.645000081000035 ], [ -96.059154985999953, 28.634445085000038 ], [ -96.081391000999986, 28.622773118000055 ], [ -96.106946082999968, 28.612218122000058 ], [ -96.133608916999947, 28.602082222000035 ], [ -96.217426942999964, 28.581945035000047 ], [ -96.20721795299994, 28.603264238000065 ], [ -96.183190891999971, 28.602773226000068 ], [ -96.140799919999949, 28.62729113100005 ], [ -96.19208191199999, 28.695482104000064 ], [ -96.267363975999956, 28.685135986000034 ], [ -96.394108912999968, 28.736191164000047 ], [ -96.442908856999964, 28.760273210000037 ], [ -96.437655079999956, 28.725882094000042 ], [ -96.408672972999966, 28.635482094000054 ], [ -96.375546014999941, 28.622009023000032 ], [ -96.41152684299999, 28.601382165000075 ], [ -96.43193593899997, 28.59930010100004 ], [ -96.495546034999961, 28.619444999000052 ], [ -96.555199872999935, 28.647773150000035 ], [ -96.562635793999959, 28.674164242000074 ], [ -96.562564044999988, 28.697564169000032 ], [ -96.594717863999961, 28.71922703000007 ], [ -96.644726812999977, 28.711936116000061 ], [ -96.651317838999944, 28.685554075000027 ], [ -96.583890959999962, 28.56693606400006 ], [ -96.489991012999951, 28.509445092000078 ], [ -96.399972892999983, 28.441727026000024 ], [ -96.624708983999938, 28.324164128000064 ], [ -96.659308977999956, 28.315209070000037 ], [ -96.697008933999939, 28.334091151000052 ], [ -96.702226836999955, 28.369991178000078 ], [ -96.70708197, 28.397700074000056 ], [ -96.746945966999988, 28.437773115000027 ], [ -96.800335839999946, 28.471518154000023 ], [ -96.845217913999988, 28.409854001000042 ], [ -96.831808880999972, 28.388044959000069 ], [ -96.783817958999975, 28.348953942000037 ], [ -96.780835844999956, 28.241382105000071 ], [ -96.882763978999947, 28.140273219000051 ], [ -96.930972997999959, 28.127082115000064 ], [ -96.98333592099999, 28.121109170000068 ], [ -97.016108826999982, 28.135827122000023 ], [ -97.028063935999967, 28.186382068000057 ], [ -97.169372932999977, 28.16180012500007 ], [ -97.21347297599999, 28.068536029000029 ], [ -97.182917920999955, 28.060273149000068 ], [ -97.146664009999938, 28.040000175000046 ], [ -97.144164023999963, 28.02805395200005 ], [ -97.098064058999967, 28.069718045000059 ], [ -97.046108831999959, 28.091664215000037 ], [ -97.025835857999937, 28.078609065000023 ], [ -97.022499860999972, 28.031664205000027 ], [ -97.194508919999976, 27.821800124000049 ], [ -97.226455034999958, 27.820900075000054 ], [ -97.345273038999949, 27.852500186000043 ], [ -97.49249094299995, 27.878054094000049 ], [ -97.517090989999986, 27.863818102000039 ], [ -97.484717900999954, 27.825827126000036 ], [ -97.392772948999948, 27.783336073000044 ], [ -97.31555500099995, 27.715545084000041 ], [ -97.279726890999939, 27.656109176000029 ], [ -97.386946017999946, 27.395273234000058 ], [ -97.41299093799995, 27.327291137000032 ], [ -97.489999840999985, 27.306245016000048 ], [ -97.525281953999979, 27.377218111000047 ], [ -97.624690990999966, 27.344800095000039 ], [ -97.638273026999968, 27.370882063000067 ], [ -97.676935895999975, 27.385554082000056 ], [ -97.72332688099999, 27.432218148000061 ], [ -97.769335817999945, 27.449718054000073 ], [ -97.72332688099999, 27.395544975000064 ], [ -97.676699861999964, 27.316982067000026 ], [ -97.66082688399996, 27.276664107000045 ], [ -97.633890967999946, 27.252500086000055 ], [ -97.533891006999966, 27.235273095000025 ], [ -97.47694603299999, 27.25777314100003 ], [ -97.429363979999948, 27.262291154000025 ], [ -97.44444604099999, 27.128053969000064 ], [ -97.47500897499998, 27.030827077000026 ], [ -97.557417835999956, 27.00548221300005 ], [ -97.565554986999985, 26.981800151000073 ], [ -97.560408833999986, 26.842082207000033 ], [ -97.539855065999973, 26.816873130000033 ], [ -97.504026955999962, 26.807009139000058 ], [ -97.49194595099999, 26.790273160000027 ], [ -97.477490855999974, 26.739436079000029 ], [ -97.423046036999949, 26.545553941000037 ], [ -97.412781892999988, 26.411945063000076 ], [ -97.401945935999947, 26.369444958000031 ], [ -97.369435886999952, 26.365135989000066 ], [ -97.318617915999937, 26.246109108000041 ], [ -97.319454932999975, 26.213326982000069 ], [ -97.317508990999954, 26.161382149000076 ], [ -97.307217856999955, 26.122773091000056 ], [ -97.240773001999969, 25.981935995000072 ], [ -97.209308845999942, 25.992491158000064 ], [ -97.180654974999982, 26.027709065000067 ], [ -97.167881959999988, 26.070136080000054 ], [ -97.150555056999963, 26.040273203000027 ], [ -97.146117845999981, 26.017218107000076 ], [ -97.141035897999984, 25.97972702800007 ], [ -97.140735825999968, 25.966427127000031 ], [ -97.160846022999976, 25.967218043000059 ], [ -97.265290906999951, 25.941109085000051 ], [ -97.315290970999968, 25.920000100000038 ], [ -97.346682036999937, 25.893053958000053 ], [ -97.344735926999988, 25.859654085000045 ], [ -97.364726932999986, 25.83985401800004 ], [ -97.417226815999982, 25.843327144000057 ], [ -97.514445996999939, 25.898327013000028 ], [ -97.559446087999959, 25.951109031000044 ], [ -97.614455009999972, 26.005000142000029 ], [ -97.648055042999943, 26.029444957000067 ], [ -97.678899943999966, 26.038054010000053 ], [ -97.803346060999957, 26.058054069000036 ], [ -97.847508966999953, 26.063609092000036 ], [ -97.979735836999964, 26.058609119000039 ], [ -98.033335928999975, 26.047773162000055 ], [ -98.060145948999946, 26.038891195000076 ], [ -98.20000890099999, 26.062500166000063 ], [ -98.286117867999963, 26.097773226000072 ], [ -98.305281916999945, 26.109164233000058 ], [ -98.361390879999988, 26.153609107000023 ], [ -98.388063939999938, 26.191664121000031 ], [ -98.439872985999955, 26.223327095000059 ], [ -98.578335823999964, 26.256109054000035 ], [ -98.604735801999936, 26.256664104000038 ], [ -98.695563948999961, 26.289718139000058 ], [ -98.730008876999989, 26.31444508900006 ], [ -98.784181955999941, 26.348891190000074 ], [ -98.925290960999973, 26.391391128000066 ], [ -98.975572992999957, 26.405827112000054 ], [ -99.10473594199999, 26.435000158000037 ], [ -99.132508874999985, 26.526945110000042 ], [ -99.200564060999966, 26.714445100000034 ], [ -99.239726827999959, 26.803609104000031 ], [ -99.253346078999982, 26.830826987000023 ], [ -99.271126945999981, 26.859927111000047 ], [ -99.319245942999942, 26.86985396700004 ], [ -99.458617882999988, 27.046944974000041 ], [ -99.44334605499995, 27.258053935000078 ], [ -99.473199879999981, 27.476664196000058 ], [ -99.503899940999986, 27.568054098000061 ], [ -99.530835857999989, 27.600064251000049 ], [ -99.606181958999969, 27.641245045000062 ], [ -99.653626883999948, 27.641391057000078 ], [ -99.696399903999975, 27.656945020000023 ], [ -99.713899976999983, 27.668936003000056 ], [ -99.727435911999976, 27.689164217000041 ], [ -99.741399994999938, 27.714718126000037 ], [ -99.7588999, 27.727144968000061 ], [ -99.78229999499996, 27.737636093000049 ], [ -99.798199961999956, 27.766664133000063 ], [ -99.806699882999965, 27.771745075000069 ], [ -99.832926857999951, 27.774300046000064 ], [ -99.860908835999965, 27.805136063000077 ], [ -99.871945957999969, 27.855554048000045 ], [ -99.880835804999947, 27.903891143000067 ], [ -99.935008882999966, 27.961664249000023 ], [ -99.962235818999943, 27.984718003000069 ], [ -100.050845946999971, 28.116391165000039 ], [ -100.078335907999985, 28.155618136000044 ], [ -100.108473040999968, 28.165691172000038 ], [ -100.186399929999936, 28.197500160000061 ], [ -100.240281988999982, 28.242773166000063 ], [ -100.281463955999982, 28.280554092000045 ], [ -100.331264027999964, 28.400409105000051 ], [ -100.329591, 28.425418022000031 ], [ -100.350845996999965, 28.49471808900006 ], [ -100.359172914999988, 28.518327060000047 ], [ -100.399445948999983, 28.571109078000063 ], [ -100.443890989999943, 28.626391082000055 ], [ -100.479863939999973, 28.675836097000058 ], [ -100.492372923999937, 28.704164247000051 ], [ -100.491817874999981, 28.725709091000056 ], [ -100.527364016999968, 28.822773207000068 ], [ -100.564454944999966, 28.863609169000028 ], [ -100.590564069999971, 28.894718100000034 ], [ -100.621946083999944, 28.933326990000069 ], [ -100.634455067999966, 28.958609157000069 ], [ -100.628208873999938, 28.995826986000054 ], [ -100.665835907999963, 29.109027103000074 ], [ -100.795708971999943, 29.25874499400004 ], [ -100.936954936999939, 29.350000115000057 ], [ -101.025281923999955, 29.437773226000047 ], [ -101.042999926999983, 29.461500047000072 ], [ -101.106673053999941, 29.482082145000049 ], [ -101.13903591799999, 29.490691198000036 ], [ -101.218608844999949, 29.54027317300006 ], [ -101.310835931999975, 29.61527310200006 ], [ -101.355835855999942, 29.660553987000071 ], [ -101.369355026999983, 29.692473113000062 ], [ -101.405008960999965, 29.772782139000071 ], [ -101.456681885999956, 29.772218037000073 ], [ -101.539173056999971, 29.771109111000044 ], [ -101.628764034999961, 29.766391105000025 ], [ -101.706682038999986, 29.778054021000059 ], [ -101.745008961999986, 29.78889115100003 ], [ -101.774735884999984, 29.796664193000026 ], [ -101.825835822999977, 29.804718028000025 ], [ -101.892226865999987, 29.806109089000074 ], [ -101.990845991999947, 29.805827122000039 ], [ -102.048200002999977, 29.798473175000026 ], [ -102.072781945999964, 29.798191208000048 ], [ -102.097500010999966, 29.802773091000063 ], [ -102.12194599899999, 29.810554012000068 ], [ -102.227781943999958, 29.847218133000069 ], [ -102.261255073999962, 29.867918081000028 ], [ -102.301808900999958, 29.887982178000073 ], [ -102.35556405799997, 29.850553963000038 ], [ -102.496254973999953, 29.781664106000051 ], [ -102.560835861999976, 29.767773113000032 ], [ -102.670290943999987, 29.742773081000053 ], [ -102.804763996999952, 29.474082122000027 ], [ -102.851117932999955, 29.352218134000054 ], [ -102.895845947999987, 29.254164116000027 ], [ -102.954999888999964, 29.183054061000064 ], [ -103.051955038999949, 29.094164145000036 ], [ -103.163691005999965, 28.984027110000056 ], [ -103.290872975999946, 28.996518158000072 ], [ -103.296254995999959, 28.997364227000048 ], [ -103.374999958999979, 29.023609140000076 ], [ -103.401117968999984, 29.036391207000065 ], [ -103.461945943999979, 29.073053987000037 ], [ -103.484999864999963, 29.088891090000061 ], [ -103.531399901999976, 29.126109087000032 ], [ -103.735835861999988, 29.199164246000066 ], [ -103.889173057999983, 29.285827090000055 ], [ -103.975008943999967, 29.305826982000042 ], [ -104.023617947999981, 29.321109036000053 ], [ -104.045290866999949, 29.330827014000079 ], [ -104.063608845999966, 29.342500156000028 ], [ -104.080835835999949, 29.355273170000032 ], [ -104.169726925999953, 29.422773140000061 ], [ -104.202435793999939, 29.460973160000037 ], [ -104.228346100999943, 29.494444950000059 ], [ -104.252790915999981, 29.508327058000077 ], [ -104.285135841999988, 29.525973143000044 ], [ -104.316746010999964, 29.530900194000026 ], [ -104.338054987999953, 29.525000172000034 ], [ -104.419173034999972, 29.569445046000055 ], [ -104.453335828999968, 29.595835971000042 ], [ -104.541817880999986, 29.672918132000063 ], [ -104.678064040999971, 29.940973241000052 ], [ -104.69500889699998, 30.005000085000063 ], [ -104.701326839999979, 30.058882144000052 ], [ -104.679308920999972, 30.105418135000036 ], [ -104.67499995299994, 30.167773124000064 ], [ -104.682235881999986, 30.187500101000069 ], [ -104.705564059999972, 30.23332698300004 ], [ -104.776946023999983, 30.318053943000052 ], [ -104.822235793999937, 30.386109130000079 ], [ -104.86500898099996, 30.466391166000051 ], [ -104.879726931999983, 30.525000116000058 ], [ -104.896526948999963, 30.566245114000026 ], [ -104.934726801999943, 30.607636126000045 ], [ -104.990845990999958, 30.632218069000032 ], [ -105.061955039999987, 30.694164189000048 ], [ -105.124999859999946, 30.749718102000031 ], [ -105.169446074999939, 30.77860901400004 ], [ -105.222572924999952, 30.804718139000045 ], [ -105.253063941999983, 30.79721801200003 ], [ -105.393064020999986, 30.865836128000069 ], [ -105.490708834999964, 30.94639107900008 ], [ -105.541399902999956, 30.996391143000039 ], [ -105.580699964999951, 31.057918001000075 ], [ -105.600008851999974, 31.081527140000048 ], [ -105.71000892699999, 31.144164097000044 ], [ -105.771664026999986, 31.178264193000075 ], [ -105.786954965999939, 31.208191108000051 ], [ -105.827517844999988, 31.254444965000062 ], [ -105.841945949999968, 31.269164257000057 ], [ -105.858064014999968, 31.282500033000076 ], [ -105.972781926999971, 31.369718094000064 ], [ -106.011672951999969, 31.395273176000046 ], [ -106.062926948999973, 31.40250005300004 ], [ -106.143617854999945, 31.431945008000071 ], [ -106.209872943999983, 31.472218041000076 ], [ -106.272226927999952, 31.559300148000034 ], [ -106.289172956999948, 31.597500169000057 ], [ -106.303346083999941, 31.637500120000027 ], [ -106.334308834999945, 31.687354004000042 ], [ -106.395846085999949, 31.747500194000054 ], [ -106.41653580799999, 31.754027015000077 ], [ -106.439182033999941, 31.751664156000061 ], [ -106.46000888399999, 31.750273096000058 ], [ -106.496399922999956, 31.75708221800005 ], [ -106.522882042999981, 31.780754054000056 ], [ -106.539564041999938, 31.782054087000063 ], [ -106.608335881999949, 31.783609098000056 ], [ -107.07529087099999, 31.783336016000078 ], [ -107.141681913999946, 31.783882180000035 ], [ -107.174726896999971, 31.783336016000078 ], [ -107.241954956999962, 31.783882180000035 ], [ -107.274726857999951, 31.783336016000078 ], [ -107.341135838999946, 31.783882180000035 ], [ -107.374999900999967, 31.783336016000078 ], [ -107.441390944999966, 31.783882180000035 ], [ -107.507781987999977, 31.783336016000078 ], [ -107.57500887499998, 31.783882180000035 ], [ -107.60806391599999, 31.783336016000078 ], [ -107.708072929999958, 31.783882180000035 ], [ -107.908335874999977, 31.783054048000054 ], [ -108.174999922999973, 31.783882180000035 ], [ -108.208617892999939, 31.783336016000078 ], [ -108.207781881999949, 31.699445067000056 ], [ -108.208617892999939, 31.599445106000076 ], [ -108.207781881999949, 31.532773101000032 ], [ -108.208617892999939, 31.433327016000078 ], [ -108.207781881999949, 31.366391149000037 ], [ -108.208345983999948, 31.333053973000062 ], [ -108.778635924999946, 31.332773179000071 ], [ -108.816655064999964, 31.333173164000073 ], [ -108.831935944999941, 31.33262699900007 ], [ -108.832764076999979, 31.332600177000074 ], [ -109.047363932999986, 31.332600177000074 ], [ -109.058926935999978, 31.332873092000057 ], [ -109.512217913999962, 31.33332705600003 ], [ -109.879181994999954, 31.332773179000071 ], [ -110.245564035999962, 31.332773179000071 ], [ -110.311955079999962, 31.332773179000071 ], [ -111.045835798999974, 31.333053973000062 ], [ -111.417509000999985, 31.454164093000031 ], [ -111.946381946999963, 31.623609127000066 ], [ -112.299435923999965, 31.735545086000059 ], [ -112.499999947999981, 31.798373150000032 ], [ -112.867282037999985, 31.913409072000036 ], [ -113.052890901999945, 31.971073213000068 ], [ -113.344508880999967, 32.061082113000055 ], [ -113.69200884199995, 32.167573187000073 ], [ -113.858281996999949, 32.218300130000046 ], [ -114.061317843999973, 32.279727075000039 ], [ -114.343899963999945, 32.364945047000049 ], [ -114.585535815999947, 32.437091105000036 ], [ -114.795226893999939, 32.500500035000073 ], [ -114.809826827999984, 32.506991149000044 ], [ -114.791672966999954, 32.557782129000032 ], [ -114.731390989999966, 32.685273224000071 ], [ -114.721390875999987, 32.711109099000055 ], [ -114.719090881999989, 32.718453994000072 ], [ -114.729799936999939, 32.717709178000064 ], [ -114.87134597499994, 32.707854071000042 ], [ -115.02589100299997, 32.696991125000068 ], [ -115.202499882999973, 32.684436039000047 ], [ -115.404163946999972, 32.669718088000025 ], [ -115.605563981999978, 32.654718002000038 ], [ -115.90778205099997, 32.631945041000051 ], [ -116.24263589899999, 32.605773219000071 ], [ -116.508146093999983, 32.585000181000055 ], [ -116.713054960999955, 32.568600149000076 ], [ -116.914173028999983, 32.552218054000036 ], [ -117.095291036999981, 32.536664260000066 ], [ -117.122372965999944, 32.535327011000049 ], [ -117.133326939999961, 32.565827080000076 ], [ -117.18270892299995, 32.659291168000038 ], [ -117.212908919999961, 32.683027042000049 ], [ -117.212382033999972, 32.69705398900004 ], [ -117.200508899999988, 32.697591101000057 ], [ -117.174081932999968, 32.674935990000051 ], [ -117.147226817999979, 32.618600045000051 ], [ -117.115626874999975, 32.621309077000035 ], [ -117.11665499899999, 32.642491152000048 ], [ -117.141391001999978, 32.68061808300007 ], [ -117.202154937999978, 32.727700071000072 ], [ -117.228808887999946, 32.715618060000054 ], [ -117.240546066999968, 32.684645084000067 ], [ -117.242046091999953, 32.662535970000079 ], [ -117.254990935999956, 32.65713601300007 ], [ -117.268481943999973, 32.688426999000058 ], [ -117.266108859999974, 32.708600061000027 ], [ -117.258763965999947, 32.770418105000033 ], [ -117.280346024999972, 32.829218162000075 ], [ -117.252917922999984, 32.860826990000078 ], [ -117.249063923999984, 32.871291125000027 ], [ -117.250000014999955, 32.889718069000025 ], [ -117.26986395199998, 32.977073091000079 ], [ -117.319735940999976, 33.105273127000032 ], [ -117.329455092999979, 33.124436001000049 ], [ -117.340290881999977, 33.141664165000066 ], [ -117.409435883999947, 33.244154054000035 ], [ -117.480826900999944, 33.32749112700003 ], [ -117.49499986099994, 33.342218131000038 ], [ -117.631946076999952, 33.442764256000032 ], [ -117.672499903999949, 33.470545069000025 ], [ -117.774435916999948, 33.539436099000056 ], [ -117.863890940999966, 33.595682189000058 ], [ -117.884017901999982, 33.600554087000035 ], [ -117.910826916999952, 33.606654101000061 ], [ -117.936108915999966, 33.620545094000079 ], [ -117.954999881999981, 33.632764232000056 ], [ -117.973617932999957, 33.645544958000073 ], [ -117.995, 33.662491155000055 ], [ -118.027081901999964, 33.694018007000068 ], [ -118.045272978999947, 33.709436015000051 ], [ -118.083073015999958, 33.739718155000048 ], [ -118.108182011999986, 33.756936093000036 ], [ -118.134746107999945, 33.766664130000038 ], [ -118.222217972999943, 33.784164203000046 ], [ -118.267126868999981, 33.757773110000073 ], [ -118.272090967999986, 33.72331812300007 ], [ -118.297772950999956, 33.716100131000076 ], [ -118.318072914999959, 33.720827022000037 ], [ -118.400017920999971, 33.749854055000071 ], [ -118.41746401499995, 33.781800171000043 ], [ -118.398617975999969, 33.808045083000025 ], [ -118.386181913999962, 33.840964170000063 ], [ -118.421108968999988, 33.921245033000048 ], [ -118.432499974999985, 33.939153975000067 ], [ -118.454455029999963, 33.967764260000024 ], [ -118.471117917999948, 33.987773204000064 ], [ -118.508900016999974, 34.031109152000056 ], [ -118.530009001999986, 34.047909169000036 ], [ -118.554446105999943, 34.055691095000043 ], [ -118.65499994299995, 34.049436016000072 ], [ -118.697772961999988, 34.046109071000046 ], [ -118.752499916999966, 34.039718038000046 ], [ -118.78110886199994, 34.033191050000028 ], [ -118.836399917999984, 34.030545050000057 ], [ -118.93610886, 34.055545082000037 ], [ -118.961399910999944, 34.062209031000066 ], [ -118.981108950999953, 34.067500191000079 ], [ -119.129172923999988, 34.113882123000053 ], [ -119.174299916999985, 34.136109086000033 ], [ -119.219655065999973, 34.164918023000041 ], [ -119.255846111999972, 34.22346410800003 ], [ -119.312472908999951, 34.283518097000069 ], [ -119.416108939999958, 34.357500128000027 ], [ -119.446663993999948, 34.373318120000079 ], [ -119.541673034999974, 34.414154082000039 ], [ -119.577217835999988, 34.420545116000028 ], [ -119.599726934999978, 34.423609036000073 ], [ -119.624708861999977, 34.424709077000045 ], [ -119.798608877999982, 34.426382105000073 ], [ -120.003746067999941, 34.467909071000065 ], [ -120.13082695199995, 34.478735976000053 ], [ -120.244999872999983, 34.473600048000037 ], [ -120.354999947999943, 34.46582700700003 ], [ -120.424155007999957, 34.456100143000072 ], [ -120.449026963999984, 34.455691106000074 ], [ -120.481946050999966, 34.509573165000063 ], [ -120.495346031999986, 34.530473105000056 ], [ -120.55832681399994, 34.561936088000039 ], [ -120.583190891999948, 34.562209170000074 ], [ -120.605826891999982, 34.558600090000027 ], [ -120.625964078999971, 34.584436134000043 ], [ -120.628326937999987, 34.623600073000034 ], [ -120.623890898999946, 34.641109031000042 ], [ -120.60332690599995, 34.669436008000048 ], [ -120.59417302899999, 34.690273084000069 ], [ -120.59138202299999, 34.710818135000068 ], [ -120.598064075999957, 34.860827045000065 ], [ -120.62470897299994, 34.895000064000044 ], [ -120.61374611399998, 35.018609164000054 ], [ -120.600063997999939, 35.100064164000059 ], [ -120.618191036999974, 35.139435975000026 ], [ -120.680555078999987, 35.171109175000026 ], [ -120.718682009999952, 35.180545019000078 ], [ -120.73853588899999, 35.164645052000026 ], [ -120.831390947999978, 35.209991148000029 ], [ -120.856800016999955, 35.228809024000043 ], [ -120.869726922999973, 35.257218143000046 ], [ -120.868191022999952, 35.279991104000032 ], [ -120.859164048999958, 35.307491122000044 ], [ -120.84110892699999, 35.355273167000064 ], [ -120.919999901999972, 35.448873210000045 ], [ -120.977082003999953, 35.465964246000055 ], [ -120.999454979999939, 35.479154009000069 ], [ -121.047772963999989, 35.52499111700007 ], [ -121.166655005999985, 35.649164151000036 ], [ -121.268754968999986, 35.700127128000076 ], [ -121.29639094199996, 35.766109135000079 ], [ -121.321535812999969, 35.794027075000031 ], [ -121.36805504099999, 35.829164181000067 ], [ -121.434990907999975, 35.894300119000036 ], [ -121.441799862999972, 35.928044990000046 ], [ -121.46096407899995, 35.979436115000055 ], [ -121.472082002999969, 35.997773205000044 ], [ -121.665417976999947, 36.183045117000063 ], [ -121.758063990999972, 36.229436101000033 ], [ -121.796108945999947, 36.241100190000054 ], [ -121.867626864999977, 36.315336024000032 ], [ -121.864163964999989, 36.342909133000035 ], [ -121.873464021999951, 36.393891054000051 ], [ -121.884746063999955, 36.433873235000078 ], [ -121.897645980999982, 36.467354077000039 ], [ -121.921663988999967, 36.51805403000003 ], [ -121.943255100999977, 36.594573095000044 ], [ -121.899799961999975, 36.641245040000058 ], [ -121.865617889999953, 36.619854088000068 ], [ -121.844999916999939, 36.615127030000053 ], [ -121.825563959999954, 36.627073086000053 ], [ -121.809155043999965, 36.648464206000028 ], [ -121.79930898899994, 36.66790904800007 ], [ -121.774717993999957, 36.75916416900003 ], [ -121.763899974999958, 36.812491178000073 ], [ -121.799163982999971, 36.884018149000042 ], [ -121.85110898399995, 36.950691160000076 ], [ -121.879164051999965, 36.972491149000064 ], [ -121.91359992799994, 36.980336108000074 ], [ -121.978335880999964, 36.969153978000065 ], [ -122.02029099399999, 36.954853949000039 ], [ -122.041517995999982, 36.954154060000064 ], [ -122.070973009999989, 36.962354076000054 ], [ -122.147226870999987, 36.995827038000073 ], [ -122.179582023999956, 37.01762702700006 ], [ -122.379017842999986, 37.199991089000036 ], [ -122.388346062999972, 37.220273116000044 ], [ -122.393681982999965, 37.251864174000048 ], [ -122.384455015999947, 37.289718022000045 ], [ -122.373190911999984, 37.32915403800007 ], [ -122.378046044999962, 37.374436097000057 ], [ -122.425972929999944, 37.484291164000069 ], [ -122.44332682199996, 37.504364146000057 ], [ -122.48060885699999, 37.512218157000063 ], [ -122.490281908999975, 37.529991145000054 ], [ -122.495826872999942, 37.566100048000067 ], [ -122.499446010999975, 37.589991155000064 ], [ -122.490546105999954, 37.752218030000051 ], [ -122.484308963999979, 37.789927039000077 ], [ -122.44811791799998, 37.810054 ], [ -122.379635924999945, 37.813809092000042 ], [ -122.359990922999941, 37.786936040000057 ], [ -122.35139092299994, 37.731654036000066 ], [ -122.356935886999963, 37.687627084000042 ], [ -122.36735509499999, 37.654436088000068 ], [ -122.35777307099994, 37.615827030000048 ], [ -122.064300008999965, 37.459300185000075 ], [ -122.023181912999974, 37.457909124000025 ], [ -122.005835898999976, 37.471373143000051 ], [ -122.029717952999988, 37.479427146000035 ], [ -122.080835827999977, 37.510273220000045 ], [ -122.125973046999945, 37.602773222000053 ], [ -122.130826839999941, 37.632209125000031 ], [ -122.138482031999956, 37.662218015000064 ], [ -122.15722681699998, 37.694709121000074 ], [ -122.17470895299999, 37.714709180000057 ], [ -122.242763971999977, 37.766664240000068 ], [ -122.299990912999988, 37.826382115000058 ], [ -122.3934089, 37.959164202000068 ], [ -122.352781982999943, 37.990827009000043 ], [ -122.225272950999965, 38.064164136000045 ], [ -122.16331794599995, 38.047436036000079 ], [ -122.127726876999986, 38.035264172000041 ], [ -122.01583584499997, 38.066100188000064 ], [ -121.989435866999941, 38.065544971000065 ], [ -121.915555089999941, 38.054164190000051 ], [ -121.857226934999971, 38.043053977000056 ], [ -121.833755090999944, 38.036664117000043 ], [ -121.684855106999976, 38.018118151000067 ], [ -121.654199972999947, 38.048618052000052 ], [ -121.643490917999941, 38.078991052000049 ], [ -121.59110888399999, 38.104645040000037 ], [ -121.498046121999948, 38.048882082000034 ], [ -121.427217865999978, 38.012909133000051 ], [ -121.470554987999947, 38.054991149000045 ], [ -121.55319099799999, 38.110409107000066 ], [ -121.585008869999967, 38.115691215000027 ], [ -121.662217933999955, 38.096591205000038 ], [ -121.685217875999967, 38.066464130000043 ], [ -121.722917831999951, 38.047464200000036 ], [ -121.818681914999956, 38.081154086000026 ], [ -121.905273009999974, 38.066100188000064 ], [ -121.977782003999948, 38.09720911900007 ], [ -122.018626850999965, 38.148109064000039 ], [ -122.049999978999949, 38.108782180000048 ], [ -122.109735959999966, 38.061382182000045 ], [ -122.264181913999948, 38.109991186000059 ], [ -122.292081916999962, 38.126936041000079 ], [ -122.31139097199997, 38.136109028000078 ], [ -122.365281915999958, 38.155544986000052 ], [ -122.390835823999964, 38.147491150000064 ], [ -122.478326967999976, 38.119573210000055 ], [ -122.479864040999985, 37.936654098000076 ], [ -122.44332682199996, 37.906936060000078 ], [ -122.420135939999966, 37.883191134000072 ], [ -122.456672990999948, 37.833464153000079 ], [ -122.505481986999939, 37.831036083000072 ], [ -122.656664027999966, 37.910544973000071 ], [ -122.782290986999953, 38.00131813400003 ], [ -122.816964070999973, 38.02027313800005 ], [ -122.89666406799995, 38.054436099000043 ], [ -122.928326874999982, 38.053600088000053 ], [ -122.956390995999982, 38.058045011000047 ], [ -122.926935814999979, 38.162491069000055 ], [ -122.839999887999966, 38.107773167000062 ], [ -122.803046087999974, 38.081936118000044 ], [ -122.80777297899999, 38.094991099000026 ], [ -122.830564043999971, 38.127491091000024 ], [ -122.958617899999979, 38.285273210000071 ], [ -123.107226863999983, 38.462773086000027 ], [ -123.129026852999971, 38.472909154000035 ], [ -123.171664085999964, 38.49193607400008 ], [ -123.237208892999945, 38.522764211000037 ], [ -123.266664073999948, 38.540836098000057 ], [ -123.313063942999975, 38.573882086000026 ], [ -123.353055008999945, 38.624436027000058 ], [ -123.447499947999972, 38.734018012000035 ], [ -123.536117954999952, 38.796109139000066 ], [ -123.620000017999985, 38.860827154000049 ], [ -123.701517882999951, 38.93040902100006 ], [ -123.707264012999985, 38.971100144000047 ], [ -123.674581965999948, 39.004582159000051 ], [ -123.666935825999985, 39.025544963000073 ], [ -123.686099874999968, 39.121936012000049 ], [ -123.712646032999942, 39.178044975000034 ], [ -123.754182050999987, 39.259436105000077 ], [ -123.795699964999983, 39.353326999000046 ], [ -123.795690911999941, 39.385826991000044 ], [ -123.774173057999974, 39.496518069000047 ], [ -123.763064018999955, 39.519154069000081 ], [ -123.73687291799996, 39.554991064000035 ], [ -123.772364074999984, 39.709709095000051 ], [ -123.82028190699998, 39.791664159000049 ], [ -123.867490964999945, 39.869154016000039 ], [ -123.931108939999945, 39.949718020000034 ], [ -124.06235496, 40.091664209000044 ], [ -124.092773053999963, 40.116309184000045 ], [ -124.152573071999939, 40.147909127000048 ], [ -124.20221791099999, 40.174164265000059 ], [ -124.29723583599997, 40.238045096000064 ], [ -124.331182040999977, 40.272453982000059 ], [ -124.32403596599994, 40.311936099000036 ], [ -124.323345967999956, 40.336244960000045 ], [ -124.354308885999956, 40.415264178000029 ], [ -124.375826907999965, 40.44770013200008 ], [ -124.35235506399999, 40.532218047000072 ], [ -124.331945967999957, 40.581664235000062 ], [ -124.27500887299999, 40.69471817200008 ], [ -124.252917863999983, 40.724364126000069 ], [ -124.229446020999944, 40.746382212000071 ], [ -124.19943595699999, 40.745545027000048 ], [ -124.143063969999957, 40.811936071000048 ], [ -124.098891004999984, 40.991936101000078 ], [ -124.099308926999981, 41.038536130000068 ], [ -124.112500030999968, 41.057491134000031 ], [ -124.122217841999941, 41.157491094000079 ], [ -124.090972956999963, 41.249853968000025 ], [ -124.061391040999979, 41.344154067000034 ], [ -124.04583590499999, 41.394436099000075 ], [ -124.039991035999947, 41.427773107000064 ], [ -124.046799990999943, 41.463182122000035 ], [ -124.06360889199999, 41.515273135000029 ], [ -124.11860893, 41.683054027000026 ], [ -124.181382007999957, 41.754164250000031 ], [ -124.215564079999979, 41.819991191000042 ], [ -124.197355065999943, 41.84804508600007 ], [ -124.190273027999979, 41.86943603800006 ], [ -124.175281994999978, 41.949718075000078 ], [ -124.184155076999957, 41.994154064000043 ], [ -124.185855094999965, 41.999464167000042 ], [ -124.203608971999984, 42.018882187000031 ], [ -124.252781909999953, 42.05582710200008 ], [ -124.289717939999946, 42.073054092000064 ], [ -124.327508923999972, 42.10596412600006 ], [ -124.339446094999971, 42.124991214000033 ], [ -124.355563991999986, 42.168054080000047 ], [ -124.38109996299994, 42.243045124000048 ], [ -124.39695500299996, 42.31610011600003 ], [ -124.40861791899999, 42.374709065000047 ], [ -124.419855032999976, 42.48388218100007 ], [ -124.401117958999976, 42.517009139000038 ], [ -124.384717927999986, 42.554227136000065 ], [ -124.382217940999965, 42.628873181000074 ], [ -124.392635808999955, 42.666100063000044 ], [ -124.412217945999942, 42.682636049000052 ], [ -124.433055021999962, 42.694854014000043 ], [ -124.481373005999956, 42.748045069000057 ], [ -124.521946111999966, 42.828609073000052 ], [ -124.52443587199997, 42.866100152000058 ], [ -124.514864073999945, 42.905682181000032 ], [ -124.503890988999956, 42.924991069000043 ], [ -124.488326967999967, 42.941653957000028 ], [ -124.473054972999989, 42.964718105000031 ], [ -124.426655103999963, 43.040691172000038 ], [ -124.387508933999982, 43.188882215000035 ], [ -124.369999975999974, 43.264445072000058 ], [ -124.373317868999948, 43.28916414300005 ], [ -124.37853593899996, 43.319018135000078 ], [ -124.334163986999954, 43.355100049000043 ], [ -124.248064071999977, 43.395827046000079 ], [ -124.206664007999962, 43.392354089000037 ], [ -124.188472930999978, 43.378182134000042 ], [ -124.142782002999979, 43.371691189000046 ], [ -124.196955081999988, 43.456100139000057 ], [ -124.238063957999941, 43.438491101000068 ], [ -124.263726830999985, 43.415654103000065 ], [ -124.285100013999966, 43.403173114000026 ], [ -124.30249095399995, 43.400545052000041 ], [ -124.294726965, 43.409427020000066 ], [ -124.277499974999955, 43.439427025000043 ], [ -124.222226854999974, 43.562764216000062 ], [ -124.212217856999985, 43.59665409400003 ], [ -124.203746099999989, 43.636382136000066 ], [ -124.187235929999986, 43.67442709200003 ], [ -124.11582697599999, 43.725264173000028 ], [ -124.134455084999956, 43.754718013000058 ], [ -124.153881989999945, 43.793882121000081 ], [ -124.131381943999941, 43.920827050000071 ], [ -124.110282011999971, 44.151654103000055 ], [ -124.068064041999946, 44.522636133000049 ], [ -124.057908862999966, 44.597354095000071 ], [ -124.047764077999943, 44.625409163000029 ], [ -124.040973059999942, 44.739154104000079 ], [ -124.04999098199994, 44.769436076000034 ], [ -124.059435877999988, 44.789991185000076 ], [ -124.054855, 44.836936045000073 ], [ -124.022508900999981, 44.886936110000079 ], [ -124.003064058999939, 44.949153971000044 ], [ -123.994999996999979, 44.977764257000047 ], [ -123.94478200399999, 45.179853954000066 ], [ -123.955981902999952, 45.215545104000057 ], [ -123.944717965999985, 45.46110905200004 ], [ -123.944099883999968, 45.520591060000072 ], [ -123.871608993999985, 45.528982183000039 ], [ -123.892417906999981, 45.572600099000056 ], [ -123.931108939999945, 45.591936144000044 ], [ -123.900281976999963, 45.674709114000052 ], [ -123.904717846999972, 45.709164268000052 ], [ -123.929717879999941, 45.731936055000062 ], [ -123.951681985999983, 45.765827107000064 ], [ -123.94999990599996, 45.806100141000059 ], [ -123.936946097999964, 45.894718147000049 ], [ -123.916599865999956, 45.99756426700003 ], [ -123.909155058999943, 46.030409090000035 ], [ -123.911526969999954, 46.065691203000029 ], [ -123.91694603799999, 46.09554502800006 ], [ -123.927355020999983, 46.13332712700003 ], [ -123.951946015999965, 46.181109172000049 ], [ -123.926935925999942, 46.214436122000052 ], [ -123.828890959999967, 46.190273107000053 ], [ -123.702208886999983, 46.188045029000079 ], [ -123.595982009999943, 46.202491072000043 ], [ -123.554026896999972, 46.224853989000053 ], [ -123.53556407799999, 46.239854076000029 ], [ -123.50625507699999, 46.250135989000057 ], [ -123.474373, 46.246453986000063 ], [ -123.429790997999987, 46.208673228000066 ], [ -123.416517918999944, 46.186518014000058 ], [ -123.398617861999981, 46.175000106000027 ], [ -123.36735503899996, 46.16290904300007 ], [ -123.263472915999955, 46.144854088000045 ], [ -123.24180888099994, 46.145827059000055 ], [ -123.20389099499999, 46.160818093000046 ], [ -123.163573034999956, 46.195191105000049 ], [ -123.258326929999953, 46.171518095000067 ], [ -123.295273018999978, 46.177354079000054 ], [ -123.371372987999962, 46.222764213000062 ], [ -123.393064012999957, 46.241664232000062 ], [ -123.409235888999945, 46.272700072000077 ], [ -123.430408911999962, 46.286936064000031 ], [ -123.461399992999986, 46.289436051000052 ], [ -123.487499897999953, 46.287218031000066 ], [ -123.518335914999966, 46.281382215000065 ], [ -123.548190912999985, 46.274854054000059 ], [ -123.589590976999943, 46.272627150000062 ], [ -123.620135804999961, 46.276382075000072 ], [ -123.65569988499999, 46.292218172000048 ], [ -123.693600001999982, 46.300545090000071 ], [ -123.737208864999957, 46.293882147000033 ], [ -123.822246122999957, 46.272764110000026 ], [ -123.857982032, 46.260544971000058 ], [ -123.892490997999971, 46.265691125000046 ], [ -123.999999969999976, 46.323609070000032 ], [ -124.038326892999976, 46.409718038000051 ], [ -124.04999098199994, 46.625127083000052 ], [ -124.03874598799996, 46.656654103000051 ], [ -124.018335885999988, 46.656236014000058 ], [ -124.00520898799999, 46.574364265000042 ], [ -124.013635817999955, 46.542218158000026 ], [ -124.013545963999945, 46.498809119000043 ], [ -123.983463983999968, 46.393818071000055 ], [ -123.941246013999944, 46.392982227000061 ], [ -123.89943590699994, 46.443044988000054 ], [ -123.879172991999951, 46.532491127000071 ], [ -123.88199987199999, 46.564164160000075 ], [ -123.906526829999962, 46.60582708000004 ], [ -123.921799997999983, 46.619300151000061 ], [ -123.94082691899996, 46.636654044000068 ], [ -123.895235902999957, 46.687364223000031 ], [ -123.830835896999986, 46.714227049000044 ], [ -123.810281961999976, 46.697491071000059 ], [ -123.78971796799999, 46.67777314600005 ], [ -123.759463990999961, 46.685627157000056 ], [ -123.846663947999957, 46.746653950000052 ], [ -123.876526824999985, 46.754853966000042 ], [ -123.902926969999953, 46.740200053000081 ], [ -123.959309014999974, 46.723044979000065 ], [ -124.053608946999987, 46.735545079000076 ], [ -124.078117966999969, 46.749227027000074 ], [ -124.097499944999981, 46.861382089000074 ], [ -124.082226942999966, 46.886109038000029 ], [ -123.971935849999966, 46.932773105000081 ], [ -123.93889103399999, 46.937491111000043 ], [ -123.871935888999985, 46.95332704100008 ], [ -123.80124610199999, 46.976791173000038 ], [ -123.909155058999943, 46.990827005000028 ], [ -123.961945961999959, 46.988600101000031 ], [ -123.9892359299999, 47.000900208000076 ], [ -124.000417891999973, 47.023882214000025 ], [ -124.021945971999969, 47.047218103000034 ], [ -124.05081794099999, 47.062073182000063 ], [ -124.074999898999977, 47.066245023000079 ], [ -124.111599981999973, 47.059509158000026 ], [ -124.133890982999958, 47.04207312300008 ], [ -124.122499976999961, 47.001391220000073 ], [ -124.110617957999978, 46.975609157000065 ], [ -124.152564018999954, 46.941654067000059 ], [ -124.16417295499997, 46.946382131000064 ], [ -124.15749995499999, 46.976654045000032 ], [ -124.152217846999974, 47.007773201000077 ], [ -124.148899953999944, 47.033054027000048 ], [ -124.148617986999966, 47.060818076000032 ], [ -124.15306408399999, 47.091100048000044 ], [ -124.18331789299998, 47.221373096000036 ], [ -124.208890911999958, 47.279436049000026 ], [ -124.227908946999946, 47.313945015000058 ], [ -124.26722694599999, 47.341936045000068 ], [ -124.300691023999946, 47.373118066000075 ], [ -124.307217844999968, 47.43305403800008 ], [ -124.327217903999951, 47.53582706800006 ], [ -124.359290920999968, 47.667218095000067 ], [ -124.395000007999954, 47.729427071000032 ], [ -124.463199866999958, 47.824300157000039 ], [ -124.498891015999959, 47.852218098000037 ], [ -124.525564075999966, 47.871245018000081 ], [ -124.548746073999951, 47.883045061000075 ], [ -124.579026871999986, 47.885127126000043 ], [ -124.618190979999952, 47.925000175000037 ], [ -124.644726911999953, 47.97331815900003 ], [ -124.655682058999957, 47.996936015000074 ], [ -124.668191043999968, 48.039854041000069 ], [ -124.67250001299999, 48.064154017000078 ], [ -124.681381979999969, 48.126382105000062 ], [ -124.68720891199996, 48.184436004000077 ], [ -124.681954966999967, 48.252218109000069 ], [ -124.705699892999974, 48.371236105000037 ], [ -124.71430894599996, 48.397073154000054 ], [ -124.637217899999939, 48.399991062000026 ], [ -124.566099965999967, 48.379718088000061 ], [ -124.546664008999983, 48.372218129000032 ], [ -124.47888190499998, 48.342218124000055 ], [ -124.415835910999988, 48.316382080000039 ], [ -124.309435863999965, 48.283882089000031 ], [ -124.232226968999953, 48.275827080000056 ], [ -124.145000021999977, 48.251391150000075 ], [ -124.099299873999939, 48.232073210000067 ], [ -124.085208888999944, 48.211727146000044 ], [ -124.040282055999967, 48.193045057000063 ], [ -124.016955051999958, 48.188882101000047 ], [ -123.934717851999949, 48.175827119000076 ], [ -123.897226940999985, 48.171936072000051 ], [ -123.80695501699995, 48.165827006000029 ], [ -123.786663937999947, 48.165545038000062 ], [ -123.75834601299999, 48.166664190000063 ], [ -123.673890961999973, 48.170827146000079 ], [ -123.508899902999985, 48.148327101000064 ], [ -123.40139093099998, 48.131936121000081 ], [ -123.354172987999959, 48.128600124000059 ], [ -123.24270893, 48.129436135000049 ], [ -123.20917293499997, 48.142353989000071 ], [ -123.187764045999984, 48.159154005000062 ], [ -123.146664053999984, 48.17943603100008 ], [ -123.113264013999981, 48.190964166000072 ], [ -122.970000021999965, 48.113327123000033 ], [ -122.868046070999981, 48.112282235000066 ], [ -122.846526875999984, 48.135964129000058 ], [ -122.825281936999943, 48.145973127000047 ], [ -122.781681957999979, 48.158045079000033 ], [ -122.749435938999966, 48.153944987000045 ], [ -122.746999989999949, 48.127836029000036 ], [ -122.77749989199998, 48.110482137000076 ], [ -122.778063993999979, 48.090273201000059 ], [ -122.713900021999962, 48.010273132000066 ], [ -122.678681946999973, 47.987282242000049 ], [ -122.630281987999979, 47.915827020000052 ], [ -122.671663946999956, 47.856944988000066 ], [ -122.747772968999982, 47.76305409400004 ], [ -122.788063938999983, 47.76554502700003 ], [ -122.779872975999979, 47.812218147000067 ], [ -122.78472693599997, 47.832500173000028 ], [ -122.794999963999942, 47.860273106000079 ], [ -122.849299944999984, 47.83138219500006 ], [ -122.84944595799999, 47.806100196000045 ], [ -122.841945997999971, 47.783053985000038 ], [ -122.851099874999989, 47.751391178000063 ], [ -122.87540890299999, 47.703745088000062 ], [ -122.89389099899995, 47.677491123000038 ], [ -122.914717849999988, 47.65860015700008 ], [ -122.966399993999971, 47.618600206000053 ], [ -122.98389101399999, 47.603053955000064 ], [ -123.01722684899994, 47.569718120000061 ], [ -123.10444608399996, 47.469436024000061 ], [ -123.147926871999971, 47.371654083000067 ], [ -123.12971785799999, 47.359436118000076 ], [ -123.103881981999962, 47.356382088000032 ], [ -123.006663974999981, 47.368464266000046 ], [ -122.90471790399999, 47.403882165000027 ], [ -122.876108958999964, 47.414991205000035 ], [ -122.84062685399999, 47.447318026000062 ], [ -122.866099960999975, 47.445264124000062 ], [ -122.918064072999982, 47.426100076000068 ], [ -122.954726852999954, 47.409991064000053 ], [ -122.995981909999955, 47.390273140000033 ], [ -123.02499100599999, 47.379991227000062 ], [ -123.097500000999958, 47.400827129000049 ], [ -123.084164057999942, 47.443045099000074 ], [ -122.999735828999974, 47.545273138000027 ], [ -122.942490950999968, 47.607909089000032 ], [ -122.903335895999987, 47.634300181000071 ], [ -122.83611789299999, 47.656654047000075 ], [ -122.736099994999961, 47.721664256000054 ], [ -122.72875510099999, 47.747773213000073 ], [ -122.56555508699995, 47.938045098000032 ], [ -122.514099924999982, 47.922073214000079 ], [ -122.460035810999955, 47.76373604500003 ], [ -122.541673033, 47.742218023000078 ], [ -122.59846394799996, 47.706654111000034 ], [ -122.593390884999963, 47.64038209000006 ], [ -122.598090952999939, 47.608436143000063 ], [ -122.638472950999983, 47.619573177000063 ], [ -122.655417973999988, 47.638464143000078 ], [ -122.671108896999954, 47.65860015700008 ], [ -122.680826875999969, 47.639227064000067 ], [ -122.663326970999947, 47.545691227000077 ], [ -122.602781968999977, 47.561664117000078 ], [ -122.575099895999983, 47.578627077000078 ], [ -122.53651799499994, 47.59318208500008 ], [ -122.508617991999984, 47.500545123000052 ], [ -122.547763994999968, 47.28804510100008 ], [ -122.571108935999973, 47.278735992000065 ], [ -122.672908994999943, 47.321764157000075 ], [ -122.644855099999972, 47.348882128000071 ], [ -122.613681963999966, 47.394436096000049 ], [ -122.61916406399996, 47.420545054000058 ], [ -122.709582, 47.355545071000051 ], [ -122.743046077999963, 47.290764191000051 ], [ -122.714135887999987, 47.252627034000056 ], [ -122.728608920999989, 47.211936079000054 ], [ -122.748964036999951, 47.189300079000077 ], [ -122.771117909999987, 47.201664224000069 ], [ -122.790417912999942, 47.22262702900008 ], [ -122.811246103999963, 47.270545029000061 ], [ -122.79543582299999, 47.292236053000067 ], [ -122.767573035999987, 47.320482229000049 ], [ -122.770208976999982, 47.372073178000051 ], [ -122.797499950999963, 47.39527311300003 ], [ -122.812499868999964, 47.367764209000029 ], [ -122.846499885999947, 47.313164156000028 ], [ -122.90291797399999, 47.300000210000064 ], [ -122.917008958999986, 47.284500059000038 ], [ -122.926872949999961, 47.250664160000042 ], [ -122.93957304199995, 47.205691226000056 ], [ -122.980064004999974, 47.180473097000061 ], [ -123.025282025999957, 47.16971810900003 ], [ -123.062572945999989, 47.155964244000074 ], [ -123.06485500299999, 47.113882229000069 ], [ -123.02555510799999, 47.124164142000041 ], [ -122.951399907999985, 47.134991214000081 ], [ -122.900981921999971, 47.066382151000028 ], [ -122.878599892999944, 47.064154073000054 ], [ -122.885417900999983, 47.156445030000043 ], [ -122.84513581499999, 47.174991164000062 ], [ -122.792781944999945, 47.18249112400008 ], [ -122.716946004999954, 47.120273095000073 ], [ -122.63971799899997, 47.151927017000048 ], [ -122.609999960999971, 47.172764260000065 ], [ -122.591381909999939, 47.193882130000077 ], [ -122.565272951999987, 47.22443601100008 ], [ -122.527091035999945, 47.275827136000032 ], [ -122.459163924999984, 47.297773138000025 ], [ -122.416399957999943, 47.314709109000034 ], [ -122.313535900999966, 47.371800096000072 ], [ -122.30958199, 47.404573169000059 ], [ -122.35139092299994, 47.485264243000074 ], [ -122.385146019999979, 47.54666419800003 ], [ -122.398617917999957, 47.586382182000079 ], [ -122.418326957999966, 47.672218067000074 ], [ -122.373599948999981, 47.832353993000027 ], [ -122.291099892999966, 47.958191170000077 ], [ -122.320555073999969, 48.074164189000044 ], [ -122.37440897, 48.213427163000063 ], [ -122.442626932999985, 48.225535996000076 ], [ -122.469999881999968, 48.169918045000031 ], [ -122.446799946999988, 48.133600097000055 ], [ -122.429990878999945, 48.119709104000037 ], [ -122.451399935999973, 48.115000151000061 ], [ -122.50041797599999, 48.129082083000071 ], [ -122.528463991999956, 48.18290915700004 ], [ -122.53110898599999, 48.205127068000081 ], [ -122.52069095, 48.236027121000063 ], [ -122.498335911999959, 48.250418179000064 ], [ -122.45570002, 48.255000062000079 ], [ -122.434017879999942, 48.255136017000041 ], [ -122.415699900999982, 48.247082181000053 ], [ -122.397499939999989, 48.238182109000036 ], [ -122.378190884999981, 48.284718100000077 ], [ -122.392845971999975, 48.309435997000037 ], [ -122.590946050999946, 48.425791063000077 ], [ -122.607082052999942, 48.411236056000064 ], [ -122.625826838999956, 48.403182220000076 ], [ -122.65833588299995, 48.404709068000045 ], [ -122.679581994999978, 48.418327146000081 ], [ -122.698735817999989, 48.494782173000033 ], [ -122.619717939999987, 48.51124506900004 ], [ -122.550417872999958, 48.484853976000068 ], [ -122.536108957999943, 48.467354071000045 ], [ -122.517090922999955, 48.453044989000034 ], [ -122.486246021999989, 48.452700157000038 ], [ -122.436664046999965, 48.590409127000044 ], [ -122.499999886999944, 48.744854075000035 ], [ -122.52194605699998, 48.761527022000053 ], [ -122.565835880999941, 48.775127163000036 ], [ -122.587635869999986, 48.772073133000049 ], [ -122.609026821999976, 48.752773130000037 ], [ -122.649435809999943, 48.764445098000067 ], [ -122.68110901099999, 48.795544976000031 ], [ -122.809717915999954, 48.942909060000034 ], [ -122.770346104999987, 48.964027098000031 ], [ -122.734126894999974, 48.96235407000006 ], [ -122.753617837999968, 48.99388209600005 ], [ -122.760299890999988, 48.999436113000058 ], [ -122.699999975999958, 49.000000047000071 ], [ -122.566673065999964, 49.000000047000071 ], [ -122.433609010999987, 49.000000047000071 ], [ -122.333891017999974, 49.000000047000071 ], [ -122.100563977999968, 49.000000047000071 ], [ -121.084973023999964, 48.999718080000036 ], [ -120.534726894999949, 48.999436113000058 ], [ -120.034154941999986, 48.999436113000058 ], [ -119.934154981999939, 48.999436113000058 ], [ -119.867491022999957, 48.999436113000058 ], [ -119.46777297899996, 48.999436113000058 ], [ -119.267226892999986, 48.999436113000058 ], [ -119.134173063999981, 48.999436113000058 ], [ -118.96749992499997, 48.999436113000058 ], [ -118.76777291799999, 48.999436113000058 ], [ -118.36805504199998, 48.999436113000058 ], [ -118.134172952999961, 48.999436113000058 ], [ -118.000835815999949, 48.999436113000058 ], [ -117.86749096799997, 48.999436113000058 ], [ -117.834445984999945, 49.000000047000071 ], [ -117.567499970999961, 49.000000047000071 ], [ -117.300554960999989, 49.000000047000071 ], [ -117.234735898999986, 49.000000047000071 ], [ -117.200846019999972, 48.999436113000058 ], [ -117.067226915999981, 48.999718080000036 ], [ -117.036617881999973, 49.003127 ], [ -117.00139997499997, 48.999718080000036 ], [ -116.048335838999947, 48.999718080000036 ], [ -115.734445969999967, 48.999436113000058 ], [ -115.601390967999976, 48.999436113000058 ], [ -115.56722683299995, 49.000000047000071 ], [ -115.46806405699999, 49.000000047000071 ], [ -115.368055043999959, 49.000000047000071 ], [ -115.167499904999943, 48.999436113000058 ], [ -115.034155055999975, 48.999436113000058 ], [ -114.901108938999982, 48.999436113000058 ], [ -114.6338999, 49.000000047000071 ], [ -114.534726897999974, 49.000000047000071 ], [ -114.46750001099997, 48.999436113000058 ], [ -114.335008943999981, 48.999436113000058 ], [ -114.059863918999952, 49.000600191000046 ], [ -114.034435906999988, 48.999436113000058 ], [ -113.567499860999988, 48.999436113000058 ], [ -113.368326897999964, 48.999436113000058 ], [ -113.23416397599999, 48.999436113000058 ], [ -113.034435794999979, 49.000000047000071 ], [ -112.934717968999962, 49.000000047000071 ], [ -112.601672935999943, 49.000000047000071 ], [ -112.534999925999955, 49.000000047000071 ], [ -112.434999964999975, 49.000000047000071 ], [ -112.33500888899999, 49.000000047000071 ], [ -112.234735844999989, 49.000000047000071 ], [ -112.168326864999983, 48.999436113000058 ], [ -112.034726870999975, 48.999436113000058 ], [ -111.801099926999939, 48.999436113000058 ], [ -111.368326842999977, 48.999436113000058 ], [ -110.768626813999958, 48.999436113000058 ], [ -110.66777290499999, 49.000000047000071 ], [ -110.501108985999963, 49.000000047000071 ], [ -110.367763969999942, 49.000000047000071 ], [ -110.301663945999962, 49.000000047000071 ], [ -110.201108935999969, 48.999436113000058 ], [ -110.101390941999966, 48.999436113000058 ], [ -109.999655088999987, 49.000600191000046 ], [ -109.967773011999952, 48.999718080000036 ], [ -109.801935883999988, 48.999436113000058 ], [ -109.634746083999971, 48.999436113000058 ], [ -109.334726922999948, 48.999436113000058 ], [ -108.83472695099999, 48.999436113000058 ], [ -108.66777301799999, 48.999436113000058 ], [ -108.534726900999942, 48.999436113000058 ], [ -108.335008945999959, 48.999436113000058 ], [ -108.168872918999966, 48.999436113000058 ], [ -107.801099984999951, 48.999436113000058 ], [ -107.735545957999989, 48.999436113000058 ], [ -107.634746028999984, 48.999436113000058 ], [ -107.434999910999977, 49.000000047000071 ], [ -107.335281917999964, 49.000000047000071 ], [ -106.735546014999954, 48.999436113000058 ], [ -106.46806406099995, 48.999436113000058 ], [ -106.268626899999958, 48.999436113000058 ], [ -106.135273, 48.999436113000058 ], [ -106.034726873999944, 48.999436113000058 ], [ -105.935545992999948, 48.999436113000058 ], [ -105.702217947999941, 48.999436113000058 ], [ -105.268335936999961, 49.000000047000071 ], [ -105.001399979999974, 48.999436113000058 ], [ -104.835008975999983, 48.999436113000058 ], [ -104.335008836999975, 48.999436113000058 ], [ -104.13527294499994, 48.999718080000036 ], [ -104.033099891999939, 49.000254019000067 ], [ -103.735281985999961, 48.999436113000058 ], [ -103.535281896999948, 48.999436113000058 ], [ -103.43554596599995, 49.00027312900005 ], [ -103.268890931999977, 49.000000047000071 ], [ -103.168326868999941, 48.999436113000058 ], [ -103.03528192499999, 48.999436113000058 ], [ -102.768335909999962, 48.999436113000058 ], [ -102.535555035999948, 49.00027312900005 ], [ -102.335563998999987, 48.999436113000058 ], [ -102.16887292199999, 49.000000047000071 ], [ -101.468890965999947, 48.999436113000058 ], [ -101.367235914999981, 48.998791209000046 ], [ -101.302226878999988, 49.00027312900005 ], [ -101.06916403699995, 49.000000047000071 ], [ -100.50195494799999, 48.999718080000036 ], [ -100.00222688499997, 49.000000047000071 ], [ -99.835555086999989, 49.000000047000071 ], [ -99.335554947999981, 48.999436113000058 ], [ -98.868608843999937, 49.000000047000071 ], [ -98.502226801999939, 48.999436113000058 ], [ -98.269163960999947, 49.00027312900005 ], [ -97.969163909999963, 49.00027312900005 ], [ -97.80193588899999, 49.000000047000071 ], [ -97.635835903999975, 48.999436113000058 ], [ -97.50279096099996, 48.999436113000058 ], [ -97.219935925999948, 48.999718080000036 ], [ -95.26655501099998, 48.999973225000076 ], [ -95.154172966999965, 48.999436113000058 ], [ -95.15396392299999, 49.173336129000063 ], [ -95.15444605, 49.333327047000068 ], [ -95.154172966999965, 49.366391141000065 ], [ -95.152790958999958, 49.37665411100005 ], [ -95.14249999399999, 49.371653970000068 ], [ -95.12083579099999, 49.365000080000073 ], [ -95.081863964999968, 49.359591070000079 ], [ -95.02583580299995, 49.357500121000044 ], [ -94.998608866999973, 49.357500121000044 ], [ -94.962090926999963, 49.360973246000071 ], [ -94.931964019999953, 49.358536124000068 ], [ -94.817781878999938, 49.305545061000032 ], [ -94.805690982999977, 49.18666419300007 ], [ -94.798335862999977, 49.15749114700003 ], [ -94.76695502299998, 49.075554020000027 ], [ -94.745272883999974, 49.028600107000045 ], [ -94.729999882999948, 48.996936126000037 ], [ -94.718608875999962, 48.974709163000057 ], [ -94.705835861999958, 48.933182197000065 ], [ -94.700981900999977, 48.902491188000056 ], [ -94.707035814999983, 48.858000046000029 ], [ -94.708055053999942, 48.796800082000061 ], [ -94.694991019999975, 48.77873607500004 ], [ -94.640417956999954, 48.741100156000073 ], [ -94.605835900999978, 48.724436095000044 ], [ -94.523899946999961, 48.701936049000039 ], [ -94.500835798999958, 48.696936076000043 ], [ -94.461046066999984, 48.694991139000081 ], [ -94.43331789299998, 48.701936049000039 ], [ -94.400355052999942, 48.710827069000061 ], [ -94.298473018999971, 48.707218157000057 ], [ -94.267363920999969, 48.695891188000076 ], [ -94.24789091599996, 48.661000175000027 ], [ -94.134172963999958, 48.642773223000063 ], [ -94.111935774999949, 48.641109080000035 ], [ -94.063890873999981, 48.638044992000061 ], [ -93.88291787199995, 48.630273123000052 ], [ -93.858745971999952, 48.628609148000066 ], [ -93.83395498499999, 48.61638213100008 ], [ -93.818890860999943, 48.586244998000041 ], [ -93.804790990999948, 48.531864215000041 ], [ -93.785835819999988, 48.51708222600007 ], [ -93.724163954999938, 48.513882183000078 ], [ -93.660699871999952, 48.515136116000065 ], [ -93.496254977999968, 48.53860913300008 ], [ -93.46423594, 48.551727147000065 ], [ -93.454063997999981, 48.584327051000059 ], [ -93.408335853999972, 48.608609089000026 ], [ -93.31569989799999, 48.62915397200004 ], [ -93.24499988599996, 48.640544978000037 ], [ -92.95131794699995, 48.622627151000074 ], [ -92.71529092899999, 48.541382202000079 ], [ -92.697772918999988, 48.485264186000052 ], [ -92.582226873999957, 48.441373189000046 ], [ -92.455272891999982, 48.394154072000049 ], [ -92.426390864999973, 48.311664242000063 ], [ -92.359854981999945, 48.231727037000041 ], [ -92.331681896999953, 48.234164160000034 ], [ -92.291408863999948, 48.248864174000062 ], [ -92.286108985999988, 48.269991096000069 ], [ -92.299790934999976, 48.299364135000076 ], [ -92.276808929999959, 48.334991079000076 ], [ -92.257235844999968, 48.346936129000028 ], [ -92.162217918999943, 48.356654108000043 ], [ -92.141681920999986, 48.357218042000056 ], [ -92.039372913999955, 48.345336024000062 ], [ -92.014164004999941, 48.30443602400004 ], [ -92.008063990999972, 48.280964181000058 ], [ -91.991799912999966, 48.261245083000063 ], [ -91.96371785499997, 48.240536082000062 ], [ -91.94028188599998, 48.230545021000069 ], [ -91.850554953999961, 48.203882187000033 ], [ -91.783890994999979, 48.194709032000048 ], [ -91.74013578399996, 48.191373203000069 ], [ -91.687499946999935, 48.144718021000074 ], [ -91.645146021999949, 48.098344974000042 ], [ -91.573626929999989, 48.093045096000026 ], [ -91.462781959999973, 48.057773209000061 ], [ -91.418335912999964, 48.041109148000032 ], [ -91.386799839999981, 48.058882135000033 ], [ -91.347226862999946, 48.068054117000031 ], [ -91.318608866999966, 48.069436125000038 ], [ -91.276390896999942, 48.072627115000046 ], [ -91.240555074999975, 48.083600200000035 ], [ -91.192490894999935, 48.115000151000061 ], [ -91.149172883999938, 48.144154086000071 ], [ -91.126099851999982, 48.154991217000031 ], [ -90.969163969999954, 48.214718144000074 ], [ -90.928326833999961, 48.228600085000039 ], [ -90.898054919999936, 48.23665408800008 ], [ -90.868608958999971, 48.237500157000056 ], [ -90.835208918999967, 48.22707323700007 ], [ -90.835799842999961, 48.204464227000074 ], [ -90.773899990999951, 48.103745099000037 ], [ -90.749864044999981, 48.092773187000034 ], [ -90.279999864999979, 48.113054040000065 ], [ -90.146517888999938, 48.121444996000037 ], [ -90.065555073999974, 48.106453962000046 ], [ -90.032772947999945, 48.069718092000073 ], [ -89.994235806999939, 48.025273218000052 ], [ -89.899790868999958, 47.990618071000029 ], [ -89.862499948999982, 48.000827062000042 ], [ -89.838899861999948, 48.011664192000069 ], [ -89.755563962999986, 48.029573134000032 ], [ -89.606382011999983, 48.011864184000046 ], [ -89.572917933999975, 48.002253997000025 ], [ -89.493126908999955, 48.003164272000049 ], [ -89.447772933999943, 48.003327048000074 ], [ -89.356654940999988, 47.97971807700003 ], [ -89.323335869999937, 47.993044968000049 ], [ -88.97416405499996, 48.139164172000051 ], [ -88.691663909999988, 48.255554106000034 ], [ -88.645555060999982, 48.264164165000068 ], [ -88.368055055999946, 48.312209066000037 ], [ -88.188326934999964, 48.244154047000052 ], [ -87.444717842999978, 47.955827138000075 ], [ -87.341672904999939, 47.915545053000073 ], [ -87.201399909999964, 47.860273106000079 ], [ -86.884445951999965, 47.734718064000049 ], [ -86.568890933999967, 47.608327010000039 ], [ -86.466663900999947, 47.567218134000029 ], [ -86.051390888999947, 47.39888219200003 ], [ -86.014726935999988, 47.383882106000044 ], [ -85.839717825999969, 47.31220912200007 ], [ -85.738890906999984, 47.270827163000035 ], [ -85.46417302399999, 47.157209124000076 ], [ -85.354446031999942, 47.111664209000025 ], [ -84.917499932999988, 46.928600091000078 ], [ -84.864581959999953, 46.905818078000038 ], [ -84.832782024999972, 46.829164232000039 ], [ -84.825564032999978, 46.806936095000026 ], [ -84.806945981999945, 46.748327146000065 ], [ -84.787781933999952, 46.689709144000062 ], [ -84.775008918999958, 46.653045023000061 ], [ -84.564999831999955, 46.466382218000035 ], [ -84.521255013999962, 46.46027315200007 ], [ -84.483955041999934, 46.460200062000069 ], [ -84.458064013999945, 46.483744995000052 ], [ -84.431381900999952, 46.501664163000044 ], [ -84.408617825999954, 46.508609073000059 ], [ -84.192764036999961, 46.546664255000053 ], [ -84.125346042999979, 46.529436091000036 ], [ -84.120063934999962, 46.507073173000038 ], [ -84.144582007999986, 46.46569121400006 ], [ -84.154445998999961, 46.445264181000027 ], [ -84.160281982999948, 46.425000092000062 ], [ -84.157646041999953, 46.394164243000034 ], [ -84.102499991999935, 46.240273171000069 ], [ -84.089717924999945, 46.220273112000029 ], [ -84.076673000999961, 46.203045116000055 ], [ -83.954317833999937, 46.070482131000063 ], [ -83.923755067999934, 46.070564106000063 ], [ -83.890545967999969, 46.09461815700007 ], [ -83.838335930999961, 46.125545033000037 ], [ -83.66305491199995, 46.12610008200005 ], [ -83.619163913999955, 46.121100109000054 ], [ -83.59611787099999, 46.114154026000051 ], [ -83.572081925999953, 46.10193606100006 ], [ -83.479017821999946, 46.040136121000046 ], [ -83.447772936999968, 46.011936046000073 ], [ -83.487781939999934, 45.961664241000051 ], [ -83.523899895999989, 45.918054037000047 ], [ -83.597782013999961, 45.827218178000066 ], [ -83.500290924999945, 45.785000208000042 ], [ -83.270846047999953, 45.683327052000038 ], [ -83.112208973999941, 45.612773220000065 ], [ -83.050826788999984, 45.585264149000068 ], [ -82.954181935999941, 45.541936079000038 ], [ -82.665008957999987, 45.411936114000071 ], [ -82.629990874999976, 45.396100184000034 ], [ -82.543064000999948, 45.355827151000028 ], [ -82.430555054999957, 44.882764269000063 ], [ -82.33168195799999, 44.460818088000053 ], [ -82.214445953999984, 43.95221811600004 ], [ -82.130281922999984, 43.585264261000077 ], [ -82.146117852999964, 43.553045064000059 ], [ -82.228881937999972, 43.391382123000028 ], [ -82.252790981999965, 43.34638220000005 ], [ -82.322235887999966, 43.210545076000074 ], [ -82.404173014999969, 43.049164103000066 ], [ -82.418782001999944, 43.018636038000068 ], [ -82.463482020999948, 42.901382097000067 ], [ -82.48152691699994, 42.826382168000066 ], [ -82.474090995999973, 42.796382163000033 ], [ -82.472917864999943, 42.760827136000046 ], [ -82.484726792999936, 42.719153990000052 ], [ -82.517363911999951, 42.627636012000039 ], [ -82.535826897999982, 42.599436104000063 ], [ -82.579035776999945, 42.563745122000057 ], [ -82.618190998999978, 42.555753984000035 ], [ -82.662654983999971, 42.545300074000068 ], [ -82.704455031999942, 42.508326996000051 ], [ -82.729999887999952, 42.483327131000067 ], [ -82.769172880999974, 42.442909091000047 ], [ -82.801246064999987, 42.418045014000029 ], [ -82.841381970999976, 42.396945081000069 ], [ -82.940554972999962, 42.357500180000045 ], [ -82.975826859999984, 42.344709060000071 ], [ -83.002226836999967, 42.339154038000061 ], [ -83.027217816999951, 42.331936046000067 ], [ -83.055663984999967, 42.319573241000057 ], [ -83.084546011999976, 42.299354079000068 ], [ -83.112917915999958, 42.265273093000076 ], [ -83.123317845999964, 42.245827078000048 ], [ -83.132491000999948, 42.220827046000068 ], [ -83.137217890999977, 42.201382204000026 ], [ -83.168608956999947, 42.046109123000065 ], [ -83.150281925999934, 42.008327024000039 ], [ -83.130826857999978, 41.970545093000055 ], [ -83.117417823999972, 41.946191137000028 ], [ -83.076390922999963, 41.867353973000036 ], [ -82.696655000999954, 41.683873107000068 ], [ -82.649990933999959, 41.681936049000058 ], [ -82.462781963999987, 41.676100065000071 ], [ -82.425282, 41.675554068000054 ], [ -82.238890935999962, 41.763882228000057 ], [ -82.218063918999974, 41.774436050000077 ], [ -81.822235915999954, 41.96027323800007 ], [ -81.623608949999948, 42.052773239000032 ], [ -81.424435818999939, 42.145000158000073 ], [ -81.249164020999956, 42.224991175000071 ], [ -80.869155016999969, 42.279164254000079 ], [ -80.528545986999973, 42.326618063000069 ], [ -80.510281986999985, 42.329164150000054 ], [ -80.091535849999957, 42.398191135000047 ], [ -79.776673008999978, 42.520273220000036 ], [ -79.763426919999972, 42.524700206000034 ], [ -79.566455043999952, 42.600709148000078 ], [ -79.299435771999981, 42.702491101000078 ], [ -79.154445944999964, 42.757218056000056 ], [ -79.121108936999974, 42.769154054000069 ], [ -78.986935788999972, 42.819991135000066 ], [ -78.965835856999945, 42.833600161000049 ], [ -78.934154944999989, 42.865964198000029 ], [ -78.917781902999934, 42.901936141000078 ], [ -78.920345926999971, 42.936245115000077 ], [ -78.945199945999946, 42.954018102000077 ], [ -78.975272873999984, 42.959709079000049 ], [ -79.01375503, 42.982209125000054 ], [ -79.042082006999976, 43.009718028000066 ], [ -79.081117870999947, 43.085545083000056 ], [ -79.05464597699995, 43.14054512000007 ], [ -79.044863959999986, 43.163044998000032 ], [ -79.053745927999955, 43.259582227000067 ], [ -79.06679085199994, 43.279400064000072 ], [ -79.13221780899994, 43.382491103000064 ], [ -79.184717858999988, 43.465545035000048 ], [ -79.095272893999947, 43.497773118000055 ], [ -79.028063943999939, 43.521936133000054 ], [ -78.938326785999948, 43.55388208100004 ], [ -78.724717837999947, 43.629436053000063 ], [ -78.663055025999938, 43.637500114000034 ], [ -78.38806389299998, 43.638327073000028 ], [ -77.887217851999935, 43.639435999000057 ], [ -77.857772896999961, 43.639435999000057 ], [ -77.729999834999944, 43.639164258000051 ], [ -77.582781930999943, 43.638600155000063 ], [ -77.288326844999972, 43.636654045000057 ], [ -76.974163892999968, 43.63443602600006 ], [ -76.809445916999948, 43.633327100000031 ], [ -76.697490846999983, 43.768600121000077 ], [ -76.58361783099997, 43.915827078000063 ], [ -76.56945492899996, 43.934154109000076 ], [ -76.531390861999967, 43.983045080000068 ], [ -76.437354960999983, 44.102073134000079 ], [ -76.410281916999963, 44.121100055000056 ], [ -76.363372930999958, 44.150991095000052 ], [ -76.061099875999957, 44.343182100000035 ], [ -76.040835786999935, 44.351382116000025 ], [ -76.019455059999984, 44.353327053000044 ], [ -75.989972888999944, 44.357064208000054 ], [ -75.96610894, 44.364153957000042 ], [ -75.904445960999965, 44.384991201000048 ], [ -75.872081923999986, 44.398045009000043 ], [ -75.845272908999959, 44.418882085000064 ], [ -75.831255013999964, 44.440545114000031 ], [ -75.822635902999934, 44.472491062000074 ], [ -75.806664018999982, 44.487073227000053 ], [ -75.736117898999964, 44.546391117000042 ], [ -75.682499869999958, 44.588044985000067 ], [ -75.623054908999961, 44.631382107000036 ], [ -75.562499849999938, 44.67388221200008 ], [ -75.537217849999934, 44.691373232000046 ], [ -75.395845988999952, 44.785827055000027 ], [ -75.309717909999961, 44.841936018000069 ], [ -75.278063987999985, 44.85721807200008 ], [ -75.170545962999938, 44.898609083000053 ], [ -74.996117886999969, 44.983600073000048 ], [ -74.850281990999974, 45.016664167000044 ], [ -74.82054601599998, 45.018464264000045 ], [ -74.777781880999953, 45.008882240000048 ], [ -74.751108820999946, 45.00221812400008 ], [ -74.682017798999937, 45.006718033000027 ], [ -74.249163911999972, 44.99221817800003 ], [ -73.911645960999977, 45.000000105000026 ], [ -73.62277288699994, 45.006664221000051 ], [ -73.367964035999989, 45.010582090000071 ], [ -73.352999823999937, 45.009418011000037 ], [ -73.341646032999961, 45.01162714600008 ], [ -72.956390962999933, 45.018327136000039 ], [ -72.778881866999939, 45.020827123000061 ], [ -72.510281934999966, 45.017209158000071 ], [ -72.459163892999982, 45.017491125000049 ], [ -72.271655017999933, 45.01877322100006 ], [ -72.049990893999961, 45.019436062000068 ], [ -71.89277287699997, 45.019154095000033 ], [ -71.554717812999968, 45.019991112000071 ], [ -71.494155041999988, 45.02054498800004 ], [ -71.498054973999956, 45.049436067000045 ], [ -71.488746031999938, 45.077973095000061 ], [ -71.459163948999958, 45.102773134000074 ], [ -71.434299870999951, 45.127773167000043 ], [ -71.401390842999945, 45.214400136000052 ], [ -71.424435879999976, 45.250000091000061 ], [ -71.321108806999973, 45.296936066000058 ], [ -71.29569085299994, 45.303745022000044 ], [ -71.272508854999955, 45.296382190000031 ], [ -71.236390898999957, 45.276518085000077 ], [ -71.211673001999941, 45.266109103000076 ], [ -71.179717833999973, 45.255827022000062 ], [ -71.143199893999963, 45.252773160000061 ], [ -71.085126882999987, 45.307709159000069 ], [ -71.021117808999975, 45.326664162000043 ], [ -70.876590830999987, 45.241027096000039 ], [ -70.69708198099994, 45.463600153000073 ], [ -70.712781955999958, 45.477764229000059 ], [ -70.724999920999949, 45.497218123000039 ], [ -70.720272862999934, 45.528327054000044 ], [ -70.693054978999953, 45.571936084000072 ], [ -70.631946042999971, 45.627773138000066 ], [ -70.576955058999943, 45.660818121000034 ], [ -70.555264033999947, 45.672764177000033 ], [ -70.466663964999952, 45.711935996000079 ], [ -70.393890939999949, 45.778045072000054 ], [ -70.258054989999948, 45.909091100000069 ], [ -70.244926917999976, 45.960409134000031 ], [ -70.269445996999934, 45.973318104000043 ], [ -70.304855010999972, 45.979991104000078 ], [ -70.305554899999947, 46.078882139000029 ], [ -70.287781912999947, 46.203045116000055 ], [ -70.242490968999959, 46.279164196000067 ], [ -70.200290936999977, 46.336382085000025 ], [ -70.119154951999974, 46.393609194000078 ], [ -70.078408843999966, 46.417564170000048 ], [ -70.057081929999981, 46.431382240000062 ], [ -70.047772987999963, 46.453882118000081 ], [ -70.044155022999973, 46.474991103000036 ], [ -70.038608884999974, 46.509991081000067 ], [ -70.026945969999986, 46.587491164000028 ], [ -70.009172982999985, 46.698045114000081 ], [ -69.992763897999964, 46.715827154000067 ], [ -69.847226900999942, 46.862209047000078 ], [ -69.712508929999956, 46.99693607100005 ], [ -69.653881875999957, 47.055264227000066 ], [ -69.42361791899998, 47.283336148000046 ], [ -69.30526393699995, 47.40027325300008 ], [ -69.236063949999959, 47.467891072000043 ], [ -69.128326821999963, 47.459164170000065 ], [ -69.04562677399997, 47.43102712700005 ], [ -69.044581885999946, 47.403118071000051 ], [ -69.052490881999972, 47.380545103000031 ], [ -69.055826879999984, 47.342073173000074 ], [ -69.055126822999966, 47.302073222000047 ], [ -69.053590922999945, 47.293782179000061 ], [ -69.051108873999965, 47.281936035000058 ], [ -69.03222679299995, 47.255553995000071 ], [ -68.961954927999955, 47.218873110000061 ], [ -68.891535876999967, 47.189018112000042 ], [ -68.831681879999962, 47.208882217000053 ], [ -68.787508914999933, 47.224709094000048 ], [ -68.761945953999941, 47.232764270000075 ], [ -68.564708874999951, 47.28971812900005 ], [ -68.370408815999951, 47.349164263000034 ], [ -68.343054976999952, 47.361800150000079 ], [ -68.314854901999979, 47.365136147000044 ], [ -68.244999952999933, 47.351935991000062 ], [ -68.208617799999956, 47.341664136000077 ], [ -68.185817848999989, 47.332773116000055 ], [ -67.960972960999982, 47.19047321000005 ], [ -67.950008928999978, 47.168609183000058 ], [ -67.892226769999979, 47.114436105000038 ], [ -67.866945943999951, 47.100545112000077 ], [ -67.794999877999942, 47.069991063000032 ], [ -67.791672932999973, 46.921382099000027 ], [ -67.788890978999973, 46.787773221000066 ], [ -67.779173000999947, 46.283336037000026 ], [ -67.772508884999979, 45.957500111000058 ], [ -67.78666390799998, 45.888327114000049 ], [ -67.806382, 45.784718073000079 ], [ -67.804445947999966, 45.73137312700004 ], [ -67.794508865999944, 45.695827152000049 ], [ -67.660554988999934, 45.632073222000031 ], [ -67.573899855999969, 45.611664126000051 ], [ -67.507508812999959, 45.601382213000079 ], [ -67.47778189, 45.608327123000038 ], [ -67.458054912999955, 45.613609063000069 ], [ -67.413126905999945, 45.585473193000041 ], [ -67.421245952999982, 45.524991224000075 ], [ -67.481835880999938, 45.495827062000046 ], [ -67.450564005999979, 45.333054023000045 ], [ -67.464308818999939, 45.283882090000077 ], [ -67.455272959999945, 45.263054067000041 ], [ -67.422499885999969, 45.215000113000031 ], [ -67.405963898999971, 45.196382229000051 ], [ -67.338681859999951, 45.150273212000059 ], [ -67.305826810999974, 45.154918128000077 ], [ -67.29007302399998, 45.180127037000034 ], [ -67.264246032999949, 45.199991142000044 ], [ -67.236117874999934, 45.193882075000033 ], [ -67.206546016999937, 45.183036060000063 ], [ -67.16277286899998, 45.168327161000036 ], [ -67.104999929999963, 45.098327038000036 ], [ -67.03443587299995, 44.98499113400004 ], [ -67.075054910999938, 44.952136085000063 ], [ -67.126754992999963, 44.931418032000067 ], [ -67.192045994999944, 44.925718170000039 ], [ -67.17860879899996, 44.899154075000069 ], [ -67.121890973999939, 44.878436022000074 ], [ -67.091590896999946, 44.869309135000037 ], [ -67.074890960999937, 44.886936110000079 ], [ -67.057881899999984, 44.900936067000032 ], [ -66.98305497399997, 44.86638217400008 ], [ -66.970835834999946, 44.827909071000079 ], [ -66.996945965999942, 44.803600043000074 ], [ -67.189990919999957, 44.660264134000045 ], [ -67.263755020999952, 44.643054075000066 ], [ -67.415835769999944, 44.628327071000058 ], [ -67.503481978999957, 44.649836040000025 ], [ -67.546035895999978, 44.666864212000064 ], [ -67.564990898999952, 44.63430018300005 ], [ -67.561390871999947, 44.596936005000032 ], [ -67.562908833999984, 44.552491131000068 ], [ -67.711108928999977, 44.51250006500004 ], [ -67.735835878999978, 44.520127094000031 ], [ -67.775281953999979, 44.546944993000068 ], [ -67.865008885999941, 44.49388218200005 ], [ -67.936390849999952, 44.426936089000037 ], [ -67.973617899999965, 44.40581805100004 ], [ -68.009172927999941, 44.393327004000071 ], [ -68.059472895999988, 44.351800205000075 ], [ -68.094790883999963, 44.404709125000068 ], [ -68.107917781999959, 44.454991157000052 ], [ -68.27000887, 44.466382163000048 ], [ -68.321154907999983, 44.465882099000055 ], [ -68.364254989999949, 44.447118035000074 ], [ -68.378872860999934, 44.422218083000075 ], [ -68.463199836999934, 44.399373206000064 ], [ -68.504181978999952, 44.422491165000054 ], [ -68.559155025999985, 44.418882085000064 ], [ -68.549163964999934, 44.321173234000071 ], [ -68.615826917999982, 44.306382192000058 ], [ -68.813190898999949, 44.330273131000069 ], [ -68.793882010999937, 44.458045019000053 ], [ -68.751108823999971, 44.517491153000037 ], [ -68.731590891999986, 44.555891166000038 ], [ -68.796863956999971, 44.574609130000056 ], [ -68.810946056999967, 44.522264144000076 ], [ -68.849726776999944, 44.473045106000029 ], [ -68.902217941999936, 44.462209149000046 ], [ -68.980835835999983, 44.441718078000065 ], [ -69.022508814999981, 44.256945057000053 ], [ -69.083608865999963, 44.128882149000049 ], [ -69.08167298099994, 44.099509110000042 ], [ -69.05019994, 44.10096420800005 ], [ -69.065563968999982, 44.066109070000039 ], [ -69.199154909999947, 43.980273184000055 ], [ -69.248335894999968, 43.938044988000058 ], [ -69.298045944999956, 43.997218040000064 ], [ -69.369999889999974, 44.046945022000045 ], [ -69.458890978999989, 43.925273147000041 ], [ -69.486935821999964, 43.869436093000047 ], [ -69.500417944999981, 43.85040917300006 ], [ -69.540717800999971, 43.87457319400005 ], [ -69.553555020999966, 43.897827108000058 ], [ -69.551045981999948, 43.937326995000035 ], [ -69.556445938999957, 43.975609158000054 ], [ -69.528608799999972, 44.024264262000031 ], [ -69.588908881999942, 43.958264151000037 ], [ -69.591417920999959, 43.919645034000041 ], [ -69.587017924999941, 43.884473228000047 ], [ -69.651199833999954, 43.900836044000073 ], [ -69.642363966999937, 44.003464234000035 ], [ -69.626663991999976, 44.019436118000044 ], [ -69.617326886999933, 44.038845086000038 ], [ -69.64305497099997, 44.028882188000068 ], [ -69.66444592299996, 44.008609046000061 ], [ -69.679054909999934, 43.967100185000049 ], [ -69.717263983999942, 43.905518175000054 ], [ -69.692717914999946, 43.882436090000056 ], [ -69.699999944999945, 43.841100064000045 ], [ -69.719299947999957, 43.792082191000077 ], [ -69.752017868999985, 43.830164194000076 ], [ -69.78191779399998, 43.963018031000047 ], [ -69.779381932999968, 44.047564109000064 ], [ -69.771599838999975, 44.074300201000028 ], [ -69.873463934999961, 43.99235402100004 ], [ -69.868046039999967, 43.968735997000067 ], [ -69.830408947999956, 43.927682106000077 ], [ -69.818554924999944, 43.902773101000037 ], [ -69.812717934999966, 43.866273098000079 ], [ -69.800645982999981, 43.788773183000046 ], [ -69.831390971999951, 43.716173161000029 ], [ -69.85167299799997, 43.759436019000077 ], [ -69.856946052999945, 43.80082703000005 ], [ -69.922226829999943, 43.864718088000075 ], [ -69.991599819999976, 43.875336115000039 ], [ -70.091945952999936, 43.827773173000026 ], [ -70.129990908999957, 43.806382221000035 ], [ -70.172499897999955, 43.780545004000032 ], [ -70.208345945999952, 43.724991091000049 ], [ -70.231108847999963, 43.674018055000033 ], [ -70.252790986999969, 43.652218066000046 ], [ -70.216246056999978, 43.658044997000047 ], [ -70.196590996999987, 43.642909124000028 ], [ -70.191872990999968, 43.575545109000075 ], [ -70.290699820999976, 43.556664202000036 ], [ -70.345835812999951, 43.46110916400005 ], [ -70.353881936999983, 43.442764196000041 ], [ -70.393617857999971, 43.403045039000062 ], [ -70.451517865999961, 43.357773206000047 ], [ -70.482081972999936, 43.356654054000046 ], [ -70.514026914999988, 43.354227158000072 ], [ -70.549164019999978, 43.323609071000078 ], [ -70.569590885999958, 43.297627016000035 ], [ -70.583745908999958, 43.257073189000039 ], [ -70.571672950999982, 43.226518134000059 ], [ -70.601672955999959, 43.177773176000073 ], [ -70.671181899999965, 43.084500195000032 ], [ -70.693955027999948, 43.10012708000005 ], [ -70.723399815999983, 43.11991809500006 ], [ -70.73759088099996, 43.078027019000046 ], [ -70.704508849999968, 43.057700066000052 ], [ -70.719446071999982, 43.023045087000071 ], [ -70.759172939999985, 42.975818091000065 ], [ -70.790272985999934, 42.938873177000062 ], [ -70.810817868999948, 42.89360905500007 ], [ -70.812908818999972, 42.877582186000041 ], [ -70.807635762999951, 42.743327063000038 ], [ -70.805972961999942, 42.715900135000027 ], [ -70.746735871999988, 42.654573102000029 ], [ -70.662417948999973, 42.641691122000054 ], [ -70.664590873999941, 42.663882211000043 ], [ -70.643063966999989, 42.680545099000028 ], [ -70.617772915999979, 42.690818128000046 ], [ -70.581808850999948, 42.652836036000053 ], [ -70.62888195499994, 42.595409103000065 ], [ -70.779173, 42.560818162000032 ], [ -70.868255028999954, 42.540764123000031 ], [ -70.88806398, 42.507773120000024 ], [ -71.044863907999968, 42.367218158000071 ], [ -71.039508877999936, 42.304853949000062 ], [ -70.957363879999946, 42.240682098000036 ], [ -70.867845991999957, 42.257218084000044 ], [ -70.848890987999937, 42.274436022000032 ], [ -70.757099927999946, 42.245409156000051 ], [ -70.717645973999936, 42.213882136000052 ], [ -70.651735883999947, 42.057282200000031 ], [ -70.682217848999983, 41.997218152000073 ], [ -70.645072941999956, 41.963882150000074 ], [ -70.594654955999943, 41.948045047000051 ], [ -70.573617887999944, 41.951664185000027 ], [ -70.534026805999986, 41.934436021000067 ], [ -70.521390918999941, 41.865409037000063 ], [ -70.527364030999934, 41.839718168000047 ], [ -70.526835803999973, 41.805964244000052 ], [ -70.45194601299994, 41.755482220000033 ], [ -70.332917790999943, 41.71388216400004 ], [ -70.293608843999948, 41.708882191000043 ], [ -70.204726807999975, 41.743600202000039 ], [ -70.172226815999977, 41.753327065000065 ], [ -70.146390940999936, 41.759582144000035 ], [ -70.111935785999947, 41.761936118000051 ], [ -70.085282004999954, 41.768600066000033 ], [ -70.019308882999951, 41.792564263000031 ], [ -69.990973020999945, 41.830409059000033 ], [ -69.988608820999957, 41.91262714700008 ], [ -70.106946038999979, 42.03943612300003 ], [ -70.134435831999951, 42.05894500200003 ], [ -70.172626799999989, 42.05582710200008 ], [ -70.187235786999963, 42.029036025000039 ], [ -70.244017816999985, 42.073945089000063 ], [ -70.226108874999966, 42.090545113000076 ], [ -70.14416403599995, 42.087491082000042 ], [ -70.112208868999971, 42.077636143000063 ], [ -70.074172964999946, 42.058882138000058 ], [ -70.033335829999942, 42.02263610600005 ], [ -70.007508839999957, 41.996936018000042 ], [ -69.993054917999984, 41.980818121000027 ], [ -69.97721781499996, 41.954164171000059 ], [ -69.959590839999976, 41.920409074000077 ], [ -69.934717877999958, 41.856653971000071 ], [ -69.92721791799994, 41.832218041000033 ], [ -69.928326843999969, 41.719982178000066 ], [ -69.935408881999933, 41.672500205000063 ], [ -69.987826789999986, 41.668435988000056 ], [ -70.017772982999986, 41.669445001000042 ], [ -70.04722682299996, 41.669991166000045 ], [ -70.089172883999936, 41.668327023000074 ], [ -70.185408867999968, 41.655545124000071 ], [ -70.232226825999987, 41.644153950000032 ], [ -70.358046065999986, 41.634718106000037 ], [ -70.418463997999936, 41.633536090000064 ], [ -70.439435854999942, 41.604164225000034 ], [ -70.485617794999939, 41.560053956000047 ], [ -70.648608931999945, 41.539435983000033 ], [ -70.658890844999974, 41.602491197000063 ], [ -70.651108917999977, 41.641664189000039 ], [ -70.634172946999968, 41.701382232000071 ], [ -70.726108846999978, 41.727764105000063 ], [ -70.813890842999967, 41.629991215000075 ], [ -70.92639090299997, 41.553882193000049 ], [ -71.065554971999973, 41.510553956000081 ], [ -71.128054967999958, 41.510827039000048 ], [ -71.142372934999969, 41.494300105000036 ], [ -71.18832688699996, 41.468318049000061 ], [ -71.202226931999974, 41.498327106000033 ], [ -71.207781954999973, 41.549018175000072 ], [ -71.206254939999951, 41.640545037000038 ], [ -71.198608799999988, 41.66750006500007 ], [ -71.195981911999979, 41.671253984000032 ], [ -71.156535836999979, 41.719709096000031 ], [ -71.135563979999972, 41.74888214200007 ], [ -71.114854978999972, 41.789509059000068 ], [ -71.216108872999939, 41.725264118000041 ], [ -71.236545963999959, 41.709236075000035 ], [ -71.234717870999987, 41.677491126000064 ], [ -71.271390876999988, 41.653044970000053 ], [ -71.307835894999982, 41.664645021000069 ], [ -71.389445959999989, 41.806691123000064 ], [ -71.413890942999956, 41.605000068000038 ], [ -71.421808823999982, 41.483882237000046 ], [ -71.428045965999956, 41.461109109000063 ], [ -71.474717910999971, 41.393054090000078 ], [ -71.51167288399995, 41.369991116000051 ], [ -71.535281855999983, 41.376800071000048 ], [ -71.563608832999932, 41.376936026000067 ], [ -71.589717790999941, 41.373318061000077 ], [ -71.671663970999987, 41.353882104000036 ], [ -71.733063925999943, 41.337773092000077 ], [ -71.782226805999983, 41.325827036000078 ], [ -71.808335763999935, 41.321664247000058 ], [ -71.84579096899995, 41.318827141000043 ], [ -71.878608801999974, 41.341027114000042 ], [ -71.959446055999933, 41.347491070000046 ], [ -72.183317804999945, 41.326100118000056 ], [ -72.235417871999971, 41.305964104000054 ], [ -72.254863886999942, 41.287082191000025 ], [ -72.388346030999969, 41.271100081000043 ], [ -72.531390919999978, 41.263609174000067 ], [ -72.568072977999975, 41.274164170000063 ], [ -72.606946065999978, 41.27916414200007 ], [ -72.636126823999973, 41.277491115000032 ], [ -72.818346046999977, 41.258327066000049 ], [ -72.890354976999959, 41.254364103000057 ], [ -72.906390898999973, 41.286109052000029 ], [ -72.93639090399995, 41.27331810000004 ], [ -73.041381952999984, 41.214154101000076 ], [ -73.103608866999934, 41.17777312100003 ], [ -73.150554900999964, 41.157773229000043 ], [ -73.177782004999983, 41.170827038000027 ], [ -73.276672871999949, 41.135827060000054 ], [ -73.322781888999941, 41.118327155000031 ], [ -73.379163934999951, 41.094709131000059 ], [ -73.433608921999962, 41.068327090000025 ], [ -73.471935844999962, 41.051100100000042 ], [ -73.559435873999973, 41.015827040000033 ], [ -73.645508966999955, 41.007518059000063 ], [ -73.646045911999977, 40.983882098000038 ], [ -73.67721787499994, 40.953945125000075 ], [ -73.708481870999947, 40.954300182000054 ], [ -73.748608890999947, 40.925273149000077 ], [ -73.781681868999954, 40.879991090000033 ], [ -73.822781860999953, 40.826100146000044 ], [ -73.934155058999977, 40.79804507800003 ], [ -73.92332681299996, 40.870545020000066 ], [ -73.903063897999971, 40.916518083000028 ], [ -73.89168194399997, 40.943600180000033 ], [ -73.883617881999953, 40.973873100000048 ], [ -73.872908826999947, 41.02666417000006 ], [ -73.866673026999933, 41.064436043000057 ], [ -73.866108924999935, 41.089154108000059 ], [ -73.873326916999986, 41.158882155000072 ], [ -73.877908967999986, 41.178745086000049 ], [ -73.951281968999979, 41.304436083000041 ], [ -73.986108944999955, 41.268391218000033 ], [ -73.960072908999962, 41.204227078000031 ], [ -73.936099827999954, 41.187627054000075 ], [ -73.918063983999957, 41.170127149000052 ], [ -73.913054958999965, 41.145827006000047 ], [ -73.904345993999982, 40.989564190000067 ], [ -73.903608888999941, 40.980818009000075 ], [ -73.904172990999939, 40.95943611000007 ], [ -73.928326785999957, 40.904436072000067 ], [ -74.020981852999967, 40.717345120000061 ], [ -74.086399924999967, 40.669154038000045 ], [ -74.119781860999979, 40.663391144000059 ], [ -74.107281927999964, 40.692982112000038 ], [ -74.108608950999951, 40.713391209000065 ], [ -74.133899834999966, 40.700827071000049 ], [ -74.19929997, 40.641036106000058 ], [ -74.252499909999983, 40.552218107000044 ], [ -74.259172910999951, 40.522218101000078 ], [ -74.262981982999975, 40.46638222100006 ], [ -74.244155054999965, 40.452491060000057 ], [ -74.199999858999945, 40.437627096000028 ], [ -74.083890885999949, 40.438045018000025 ], [ -73.995654926999975, 40.458845046000079 ], [ -73.956390906999957, 40.398182195000061 ], [ -73.952226776999964, 40.30000010100008 ], [ -74.021117806999939, 40.02943612200005 ], [ -74.088263892999976, 39.774854085000072 ], [ -74.082926799999939, 39.877073238000037 ], [ -74.066663895999966, 39.939991156000076 ], [ -74.051945943999954, 39.96582703200005 ], [ -74.044445984999982, 39.999718084000051 ], [ -74.045546025999954, 40.052982229000065 ], [ -74.071599830999958, 40.047844961000067 ], [ -74.100826856999959, 39.950827113000059 ], [ -74.171108947999983, 39.780545062000044 ], [ -74.1784639, 39.746527108000066 ], [ -74.15631790599997, 39.724991148000072 ], [ -74.151317932999973, 39.703745035000054 ], [ -74.181672995999975, 39.670544987000028 ], [ -74.211117950999949, 39.643609071000071 ], [ -74.319455055999981, 39.561382098000024 ], [ -74.405564023999943, 39.516109092000079 ], [ -74.376573031999953, 39.47466410100003 ], [ -74.393263915999967, 39.441282165000075 ], [ -74.422473004999972, 39.458936130000041 ], [ -74.441082002999963, 39.443527007000057 ], [ -74.462590972999976, 39.421064177000062 ], [ -74.447317803999965, 39.400018056000079 ], [ -74.428746020999938, 39.391109099000062 ], [ -74.420408876999943, 39.353991181000026 ], [ -74.522426864999943, 39.315964163000046 ], [ -74.515563929999985, 39.336654053000075 ], [ -74.554172987999948, 39.334991083000034 ], [ -74.650108898999974, 39.29020020400003 ], [ -74.611526830999935, 39.27957312400008 ], [ -74.599972880999985, 39.257544980000034 ], [ -74.651399879999985, 39.193045061000078 ], [ -74.711117922999961, 39.089991070000053 ], [ -74.759172882999962, 39.038045063000027 ], [ -74.820826809999971, 38.971935987000052 ], [ -74.846799980999947, 38.95082700200004 ], [ -74.876390948999983, 38.938327070000071 ], [ -74.908335890999979, 38.927353985000025 ], [ -74.945272926999962, 38.922982152000031 ], [ -74.964446026999951, 38.933318044000032 ], [ -74.957363989999976, 38.985409058000073 ], [ -74.948472969999955, 39.009300164000081 ], [ -74.931108850999976, 39.036382094000032 ], [ -74.907772961999967, 39.071664206000037 ], [ -74.892364006999969, 39.104018018000033 ], [ -74.882635801999982, 39.140900068000064 ], [ -74.894935909999958, 39.169018168000036 ], [ -74.923890858999982, 39.189709064000056 ], [ -75.040835842999968, 39.213882137000041 ], [ -75.086399868999933, 39.207500156000037 ], [ -75.164445948999969, 39.232764218000057 ], [ -75.311108970999953, 39.313882098000079 ], [ -75.378326804999972, 39.353609134000067 ], [ -75.415699866999944, 39.378045064000048 ], [ -75.526945994999949, 39.46533604800004 ], [ -75.542772872999933, 39.500545071000033 ], [ -75.557217908999974, 39.620409136000035 ], [ -75.452781909999942, 39.756800136000038 ], [ -75.424308919999987, 39.782773139000028 ], [ -75.400554941999985, 39.799718162000033 ], [ -75.368326858999978, 39.818054078000046 ], [ -75.344726772999934, 39.829436032000046 ], [ -75.289173026999947, 39.842764264000039 ], [ -75.19610892299994, 39.863327085000037 ], [ -75.137564011999984, 39.873945112000058 ], [ -75.101108935999946, 39.900545082000065 ], [ -75.065554913999961, 39.964436139000043 ], [ -75.028517797999939, 40.012309044000062 ], [ -75.038890905999949, 40.010273247000043 ], [ -75.059999890999961, 40.000545043000045 ], [ -75.111663930999953, 39.973318106000079 ], [ -75.126381881999976, 39.956664103000037 ], [ -75.138481997999975, 39.935409105000076 ], [ -75.177217789999986, 39.895545109000068 ], [ -75.22166400499998, 39.872764102000076 ], [ -75.30943577499994, 39.86388213400005 ], [ -75.361108866999984, 39.849509182000077 ], [ -75.409717870999941, 39.82194512600006 ], [ -75.421445996999978, 39.811954065000066 ], [ -75.459446025999966, 39.788327156000037 ], [ -75.588608806999957, 39.648882126000046 ], [ -75.604435851999938, 39.614018103000035 ], [ -75.572154963999935, 39.45290903800003 ], [ -75.52721790399994, 39.416664180000055 ], [ -75.432635837999953, 39.310691108000071 ], [ -75.395417840999983, 39.246245001000034 ], [ -75.392435894999949, 39.200754065000069 ], [ -75.405481991999977, 39.157491207000078 ], [ -75.389026806999937, 39.077773105000063 ], [ -75.302217950999989, 38.918882228000029 ], [ -75.188326828999948, 38.816664248000052 ], [ -75.139999960999944, 38.694991200000061 ], [ -75.200835813999959, 38.59777319300008 ], [ -75.17027288, 38.57860914400004 ], [ -75.140417881999952, 38.589436049000028 ], [ -75.063890937999986, 38.586936062000063 ], [ -75.038463931999956, 38.479709057000036 ], [ -75.039717864999943, 38.457500198000048 ], [ -75.043682001999969, 38.450854020000065 ], [ -75.040781863999939, 38.449718104000056 ], [ -75.044581882999978, 38.417209060000062 ], [ -75.056663893999939, 38.362773125000047 ], [ -75.073299959999986, 38.340964251000059 ], [ -75.061245944999939, 38.408054010000058 ], [ -75.060481850999963, 38.446654016000025 ], [ -75.065308820999974, 38.453418044000045 ], [ -75.07941791099995, 38.457600111000033 ], [ -75.082854993999945, 38.453164240000035 ], [ -75.079454958999975, 38.445827057000031 ], [ -75.094999868999935, 38.32880915100003 ], [ -75.154446002999975, 38.241518167000038 ], [ -75.183535900999971, 38.22436409900007 ], [ -75.329454944999952, 38.109164227000065 ], [ -75.355826926999953, 38.08263600600003 ], [ -75.368608826999946, 38.034164131000068 ], [ -75.370035761999986, 38.024382114000048 ], [ -75.399735861999943, 37.988600105000046 ], [ -75.412217856999973, 37.919445045000032 ], [ -75.490963993999969, 37.814718026000037 ], [ -75.503346075999957, 37.798336099000039 ], [ -75.570008860999963, 37.681109148000075 ], [ -75.608955038999966, 37.577354094000043 ], [ -75.596526855999969, 37.559018011000035 ], [ -75.660135777999983, 37.497318151000059 ], [ -75.687635796999984, 37.523882078000042 ], [ -75.701099982999949, 37.552418100000068 ], [ -75.720555050999963, 37.54777318500004 ], [ -75.803881897999986, 37.452773197000056 ], [ -75.841672881999955, 37.372491160000038 ], [ -75.842499839999959, 37.347491128000058 ], [ -75.851108892999946, 37.276100112000051 ], [ -75.868054921999942, 37.216936113000031 ], [ -75.960826832999942, 37.152209044000074 ], [ -76.002790998999956, 37.223873143000048 ], [ -76.016463893999969, 37.270891094000035 ], [ -76.008199840999964, 37.314718054000025 ], [ -75.956390961999944, 37.497773120000033 ], [ -75.930554918999974, 37.576100162000046 ], [ -75.916946060999976, 37.608327071000076 ], [ -75.87471786499998, 37.656654107000065 ], [ -75.781390904999967, 37.724991093000028 ], [ -75.697217820999981, 37.799164231000077 ], [ -75.662508862999971, 37.840545017000068 ], [ -75.646117883999977, 37.944709107000051 ], [ -75.644046044999982, 37.961173177000035 ], [ -75.670273019999968, 37.973600186000056 ], [ -75.693181934999984, 37.979154035000079 ], [ -75.75499998, 37.979436003000046 ], [ -75.774445994999951, 37.974709112000028 ], [ -75.800281869999935, 37.963326990000041 ], [ -75.820699850999972, 37.948182233000068 ], [ -75.851808949999963, 37.928953979000028 ], [ -75.878535821999947, 37.947564151000051 ], [ -75.882217823999952, 37.985964164000052 ], [ -75.853055003999941, 38.089153942000053 ], [ -75.912217828999985, 38.145273131000067 ], [ -75.896117868999966, 38.25027323200004 ], [ -75.846355012999936, 38.398773232000053 ], [ -76.021945993999964, 38.243882199000041 ], [ -76.037508841999966, 38.226654035000024 ], [ -76.087781987999961, 38.286382136000043 ], [ -76.161117941999976, 38.349436009000044 ], [ -76.220790889999989, 38.384645031000048 ], [ -76.222226876999969, 38.343318057000033 ], [ -76.242490966999981, 38.366936081000063 ], [ -76.321946044999947, 38.488600077000058 ], [ -76.297499888999937, 38.500544959000024 ], [ -76.246945947999961, 38.510273164000068 ], [ -76.208345942999983, 38.523045005000029 ], [ -76.184999827999945, 38.534436012000072 ], [ -76.166455034999956, 38.568191109000054 ], [ -76.187217846999943, 38.579436103000035 ], [ -76.214172873999985, 38.573609171000044 ], [ -76.224654946999976, 38.55630909100006 ], [ -76.264935858999934, 38.551591085000041 ], [ -76.284999955999979, 38.570273174000079 ], [ -76.265290916999959, 38.61970913600004 ], [ -76.177782002999948, 38.611664185000052 ], [ -76.131626885999935, 38.599936059000072 ], [ -76.103745993999951, 38.586236006000036 ], [ -76.051935773999958, 38.574854052000035 ], [ -76.028472981999982, 38.573744958000077 ], [ -76.002635765999969, 38.580135992000066 ], [ -75.975490971999989, 38.593673101000036 ], [ -75.962781994999943, 38.613327155000036 ], [ -75.960973012999943, 38.651591214000064 ], [ -75.97929987699996, 38.634154005000028 ], [ -76.002164031999939, 38.607009044000051 ], [ -76.032772898999951, 38.603327042000046 ], [ -76.067917883999939, 38.613673160000076 ], [ -76.191099841999971, 38.683873108000057 ], [ -76.20472680499995, 38.73971804100006 ], [ -76.320899982999947, 38.682009140000048 ], [ -76.342154980999965, 38.688253994000036 ], [ -76.331955042999937, 38.760553944000037 ], [ -76.30007296499997, 38.818744971000058 ], [ -76.255172953999988, 38.841036140000028 ], [ -76.21514601299998, 38.813191122000035 ], [ -76.207508925999946, 38.793609152000045 ], [ -76.186099868999975, 38.776100195000026 ], [ -76.155963908999979, 38.763191058000075 ], [ -76.132217809999986, 38.772491115000037 ], [ -76.10443582399995, 38.799091085000043 ], [ -76.141954898999984, 38.886109154000053 ], [ -76.224654946999976, 38.964091196000027 ], [ -76.296390962999965, 38.922491140000034 ], [ -76.316954955999961, 38.88804503800003 ], [ -76.35638192, 38.851664226000025 ], [ -76.35986393099995, 38.855409092000059 ], [ -76.357772980999982, 38.895273089000057 ], [ -76.347499952999954, 38.940691102000073 ], [ -76.338890899999967, 38.967073142000061 ], [ -76.296835873999953, 39.025754008000035 ], [ -76.266255002999969, 38.99666411000004 ], [ -76.242081929999983, 38.983882211000036 ], [ -76.219999972999972, 38.981373172000076 ], [ -76.191935852999961, 38.984573215000069 ], [ -76.156108915999937, 39.002636048000056 ], [ -76.072463892999963, 39.141654104000054 ], [ -76.141390964999971, 39.112500168000054 ], [ -76.220835816999966, 39.060818024000071 ], [ -76.260145936999947, 39.153673250000054 ], [ -76.168335765999984, 39.316518039000073 ], [ -76.095835823999948, 39.359936130000051 ], [ -75.977781913999934, 39.389991120000047 ], [ -75.851390859999981, 39.535827016000042 ], [ -75.835346053999956, 39.57193608700004 ], [ -75.940826772999969, 39.604164170000047 ], [ -76.084790989999988, 39.54895408200008 ], [ -76.112008873999969, 39.483464261000051 ], [ -76.063326779999954, 39.458009091000065 ], [ -76.090290859999982, 39.431100165000032 ], [ -76.187908850999975, 39.371935998000026 ], [ -76.212772928999982, 39.365554017000079 ], [ -76.22902678, 39.38700917400007 ], [ -76.225281913999936, 39.418882200000041 ], [ -76.256954945999951, 39.44470902300003 ], [ -76.359726802999944, 39.399991066000041 ], [ -76.351946049999981, 39.375264116000039 ], [ -76.427781988999982, 39.316936128000066 ], [ -76.479999904999943, 39.302073170000028 ], [ -76.451672927999937, 39.258609146000026 ], [ -76.427363899999989, 39.23915407800007 ], [ -76.407645975999969, 39.231100075000029 ], [ -76.395008914999949, 39.229991149000057 ] ] ], [ [ [ -148.673064103999963, 60.446936084000072 ], [ -148.577791032999983, 60.496382105000066 ], [ -148.549435892999981, 60.51027326500008 ], [ -148.496944894999956, 60.52943614000003 ], [ -148.448255089999975, 60.540409057000033 ], [ -148.337773055999975, 60.506382218000056 ], [ -148.285826880999963, 60.49027320600004 ], [ -148.261135973999984, 60.483044988000074 ], [ -148.235272940999977, 60.512218035000046 ], [ -148.187499947999981, 60.554436005000071 ], [ -148.135835908999979, 60.580827097000054 ], [ -148.085481960999971, 60.600127100000066 ], [ -147.958890914999984, 60.51027326500008 ], [ -147.937855019999972, 60.451382181000042 ], [ -147.949872992999957, 60.431663251000032 ], [ -148.004026960999965, 60.41123605000007 ], [ -148.042782030999973, 60.39985409600007 ], [ -148.112764049999981, 60.400545100000045 ], [ -148.141964085999973, 60.379153980000069 ], [ -148.167235858999959, 60.348873181000044 ], [ -148.236572973999984, 60.300745131000042 ], [ -148.310273036999973, 60.262773266000067 ], [ -148.366090980999957, 60.247218130000078 ], [ -148.42659105499996, 60.181027079000046 ], [ -148.336673014999974, 60.201100060000044 ], [ -148.298326980999974, 60.218491168000071 ], [ -148.27341797699998, 60.235327059000042 ], [ -148.246244851999961, 60.243282156000078 ], [ -148.199981942999983, 60.253882246000046 ], [ -148.11339101599998, 60.228318112000068 ], [ -148.098873056999963, 60.205963241000063 ], [ -148.133190914999972, 60.166382217000034 ], [ -148.157635897999967, 60.147073162000027 ], [ -148.178344898999967, 60.136800134000055 ], [ -148.211117971999983, 60.125827049000065 ], [ -148.254435982999979, 60.116936029000044 ], [ -148.28798203599996, 60.124645033000036 ], [ -148.289690938999968, 60.155445007000083 ], [ -148.324309036999978, 60.163191227000027 ], [ -148.365064029999957, 60.123945144000061 ], [ -148.375544928999972, 60.061100149000083 ], [ -148.401117947999978, 59.986654096000052 ], [ -148.438518, 59.948463295000067 ], [ -148.656682008999979, 59.952909057000056 ], [ -148.761399975999979, 59.96200912200004 ], [ -148.892791001999967, 59.95000020100008 ], [ -149.020017898999981, 59.957773243000076 ], [ -149.070555075999977, 59.961663284000053 ], [ -149.112517900999961, 59.983673156000066 ], [ -149.070126927999979, 60.021873177000032 ], [ -149.043408940999967, 60.045891185000073 ], [ -149.077482047999979, 60.056382143000064 ], [ -149.107754967999966, 60.051100203000033 ], [ -149.147373038999973, 60.040000216000067 ], [ -149.201663966999973, 59.989782223000077 ], [ -149.210263967999964, 59.95277327000008 ], [ -149.232773065999965, 59.902909160000036 ], [ -149.264190953999957, 59.872073144000069 ], [ -149.275299992999976, 59.867491093000069 ], [ -149.290772985999979, 59.875063304000037 ], [ -149.296108905999972, 59.973045071000058 ], [ -149.29556408199997, 60.004436136000038 ], [ -149.37150898699997, 60.116245025000069 ], [ -149.419735942999978, 60.116245025000069 ], [ -149.433900017999974, 60.092491214000063 ], [ -149.438673008999956, 60.051454087000081 ], [ -149.530135833999964, 59.925963250000052 ], [ -149.563473009999967, 59.904573136000067 ], [ -149.628055070999977, 59.821936120000032 ], [ -149.593044866999975, 59.789163213000052 ], [ -149.551117916999971, 59.755554129000075 ], [ -149.523681935999974, 59.72680017700003 ], [ -149.550282073999966, 59.720127009000066 ], [ -149.586672944999975, 59.739436064000074 ], [ -149.66688205799997, 59.812491224000041 ], [ -149.663326957999971, 59.832773250000059 ], [ -149.645144933999973, 59.871654049000028 ], [ -149.645573080999981, 59.892491125000049 ], [ -149.65558207899997, 59.916663193000034 ], [ -149.691881922999983, 59.954718039000056 ], [ -149.73428194799996, 59.954682165000065 ], [ -149.758908984999977, 59.835818060000065 ], [ -149.764735916999967, 59.779991232000043 ], [ -149.745973025999973, 59.71582709300003 ], [ -149.750826986999982, 59.659154028000046 ], [ -149.786409003999978, 59.665963150000039 ], [ -149.806317867999979, 59.684709109000039 ], [ -149.888608878999975, 59.752218131000063 ], [ -149.919863989999982, 59.774018120000051 ], [ -150.027791051999969, 59.796318174000078 ], [ -150.034790946999976, 59.773254026000075 ], [ -149.974426994999959, 59.746654056000068 ], [ -149.918255, 59.713118061000046 ], [ -149.935000030999959, 59.690273184000034 ], [ -149.959444845999968, 59.664991185000076 ], [ -150.013644913999968, 59.627491221000071 ], [ -150.249864044999981, 59.494991101000039 ], [ -150.296963970999968, 59.479991182000049 ], [ -150.344708967999964, 59.466518111000028 ], [ -150.381664108999956, 59.469363264000037 ], [ -150.379426978999959, 59.495545144000062 ], [ -150.359708886999982, 59.533053994000056 ], [ -150.291381958999978, 59.606100101000038 ], [ -150.22467307399998, 59.715473209000038 ], [ -150.252808942999962, 59.706936073000065 ], [ -150.279173045999983, 59.686100170000032 ], [ -150.299991011999964, 59.662491198000055 ], [ -150.333617865999969, 59.618327118000082 ], [ -150.357481982999957, 59.589427154000077 ], [ -150.486726906999962, 59.463882170000034 ], [ -150.538373008999969, 59.51835397900004 ], [ -150.539735906999965, 59.547491151000031 ], [ -150.500744968999982, 59.591236136000077 ], [ -150.541691068999967, 59.591663278000055 ], [ -150.616944969999963, 59.554436061000047 ], [ -150.628600005999971, 59.534718137000027 ], [ -150.606655009999969, 59.518327157000044 ], [ -150.585190967999978, 59.485018145000026 ], [ -150.603054982999964, 59.432209137000029 ], [ -150.677781996999983, 59.419254067000054 ], [ -150.722499952999982, 59.421473260000027 ], [ -150.736599990999963, 59.395073115000059 ], [ -150.75222687599998, 59.38193615800003 ], [ -150.87331788399996, 59.32749117000003 ], [ -150.892500036999962, 59.293327036000051 ], [ -150.885817983999971, 59.254573139000058 ], [ -150.907499955999981, 59.24332713900003 ], [ -150.951382068999976, 59.238327166000033 ], [ -150.996644848999978, 59.274163155000053 ], [ -151.040981931999966, 59.295827022000083 ], [ -151.142244877999957, 59.290553967000051 ], [ -151.180844883999981, 59.281382153000038 ], [ -151.097873093999965, 59.230373243000031 ], [ -151.120681928999971, 59.211800119000031 ], [ -151.154172996999961, 59.208045027000082 ], [ -151.176935898999972, 59.209991137000031 ], [ -151.266964076999983, 59.219982198000082 ], [ -151.357481925999963, 59.241663164000045 ], [ -151.397781948999977, 59.258473238000079 ], [ -151.419309023999972, 59.257636054000045 ], [ -151.483063958999963, 59.231936133000033 ], [ -151.554173007999964, 59.201663213000074 ], [ -151.576155051999962, 59.173009174000072 ], [ -151.607208997999976, 59.167218117000061 ], [ -151.723326854999982, 59.160818031000076 ], [ -151.746090930999969, 59.162491227000032 ], [ -151.90057309499997, 59.219709115000057 ], [ -151.976244916999974, 59.275827131000028 ], [ -151.983044819999975, 59.30241804800005 ], [ -151.899172981999982, 59.408045116000039 ], [ -151.862208955999961, 59.423609137000028 ], [ -151.838318017999967, 59.431936055000051 ], [ -151.683073100999962, 59.476936146000071 ], [ -151.663055103999966, 59.480818140000054 ], [ -151.637235991999972, 59.480273149000027 ], [ -151.591090932999975, 59.478327039000078 ], [ -151.485535949999957, 59.471373244000063 ], [ -151.453063953999958, 59.467491082000038 ], [ -151.448526996999959, 59.508673216000034 ], [ -151.435073036999967, 59.535409141000059 ], [ -151.351517866999984, 59.558600191000039 ], [ -151.272517925999978, 59.579163178000044 ], [ -151.216090953999981, 59.594709094000052 ], [ -150.99789107099997, 59.780827075000047 ], [ -151.017791049999971, 59.792500217000054 ], [ -151.053682023999983, 59.792291172000034 ], [ -151.111118009999984, 59.774709124000083 ], [ -151.199981941999965, 59.744154070000036 ], [ -151.434863991999975, 59.656800221000083 ], [ -151.469217892999978, 59.636727072000042 ], [ -151.575099937999966, 59.646263163000071 ], [ -151.628055125999964, 59.65499107100004 ], [ -151.729581933999981, 59.674854003000064 ], [ -151.757235844999968, 59.683873266000035 ], [ -151.780855041999956, 59.692491203000031 ], [ -151.835964043999979, 59.719436005000034 ], [ -151.864155066999984, 59.739436064000074 ], [ -151.87830891599998, 59.75999117300006 ], [ -151.879581959999967, 59.782491219000065 ], [ -151.724717915999975, 60.014718049000066 ], [ -151.668899972999981, 60.064718113000083 ], [ -151.646391041999976, 60.080827126000031 ], [ -151.568882074999976, 60.124709071000041 ], [ -151.508364062999959, 60.155818170000032 ], [ -151.489435881999981, 60.16693609400005 ], [ -151.453335862999978, 60.189991189000068 ], [ -151.427373084999971, 60.21110017400008 ], [ -151.404444891999958, 60.240273220000063 ], [ -151.302644833999977, 60.388327135000054 ], [ -151.289026922999966, 60.448882195000067 ], [ -151.277509014999964, 60.51027326500008 ], [ -151.278272940999983, 60.543044998000028 ], [ -151.307781933999962, 60.56805408300005 ], [ -151.332981958999966, 60.58708217700007 ], [ -151.372217982999985, 60.658327013000076 ], [ -151.38250894799998, 60.666936065000073 ], [ -151.416535954999972, 60.708882126000049 ], [ -151.40673583399996, 60.728109207000045 ], [ -151.250564045999965, 60.775409125000067 ], [ -151.141691001999959, 60.783054091000054 ], [ -151.088317891999964, 60.784718066000039 ], [ -151.047772949999967, 60.789163157000075 ], [ -150.857755036999976, 60.877773117000061 ], [ -150.669463963999959, 60.963882253000065 ], [ -150.438899934999966, 61.030273129000079 ], [ -150.404173038999971, 61.036800117000041 ], [ -150.370817925999972, 61.037218039000038 ], [ -150.337281930999978, 61.029782117000082 ], [ -150.322508994999964, 60.999163192000083 ], [ -150.300282030999966, 60.975818083000036 ], [ -150.277508902999983, 60.959573116000058 ], [ -150.219435892999968, 60.933745120000083 ], [ -150.155273093999966, 60.924709093000047 ], [ -150.045290956999963, 60.911100067000064 ], [ -149.904173066999959, 60.945263196000042 ], [ -149.878872962999964, 60.953327090000073 ], [ -149.854708941999974, 60.965545055000064 ], [ -149.83640001599997, 60.973600064000038 ], [ -149.815273092999973, 60.974436075000028 ], [ -149.767244955999956, 60.970273119000069 ], [ -149.731935852999982, 60.966663201000074 ], [ -149.561399997999956, 60.938327171000083 ], [ -149.428073086999973, 60.915709108000044 ], [ -149.364726852999979, 60.908545096000068 ], [ -149.228055059999974, 60.89193601900007 ], [ -149.170564088999981, 60.885554038000066 ], [ -149.149444877999969, 60.881936073000077 ], [ -149.119991037999966, 60.875545040000077 ], [ -149.09158208599996, 60.869173117000059 ], [ -149.05250900599998, 60.852009159000033 ], [ -149.029735877999968, 60.851654101000065 ], [ -149.046055107999962, 60.881518152000069 ], [ -149.096390950999961, 60.914853987000072 ], [ -149.153626944999957, 60.94193608300003 ], [ -149.183073073999964, 60.948327117000076 ], [ -149.209991052999982, 60.94777324100005 ], [ -149.401173044999979, 60.956763167000076 ], [ -149.615817994999958, 60.990273178000052 ], [ -149.691935901999983, 61.011663292000037 ], [ -149.720000022999983, 61.02193615300007 ], [ -149.803326869999978, 61.054718111000057 ], [ -149.829435827999959, 61.072773234000067 ], [ -149.849990935999983, 61.08332705600003 ], [ -149.943326948999982, 61.109991231000038 ], [ -150.062008998999971, 61.157773108000072 ], [ -149.995181927999965, 61.21632707200007 ], [ -149.82028195099997, 61.320545142000071 ], [ -149.794464012999981, 61.33526326100008 ], [ -149.706935988999959, 61.383609073000059 ], [ -149.617764105999981, 61.406654110000034 ], [ -149.529591009999962, 61.422354085000052 ], [ -149.485808976999976, 61.431936109000048 ], [ -149.252044904999963, 61.492491169000061 ], [ -149.422790978999984, 61.508327099000041 ], [ -149.606935859999965, 61.490827026000034 ], [ -149.634854973999978, 61.487354068000059 ], [ -149.687500031999974, 61.474845084000037 ], [ -149.769455095999973, 61.43888219300004 ], [ -149.882218012999971, 61.380127063000032 ], [ -149.911526845999958, 61.342982156000062 ], [ -149.948635878999966, 61.299218060000044 ], [ -149.963381992999956, 61.269463309000059 ], [ -149.994581951999976, 61.258918037000058 ], [ -150.071381977999977, 61.244991170000048 ], [ -150.104155051999982, 61.249718060000077 ], [ -150.136964, 61.254436066000039 ], [ -150.162509023999974, 61.255827126000042 ], [ -150.279444954999974, 61.255554044000064 ], [ -150.329999900999979, 61.250973166000051 ], [ -150.357755064999964, 61.247218074000045 ], [ -150.399173065999975, 61.246382230000052 ], [ -150.453335918999983, 61.247491156000081 ], [ -150.477482002999977, 61.249436093000043 ], [ -150.5061, 61.256245048000039 ], [ -150.545408945999981, 61.28527325500005 ], [ -150.626373101999974, 61.286382181000079 ], [ -150.728044916999977, 61.245827013000053 ], [ -150.749144849999965, 61.238882103000037 ], [ -150.872218010999973, 61.208882098000061 ], [ -150.892244891999979, 61.204709084000058 ], [ -150.929244959999977, 61.204645046000053 ], [ -151.001126987999982, 61.185545036000065 ], [ -151.026399934999972, 61.177218118000042 ], [ -151.068344822999961, 61.152909090000037 ], [ -151.08193591099996, 61.135827106000079 ], [ -151.137791069999963, 61.06916314800003 ], [ -151.161255034999982, 61.053463173000068 ], [ -151.197982019999984, 61.042082225000058 ], [ -151.30749091499996, 61.030273129000079 ], [ -151.445691063999959, 61.016936012000031 ], [ -151.485000010999983, 61.01139121600005 ], [ -151.528355069999975, 60.998045046000072 ], [ -151.583617962999966, 60.97693606100006 ], [ -151.740817875999966, 60.90470920100006 ], [ -151.800135933999968, 60.854991104000078 ], [ -151.804717984999968, 60.833882119000066 ], [ -151.78834494299997, 60.807073105000029 ], [ -151.771117952999958, 60.788045011000065 ], [ -151.73028199099997, 60.759163152000042 ], [ -151.709717996999984, 60.73186329300006 ], [ -151.729781926999976, 60.717344999000034 ], [ -151.773072947999964, 60.720409087000064 ], [ -151.814455074999984, 60.734163288000047 ], [ -151.848308910999975, 60.740545101000066 ], [ -151.927217991999981, 60.718318138000029 ], [ -152.038909030999974, 60.669718187000058 ], [ -152.054717970999974, 60.653045072000054 ], [ -152.057217957999967, 60.647491223000031 ], [ -152.104708982999966, 60.602491132000068 ], [ -152.166944949999959, 60.57360910500006 ], [ -152.22505500799997, 60.557354080000039 ], [ -152.327773051999969, 60.491518086000042 ], [ -152.339290960999961, 60.467209058000037 ], [ -152.33359998399996, 60.436309172000051 ], [ -152.301181966999962, 60.410963303000074 ], [ -152.336117907999977, 60.364154062000068 ], [ -152.421781963999962, 60.29325405700007 ], [ -152.549164093999963, 60.252773153000078 ], [ -152.630281973999956, 60.22942703800004 ], [ -152.728335991999984, 60.243882133000056 ], [ -152.818600036999982, 60.265000170000064 ], [ -152.883344874999977, 60.296435995000081 ], [ -152.912226901999958, 60.308045099000083 ], [ -152.942781955999976, 60.310273176000067 ], [ -152.967773103999974, 60.311100135000061 ], [ -153.006682065999968, 60.311382102000039 ], [ -153.028626893999984, 60.308327066000061 ], [ -153.078890987999984, 60.298191166000038 ], [ -153.102581934999961, 60.278354051000065 ], [ -153.08111789199998, 60.279163240000059 ], [ -153.052508947999968, 60.289718067000081 ], [ -153.005690989999977, 60.29416315800006 ], [ -152.966091022999962, 60.290554078000071 ], [ -152.936873049999974, 60.281318059000057 ], [ -152.928300038999964, 60.24245402400004 ], [ -152.895018015999966, 60.221927078000078 ], [ -152.864717938999974, 60.209436031000052 ], [ -152.829455104999965, 60.200127089000034 ], [ -152.807217914999967, 60.197773115000075 ], [ -152.768617909999961, 60.18936321700005 ], [ -152.685544866999976, 60.144436048000046 ], [ -152.596099901999963, 60.094436151000082 ], [ -152.577282025999978, 60.073254076000069 ], [ -152.587491016999962, 60.046382197000071 ], [ -152.614717952999968, 60.017491118000066 ], [ -152.716308966999975, 59.91659110900008 ], [ -152.826108880999982, 59.881382254000073 ], [ -152.872209012999974, 59.876236100000028 ], [ -152.944873072999968, 59.878045083000075 ], [ -152.990672965999977, 59.886318189000065 ], [ -153.029173058999959, 59.88777311900003 ], [ -153.225826924999978, 59.865127061000067 ], [ -153.27757294, 59.81895400600007 ], [ -153.254590934999982, 59.81638210300008 ], [ -153.235399896999979, 59.823745102000032 ], [ -153.210144886999984, 59.828609120000067 ], [ -153.053617873999968, 59.833600209000053 ], [ -153.001955007999982, 59.819300179000038 ], [ -153.00058205199997, 59.791109156000061 ], [ -153.042644956999965, 59.709436059000041 ], [ -153.157499996999974, 59.664709050000056 ], [ -153.204708886999981, 59.647218030000033 ], [ -153.226108891999957, 59.643882200000064 ], [ -153.322508992999957, 59.629991207000046 ], [ -153.348326930999974, 59.628600146000053 ], [ -153.402935868999975, 59.652218170000083 ], [ -153.368044855999983, 59.703327160000072 ], [ -153.329999899999962, 59.72506327900004 ], [ -153.346644850999979, 59.736382201000083 ], [ -153.420564016999975, 59.766109124000081 ], [ -153.440735904999968, 59.719218075000072 ], [ -153.46998204199997, 59.658045102000074 ], [ -153.592773067999957, 59.554709143000082 ], [ -153.612626946999967, 59.551518153000075 ], [ -153.765017993999976, 59.520545009000045 ], [ -153.720690968999975, 59.472491223000077 ], [ -153.74332697, 59.437209110000083 ], [ -153.797517984999985, 59.426100071000064 ], [ -153.941373069999969, 59.399436063000053 ], [ -154.08276404199998, 59.374436031000073 ], [ -154.110808883999965, 59.373600188000069 ], [ -154.143626884999975, 59.376100174000044 ], [ -154.119426988999976, 59.360000214000081 ], [ -154.099973094999967, 59.349435999000036 ], [ -154.079435922999977, 59.345827087000032 ], [ -154.067227010999972, 59.345545119000064 ], [ -153.996799912999961, 59.353882096000063 ], [ -154.06695510199998, 59.32249119800008 ], [ -154.108744923999978, 59.305691181000043 ], [ -154.131381929999975, 59.286945055000047 ], [ -154.256955077999976, 59.132763298000043 ], [ -154.18034481799998, 59.029436057000055 ], [ -154.146944944999973, 59.025963267000066 ], [ -154.116673030999976, 59.040691109000079 ], [ -154.087909021999963, 59.063045142000078 ], [ -154.063335963999975, 59.074300194000045 ], [ -154.04055512399998, 59.079436121000072 ], [ -154.017791048999982, 59.078045061000068 ], [ -153.92166403, 59.068054 ], [ -153.711673046999977, 59.07054510100005 ], [ -153.673063989999974, 59.053600078000045 ], [ -153.632627005999979, 59.01520911700004 ], [ -153.598464044999957, 58.998609093000027 ], [ -153.564999966999977, 58.988882230000058 ], [ -153.538073102999959, 58.986245116000077 ], [ -153.516264061999976, 58.989300152000055 ], [ -153.488035990999975, 58.999227175000044 ], [ -153.423481924999976, 58.980827053000041 ], [ -153.331390960999983, 58.929163181000035 ], [ -153.261181959999959, 58.859573268000076 ], [ -153.44778206899997, 58.71443608800007 ], [ -153.608608997999966, 58.634718154000041 ], [ -153.689726877999959, 58.617491163000068 ], [ -153.763917952999975, 58.609991204000039 ], [ -153.905290987999962, 58.583045062000053 ], [ -153.926035862999981, 58.511518091000028 ], [ -153.959582083999976, 58.489991184000075 ], [ -153.999144833999964, 58.49082702700008 ], [ -154.068881933999961, 58.491936121000037 ], [ -154.102691010999962, 58.480063155000039 ], [ -154.069735881999975, 58.42027319500005 ], [ -154.034999933999984, 58.404163178000033 ], [ -154.00510000899996, 58.382000084000083 ], [ -154.059582044999985, 58.356936014000041 ], [ -154.118864060999982, 58.350273240000035 ], [ -154.148699947999972, 58.353409077000038 ], [ -154.17999093399996, 58.356382138000072 ], [ -154.20623584599997, 58.352500144000032 ], [ -154.322782018999959, 58.306653983000047 ], [ -154.354235948999957, 58.278327174000083 ], [ -154.337773052999978, 58.259718175000046 ], [ -154.285282054999982, 58.267491217000043 ], [ -154.209990938999965, 58.296527135000076 ], [ -154.185344957999973, 58.317218031000039 ], [ -154.154444904999963, 58.311882111000045 ], [ -154.114635893999974, 58.280409071000065 ], [ -154.235673089999977, 58.130691180000042 ], [ -154.326664013999959, 58.106100185000059 ], [ -154.384226901999966, 58.11033606400008 ], [ -154.443055121999976, 58.144435993000059 ], [ -154.497773023999969, 58.092763236000053 ], [ -154.570482010999967, 58.024782145000074 ], [ -154.597782036999973, 58.023318162000066 ], [ -154.637100035999964, 58.032636156000081 ], [ -154.73580901699998, 58.019154033000063 ], [ -154.782772987999977, 58.002218062000054 ], [ -154.82529103, 58.020273184000075 ], [ -154.894744820999961, 58.029018024000038 ], [ -154.965544912999974, 58.029436113000031 ], [ -155.033399939999981, 58.014609197000027 ], [ -155.04833598899998, 57.957500106000055 ], [ -155.066118028999966, 57.89180006600003 ], [ -155.083891015999967, 57.880963271000041 ], [ -155.256955020999982, 57.829163277000077 ], [ -155.294999976999975, 57.749091123000028 ], [ -155.311126926999975, 57.734436036000034 ], [ -155.389590927999961, 57.717282136000051 ], [ -155.464173102999979, 57.750000057000079 ], [ -155.557099910999966, 57.792353981000076 ], [ -155.583308948999985, 57.794445099000029 ], [ -155.606935856999968, 57.789300119000075 ], [ -155.623744925999972, 57.77804506700005 ], [ -155.706664076999971, 57.641663288000075 ], [ -155.734435836999978, 57.551382143000069 ], [ -155.754182091999979, 57.545827121000059 ], [ -155.799317969999976, 57.540827148000062 ], [ -155.815691011999974, 57.55901805700006 ], [ -155.840272954999961, 57.56443611900005 ], [ -155.965000032999967, 57.536382225000068 ], [ -156.038608900999975, 57.508891091000066 ], [ -156.030635866999972, 57.441653978000033 ], [ -156.066408991999964, 57.432209082000043 ], [ -156.098035923999959, 57.434300199000063 ], [ -156.123872972999976, 57.450618088000056 ], [ -156.183199916999968, 57.476100080000037 ], [ -156.206235900999957, 57.476236034000067 ], [ -156.489990984999963, 57.331109080000033 ], [ -156.501127013999962, 57.287218082000038 ], [ -156.422518004999972, 57.303045127000075 ], [ -156.402799912999967, 57.306936007000047 ], [ -156.355618011999979, 57.309018071000082 ], [ -156.334990986999969, 57.284436129000028 ], [ -156.341663987999965, 57.170827142000064 ], [ -156.366099917999975, 57.144163302000038 ], [ -156.45279092499996, 57.083327113000053 ], [ -156.552290988999971, 56.978882229000078 ], [ -156.680144851999984, 56.996109052000065 ], [ -156.759463975999978, 56.991382162000036 ], [ -156.851655019999981, 56.921936082000059 ], [ -156.890990956999957, 56.95680010500007 ], [ -156.940826902999959, 56.962491082000042 ], [ -156.984435933999976, 56.908600139000043 ], [ -157.087490930999962, 56.823609149000049 ], [ -157.185199949999969, 56.773600200000033 ], [ -157.20666399199996, 56.770544996000069 ], [ -157.220673002999973, 56.772491106000075 ], [ -157.292355038999972, 56.798882199000047 ], [ -157.311109043999977, 56.818327041000032 ], [ -157.34081803, 56.838045133000037 ], [ -157.362917922999969, 56.850127144000055 ], [ -157.404035851999964, 56.860827146000076 ], [ -157.427935842999972, 56.857491149000055 ], [ -157.454844937999979, 56.844854088000034 ], [ -157.583326940999967, 56.707353996000052 ], [ -157.554873061999984, 56.678882179000027 ], [ -157.502155081999973, 56.671063205000053 ], [ -157.479709014999969, 56.66944499400006 ], [ -157.45492691299998, 56.63804504400008 ], [ -157.470126990999972, 56.620273230000066 ], [ -157.501535993999966, 56.613245004000078 ], [ -157.67985511699996, 56.608463296000082 ], [ -157.710964047999965, 56.629918118000035 ], [ -157.752564103999958, 56.675063216000069 ], [ -157.787226961999977, 56.678327130000071 ], [ -157.816099935999972, 56.672218063000059 ], [ -157.915635874999964, 56.64548213900008 ], [ -157.943191046999971, 56.62804509800003 ], [ -157.970608922999958, 56.607418073000076 ], [ -158.050844858999966, 56.576944993000041 ], [ -158.115673011999974, 56.560582177000072 ], [ -158.122390939999974, 56.528945018000059 ], [ -158.064455057999965, 56.536109199000066 ], [ -158.020017894999967, 56.547635992000039 ], [ -157.97499098199998, 56.56207315000006 ], [ -157.945691032999974, 56.570827042000076 ], [ -157.925290988999961, 56.574163207000026 ], [ -157.889444941999983, 56.568045088000076 ], [ -157.843517979999973, 56.551245072000029 ], [ -157.836872974999977, 56.509991188000072 ], [ -157.882626934999962, 56.467491083000027 ], [ -157.981108932999973, 56.488182147000032 ], [ -158.114991060999984, 56.511382249000064 ], [ -158.141535877999985, 56.512354047000031 ], [ -158.160763963999983, 56.49672716200007 ], [ -158.130755073999978, 56.48731814000007 ], [ -158.136182020999968, 56.46207318900008 ], [ -158.199155091999984, 56.45193611500008 ], [ -158.257935869999983, 56.455827162000048 ], [ -158.283327001999965, 56.465545141000064 ], [ -158.308609000999979, 56.472627011000043 ], [ -158.336400039999972, 56.476518058000067 ], [ -158.42848195199997, 56.440127019000045 ], [ -158.445555049999967, 56.419991173000028 ], [ -158.518799975999968, 56.351773210000033 ], [ -158.542282045999968, 56.343436066000038 ], [ -158.568790987999961, 56.332936056000051 ], [ -158.609708924999978, 56.307073191000029 ], [ -158.650573049999963, 56.278745040000047 ], [ -158.637417987999982, 56.258744981000063 ], [ -158.54239101, 56.252073154000072 ], [ -158.560000047999978, 56.269991148000031 ], [ -158.537090964999976, 56.296954054000082 ], [ -158.514409031999975, 56.313909136000063 ], [ -158.486055065999977, 56.324700166000071 ], [ -158.447781953999964, 56.340273239000055 ], [ -158.332491054999963, 56.320273180000072 ], [ -158.215408942999971, 56.277254067000058 ], [ -158.253354992999959, 56.250136096000062 ], [ -158.27972697499996, 56.241100069000026 ], [ -158.333891000999984, 56.227764126000068 ], [ -158.333664018999968, 56.174164202000043 ], [ -158.276944852999975, 56.184991106000041 ], [ -158.244717943999973, 56.195545096000046 ], [ -158.20499996099997, 56.215127066000036 ], [ -158.183073069999978, 56.229991197000061 ], [ -158.12644493199997, 56.235200215000077 ], [ -158.20764495399996, 56.182491120000066 ], [ -158.357208952999969, 56.14554503100004 ], [ -158.399581987999966, 56.175127115000066 ], [ -158.499455046999969, 56.096936028000073 ], [ -158.489435989999976, 56.043053969000027 ], [ -158.500308994999983, 56.003882150000038 ], [ -158.505281977999971, 55.988882231000048 ], [ -158.512235939999982, 55.991936094000039 ], [ -158.585008964999957, 56.042545020000034 ], [ -158.60039998299996, 56.100964203000046 ], [ -158.537781969999969, 56.150545004000037 ], [ -158.484217919999963, 56.179782089000071 ], [ -158.49959100099997, 56.194018081000081 ], [ -158.539182082999957, 56.193318024000064 ], [ -158.601108924999977, 56.188045136000028 ], [ -158.655854989999966, 56.109718095000062 ], [ -158.657773104999961, 56.087491132000082 ], [ -158.645573076999966, 56.021545 ], [ -158.644317970999964, 55.994991130000074 ], [ -158.675354984999984, 55.95422708500007 ], [ -158.752608974999958, 55.957664168000065 ], [ -158.730682083999966, 55.974573149000037 ], [ -158.742555049999964, 56.002491090000035 ], [ -158.773900014999981, 56.009164258000055 ], [ -158.849854977999968, 56.011244982000051 ], [ -158.868882065999969, 55.998745049000036 ], [ -158.905273103999974, 55.95943610300003 ], [ -158.939726916999973, 55.929164189000062 ], [ -159.02139096199997, 55.920273169000041 ], [ -159.074435835999964, 55.92110918000003 ], [ -159.138064036999964, 55.914154044000043 ], [ -159.361455000999968, 55.874364144000026 ], [ -159.470555025999971, 55.822773194000035 ], [ -159.51055497699997, 55.791382129000056 ], [ -159.503773011999982, 55.762491217000047 ], [ -159.547926865999983, 55.659709135000071 ], [ -159.560835834999978, 55.641109189000076 ], [ -159.629972957999968, 55.589427044000047 ], [ -159.667235881999972, 55.577218132000041 ], [ -159.699981965999967, 55.566936051000027 ], [ -159.719999962999964, 55.56332713900008 ], [ -159.730835918999958, 55.56304500400006 ], [ -159.741364092999959, 55.608609197000078 ], [ -159.676935922999974, 55.684991134000029 ], [ -159.624027002999981, 55.812073192000071 ], [ -159.644590996999966, 55.825273181000057 ], [ -159.712082080999977, 55.843182123000076 ], [ -159.748044971999974, 55.848600185000066 ], [ -159.84263592299996, 55.850273213000037 ], [ -159.975555138999965, 55.815544976000069 ], [ -160.036117909999973, 55.789718153000081 ], [ -160.056517952999968, 55.762636056000076 ], [ -160.03083596899998, 55.741445096000064 ], [ -160.027235941999976, 55.721518127000081 ], [ -160.064999935999964, 55.696654050000063 ], [ -160.144181931999981, 55.660273237000069 ], [ -160.28058198399998, 55.636936007000031 ], [ -160.309717981999967, 55.636382131000062 ], [ -160.42056412599996, 55.629991097000072 ], [ -160.439727, 55.570827098000052 ], [ -160.477281949999963, 55.49249117200003 ], [ -160.507782018999961, 55.478045129000066 ], [ -160.54063589499998, 55.480064162000076 ], [ -160.592563963999964, 55.558945080000058 ], [ -160.633055094999975, 55.566664142000036 ], [ -160.75935512099997, 55.533809093000059 ], [ -160.675900030999969, 55.517282159000047 ], [ -160.65729991699996, 55.500409053000055 ], [ -160.669099960999972, 55.466800136000074 ], [ -160.698882035999958, 55.455273175000059 ], [ -160.762791030999978, 55.447773215000041 ], [ -160.790008913999969, 55.44707315900007 ], [ -160.810273003999981, 55.451664263000055 ], [ -160.835964039999965, 55.46471807100005 ], [ -160.83978199699996, 55.490273153000032 ], [ -160.834164109999961, 55.510900178000043 ], [ -160.85583585599997, 55.520273158000066 ], [ -160.875826862999958, 55.521100116000071 ], [ -160.899444886999959, 55.518882097000073 ], [ -160.928344850999963, 55.512773198000048 ], [ -160.94735500699997, 55.502773253000043 ], [ -160.974090930999978, 55.474845086000073 ], [ -160.997217942999981, 55.445545138000057 ], [ -161.025573083999973, 55.427218107000044 ], [ -161.079435863999976, 55.407491130000039 ], [ -161.248882071999958, 55.347909041000037 ], [ -161.509899901999972, 55.368391228000064 ], [ -161.483735958999972, 55.483464197000046 ], [ -161.402799966999964, 55.554709201000037 ], [ -161.362064084999957, 55.571245020000049 ], [ -161.334164081999972, 55.550827039000069 ], [ -161.313473017999968, 55.538045139000076 ], [ -161.286135943999966, 55.530545012000061 ], [ -161.173064069999981, 55.516527118000056 ], [ -161.145282083999973, 55.53027310300007 ], [ -161.404872978999975, 55.629991097000072 ], [ -161.440826984999973, 55.634991070000069 ], [ -161.484435847999976, 55.633327095000027 ], [ -161.508364001999979, 55.63110019100003 ], [ -161.562500032999964, 55.622764220000079 ], [ -161.611781935999971, 55.609991206000075 ], [ -161.714781946999977, 55.50672716400004 ], [ -161.703464030999982, 55.402627111000072 ], [ -161.821926977999965, 55.295000121000044 ], [ -161.927155066999973, 55.224782236000067 ], [ -161.954435982999968, 55.23193602300006 ], [ -162.000855129999962, 55.23638212000003 ], [ -162.02139096099998, 55.236109037000062 ], [ -162.043200001999963, 55.23012704100006 ], [ -162.012508992999983, 55.185545039000033 ], [ -161.968044840999966, 55.131518140000082 ], [ -161.959444839999975, 55.125827163000054 ], [ -161.958935890999982, 55.111800216000063 ], [ -161.97528194299997, 55.099164162000079 ], [ -162.060408887999984, 55.072700146000045 ], [ -162.087772951999966, 55.078882135000072 ], [ -162.121644892999967, 55.097627088000081 ], [ -162.135500010999976, 55.113944977000074 ], [ -162.115817961999966, 55.128873147000036 ], [ -162.09803592199998, 55.159154113000056 ], [ -162.166672979999959, 55.15061815100006 ], [ -162.217073028999977, 55.10100013400006 ], [ -162.196317927999985, 55.049018085000057 ], [ -162.217344937999968, 55.027909100000045 ], [ -162.248872963999958, 55.018600158000027 ], [ -162.270844948999979, 55.015545122000049 ], [ -162.445035984999976, 55.036427125000046 ], [ -162.467635942999976, 55.044164125000066 ], [ -162.497364038999962, 55.062073234000081 ], [ -162.522991037999958, 55.091727067000079 ], [ -162.516055012999971, 55.112982232000036 ], [ -162.488591035999974, 55.118464164000045 ], [ -162.478609027999966, 55.167218175000073 ], [ -162.504726870999974, 55.212491181000075 ], [ -162.568464035999966, 55.294436019000045 ], [ -162.636382094999959, 55.29735409500006 ], [ -162.670155129999984, 55.287082240000075 ], [ -162.714082001999969, 55.241245132000074 ], [ -162.714573013999967, 55.210127149000073 ], [ -162.690826914999974, 55.19331808000004 ], [ -162.59555501799997, 55.123882227000081 ], [ -162.566935846999968, 54.957982234000042 ], [ -162.650844900999971, 55.000691216000064 ], [ -162.72942692, 54.951518110000052 ], [ -162.753599993999984, 54.940409071000033 ], [ -162.783064059999958, 54.934300172000064 ], [ -162.860264069999971, 54.929718121000064 ], [ -162.873881980999982, 54.930964175000042 ], [ -162.916964124999964, 54.950545139000042 ], [ -162.96026403099998, 54.981100194000078 ], [ -162.975399903999971, 55.002491146000068 ], [ -162.97415502399997, 55.031936101000042 ], [ -163.01821801899996, 55.081591166000067 ], [ -163.116655089999966, 55.125545029000079 ], [ -163.179444931999967, 55.139573149000057 ], [ -163.238464091999958, 55.09617316300006 ], [ -163.218873069999972, 55.033336047000034 ], [ -163.206391074999971, 55.013327103000051 ], [ -163.180264011999981, 55.003118112000038 ], [ -163.141964078999962, 54.994709052000076 ], [ -163.074717913999962, 54.974018156000056 ], [ -163.056263979999983, 54.964018043000067 ], [ -163.053082041999971, 54.932664193000051 ], [ -163.237208985999985, 54.836936152000078 ], [ -163.33055505699997, 54.808182201000079 ], [ -163.352908921999983, 54.809718101000044 ], [ -163.383473028999958, 54.858609072000036 ], [ -163.334654980999971, 54.874782122000056 ], [ -163.278382067999985, 54.942953985000031 ], [ -163.25863598, 54.973318099000039 ], [ -163.282227014999961, 54.992364130000055 ], [ -163.326244914999961, 55.117073104000042 ], [ -163.307082039999983, 55.130127080000079 ], [ -163.238035944999979, 55.153882232000058 ], [ -163.181399927999962, 55.173045106000075 ], [ -163.119444921999985, 55.18415397800004 ], [ -163.076664023999967, 55.187764231000074 ], [ -162.993472963999977, 55.179854062000061 ], [ -162.966090962999971, 55.164154086000053 ], [ -162.940273023999964, 55.177491203000045 ], [ -162.886600009999967, 55.243882247000045 ], [ -162.886518034999966, 55.267491218000032 ], [ -162.791109009999985, 55.301382103000037 ], [ -162.626917919999983, 55.354436029000055 ], [ -162.577364108999973, 55.339991160000068 ], [ -162.548908887999971, 55.342491147000032 ], [ -162.491091022999967, 55.372773119000044 ], [ -162.507644945999971, 55.44408216100004 ], [ -162.545835914999969, 55.455273175000059 ], [ -162.480564022999971, 55.50610019800007 ], [ -162.425017988999969, 55.54916423700007 ], [ -162.260554989999974, 55.67304507800003 ], [ -162.235535846999966, 55.68665410400007 ], [ -162.089173064999983, 55.759718148000047 ], [ -162.018890973999959, 55.783054037000056 ], [ -161.84081794399998, 55.867209184000046 ], [ -161.807636000999963, 55.883736117000069 ], [ -161.776673081999974, 55.893191072000036 ], [ -161.391690926999985, 55.95943610300003 ], [ -161.365399914999983, 55.950691095000082 ], [ -161.244135903999961, 55.942491079000035 ], [ -161.068326992999971, 55.934991120000063 ], [ -161.014173024999963, 55.912773209000079 ], [ -161.021882028999983, 55.887354082000058 ], [ -160.941099927999971, 55.819445076000079 ], [ -160.870818004999961, 55.768327033000048 ], [ -160.847782019999983, 55.753327115000047 ], [ -160.806944884999979, 55.727209104000053 ], [ -160.679582033999964, 55.695827091000069 ], [ -160.662155050999985, 55.734645026000067 ], [ -160.703891061999968, 55.761664258000053 ], [ -160.731655109999963, 55.773045039000067 ], [ -160.755717877999984, 55.774854021000067 ], [ -160.79014486899996, 55.877564187000075 ], [ -160.768617961999979, 55.878327108000065 ], [ -160.745544929999966, 55.871373145000064 ], [ -160.700972985999982, 55.856382112000063 ], [ -160.662508934999977, 55.853327075000038 ], [ -160.638335860999973, 55.855553980000082 ], [ -160.556944898999973, 55.863609156000052 ], [ -160.505573052999978, 55.867909072000032 ], [ -160.472409046999985, 55.83880911600005 ], [ -160.47700903499998, 55.815891149000038 ], [ -160.467635887999961, 55.795136048000074 ], [ -160.287226988999976, 55.770273144000043 ], [ -160.250073029999982, 55.771518024000045 ], [ -160.239635883999966, 55.844154088000039 ], [ -160.336399926999974, 55.869436088000043 ], [ -160.458035926999969, 55.906936052000049 ], [ -160.479155137999982, 55.915545105000035 ], [ -160.528073097999965, 55.935544996000033 ], [ -160.57401799799996, 55.993736024000043 ], [ -160.453181966999978, 56.164154030000077 ], [ -160.431944905999984, 56.185544982000067 ], [ -160.422791029999985, 56.205554094000036 ], [ -160.392517941999984, 56.244436066000048 ], [ -160.371935843999978, 56.265827019000028 ], [ -160.346955089999966, 56.285553996000033 ], [ -160.194455078999965, 56.373600189000058 ], [ -160.108335884999974, 56.41054510400005 ], [ -160.051464000999971, 56.423745092000047 ], [ -159.976655011999981, 56.45470918400008 ], [ -159.944444866999959, 56.471654039000043 ], [ -159.921673079999977, 56.489436079000029 ], [ -159.888473031999979, 56.514991161000069 ], [ -159.862764057999982, 56.528600187000052 ], [ -159.837218028999985, 56.540836089000038 ], [ -159.715273071999974, 56.581936081000038 ], [ -159.577209044999961, 56.615827133000039 ], [ -159.549435943999981, 56.619436045000043 ], [ -159.512235883999978, 56.621100188000071 ], [ -159.47970890299996, 56.622218167000028 ], [ -159.422790917999976, 56.634991181000032 ], [ -159.398618012999975, 56.643054069000073 ], [ -159.293609025999984, 56.68443602800005 ], [ -159.263626958999964, 56.700545040000065 ], [ -159.235535847999984, 56.728045059000067 ], [ -159.166964000999968, 56.760273141000027 ], [ -159.034999987999981, 56.804991098000073 ], [ -158.975826935999976, 56.782773187000032 ], [ -158.811399978999958, 56.780545110000048 ], [ -158.639035862999975, 56.762909082000078 ], [ -158.64737300699997, 56.831518145000075 ], [ -158.666535881999977, 56.845691105000071 ], [ -158.689099964999969, 56.871309051000082 ], [ -158.699435857999958, 56.97999115500005 ], [ -158.682782021999969, 57.012627101000078 ], [ -158.650844958999983, 57.051100204000079 ], [ -158.635555025999963, 57.066663219000077 ], [ -158.61553585599998, 57.084436039000082 ], [ -158.449735943999968, 57.215273190000062 ], [ -158.423617932999974, 57.234991114000081 ], [ -158.401944845999964, 57.250273168000035 ], [ -158.385281957999979, 57.261663168000041 ], [ -158.356655075999981, 57.279991205000044 ], [ -158.28528199699997, 57.324163165000073 ], [ -158.259464058999981, 57.334163278000062 ], [ -158.198055050999983, 57.35139110700004 ], [ -158.158908880999974, 57.359436057000039 ], [ -158.133909015999961, 57.361109085000066 ], [ -158.115263975999966, 57.358044997000036 ], [ -158.093317973999973, 57.379436117000068 ], [ -158.065827007999985, 57.404709063000041 ], [ -157.944990976999975, 57.488745019000078 ], [ -157.785282024999958, 57.549854122000056 ], [ -157.741672994999959, 57.562209048000057 ], [ -157.682173048999971, 57.563409169000067 ], [ -157.667508908999963, 57.528327048000051 ], [ -157.641391066999972, 57.48388217400003 ], [ -157.581663970999983, 57.47470918700003 ], [ -157.554990910999976, 57.47304504400006 ], [ -157.508055102999975, 57.47304504400006 ], [ -157.397917900999971, 57.492773194000051 ], [ -157.392944917999984, 57.559573107000062 ], [ -157.444226909999969, 57.545273245000033 ], [ -157.436817978999983, 57.520273213000053 ], [ -157.46972700699996, 57.497218117000045 ], [ -157.574955095999968, 57.527218122000079 ], [ -157.629973069999977, 57.609718178000037 ], [ -157.686244977999962, 57.61443601600007 ], [ -157.704163977999968, 57.637353983000082 ], [ -157.706935872999964, 57.664991130000033 ], [ -157.689844836999981, 57.757773266000072 ], [ -157.674163972999963, 57.784163186000058 ], [ -157.64639103899998, 57.852491119000035 ], [ -157.639464066999977, 57.874163201000044 ], [ -157.629973069999977, 57.91331808800004 ], [ -157.623318006999966, 57.978327123000042 ], [ -157.611372956999958, 58.084018061000052 ], [ -157.586944905999985, 58.128045014000065 ], [ -157.566655, 58.149163219000059 ], [ -157.543882039999971, 58.167354128000056 ], [ -157.397154979999982, 58.200645036000083 ], [ -157.319308891999981, 58.208463172000052 ], [ -157.185344956999984, 58.189636076000056 ], [ -157.163755017999961, 58.170891123000047 ], [ -157.139035947999957, 58.164436052000042 ], [ -157.158826961999978, 58.194227013000045 ], [ -157.208326961999973, 58.210000078000064 ], [ -157.349335886999967, 58.23516322200004 ], [ -157.429491021999979, 58.224182091000046 ], [ -157.543199919999978, 58.266244995000079 ], [ -157.565826867999959, 58.307073246000073 ], [ -157.559863981999968, 58.363609183000051 ], [ -157.551391051999957, 58.387773204000041 ], [ -157.488190998999983, 58.481800221000071 ], [ -157.468735930999969, 58.498463277000042 ], [ -157.225008960999958, 58.64110918700004 ], [ -157.072491011999972, 58.73943612000005 ], [ -157.071655000999982, 58.764163238000037 ], [ -156.975418011999977, 58.917618116000028 ], [ -156.945844980999965, 58.926700075000042 ], [ -156.89697295299996, 58.971654066000042 ], [ -156.855272984999971, 58.999991102000081 ], [ -156.781818008999977, 59.151245059000075 ], [ -156.805264035999983, 59.141109159000052 ], [ -156.836673038999976, 59.123044984000046 ], [ -156.865326909999965, 59.102354089000073 ], [ -156.882491035999976, 59.058254046000059 ], [ -156.875808982999985, 59.033736141000077 ], [ -156.880335880999979, 59.012909123000043 ], [ -157.075291070999981, 58.88999119500005 ], [ -157.111935912999968, 58.874436059000061 ], [ -157.193464003999964, 58.849991077000027 ], [ -157.222782056999961, 58.84360909600008 ], [ -157.256408911999984, 58.838882205000061 ], [ -157.279726862999979, 58.836109136000061 ], [ -157.373044938999982, 58.818600179000043 ], [ -157.678072956999983, 58.741663192000033 ], [ -157.80166412, 58.706100118000052 ], [ -157.992644945999984, 58.648182173000066 ], [ -158.054717967999977, 58.630545140000038 ], [ -158.092499899999979, 58.62137315800004 ], [ -158.122772986999962, 58.615273144000071 ], [ -158.154726981999971, 58.609718122000061 ], [ -158.190963960999966, 58.606800214000032 ], [ -158.229854985999964, 58.613882251000064 ], [ -158.29639103599996, 58.637218140000073 ], [ -158.318326979999966, 58.645827025000074 ], [ -158.34596395899996, 58.725891132000072 ], [ -158.372209038999983, 58.751663305000079 ], [ -158.400008961999959, 58.76457311300004 ], [ -158.442226931999983, 58.776100074000055 ], [ -158.499726955999961, 58.784853966000071 ], [ -158.529591005999976, 58.792500105000045 ], [ -158.559235953999973, 58.808182143000067 ], [ -158.563335877999975, 58.839436081000031 ], [ -158.526735961999975, 58.849227150000047 ], [ -158.509464044999959, 58.869709169000032 ], [ -158.492200005999962, 58.911518102000059 ], [ -158.488118019999973, 59.00075402300007 ], [ -158.36667295899997, 59.02415411700008 ], [ -158.175417876999973, 59.008327072000043 ], [ -158.131235859999975, 58.994227034000062 ], [ -158.093873022999958, 58.963882198000078 ], [ -158.074017970999961, 58.918673230000081 ], [ -158.055263965999984, 58.896944990000065 ], [ -158.020144964999957, 58.873118089000059 ], [ -157.992763968999981, 58.90499111400004 ], [ -158.074291052999968, 58.994018157000028 ], [ -158.091944849999976, 59.006100168000046 ], [ -158.11053591199996, 59.017209040000068 ], [ -158.129426876999958, 59.028327131000083 ], [ -158.15362694099997, 59.034436030000052 ], [ -158.244417871999957, 59.047691172000043 ], [ -158.265409007999978, 59.047936091000054 ], [ -158.286164108999969, 59.050773197000069 ], [ -158.36491795699996, 59.067354111000043 ], [ -158.448626849999982, 59.098718187000031 ], [ -158.46661793499996, 59.113963192000028 ], [ -158.496644929999974, 59.138600120000035 ], [ -158.538617980999959, 59.17374510500008 ], [ -158.548044938999965, 59.14249116700006 ], [ -158.519473042999977, 59.111663198000031 ], [ -158.531955037999978, 59.068718182000055 ], [ -158.497190926999963, 59.043963236000081 ], [ -158.616091073999968, 58.921109178000052 ], [ -158.636418026999962, 58.910818045000042 ], [ -158.696117964999985, 58.882773203000056 ], [ -158.73350896499997, 58.885991183000044 ], [ -158.729017940999967, 58.919991200000027 ], [ -158.744781953999961, 58.991791086000035 ], [ -158.821244859999979, 58.968463243000031 ], [ -158.792781927999982, 58.95166322700004 ], [ -158.772644908999979, 58.898327165000069 ], [ -158.778899987999978, 58.773882222000054 ], [ -158.796817981999965, 58.750691172000074 ], [ -158.82875504499998, 58.729854096000054 ], [ -158.85484489199996, 58.725682088000042 ], [ -158.882781942999969, 58.736663219000036 ], [ -158.881317959999961, 58.763045092000027 ], [ -158.846372967999969, 58.771936112000049 ], [ -158.821808961999977, 58.777491134000059 ], [ -158.808635962999972, 58.801873253000053 ], [ -158.839581949999967, 58.815545142000076 ], [ -158.865817976999978, 58.811236006000058 ], [ -158.887509001999973, 58.801653982000062 ], [ -158.911391054999967, 58.767073267000058 ], [ -158.907226925999964, 58.724436034000064 ], [ -158.756818031999984, 58.504163306000066 ], [ -158.737355084999962, 58.497627098000066 ], [ -158.710891068999985, 58.492773138000075 ], [ -158.795835958999959, 58.415827099000069 ], [ -158.818326951999978, 58.406654112000069 ], [ -158.838317958999966, 58.402491155000064 ], [ -158.897518, 58.395545072000061 ], [ -158.987764106999975, 58.408600222000075 ], [ -159.031399959999959, 58.418600168000069 ], [ -159.062909042999962, 58.428600113000073 ], [ -159.123317921999984, 58.486109189000047 ], [ -159.167782074999963, 58.543609045000039 ], [ -159.345555032999982, 58.719436061000067 ], [ -159.361117880999984, 58.732763287000068 ], [ -159.429717890999967, 58.782773242000076 ], [ -159.467773072999961, 58.804709186000082 ], [ -159.602782063999967, 58.898609133000036 ], [ -159.62090005, 58.944091183000069 ], [ -159.733608987999958, 58.934154102000036 ], [ -159.752499953999973, 58.925827016000028 ], [ -159.793335915999961, 58.849163280000027 ], [ -159.812364009999982, 58.805691209000031 ], [ -159.855255045999968, 58.785000146000073 ], [ -159.914308906999963, 58.770409097000027 ], [ -159.959444952999974, 58.808045016000051 ], [ -159.987900005999961, 58.840963264000038 ], [ -160.154726868999973, 58.891936132000069 ], [ -160.226926906999978, 58.909718172000055 ], [ -160.25528204699998, 58.91915401600005 ], [ -160.318755014999965, 58.953045068000051 ], [ -160.298399897999985, 58.974363265000079 ], [ -160.25890001199997, 58.988254090000055 ], [ -160.269163987999974, 59.008327072000043 ], [ -160.322772963999967, 59.058327136000059 ], [ -160.394864036999962, 59.059991112000034 ], [ -160.485264036999979, 59.028327131000083 ], [ -160.682773023999971, 58.940827103000061 ], [ -160.778073083999971, 58.89277314900005 ], [ -160.838900052999975, 58.869154119000029 ], [ -160.870955132999967, 58.883253989000082 ], [ -160.896664105999974, 58.885553983000079 ], [ -160.980617918999968, 58.869854008000061 ], [ -161.001400009999969, 58.856654019000075 ], [ -161.029173110999977, 58.843044993000035 ], [ -161.053073101999985, 58.834163194000041 ], [ -161.126373012999977, 58.80777310700006 ], [ -161.19723597, 58.794718125000031 ], [ -161.250855004999977, 58.790553995000039 ], [ -161.287226932999971, 58.770827018000034 ], [ -161.356799913999964, 58.728327081000032 ], [ -161.374435941999963, 58.711100091000048 ], [ -161.380891012999967, 58.669227120000073 ], [ -161.361117935999971, 58.663318046000029 ], [ -161.347263990999977, 58.665818032000061 ], [ -161.426664082999963, 58.647491168000045 ], [ -161.63219991699998, 58.59916329400005 ], [ -161.710535842999974, 58.613327034000065 ], [ -161.819454986999972, 58.626936060000048 ], [ -162.078399971999971, 58.619854022000027 ], [ -162.125273083999986, 58.633327093000048 ], [ -162.165973090999984, 58.655127082000035 ], [ -162.043064047999962, 58.676653989000044 ], [ -161.994717900999973, 58.680545036000069 ], [ -161.952344864999958, 58.668463193000036 ], [ -161.93771794099996, 58.647636008000063 ], [ -161.911135908999967, 58.64804504500006 ], [ -161.882899958999985, 58.655545004000032 ], [ -161.853881977999976, 58.668600153000057 ], [ -161.69915506199996, 58.763327059000062 ], [ -161.655854988999977, 58.802909088000035 ], [ -161.68542701399997, 58.821518087000072 ], [ -161.715681995999972, 58.822773193000046 ], [ -161.753082047999982, 58.81805401400004 ], [ -161.791808955999983, 58.866518178000035 ], [ -161.794735915999979, 58.901100067000073 ], [ -161.792782094999978, 59.017209040000068 ], [ -161.758363987999985, 59.022491147000039 ], [ -161.716935928999959, 59.034163283000055 ], [ -161.615826874999982, 59.072082175000048 ], [ -161.568408939999983, 59.106654005000053 ], [ -161.624008952999958, 59.137082158000055 ], [ -161.656126897999968, 59.124154078000061 ], [ -161.699864003999977, 59.113327173000073 ], [ -161.731935847999978, 59.109991176000051 ], [ -161.761554978999982, 59.109300172000076 ], [ -161.82194491499996, 59.115691205000076 ], [ -161.852781936999975, 59.114153964000081 ], [ -161.887190990999983, 59.091482090000056 ], [ -161.854155059999982, 59.060818070000039 ], [ -161.870135996999977, 59.061654081000029 ], [ -161.891691066999982, 59.06693602100006 ], [ -161.917235922999964, 59.081800153000074 ], [ -161.955264114999977, 59.112209195000048 ], [ -161.99401801199997, 59.147073219000049 ], [ -162.026118018999966, 59.231100122000043 ], [ -161.955826875999975, 59.380691110000043 ], [ -161.82278193199997, 59.44860011600008 ], [ -161.753482032999983, 59.469436019000057 ], [ -161.709635961999965, 59.496936037000069 ], [ -161.780299931999963, 59.560545127000069 ], [ -161.888064049999969, 59.684436027000061 ], [ -161.930573038999967, 59.733045030000028 ], [ -161.976655066999967, 59.784436155000037 ], [ -162.053617869999982, 59.854163196000059 ], [ -162.09527307899998, 59.891936076000036 ], [ -162.199717962999983, 60.010127113000067 ], [ -162.236526922999985, 60.063609188000044 ], [ -162.236099948999964, 60.09277318200003 ], [ -162.199981992999966, 60.15110016400007 ], [ -162.158626855999984, 60.21998214100006 ], [ -162.156055119999962, 60.244918136000081 ], [ -162.201109022999958, 60.239709118000064 ], [ -162.234164064999959, 60.211663270000031 ], [ -162.269455061999963, 60.164153972000065 ], [ -162.329844830999974, 60.134991152000055 ], [ -162.354999927999984, 60.145827109000038 ], [ -162.369582092999963, 60.169436080000082 ], [ -162.38418202699998, 60.332500139000047 ], [ -162.311954998999965, 60.442218079000043 ], [ -162.227782082999965, 60.533336072000054 ], [ -162.221926988999968, 60.581663276000029 ], [ -162.110535853999977, 60.631936087000042 ], [ -162.084164039999962, 60.641109075000031 ], [ -162.053482082999977, 60.64485410900005 ], [ -162.02667306799998, 60.643463216000043 ], [ -161.977909, 60.642218168000056 ], [ -161.953326888999982, 60.64860014900006 ], [ -161.879427000999982, 60.702218178000066 ], [ -161.907226923999986, 60.708045110000057 ], [ -162.121372983999976, 60.691100086000063 ], [ -162.261672967999971, 60.61638212500003 ], [ -162.279726916999977, 60.599163181000051 ], [ -162.369717878999978, 60.471653982000078 ], [ -162.418881932999966, 60.393609075000029 ], [ -162.463899960999981, 60.368045109000036 ], [ -162.551390936999979, 60.334718159000033 ], [ -162.569455111999986, 60.316382242000032 ], [ -162.56362700699998, 60.253882246000046 ], [ -162.554717881999977, 60.231100065000078 ], [ -162.49610893299996, 60.213745 ], [ -162.45416404499997, 60.190618155000038 ], [ -162.448335940999982, 60.16971804700006 ], [ -162.47582690699997, 60.050136116000033 ], [ -162.491364104999974, 60.023318050000057 ], [ -162.510699982999967, 60.000827056000048 ], [ -162.542235887999965, 59.988044989000059 ], [ -162.579164037999959, 59.983045016000062 ], [ -162.758908922999979, 59.957500161000041 ], [ -162.970826905999985, 59.900827096000057 ], [ -163.100555129999975, 59.862773255000036 ], [ -163.13973600099996, 59.852773142000046 ], [ -163.173335865999974, 59.846654017000048 ], [ -163.339172993999966, 59.82277313700007 ], [ -163.364163973999979, 59.819718100000046 ], [ -163.429991082999976, 59.813609202000066 ], [ -163.659455070999968, 59.794991151000033 ], [ -163.755282017999974, 59.796391096000036 ], [ -163.843044902999964, 59.799718041000062 ], [ -163.946382033999981, 59.809718155000041 ], [ -164.006409033999972, 59.816663232000053 ], [ -164.065272960999977, 59.824163191000082 ], [ -164.099855016999982, 59.832909204000032 ], [ -164.138200044999962, 59.847627156000044 ], [ -164.157500047999974, 59.859718051000073 ], [ -164.174318000999961, 59.877627161000078 ], [ -164.199982047999981, 59.91554504700008 ], [ -164.214217871999978, 59.950054013000056 ], [ -164.19778196599998, 59.96193603100005 ], [ -164.167499993999968, 59.966518083000039 ], [ -164.123599942999959, 59.968600147000075 ], [ -164.094218019999971, 59.977763244000073 ], [ -164.18918196499996, 60.02276316800004 ], [ -164.213900029999962, 60.031382111000028 ], [ -164.254726939999983, 60.04415412000003 ], [ -164.346955031999983, 60.062209075000055 ], [ -164.417499978999984, 60.087909163000063 ], [ -164.491091077999982, 60.154709076000074 ], [ -164.646117897999972, 60.244991226000081 ], [ -164.660900054999985, 60.266936054000041 ], [ -164.646973019999962, 60.28388225100008 ], [ -164.678073065999968, 60.295827134000035 ], [ -164.744173089999975, 60.291173166000078 ], [ -164.77502687499998, 60.291382210000052 ], [ -164.821655066999966, 60.300273230000073 ], [ -164.948055005999976, 60.327773249000074 ], [ -165.00694491699997, 60.346100113000034 ], [ -165.035555034999959, 60.359991106000052 ], [ -165.138399980999964, 60.44096330800005 ], [ -165.095982018999962, 60.455273228000067 ], [ -165.029064088999974, 60.465644995000048 ], [ -164.97123599699998, 60.514718189000064 ], [ -164.979644889999975, 60.540409057000033 ], [ -165.009464013999974, 60.547491095000055 ], [ -165.040282092999973, 60.546109087000048 ], [ -165.065826947999966, 60.542500175000043 ], [ -165.096372950999978, 60.535000215000082 ], [ -165.149444981999977, 60.516936040000076 ], [ -165.185426983999974, 60.502354043000082 ], [ -165.207073080999976, 60.498191087000066 ], [ -165.248600046999968, 60.497218116000056 ], [ -165.269472997999969, 60.499163220000071 ], [ -165.366099912999971, 60.509718048000082 ], [ -165.385554980999984, 60.517209123000043 ], [ -165.422435857999972, 60.552145063000069 ], [ -165.369855005999966, 60.580963220000058 ], [ -165.265564013999978, 60.595273140000074 ], [ -165.011400065999965, 60.697491120000052 ], [ -164.985826878999973, 60.724091090000059 ], [ -164.905000018999971, 60.819718044000069 ], [ -164.848600035999965, 60.868600130000061 ], [ -164.761964013999972, 60.899163231000045 ], [ -164.74109106399996, 60.904163204000042 ], [ -164.710144909999968, 60.909018170000081 ], [ -164.659317886999986, 60.911663164000061 ], [ -164.643617910999978, 60.896418158000074 ], [ -164.683744931999968, 60.863327075000029 ], [ -164.69242690699997, 60.838327043000049 ], [ -164.655854986999969, 60.819991127000037 ], [ -164.634735943999971, 60.818054069000027 ], [ -164.429991026999971, 60.801654037000048 ], [ -164.270917926999971, 60.782909084000039 ], [ -164.249073010999979, 60.699318040000037 ], [ -164.282744959999974, 60.690991122000071 ], [ -164.320555054999971, 60.65777313600006 ], [ -164.385555037999978, 60.61180007400003 ], [ -164.437426947999967, 60.559154010000043 ], [ -164.412373104999972, 60.552773203000072 ], [ -164.392382097999985, 60.557354080000039 ], [ -164.32679990799997, 60.607009146000053 ], [ -164.252564072999974, 60.642745055000034 ], [ -164.21360901099996, 60.64482711900007 ], [ -164.152235876999981, 60.656245115000047 ], [ -164.124282061999963, 60.667491115000075 ], [ -164.10900889399997, 60.702045008000027 ], [ -164.038344923999972, 60.758054059000074 ], [ -163.980281970999982, 60.775827046000074 ], [ -163.951382006999978, 60.780545052000036 ], [ -163.865263986999963, 60.774154018000047 ], [ -163.80589094299998, 60.736900147000028 ], [ -163.819026893999961, 60.709018081000067 ], [ -163.834026980999965, 60.690682165000055 ], [ -163.832290920999981, 60.622700068000029 ], [ -163.786817921999983, 60.577700145000051 ], [ -163.745273018999967, 60.578045144000043 ], [ -163.675426954999978, 60.586236107000047 ], [ -163.650300020999964, 60.592491186000075 ], [ -163.594144957999958, 60.615000117000079 ], [ -163.539735844999967, 60.637773245000062 ], [ -163.458464072999959, 60.675136081000062 ], [ -163.427154981999962, 60.702700138000068 ], [ -163.412508947999982, 60.757218048000027 ], [ -163.517244851999976, 60.800136074000079 ], [ -163.638199905999983, 60.824853971000039 ], [ -163.755982073999974, 60.845409080000081 ], [ -163.84609993899997, 60.846936095000046 ], [ -163.888835909999983, 60.854318038000031 ], [ -163.86076407799996, 60.87004500300003 ], [ -163.810544910999965, 60.883882184000072 ], [ -163.769318016999961, 60.883536011000047 ], [ -163.744463997999958, 60.871236071000055 ], [ -163.717227003999966, 60.865000103000057 ], [ -163.695282007999964, 60.863609042000064 ], [ -163.668608947999985, 60.865545094000083 ], [ -163.644473089999963, 60.869436141000051 ], [ -163.55512686299997, 60.897109162000049 ], [ -163.673044985999979, 60.990682215000049 ], [ -163.741655054999967, 60.992218115000071 ], [ -163.892517912999978, 60.918327112000043 ], [ -163.930690943999963, 60.894909080000048 ], [ -163.962935957999974, 60.868000153000082 ], [ -164.046108912999983, 60.856945094000082 ], [ -164.079708944999965, 60.858327102000032 ], [ -164.101517986999966, 60.863327075000029 ], [ -164.159181959999984, 60.868045080000059 ], [ -164.182217944999962, 60.868327048000083 ], [ -164.398617897999969, 60.865827061000061 ], [ -164.437772952999978, 60.863053992000061 ], [ -164.546109051999963, 60.85054500800004 ], [ -164.561799974999985, 60.852082249000034 ], [ -164.59693590699996, 60.876027167000075 ], [ -164.585482036999963, 60.902491182000063 ], [ -164.613735923999968, 60.924018089000072 ], [ -164.636964020999983, 60.928882107000049 ], [ -164.89472699099997, 60.952636086000041 ], [ -164.941799926999977, 60.952773214000047 ], [ -164.972626889999958, 60.944427017000066 ], [ -164.992764077999965, 60.930691090000039 ], [ -165.02862688899998, 60.913045004000082 ], [ -165.073744829999981, 60.907700200000079 ], [ -165.126799929999976, 60.918882162000045 ], [ -165.150299936999971, 60.928045091000058 ], [ -165.186873029999958, 60.971382212000037 ], [ -165.156126867999973, 60.994709049000051 ], [ -165.126508909999984, 61.005691186000035 ], [ -165.097226898999963, 61.011109081000029 ], [ -165.050736001999979, 61.014544990000047 ], [ -164.947235925999962, 61.019154031000028 ], [ -164.859164083999985, 61.072218184000064 ], [ -164.822082041999977, 61.103054033000035 ], [ -164.965544852999983, 61.115827047000039 ], [ -165.006235974999981, 61.09829110000004 ], [ -164.996226976999964, 61.073327110000037 ], [ -165.02730003299996, 61.062436 ], [ -165.072782083999982, 61.066100065000057 ], [ -165.113191071999978, 61.080545102000031 ], [ -165.154144882999958, 61.126544987000045 ], [ -165.120617940999978, 61.147127085000079 ], [ -165.095826952999971, 61.198600185000032 ], [ -165.093600048999974, 61.227482212000041 ], [ -165.138609025999983, 61.256663305000075 ], [ -165.124417960999978, 61.227482212000041 ], [ -165.164464011999968, 61.171082229000035 ], [ -165.200208972999974, 61.165882097000065 ], [ -165.244982082999968, 61.155682159000037 ], [ -165.366864007999965, 61.201800061000029 ], [ -165.292508982999976, 61.251391088000048 ], [ -165.155991080999968, 61.412909189000061 ], [ -165.105144947999975, 61.413636068000073 ], [ -165.059672954999968, 61.416836111000066 ], [ -164.992100062999981, 61.471263161000081 ], [ -164.958355023999985, 61.478191139000046 ], [ -164.853182087999983, 61.493391218000056 ], [ -164.763335963999964, 61.536109085000078 ], [ -164.747217899999981, 61.548045082000044 ], [ -164.692226914999964, 61.600273224000034 ], [ -164.719363996999959, 61.625336121000032 ], [ -164.762509005999959, 61.626936058000069 ], [ -164.807217909999963, 61.584436121000067 ], [ -164.935318032999959, 61.524891081000078 ], [ -164.97207301399996, 61.519391211000027 ], [ -165.017244934999979, 61.500000181000075 ], [ -165.075564037999982, 61.432209192000073 ], [ -165.154190983999968, 61.433327170000041 ], [ -165.197644948999965, 61.406518156000061 ], [ -165.287717886999985, 61.325963204000061 ], [ -165.270844947999962, 61.311936089000028 ], [ -165.307490963999982, 61.258045146000029 ], [ -165.403581939999981, 61.202454017000036 ], [ -165.38653599899996, 61.179573265000045 ], [ -165.366244919999986, 61.17250011200008 ], [ -165.345264010999983, 61.162353986000028 ], [ -165.366435859999967, 61.072563183000057 ], [ -165.386691063999962, 61.068600219000075 ], [ -165.419735879999962, 61.070544989000041 ], [ -165.493591007999981, 61.075273220000042 ], [ -165.532008957999977, 61.083118179000053 ], [ -165.600599915999965, 61.114509077000037 ], [ -165.634991032999977, 61.166382161000058 ], [ -165.644255046999973, 61.243945108000048 ], [ -165.615535964999964, 61.276518190000047 ], [ -165.702209034999981, 61.30027317400004 ], [ -165.740817924999959, 61.306936116000031 ], [ -165.762235866999958, 61.308600092000063 ], [ -165.816936, 61.307627121000053 ], [ -165.838200049999983, 61.309300148000034 ], [ -165.856799995999978, 61.318054041000039 ], [ -165.873600011999969, 61.332627153000033 ], [ -165.897517940999961, 61.36027318400005 ], [ -165.92068200099996, 61.401382228000045 ], [ -165.884464131999977, 61.429991173000076 ], [ -165.830291053999986, 61.442491105000045 ], [ -165.792864011999967, 61.445336090000069 ], [ -165.764526975999985, 61.48540913100004 ], [ -165.793064003999973, 61.519718105000038 ], [ -165.815981970999985, 61.534300102000032 ], [ -165.893818000999971, 61.554718083000068 ], [ -165.937226871999968, 61.555545042000062 ], [ -165.962218018999977, 61.554709198000069 ], [ -165.986390924999967, 61.550545069000066 ], [ -166.08919999699998, 61.520127142000035 ], [ -166.068281951999978, 61.49686317000004 ], [ -166.116808979999973, 61.492073247000064 ], [ -166.170835877999963, 61.545827063000047 ], [ -166.197355046999974, 61.590263220000054 ], [ -166.147709033999973, 61.713773246000073 ], [ -166.151535875999969, 61.656236007000075 ], [ -166.137235845999982, 61.634718152000062 ], [ -166.087490926999976, 61.636382128000037 ], [ -166.060544951999958, 61.638882114000069 ], [ -165.826944829999974, 61.681236039000055 ], [ -165.851808907999981, 61.688873126000033 ], [ -165.93389992699997, 61.703882097000076 ], [ -166.008700030999961, 61.73180020500007 ], [ -166.039181994999979, 61.756936024000083 ], [ -166.092699943999975, 61.815963230000079 ], [ -165.756135852999961, 61.841382190000047 ], [ -165.633326889999978, 61.84693603900007 ], [ -165.680826966999973, 61.907218184000044 ], [ -165.704709020999985, 61.921527099000059 ], [ -165.719144837999977, 61.938044980000029 ], [ -165.752917872999973, 61.986100107000027 ], [ -165.756135852999961, 62.015273154000056 ], [ -165.744444941999973, 62.046245124000052 ], [ -165.701535967999973, 62.115963281000063 ], [ -165.677082100999968, 62.137354065000068 ], [ -165.624144849999965, 62.164709077000055 ], [ -165.566408959999961, 62.199154005000082 ], [ -165.429717887999971, 62.30720914300008 ], [ -165.309173043999976, 62.403600191000066 ], [ -165.267244920999985, 62.434718174000068 ], [ -165.247217871999965, 62.446100128000069 ], [ -165.119290917999962, 62.512218090000033 ], [ -165.071808944999958, 62.532773198000029 ], [ -165.043335954999975, 62.53819109300008 ], [ -165.001126869999979, 62.537500089000048 ], [ -164.897517996999966, 62.531382138000083 ], [ -164.653899991999964, 62.429991116000053 ], [ -164.686399983999962, 62.380273187000057 ], [ -164.636418023999965, 62.417500069000027 ], [ -164.677799982999971, 62.465000147000069 ], [ -164.776673080999984, 62.490273261000027 ], [ -164.847764024999975, 62.569327014000066 ], [ -164.791835943999985, 62.589100091000034 ], [ -164.746335955999967, 62.598273246000076 ], [ -164.689181936999972, 62.614154102000043 ], [ -164.649464120999966, 62.631245138000054 ], [ -164.628872969999975, 62.642491138000082 ], [ -164.493364081999971, 62.746727145000079 ], [ -164.658355140999959, 62.674436080000078 ], [ -164.746217938999962, 62.658154065000076 ], [ -164.786044886999974, 62.65234507100007 ], [ -164.87860004099997, 62.735545015000071 ], [ -164.887508998999976, 62.781382124000061 ], [ -164.87679994399997, 62.838045130000069 ], [ -164.811673058999986, 62.927627056000063 ], [ -164.754182087999965, 62.982491139000047 ], [ -164.698272948999971, 63.019227177000062 ], [ -164.662090955999986, 63.027491230000066 ], [ -164.562500031999974, 63.032773170000041 ], [ -164.451935854999959, 63.030545093000057 ], [ -164.377473038999966, 63.020545147000064 ], [ -164.343735878999979, 63.008473195000079 ], [ -164.318055067999978, 63.009644985000079 ], [ -164.326935861999971, 63.043609127000082 ], [ -164.364835978999963, 63.067773148000072 ], [ -164.449826967999968, 63.078218173000039 ], [ -164.528408986999978, 63.084854126000039 ], [ -164.584517949999963, 63.13409110200007 ], [ -164.401117884999962, 63.214991220000059 ], [ -164.305573072999977, 63.239154067000072 ], [ -164.279444836999971, 63.24304511400004 ], [ -164.152235876999981, 63.259582106000039 ], [ -163.994290980999978, 63.252909106000061 ], [ -163.745544927999958, 63.218318165000028 ], [ -163.725282012999969, 63.214718137000034 ], [ -163.676117958999981, 63.165545032000068 ], [ -163.579163981999983, 63.139991123000073 ], [ -163.539735844999967, 63.128327034000051 ], [ -163.372773026999965, 63.056654051000066 ], [ -163.32861799899996, 63.033609181000031 ], [ -163.111664001999969, 63.051936045000048 ], [ -163.067091051999967, 63.05888212800005 ], [ -162.906682043999979, 63.128873199000054 ], [ -162.875544949999977, 63.142773245000058 ], [ -162.641390952999984, 63.247773178000045 ], [ -162.621372955999959, 63.25943609400008 ], [ -162.495681958999967, 63.340545089000045 ], [ -162.362764084999981, 63.446654116000047 ], [ -162.305982054999959, 63.540618101000064 ], [ -162.27057304, 63.542500173000064 ], [ -162.240126950999979, 63.540691191000064 ], [ -162.080835920999959, 63.506663178000053 ], [ -162.034182079999965, 63.482491111000058 ], [ -162.083073050999985, 63.451663309000082 ], [ -162.142244928999958, 63.425273222000044 ], [ -162.105835952999968, 63.431935997000039 ], [ -161.961117867999974, 63.45054499500003 ], [ -161.729426975999985, 63.462209084000051 ], [ -161.590544874999978, 63.453044982000051 ], [ -161.567781972999967, 63.45082713000005 ], [ -161.441526873999976, 63.457773213000053 ], [ -161.301391007999968, 63.476936088000059 ], [ -161.263064084999968, 63.482763187000046 ], [ -161.216944841999975, 63.491663260000053 ], [ -161.195555062999972, 63.496654012000079 ], [ -161.175844849999976, 63.502491170000042 ], [ -161.151672949999977, 63.512500168000031 ], [ -160.818055097999974, 63.716382252000074 ], [ -160.79043588899998, 63.736663273000033 ], [ -160.772244978999964, 63.765827099000035 ], [ -160.764326930999971, 63.793191163000074 ], [ -160.770844865999976, 63.848609122000028 ], [ -160.781244963999967, 63.874573241000064 ], [ -160.815555110999981, 63.919718171000056 ], [ -160.846099939999959, 63.950827102000062 ], [ -160.874144949999959, 63.983327093000071 ], [ -160.929444891999964, 64.049991219000049 ], [ -160.942081951999967, 64.071100204000061 ], [ -160.948335856999961, 64.099718034000034 ], [ -160.957072985999957, 64.145818166000083 ], [ -160.954163961999967, 64.177482146000045 ], [ -160.948335856999961, 64.199418090000052 ], [ -161.051935845999964, 64.282482248000065 ], [ -161.090817985999962, 64.300536029000057 ], [ -161.168064096999984, 64.346645046000049 ], [ -161.178955038999959, 64.37511803600006 ], [ -161.189026901999966, 64.414154068000073 ], [ -161.396117912999983, 64.42831814300007 ], [ -161.420835977999985, 64.429700152000066 ], [ -161.457782066999982, 64.42748213200008 ], [ -161.496809045999981, 64.409709145000079 ], [ -161.522782048999971, 64.388736114000039 ], [ -161.529173082999961, 64.418873247000079 ], [ -161.463455105999969, 64.509436023000035 ], [ -161.443882020999979, 64.518327043000056 ], [ -161.385190928999975, 64.536436145000039 ], [ -161.338591067999971, 64.525273126000059 ], [ -161.307217938999969, 64.519436137000071 ], [ -161.219726962999971, 64.505827111000031 ], [ -161.19610893899997, 64.503327125000055 ], [ -161.118044921999967, 64.50054500300007 ], [ -161.089172953999963, 64.501391240000032 ], [ -161.058044911999986, 64.503600207000034 ], [ -161.017164022999964, 64.510473200000035 ], [ -160.807573024999982, 64.626518135000083 ], [ -160.787226960999959, 64.658600205000027 ], [ -160.782790921999975, 64.719154091000064 ], [ -160.871644963999984, 64.793873226000073 ], [ -160.958891019999982, 64.834153971000035 ], [ -161.058044911999986, 64.866654130000029 ], [ -161.089717944999961, 64.881091120000065 ], [ -161.111117949999965, 64.893327022000051 ], [ -161.147854992999982, 64.919145128000082 ], [ -161.123599944999967, 64.920818156000053 ], [ -161.094455060999962, 64.913318196000034 ], [ -161.064455055999986, 64.911927136000031 ], [ -160.997417935999977, 64.938454015000048 ], [ -161.038608954999972, 64.941363206000062 ], [ -161.174572979999965, 64.93803609400004 ], [ -161.197917921999959, 64.933036121000043 ], [ -161.311126923999979, 64.863600099000053 ], [ -161.370464092999981, 64.805882146000044 ], [ -161.379164004999978, 64.786373267000045 ], [ -161.425709048999977, 64.770827016000055 ], [ -161.516418005999981, 64.759718144000033 ], [ -161.552491034999974, 64.764436150000051 ], [ -161.637235931999982, 64.780273253000075 ], [ -161.666408977999964, 64.787763154000061 ], [ -161.690273094999981, 64.798600117000035 ], [ -161.744444831999971, 64.795818163000035 ], [ -161.84081794399998, 64.768873194000037 ], [ -161.910826951999979, 64.742754010000056 ], [ -161.932873033999982, 64.721227103000047 ], [ -161.89654485899996, 64.726236129000029 ], [ -161.870272956999969, 64.739009143000033 ], [ -161.831390984999985, 64.751100206000046 ], [ -161.797363977999964, 64.754991086000075 ], [ -161.891682013999969, 64.710963295000056 ], [ -161.92944483499997, 64.705827033000048 ], [ -161.986664064999985, 64.702773170000057 ], [ -162.030017950999962, 64.703673219000052 ], [ -162.072509002999965, 64.713463282000077 ], [ -162.107773010999978, 64.71623601500005 ], [ -162.187226914999968, 64.682209176000072 ], [ -162.208344952999965, 64.670818170000075 ], [ -162.232835867999967, 64.65164506900004 ], [ -162.404726909999965, 64.582218100000034 ], [ -162.493899965999958, 64.555118066000034 ], [ -162.521118017999981, 64.545536042000037 ], [ -162.553890923999973, 64.531663154000057 ], [ -162.582782002999977, 64.516800196000077 ], [ -162.606382089999983, 64.497354013000063 ], [ -162.619355096999982, 64.472000097000034 ], [ -162.613035979999978, 64.446782135000035 ], [ -162.631655036999973, 64.387500119000038 ], [ -162.760008963999979, 64.343600068000057 ], [ -162.790282051999981, 64.336109162000071 ], [ -162.816526963999962, 64.411663302000079 ], [ -162.874999958999979, 64.508327097000063 ], [ -162.95749096199998, 64.550809097000069 ], [ -163.170017973999961, 64.655253982000033 ], [ -163.224155009999976, 64.654918035000037 ], [ -163.26529104399998, 64.639436157000034 ], [ -163.313900047999965, 64.618318119000037 ], [ -163.352626954999977, 64.590682146000063 ], [ -163.309717980999977, 64.561645054000053 ], [ -163.282773011999979, 64.55276325400007 ], [ -163.158908933999982, 64.515136053000049 ], [ -163.121655062999963, 64.51319111600003 ], [ -163.089155070999965, 64.520127141000046 ], [ -163.040555119999965, 64.518318158000056 ], [ -163.043608982999984, 64.491363299000056 ], [ -163.138744924999969, 64.412691091000056 ], [ -163.191317897999966, 64.410473239000055 ], [ -163.211944923999965, 64.418873247000079 ], [ -163.249164094999969, 64.447063264000064 ], [ -163.265155088999961, 64.467209168000068 ], [ -163.279035855999979, 64.484427106000055 ], [ -163.424708974999959, 64.534145036000041 ], [ -163.49053591699996, 64.55276325400007 ], [ -163.563626950999975, 64.566373118000058 ], [ -163.608608936999985, 64.57221815500003 ], [ -163.668064123999983, 64.577209075000042 ], [ -163.821926864999966, 64.58915412500005 ], [ -163.851655128999965, 64.587200136000035 ], [ -163.894744983999971, 64.581936133000056 ], [ -163.935544903999983, 64.572773204000043 ], [ -163.973735872999981, 64.56428216900008 ], [ -164.001117873999959, 64.562063311000031 ], [ -164.115263972999969, 64.570827094000038 ], [ -164.27903596799996, 64.583882243000062 ], [ -164.312772959999961, 64.584427067000036 ], [ -164.350681961999982, 64.580691085000069 ], [ -164.392790966999968, 64.571927135000067 ], [ -164.54196403399996, 64.53276319500003 ], [ -164.583073077999984, 64.521100112000056 ], [ -164.643582036999959, 64.519073200000037 ], [ -164.665281945999965, 64.523036164000075 ], [ -164.685544861999972, 64.527209178000078 ], [ -164.932644876999973, 64.532627073000072 ], [ -164.961108981999985, 64.498600066000051 ], [ -164.905835861999975, 64.456100129000049 ], [ -164.844708988999969, 64.460400213000071 ], [ -164.816655094999959, 64.466936086000032 ], [ -164.778490947999984, 64.468600061000075 ], [ -164.807772958999976, 64.459427074000075 ], [ -164.859981989999966, 64.450818189000074 ], [ -164.905273100999977, 64.44692714200005 ], [ -165.02862688899998, 64.443863221000072 ], [ -165.040555006999966, 64.444973153000035 ], [ -165.072509001999975, 64.45000011500008 ], [ -165.146118036999979, 64.463045039000065 ], [ -165.217500000999962, 64.477763158000073 ], [ -165.260282073999974, 64.484709074000079 ], [ -165.281954992999971, 64.488036019000049 ], [ -165.336673062999978, 64.495818113000041 ], [ -165.380555007999959, 64.501936064000063 ], [ -165.480835930999973, 64.51500009800003 ], [ -165.515291084999973, 64.518327043000056 ], [ -165.656127006999981, 64.530545008000047 ], [ -165.831390926999973, 64.546100144000036 ], [ -166.121373093999978, 64.574709089000066 ], [ -166.155273030999979, 64.579436147000081 ], [ -166.187499939999981, 64.584427067000036 ], [ -166.208035937999966, 64.588591197000028 ], [ -166.236935901999971, 64.596100208000053 ], [ -166.348326869999966, 64.629154076000077 ], [ -166.373873065999959, 64.639163242000052 ], [ -166.402790967999977, 64.655963258000043 ], [ -166.45834488099996, 64.70110014200003 ], [ -166.489635866999976, 64.736582247000058 ], [ -166.46601801099996, 64.803973252000048 ], [ -166.418882042999968, 64.816082252000058 ], [ -166.405273016999985, 64.834991155000068 ], [ -166.387235998999984, 64.888454119000073 ], [ -166.422244861999985, 64.919145128000082 ], [ -166.515291027999979, 64.949145133000059 ], [ -166.539181966999962, 64.945527168000069 ], [ -166.696673066999978, 64.995891175000054 ], [ -166.703326956999973, 65.018609150000032 ], [ -166.705690988999976, 65.038873239000054 ], [ -166.722491004999966, 65.055400173000066 ], [ -166.745273017999978, 65.065536073000033 ], [ -166.765017931999978, 65.070545099000071 ], [ -166.819155135999978, 65.079436119000036 ], [ -166.846935947999981, 65.088045004000037 ], [ -166.892226891999968, 65.112763236000035 ], [ -166.919735962999965, 65.13136318200003 ], [ -166.937772979999977, 65.146945140000071 ], [ -166.95979106599998, 65.179909154000029 ], [ -166.952909020999982, 65.221644997000055 ], [ -166.935817984999971, 65.243863243000078 ], [ -166.911544831999976, 65.263191241000072 ], [ -166.872344849999962, 65.281654059000061 ], [ -166.848754988999985, 65.277000091000048 ], [ -166.864435852999975, 65.256654027000081 ], [ -166.903626950999978, 65.238309059000073 ], [ -166.920017929999972, 65.226654022000048 ], [ -166.936109004999963, 65.202618077000068 ], [ -166.936673106999962, 65.180263206000063 ], [ -166.924518005999971, 65.149291235000078 ], [ -166.80999991799996, 65.122209138000073 ], [ -166.788055089999972, 65.118863250000061 ], [ -166.751400020999967, 65.116382207000072 ], [ -166.684444875999986, 65.116654116000063 ], [ -166.611663971999974, 65.121091160000049 ], [ -166.564455081999967, 65.126082248000046 ], [ -166.539309036999981, 65.134154021000029 ], [ -166.468464017999963, 65.191091116000052 ], [ -166.482073042999986, 65.23289116400008 ], [ -166.36790900699998, 65.27040018100007 ], [ -166.211673013999985, 65.256654027000081 ], [ -166.184717985999981, 65.251800067000033 ], [ -166.152299969999973, 65.241791237000029 ], [ -166.119444920999968, 65.23637317400005 ], [ -166.054173028999969, 65.250018075000071 ], [ -166.154726865999976, 65.29359123100005 ], [ -166.174435905999985, 65.298327174000065 ], [ -166.206391073999981, 65.304154105000066 ], [ -166.239718023999984, 65.309145026000067 ], [ -166.626918029999985, 65.364154115000076 ], [ -166.798335996999981, 65.37608223400008 ], [ -166.823055067999974, 65.377763308000056 ], [ -166.922817988999981, 65.376363195000067 ], [ -166.830835988999979, 65.354991186000063 ], [ -166.799435870999986, 65.353318158000036 ], [ -166.764035907999983, 65.354845006000062 ], [ -166.733600043999985, 65.343882147000045 ], [ -166.798617963999959, 65.346373249000067 ], [ -166.823335861999965, 65.348036051000065 ], [ -166.856655099999983, 65.353045076000058 ], [ -166.920017929999972, 65.365263209000034 ], [ -166.972226960999961, 65.375809152000045 ], [ -167.048064073999967, 65.388600103000044 ], [ -167.071655107999959, 65.391100090000066 ], [ -167.21777297099996, 65.402482212000052 ], [ -167.291382006999982, 65.403591137000035 ], [ -167.41250889, 65.412763286000029 ], [ -167.462355061999972, 65.420118071000047 ], [ -167.590272963999979, 65.453600086000051 ], [ -167.618517965999985, 65.477345012000058 ], [ -167.73526413099998, 65.516391103000046 ], [ -167.863308933999974, 65.549991135000027 ], [ -167.915835973999975, 65.561918080000055 ], [ -167.959717919999974, 65.568882101000042 ], [ -167.983308953999966, 65.571109172000035 ], [ -168.038891030999963, 65.574582130000067 ], [ -168.073200003999972, 65.583882187000029 ], [ -168.092773088999962, 65.598873221000076 ], [ -168.129835853999964, 65.648663235000072 ], [ -168.13195513399998, 65.66295404400006 ], [ -168.126372953999976, 65.669982103000052 ], [ -168.102200047999986, 65.686644991000037 ], [ -168.073200003999972, 65.702073225000049 ], [ -168.047790934999966, 65.712773227000071 ], [ -167.939455003999967, 65.748600164000038 ], [ -167.908617981999981, 65.755545073000064 ], [ -167.849990927999983, 65.761653972000033 ], [ -167.871644903999965, 65.734982253000055 ], [ -167.930844945999979, 65.715545123000084 ], [ -167.952790946999983, 65.709427171000073 ], [ -167.992490993999979, 65.702209179000079 ], [ -168.024035950999973, 65.692891185000065 ], [ -168.049164058999963, 65.676373136000052 ], [ -168.062991013999977, 65.649427161000062 ], [ -168.04667295699997, 65.635963310000079 ], [ -168.020018001999972, 65.635827020000079 ], [ -167.988308926999963, 65.642209169000068 ], [ -167.859981988999976, 65.678863232000083 ], [ -167.559717908999971, 65.723600131000069 ], [ -167.501508943999966, 65.737545104000048 ], [ -167.507154993999961, 65.769009092000033 ], [ -167.551255036999976, 65.775336088000074 ], [ -167.571026939999967, 65.793663287000072 ], [ -167.512235935999968, 65.829436076000036 ], [ -167.490535858999976, 65.835536090000062 ], [ -167.430573064999976, 65.85470919100004 ], [ -167.281108978999981, 65.889991136000049 ], [ -167.222635983999965, 65.866236152000056 ], [ -167.197644835999967, 65.859700111000052 ], [ -167.160427006999981, 65.85679108800008 ], [ -167.120544905999964, 65.860536122000042 ], [ -167.046108910999976, 65.876082206000035 ], [ -166.937772979999977, 65.911927079000066 ], [ -166.88096412799996, 65.937818108000045 ], [ -166.931400051999958, 65.958600199000045 ], [ -166.962844928999971, 65.970054069000071 ], [ -166.908626923999975, 65.993591124000034 ], [ -166.696655128999964, 66.06888224000005 ], [ -166.609435894999962, 66.093045088000054 ], [ -166.586944900999981, 66.098873193000031 ], [ -166.291691019999973, 66.17360020700005 ], [ -166.259891084999964, 66.180118142000083 ], [ -166.237490951999973, 66.181927125000072 ], [ -166.211117963999982, 66.181091114000083 ], [ -166.165282028999968, 66.174427165000054 ], [ -166.13669102199998, 66.167482256000028 ], [ -166.100326972999966, 66.152763298000082 ], [ -166.143672979999963, 66.14839113000005 ], [ -166.080835862999976, 66.124418049000042 ], [ -166.058044965999983, 66.121091104000072 ], [ -165.806673029999985, 66.103045034000047 ], [ -165.780300041999965, 66.102200138000057 ], [ -165.726790977999968, 66.10526322000004 ], [ -165.511291072999967, 66.157136137000066 ], [ -165.656818011999974, 66.196500069000081 ], [ -165.71389994599997, 66.209427143000028 ], [ -165.74831788399996, 66.214709083000059 ], [ -165.773617988999973, 66.21638211100003 ], [ -165.830563967999979, 66.215545094000049 ], [ -165.870882095999974, 66.221445116000041 ], [ -165.887372987999981, 66.236509072000047 ], [ -165.869017960999969, 66.258045032000041 ], [ -165.853335922999975, 66.271100181000065 ], [ -165.83471787199997, 66.283600113000034 ], [ -165.798618020999982, 66.303036070000076 ], [ -165.757099939999961, 66.321236032000058 ], [ -165.642244898999962, 66.360809176000032 ], [ -165.466399945999967, 66.400273188000028 ], [ -165.324155025999971, 66.425809159000039 ], [ -165.152799922999975, 66.444145076000041 ], [ -165.117764070999982, 66.443863276000059 ], [ -165.083308915999964, 66.438582174000032 ], [ -165.015564027999972, 66.423873275000062 ], [ -164.74194484399996, 66.524154030000034 ], [ -164.71224491199996, 66.540836029000047 ], [ -164.416408990999969, 66.587773178000077 ], [ -164.361935839999973, 66.593882244000042 ], [ -164.290555049999966, 66.598036148000062 ], [ -164.159726951999971, 66.602482244000043 ], [ -163.933626956999973, 66.608600196000054 ], [ -163.838590926999984, 66.60470914900003 ], [ -163.774717974999959, 66.599718060000043 ], [ -163.70470896599997, 66.589427095000076 ], [ -163.683073094999969, 66.584991224000078 ], [ -163.661681974999965, 66.580273218000059 ], [ -163.642364034999986, 66.566718172000037 ], [ -163.702208979999966, 66.567763228000047 ], [ -163.828064094999974, 66.588045087000069 ], [ -163.853882032999962, 66.589982145000079 ], [ -163.931790984999964, 66.578045141000075 ], [ -163.911681960999971, 66.570545014000061 ], [ -163.878344952999981, 66.568736032000061 ], [ -163.829708958999959, 66.567763228000047 ], [ -163.798482010999976, 66.56470919800006 ], [ -163.778335938999959, 66.55650918200007 ], [ -163.756409047999966, 66.515536092000048 ], [ -163.766263986999974, 66.483318068000074 ], [ -163.79000891299998, 66.460682235000036 ], [ -163.821108958999986, 66.448591172000079 ], [ -163.85429107, 66.435527138000054 ], [ -163.894164118999981, 66.392491094000036 ], [ -163.890155053999962, 66.33192715000007 ], [ -163.869135922999959, 66.308591093000075 ], [ -163.857482059999967, 66.276236108000035 ], [ -163.944600041999962, 66.231236017000072 ], [ -163.97998206699998, 66.22330908400005 ], [ -164.025844823999961, 66.221373199000084 ], [ -164.091091066999979, 66.214427116000081 ], [ -164.173999991999978, 66.190673138000079 ], [ -164.062226976999966, 66.189418032000049 ], [ -163.990818023999964, 66.191653988000041 ], [ -163.94805506199998, 66.195254015000046 ], [ -163.888491078999976, 66.160545057000036 ], [ -163.835964037999986, 66.115673209000079 ], [ -163.804717979999964, 66.101927055000033 ], [ -163.734982053999971, 66.083327109000038 ], [ -163.713900058999968, 66.078873134000048 ], [ -163.656400034999962, 66.070545042000049 ], [ -163.627473080999977, 66.070827177000069 ], [ -163.536135984999959, 66.079991112000073 ], [ -163.443055117999961, 66.086382145000073 ], [ -163.342499938999964, 66.087200219000067 ], [ -163.302800060999971, 66.076382200000069 ], [ -163.262927011999977, 66.070273133000057 ], [ -163.163635992999986, 66.065536017000056 ], [ -163.126526959999978, 66.066509156000052 ], [ -163.016964085999973, 66.080273247000036 ], [ -162.791963963999962, 66.100536162000083 ], [ -162.762235867999976, 66.099153987000079 ], [ -162.70389094899997, 66.084427150000067 ], [ -162.561673017999965, 66.047482236000064 ], [ -162.378735968999962, 66.032345021000083 ], [ -162.355255072999967, 66.033327045000078 ], [ -162.328890969999975, 66.03553601200008 ], [ -162.301935942999961, 66.039700141000083 ], [ -162.241091036999961, 66.051927159000059 ], [ -162.209164031999961, 66.06052715900006 ], [ -162.136417997999985, 66.069718084000044 ], [ -162.055691049999979, 66.068736060000049 ], [ -161.982755080999965, 66.050536098000066 ], [ -161.935273107999961, 66.035809094000058 ], [ -161.897426970999959, 66.007218087000069 ], [ -161.854982018999976, 65.977763241000048 ], [ -161.816409002999961, 65.974991178000039 ], [ -161.840544860999984, 66.008463303000042 ], [ -161.768335938999968, 66.086382145000073 ], [ -161.727482039999984, 66.110263193000037 ], [ -161.679991013999967, 66.138045012000077 ], [ -161.659044972999965, 66.152763298000082 ], [ -161.620544879999983, 66.198027084000046 ], [ -161.596955019999967, 66.22692704800005 ], [ -161.57513592, 66.251653998000052 ], [ -161.523344977999983, 66.268600195000033 ], [ -161.485535888999976, 66.270263164000028 ], [ -161.397799993999968, 66.270263164000028 ], [ -161.363599984999979, 66.261309112000049 ], [ -161.336109018999963, 66.234291221000035 ], [ -161.305555136999971, 66.226509127000043 ], [ -161.255555072999982, 66.221645108000075 ], [ -161.194455021999971, 66.223045054000067 ], [ -161.151672949999977, 66.231654106000065 ], [ -161.130417951999959, 66.240536074000033 ], [ -161.105273080999979, 66.243863187000045 ], [ -161.078535982999966, 66.234082176000072 ], [ -161.091944848999958, 66.17053611800003 ], [ -161.117908967999966, 66.130127131000052 ], [ -161.177017980999977, 66.123445077000042 ], [ -161.149444872999965, 66.115818048000051 ], [ -161.116391004999969, 66.118045120000033 ], [ -161.091091067999969, 66.122482164000075 ], [ -161.056735993999979, 66.137900172000059 ], [ -161.015564085999983, 66.183873235000078 ], [ -161.002791070999962, 66.207073170000058 ], [ -161.000608925999984, 66.246654025000055 ], [ -161.01916411299996, 66.267209134000041 ], [ -161.123044894999964, 66.337491225000065 ], [ -161.15862691199996, 66.346645101000036 ], [ -161.286135943999966, 66.366927128000043 ], [ -161.496373018999975, 66.398882128000082 ], [ -161.520018032999985, 66.402209073000051 ], [ -161.548064048999976, 66.40277317500005 ], [ -161.728744856999981, 66.403600133000054 ], [ -161.872217893999959, 66.37109108900006 ], [ -161.890290953999965, 66.311373214000071 ], [ -161.859844863999967, 66.28457325200003 ], [ -161.876526862999981, 66.272763151000049 ], [ -161.913482003999974, 66.276645145000032 ], [ -161.961535957999985, 66.335536062000074 ], [ -161.951381951999963, 66.353182147000041 ], [ -161.928954996999977, 66.376500099000054 ], [ -161.903626896999981, 66.398882128000082 ], [ -161.876935899999978, 66.429845046000082 ], [ -161.869717907999984, 66.454163294000068 ], [ -161.86956401599997, 66.486645013000043 ], [ -161.878600042999977, 66.508609120000074 ], [ -161.900435906999974, 66.530127141000037 ], [ -161.930008936999968, 66.551227074000053 ], [ -162.180573024999973, 66.692745116000083 ], [ -162.223873098999974, 66.710536041000069 ], [ -162.243864105999961, 66.716091231000064 ], [ -162.278073, 66.721927047000065 ], [ -162.302217909999968, 66.724991136000028 ], [ -162.378873096999968, 66.731654078000076 ], [ -162.484709041999963, 66.734700230000044 ], [ -162.504744975999984, 66.740118124000048 ], [ -162.633755038999965, 66.865818174000083 ], [ -162.633817902999965, 66.89741811600004 ], [ -162.606109006999958, 66.910545015000082 ], [ -162.51223588199997, 66.918591139000057 ], [ -162.329573088999979, 66.955745099000069 ], [ -162.30264488399996, 66.945536108000056 ], [ -162.117217906999969, 66.800091144000078 ], [ -162.074644879999965, 66.702963159000035 ], [ -162.077854980999973, 66.663518090000082 ], [ -161.920835949999969, 66.559982140000045 ], [ -161.885009013999962, 66.538036138000052 ], [ -161.833617888999981, 66.51693603800004 ], [ -161.805573046999967, 66.507763218000036 ], [ -161.63028197, 66.456100184000036 ], [ -161.594299967999973, 66.447200112000075 ], [ -161.572509030999981, 66.447209164000071 ], [ -161.458599972999963, 66.459291175000033 ], [ -161.342500051999963, 66.482754133000071 ], [ -161.299591077999963, 66.50193611900005 ], [ -161.277799973999976, 66.513609092000081 ], [ -161.238891010999964, 66.532209206000061 ], [ -161.207644952999971, 66.53831810500003 ], [ -161.186126930999961, 66.538591187000065 ], [ -161.054444884999981, 66.480818081000052 ], [ -161.020144962999979, 66.46277318500006 ], [ -160.936955076999965, 66.421918112000071 ], [ -160.817644886999972, 66.376918189000037 ], [ -160.783335913999963, 66.37109108900006 ], [ -160.747217957999965, 66.370818175000068 ], [ -160.713617924999966, 66.37302714100008 ], [ -160.677218001999961, 66.372618105000072 ], [ -160.638335860999973, 66.365263152000068 ], [ -160.533326874999972, 66.373600128000078 ], [ -160.260835895999975, 66.39360018800005 ], [ -160.235000020999962, 66.398045111000044 ], [ -160.21513591599998, 66.427063260000068 ], [ -160.209308983999961, 66.521382134000078 ], [ -160.24026402399997, 66.644144997000069 ], [ -160.264191003999969, 66.647491221000053 ], [ -160.312072961999974, 66.649991207000028 ], [ -160.334163969999963, 66.648609199000077 ], [ -160.506944834999985, 66.617054016000054 ], [ -160.520982007999976, 66.595682174000046 ], [ -160.549182082999977, 66.587063231000059 ], [ -160.67139107, 66.598036148000062 ], [ -160.698744907999981, 66.603318088000037 ], [ -160.719164062999965, 66.612900112000034 ], [ -160.744308933999974, 66.632073213000069 ], [ -160.785000056999962, 66.651091080000072 ], [ -160.816099934999983, 66.658600092000029 ], [ -160.838590927999974, 66.66276321600003 ], [ -160.871109024999981, 66.665545002000044 ], [ -160.948744893999958, 66.66387314800005 ], [ -161.140290995999976, 66.647491221000053 ], [ -161.173200023999982, 66.639018122000039 ], [ -161.19610893899997, 66.627763238000057 ], [ -161.23269997, 66.581863266000028 ], [ -161.240735867999973, 66.553836025000066 ], [ -161.280299959999979, 66.539982248000058 ], [ -161.313473017999968, 66.534427058000063 ], [ -161.381382024999965, 66.532763250000073 ], [ -161.49728195299997, 66.533318132000034 ], [ -161.716644908999967, 66.628309068000078 ], [ -161.812773100999976, 66.674991239000065 ], [ -161.87220900899996, 66.704563264000058 ], [ -161.89779996599998, 66.728318081000054 ], [ -161.88833595899996, 66.799991232000082 ], [ -161.800290938999979, 66.899718111000084 ], [ -161.721100057999962, 66.950673209000058 ], [ -161.644182014999984, 66.963745122000034 ], [ -161.616944852999978, 66.958036040000081 ], [ -161.59387299399998, 66.953873252000051 ], [ -161.568326963999965, 66.951663279000059 ], [ -161.531817908999983, 66.950954003000049 ], [ -161.498535885999985, 66.960463272000084 ], [ -161.510844877999972, 66.984282126000039 ], [ -161.537226918999977, 66.992754051000077 ], [ -161.667781933999976, 67.020536037000056 ], [ -161.690826970999979, 67.024700166000059 ], [ -161.816100045999974, 67.047209097000064 ], [ -161.860544919999967, 67.051654020000058 ], [ -161.899173088999959, 67.051091091000046 ], [ -162.258055002999981, 67.01943616300008 ], [ -162.46079999799997, 66.998145123000029 ], [ -162.442381938999972, 67.030882155000029 ], [ -162.423044888999982, 67.050373265000076 ], [ -162.403882013999976, 67.068127142000037 ], [ -162.352482003999967, 67.120818132000068 ], [ -162.341799938999969, 67.156682117000059 ], [ -162.383609039999982, 67.163745044000052 ], [ -162.412644958999977, 67.159145055000067 ], [ -162.377135863999968, 67.14561817200007 ], [ -162.401944955999966, 67.112763291000078 ], [ -162.470226956999966, 67.062382186000036 ], [ -162.559508977999968, 67.010409189000029 ], [ -162.65235498499996, 67.010827111000083 ], [ -162.686599920999981, 67.030227026000034 ], [ -162.720273043999981, 67.051927102000036 ], [ -162.752773034999962, 67.054563211000072 ], [ -162.777800056999979, 67.053036028000065 ], [ -162.816655039999972, 67.045818036000071 ], [ -162.95279106199996, 67.030273126000054 ], [ -163.013063985999963, 67.030545035000046 ], [ -163.039181996999986, 67.032763222000028 ], [ -163.143617995999961, 67.049709083000039 ], [ -163.231655136999962, 67.058873186000028 ], [ -163.257782031999966, 67.060809070000062 ], [ -163.463318032999979, 67.080273190000071 ], [ -163.665008919999963, 67.100818073000028 ], [ -163.699982075999969, 67.10637326300008 ], [ -163.727199959999979, 67.112209080000071 ], [ -163.756681962999977, 67.125673266000035 ], [ -163.769744823999986, 67.149718097000061 ], [ -163.777926901999962, 67.175118113000053 ], [ -163.775835952999984, 67.206509179000079 ], [ -163.774735911999983, 67.229291192000062 ], [ -163.781827001999972, 67.269154014000037 ], [ -163.793335857999978, 67.300809110000046 ], [ -163.826808987999982, 67.36095412700007 ], [ -163.957655023999962, 67.49470918600008 ], [ -163.987763992999959, 67.521653987000036 ], [ -164.02001789199997, 67.546936154000036 ], [ -164.048617951999972, 67.565809182000066 ], [ -164.100826982999962, 67.597218185000031 ], [ -164.124144934999975, 67.609982147000039 ], [ -164.161135949999959, 67.623873140000057 ], [ -164.251126911999961, 67.650818109000056 ], [ -164.312226962999972, 67.668318182000064 ], [ -164.49804487199998, 67.727763310000057 ], [ -164.552491032999967, 67.755554013000051 ], [ -164.710064107999983, 67.828745127000047 ], [ -164.759291024999982, 67.821418170000072 ], [ -164.796391004999975, 67.826936145000047 ], [ -165.098600021999971, 67.943036065000058 ], [ -165.209990989999966, 67.986373187000083 ], [ -165.243044856999973, 68.001100191000035 ], [ -165.271664027999975, 68.011109189000081 ], [ -165.341090995999963, 68.033327100000065 ], [ -165.361390959999966, 68.039154031000066 ], [ -165.392791077999959, 68.047763252000038 ], [ -165.47998198199997, 68.068327078000038 ], [ -165.550844938999973, 68.080273134000038 ], [ -165.586399965999959, 68.086109118000081 ], [ -165.610808906999978, 68.089709145000029 ], [ -165.68860000899997, 68.097491240000068 ], [ -165.726381940999971, 68.10109109900003 ], [ -165.794464116999961, 68.105545075000066 ], [ -165.820555137999975, 68.108036009000045 ], [ -165.861526885999979, 68.115127099000063 ], [ -165.88891794, 68.121645035000029 ], [ -165.919154985999967, 68.13081819000007 ], [ -165.976517880999978, 68.151373131000071 ], [ -165.999417910999966, 68.165263285000037 ], [ -166.016118014999961, 68.179154111000059 ], [ -166.036544880999969, 68.199436137000077 ], [ -166.073608985999982, 68.218600185000071 ], [ -166.101382086999962, 68.229427090000058 ], [ -166.130555133999962, 68.23970011800003 ], [ -166.218044935999984, 68.269718060000059 ], [ -166.256955071999982, 68.283054003000075 ], [ -166.293335884999976, 68.293454101000066 ], [ -166.344455100999966, 68.303863252000042 ], [ -166.37915500699998, 68.310527032000039 ], [ -166.427490927999969, 68.318053981000048 ], [ -166.608608935999968, 68.337200092000046 ], [ -166.647244983999968, 68.341091139000071 ], [ -166.674708959999975, 68.342754109000055 ], [ -166.750309032999979, 68.342482200000063 ], [ -166.793064114999964, 68.344145002000062 ], [ -166.823626880999967, 68.348727053000061 ], [ -166.757417892999968, 68.366073234000055 ], [ -166.45456397199996, 68.418063162000067 ], [ -166.513335865999977, 68.405245053000044 ], [ -166.75319106699996, 68.361927042000048 ], [ -166.715818003999971, 68.355818143000079 ], [ -166.663327005999975, 68.351091085000064 ], [ -166.589172978999983, 68.350263288000065 ], [ -166.548482023999981, 68.353182202000028 ], [ -166.372608907999961, 68.416763297000045 ], [ -166.388600069999967, 68.434100090000072 ], [ -166.30221802, 68.498600176000082 ], [ -166.243864047999978, 68.553863238000076 ], [ -166.22582686299998, 68.572491179000053 ], [ -166.198335896999964, 68.696636050000052 ], [ -166.18903600799996, 68.754436146000046 ], [ -166.193409013999968, 68.789636116000054 ], [ -166.204708992999969, 68.812191147000078 ], [ -166.22719998599996, 68.845536035000066 ], [ -166.232417888999976, 68.872336164000046 ], [ -166.207490946999968, 68.883463308000046 ], [ -166.168335891999959, 68.883882236000034 ], [ -166.09359999299997, 68.882200155000078 ], [ -165.881381938999965, 68.86998219000003 ], [ -165.815273029999986, 68.863036107000028 ], [ -165.730564007999959, 68.857209176000083 ], [ -165.445826899999986, 68.86026320600007 ], [ -165.310000002999971, 68.867200069000035 ], [ -164.950290961999968, 68.888045024000064 ], [ -164.800290936999971, 68.900545124000075 ], [ -164.745544871999982, 68.905254077000052 ], [ -164.71331796299998, 68.909427092000044 ], [ -164.561126907999977, 68.921100065000076 ], [ -164.411955014999961, 68.925536104000059 ], [ -164.359708935999976, 68.92831805700007 ], [ -164.324708957999974, 68.930545129000052 ], [ -164.271944877999971, 68.935527165000053 ], [ -164.239717968999969, 68.939418044000035 ], [ -164.158626910999971, 68.955263194000054 ], [ -164.107482045999973, 68.966382124000063 ], [ -163.993318009999967, 68.991654065000034 ], [ -163.904172948999985, 69.016936064000049 ], [ -163.70279101899996, 69.08553607500005 ], [ -163.645290995999972, 69.106936079000036 ], [ -163.599726969999978, 69.125263278000034 ], [ -163.560899982999985, 69.145054125000058 ], [ -163.526399900999962, 69.166091194000046 ], [ -163.506408894999964, 69.178863202000059 ], [ -163.488891051999985, 69.192200151000065 ], [ -163.441681993999964, 69.221645107000029 ], [ -163.364990932999973, 69.268600193000054 ], [ -163.34277302199996, 69.280818158000045 ], [ -163.308626991999972, 69.296100212000056 ], [ -163.281682022999973, 69.307209083000032 ], [ -163.240535930999982, 69.341236090000052 ], [ -163.216944896999962, 69.379700141000058 ], [ -163.199981935999972, 69.404982140000072 ], [ -163.179308977999966, 69.420682115000034 ], [ -163.157926910999976, 69.420818070000053 ], [ -163.257382047999982, 69.300991220000071 ], [ -163.156955112999981, 69.352200122000056 ], [ -163.120273054999984, 69.38471805100005 ], [ -163.064999934999975, 69.509018155000035 ], [ -163.063755054999973, 69.561800173000051 ], [ -163.002499937999971, 69.675118140000052 ], [ -162.973190937999959, 69.673863201000074 ], [ -162.940399925999969, 69.694073143000082 ], [ -162.939991056999958, 69.717218093000042 ], [ -162.961944937999959, 69.723182152000049 ], [ -162.982755023999971, 69.725263211000083 ], [ -163.02285505499998, 69.730673227000068 ], [ -163.003908935999959, 69.752773120000029 ], [ -162.958882022999973, 69.78026324800004 ], [ -162.841673008999976, 69.831936005000045 ], [ -162.767517975999965, 69.859709106000082 ], [ -162.671935948999959, 69.896100144000059 ], [ -162.575290928999976, 69.938036147000048 ], [ -162.514173107999966, 69.970827158000077 ], [ -162.497635947999981, 69.984563254000079 ], [ -162.480618002999961, 70.013245121000068 ], [ -162.350964041999958, 70.110409148000031 ], [ -162.286135887999961, 70.133609083000067 ], [ -162.245273103999978, 70.147491191000029 ], [ -162.196381964999972, 70.165545140000063 ], [ -162.086673077999961, 70.21638222100006 ], [ -162.062773086999982, 70.228591134000055 ], [ -162.04167298699997, 70.244563185000061 ], [ -162.016963974999982, 70.268463177000058 ], [ -161.993618026999968, 70.283736010000041 ], [ -161.961654980999981, 70.299845022000056 ], [ -161.942226901999959, 70.307209195000041 ], [ -161.88264498199996, 70.319018123000035 ], [ -161.858891002999968, 70.318054036000035 ], [ -161.766963988999976, 70.257227068000077 ], [ -161.851899992999961, 70.209427085000073 ], [ -161.867217920999963, 70.177473259000067 ], [ -161.903899978999959, 70.174427108000032 ], [ -161.941255104999982, 70.177063216000079 ], [ -161.984009012999962, 70.189845116000072 ], [ -162.013900053999976, 70.19109116900006 ], [ -162.034999985999974, 70.187191237000036 ], [ -162.070973102999972, 70.175118112000064 ], [ -162.114208971999972, 70.154300146000082 ], [ -161.864991016999966, 70.161373132000051 ], [ -161.809826861999966, 70.180373230000043 ], [ -161.785335946999965, 70.195873213000084 ], [ -161.691835984999983, 70.23054512300007 ], [ -161.640835958999958, 70.250545015000057 ], [ -161.604291028999967, 70.255827122000028 ], [ -161.47415510899998, 70.251391084000034 ], [ -161.340817971999968, 70.254718196000056 ], [ -161.30640003299996, 70.258045141000082 ], [ -161.216644936999984, 70.271927082000047 ], [ -161.173891027999986, 70.279436094000062 ], [ -160.900573090999984, 70.335818139000082 ], [ -160.874999903999964, 70.341373162000082 ], [ -160.851655129999983, 70.347763189000034 ], [ -160.773617934999976, 70.370527097000036 ], [ -160.750581950999958, 70.377473180000038 ], [ -160.475826851999983, 70.474700072000076 ], [ -160.353608979999962, 70.52303616100005 ], [ -160.334718013999975, 70.530545005000079 ], [ -160.315555139999958, 70.537763165000058 ], [ -160.163908908999957, 70.589709172000084 ], [ -159.929091063999977, 70.586927051000032 ], [ -159.92418195099998, 70.529845117000036 ], [ -159.944455092999959, 70.515273178000029 ], [ -160.070690912999964, 70.482209084000033 ], [ -160.11111800599997, 70.479709098000058 ], [ -160.193890975999977, 70.470127074000061 ], [ -160.160135878999967, 70.46249116000007 ], [ -160.09609998199997, 70.463609138000038 ], [ -160.018618003999961, 70.471927171000061 ], [ -160.006135841999964, 70.419982170000083 ], [ -159.981654984999977, 70.36831813100008 ], [ -159.836117987999984, 70.268327055000043 ], [ -159.885990982999971, 70.394573269000034 ], [ -159.863055077999974, 70.437618197000063 ], [ -159.819455099999971, 70.484418051000034 ], [ -159.760773059999963, 70.473727101000065 ], [ -159.692508995999958, 70.466382207000038 ], [ -159.654444929999983, 70.471600109000065 ], [ -159.55721787, 70.491653980000081 ], [ -159.400844916999972, 70.504991097000072 ], [ -159.305644935999965, 70.530682133000084 ], [ -159.564726881999974, 70.524427054000057 ], [ -159.657544892999965, 70.503582099000084 ], [ -159.729981970999972, 70.493318123000051 ], [ -159.747218013999969, 70.497763214000031 ], [ -159.846299988999959, 70.561018085000057 ], [ -159.85846397399996, 70.591382200000055 ], [ -159.918882073999981, 70.62526319400007 ], [ -159.944991030999972, 70.633736124000052 ], [ -159.976655011999981, 70.636382124000079 ], [ -159.996644844999963, 70.63527319800005 ], [ -160.036255037999979, 70.629973153000037 ], [ -160.12158197399998, 70.612345005000066 ], [ -160.110117876999965, 70.631373266000082 ], [ -160.02307298599996, 70.662763158000075 ], [ -159.947508954999961, 70.686373135000053 ], [ -159.92389093099996, 70.692745058000071 ], [ -159.819155027999983, 70.719982220000077 ], [ -159.672364097999974, 70.796091242000045 ], [ -159.628600001999985, 70.806363265000073 ], [ -159.52279993199997, 70.828045069000041 ], [ -159.303344941999967, 70.864153973000043 ], [ -159.17097306499997, 70.877482205000035 ], [ -159.208890950999972, 70.869427028000075 ], [ -159.249144873999967, 70.867482259000042 ], [ -159.300563993999958, 70.862200151000081 ], [ -159.338335867999973, 70.85637322000008 ], [ -159.367890960999972, 70.846100192000051 ], [ -159.348326928999967, 70.841091166000069 ], [ -159.234164065999977, 70.845545142000049 ], [ -159.190844881999965, 70.852900094000063 ], [ -159.164717985999971, 70.849300067000058 ], [ -159.14689990399998, 70.822909142000071 ], [ -159.19445513499997, 70.813600200000053 ], [ -159.269744909999957, 70.812191202000065 ], [ -159.30777310199997, 70.809709153000028 ], [ -159.336399982999978, 70.804700128000036 ], [ -159.445417865999985, 70.77818213300003 ], [ -159.416655029999959, 70.765545073000055 ], [ -159.295835929999981, 70.725536069000043 ], [ -159.223873100999981, 70.704436137000073 ], [ -159.10916407299996, 70.759991224000032 ], [ -158.991091052999963, 70.787200222000081 ], [ -158.920835951999976, 70.79637321000007 ], [ -158.839444821999962, 70.792209080000077 ], [ -158.690426987999984, 70.785400125000081 ], [ -158.643335946999969, 70.787763319000078 ], [ -158.611935996999961, 70.791927113000042 ], [ -158.539173029999972, 70.810536112000079 ], [ -158.502226941999965, 70.832218083000043 ], [ -158.413055058999959, 70.834718070000065 ], [ -158.353335842999968, 70.828873201000079 ], [ -158.234982027999962, 70.824709072000076 ], [ -158.161409034999963, 70.825000091000049 ], [ -158.05334484499997, 70.829291123000075 ], [ -157.97942685199996, 70.837491139000065 ], [ -157.880464067999981, 70.856354109000051 ], [ -157.786681970999979, 70.878582246000065 ], [ -157.764190977999959, 70.884991217000049 ], [ -157.544155121999978, 70.951382260000059 ], [ -157.471926920999977, 70.97609110500008 ], [ -157.275300044999966, 71.048873182000079 ], [ -157.230835892999977, 71.068453979000083 ], [ -157.191099971999961, 71.089154094000037 ], [ -157.12527303, 71.129700210000067 ], [ -157.081935907999963, 71.15664501100008 ], [ -157.047382014999982, 71.182063300000038 ], [ -157.024173027999979, 71.198027138000043 ], [ -157.001399899999967, 71.210818090000032 ], [ -156.841944920999964, 71.28831817300005 ], [ -156.786408944999977, 71.311373268000068 ], [ -156.756408939999972, 71.322218110000051 ], [ -156.698335928999967, 71.338318069000081 ], [ -156.596726977999964, 71.351436083000067 ], [ -156.546664049999976, 71.305253976000074 ], [ -156.440290992999962, 71.262363274000052 ], [ -156.338899970999961, 71.264436119000038 ], [ -156.275144867999984, 71.26790907600008 ], [ -156.249999996999975, 71.266391114000044 ], [ -156.193600013999969, 71.258327052000084 ], [ -156.139191068999963, 71.24970911500003 ], [ -156.107072956999957, 71.243182127000068 ], [ -156.04700890899997, 71.208045021000032 ], [ -155.986390985999975, 71.192473121000035 ], [ -155.921664084999975, 71.198591240000042 ], [ -155.846100053999976, 71.203045048000035 ], [ -155.806944831999971, 71.204991158000041 ], [ -155.765991019999973, 71.202218089000041 ], [ -155.638064066999959, 71.18456328700006 ], [ -155.592500040999965, 71.16831815300003 ], [ -155.543355097999978, 71.111500081000031 ], [ -155.550290955999969, 71.085682142000053 ], [ -155.735808959999957, 71.000000149000073 ], [ -155.830554976999963, 70.979982152000048 ], [ -155.894317957999959, 70.972482193000076 ], [ -155.957217938999975, 70.973036069000045 ], [ -155.996091026999977, 70.972491245000072 ], [ -156.086244933999978, 70.967900142000076 ], [ -156.177291009999976, 70.917763285000035 ], [ -156.140564024999975, 70.913882128000068 ], [ -156.083735894999961, 70.920400231000031 ], [ -156.05804485799996, 70.919982142000038 ], [ -155.987355071999957, 70.900545011000077 ], [ -155.946244853999957, 70.847691244000032 ], [ -155.982973012999963, 70.826036095000063 ], [ -155.973600033999958, 70.75582709400004 ], [ -155.95361791199997, 70.756654053000034 ], [ -155.902791055999984, 70.770545046000052 ], [ -155.912944893999963, 70.788591116000077 ], [ -155.924999914999972, 70.807482249000032 ], [ -155.910708937999971, 70.822627175000036 ], [ -155.887644956999964, 70.829027093000036 ], [ -155.653899995999979, 70.844709131000059 ], [ -155.616944855999975, 70.844436048000034 ], [ -155.536663992999962, 70.931300226000076 ], [ -155.391955127999978, 71.001800078000031 ], [ -155.293181941999961, 71.017682109000077 ], [ -155.24798202599996, 70.996927175000053 ], [ -155.214999907999982, 70.987345151000056 ], [ -155.186673097999972, 70.994145054000057 ], [ -155.178755049999978, 71.017763245000083 ], [ -155.198335845999964, 71.040263291000031 ], [ -155.256344818999963, 71.066844988000071 ], [ -155.274108921999982, 71.086436011000046 ], [ -155.197781969999966, 71.11831808800008 ], [ -155.094435952999959, 71.150127076000047 ], [ -155.074435893999976, 71.148882195000056 ], [ -155.048664055999978, 71.121418051000035 ], [ -155.041399963999964, 71.047200154000052 ], [ -155.083817925999966, 71.021936092000033 ], [ -155.06209102699998, 71.010273177000045 ], [ -155.015291005999984, 71.022073220000038 ], [ -155.001782059999982, 71.101263262000032 ], [ -154.974426880999971, 71.117063317000031 ], [ -154.92361796299997, 71.110536162000074 ], [ -154.821108962999972, 71.094982199000071 ], [ -154.614155078999971, 71.021382216000063 ], [ -154.595744899999971, 71.00192714800005 ], [ -154.658064014999979, 70.91526329800007 ], [ -154.680300029999984, 70.884154032000083 ], [ -154.612626890999962, 70.827618095000048 ], [ -154.568055114999964, 70.824436157000036 ], [ -154.54779102599997, 70.825000091000049 ], [ -154.421108951999969, 70.832763242000055 ], [ -154.384181974999962, 70.832218083000043 ], [ -154.351108995999965, 70.830273147000071 ], [ -154.302917914999966, 70.822909142000071 ], [ -154.253344823999981, 70.794563222000079 ], [ -154.203618009999957, 70.776518157000055 ], [ -154.164735869999959, 70.78027325000005 ], [ -154.129973099999972, 70.789427127000067 ], [ -154.001391016999975, 70.839427023000042 ], [ -153.966381986999977, 70.85526328800006 ], [ -153.937926933999961, 70.879563264000069 ], [ -153.915008966999977, 70.889163225000061 ], [ -153.883054971999968, 70.892491176000078 ], [ -153.862764060999979, 70.893054105000033 ], [ -153.728054973999974, 70.894145093000077 ], [ -153.623044814999957, 70.889982137000061 ], [ -153.590273081999982, 70.88777317000006 ], [ -153.502226887999967, 70.887209068000061 ], [ -153.384155040999957, 70.89526323900003 ], [ -153.357208898999971, 70.900409057000047 ], [ -153.322235910999979, 70.912763312000038 ], [ -153.286954971999961, 70.921645112000078 ], [ -153.250835841999958, 70.927209187000074 ], [ -153.222499979999981, 70.928591195000081 ], [ -153.201935985999967, 70.928863271000068 ], [ -153.166964003999965, 70.927200134000032 ], [ -152.945009027999959, 70.902209154000047 ], [ -152.736664082999965, 70.833882227000061 ], [ -152.734708920999964, 70.881927128000029 ], [ -152.646973024999966, 70.886109195000074 ], [ -152.61026397699996, 70.885273184000084 ], [ -152.544464025999957, 70.880536067000037 ], [ -152.511417868999985, 70.878036081000062 ], [ -152.48056408399998, 70.874982218000071 ], [ -152.435272972999968, 70.869982245000074 ], [ -152.379155124999983, 70.861645102000068 ], [ -152.277217938999968, 70.840545001000066 ], [ -152.247217933999963, 70.83360009200004 ], [ -152.217226980999982, 70.81304515000005 ], [ -152.373599934999959, 70.747753980000084 ], [ -152.508899945999957, 70.687618183000041 ], [ -152.492691020999985, 70.646100102000048 ], [ -152.435272972999968, 70.622209164000083 ], [ -152.40390001199998, 70.612200165000047 ], [ -152.371935958999984, 70.605954139000062 ], [ -152.229854988999961, 70.59498222700006 ], [ -152.184717936999959, 70.596645029000058 ], [ -152.164464073999966, 70.596936049000078 ], [ -152.130282001999973, 70.595263189000036 ], [ -152.093608995999972, 70.590682143000038 ], [ -152.077364029999984, 70.578391088000046 ], [ -152.104582080999961, 70.568600187000072 ], [ -152.315555086999979, 70.575545097000031 ], [ -152.41665508899996, 70.581373202000066 ], [ -152.493881921999957, 70.587209186000052 ], [ -152.522244940999968, 70.58749115300003 ], [ -152.543881985999974, 70.583882241000083 ], [ -152.619463953999968, 70.558391197000049 ], [ -152.525282039999979, 70.54359110200005 ], [ -152.495282034999974, 70.544709081000065 ], [ -152.351382023999975, 70.552763252000034 ], [ -152.226382030999957, 70.548873210000068 ], [ -152.099973039999981, 70.552200155000037 ], [ -152.059308906999973, 70.555954074000056 ], [ -152.033063994999964, 70.567618163000077 ], [ -152.000135855999957, 70.56971816500004 ], [ -151.736644860999974, 70.558591189000083 ], [ -151.770290993999964, 70.49803612900007 ], [ -151.803891026999963, 70.493318123000051 ], [ -151.906390973999976, 70.48276329600003 ], [ -151.96609091199997, 70.465263223000079 ], [ -151.970264093999958, 70.445673206000038 ], [ -151.88192688099997, 70.440263191000042 ], [ -151.828064099999978, 70.441363232000072 ], [ -151.798335836999968, 70.445254111000054 ], [ -151.738309003999973, 70.445818046000056 ], [ -151.613190993999979, 70.445254111000054 ], [ -151.521944924999957, 70.439418127000067 ], [ -151.475555114999963, 70.434709174000034 ], [ -151.386964096999975, 70.424145126000042 ], [ -151.358608956999973, 70.420254079000074 ], [ -151.334444935999983, 70.414991082000029 ], [ -151.273344884999972, 70.394436141000028 ], [ -151.229855044999965, 70.372963214000038 ], [ -151.179600002999962, 70.37441814400006 ], [ -151.197508944999981, 70.394991191000031 ], [ -151.206999941999982, 70.422409066000057 ], [ -151.176526861999974, 70.442963169000052 ], [ -151.015017980999971, 70.460818132000043 ], [ -150.77999997699996, 70.502209143000073 ], [ -150.615826991999967, 70.506382158000065 ], [ -150.525573004999984, 70.505263174000049 ], [ -150.367717962999961, 70.475573132000079 ], [ -150.396955046999977, 70.430673120000051 ], [ -150.311955004999959, 70.426373204000072 ], [ -150.124144884999964, 70.437063315000046 ], [ -149.959164051999977, 70.487482140000054 ], [ -149.906126888999978, 70.507218169000055 ], [ -149.87999094099996, 70.515000095000062 ], [ -149.543064080999983, 70.511654040000053 ], [ -149.469144914999958, 70.499709157000041 ], [ -149.383326966999959, 70.480545109000047 ], [ -149.359008886999959, 70.489573257000075 ], [ -149.320826970999974, 70.499145055000042 ], [ -149.17470894, 70.490818137000076 ], [ -149.045626959999964, 70.464154129000065 ], [ -148.992491058999974, 70.442745072000037 ], [ -148.822235828999965, 70.411100203000046 ], [ -148.802218, 70.410809183000083 ], [ -148.768064091999975, 70.412763172000041 ], [ -148.737764013999964, 70.416091123000058 ], [ -148.694026907999984, 70.41373614400004 ], [ -148.672244855999963, 70.410809183000083 ], [ -148.595273000999981, 70.395536014000072 ], [ -148.51931787099997, 70.366509148000034 ], [ -148.498399992999964, 70.343245008000054 ], [ -148.499317978999983, 70.321373270000038 ], [ -148.372755096999981, 70.310673268000073 ], [ -148.341373082999979, 70.316936058000067 ], [ -148.302644834999967, 70.331236088000082 ], [ -148.270417925999965, 70.349773170000049 ], [ -148.222782060999975, 70.359145143000035 ], [ -148.139591000999957, 70.354854112000055 ], [ -148.112209, 70.346936063000044 ], [ -148.081664003999975, 70.329991208000081 ], [ -147.81499995599998, 70.267763288000083 ], [ -147.76333591599996, 70.225536098000077 ], [ -147.714999994999971, 70.214427058000069 ], [ -147.689726880999956, 70.209154003000037 ], [ -147.634463986999975, 70.207218119000061 ], [ -147.489990988999978, 70.204709080000043 ], [ -147.336118021999965, 70.199709107000047 ], [ -147.26947300599997, 70.193318073000057 ], [ -147.186663993999957, 70.167345070000067 ], [ -147.156244893999968, 70.163745042000073 ], [ -147.02390000699998, 70.163036101000046 ], [ -146.980273038999968, 70.164427162000038 ], [ -146.762235931999982, 70.181653984000036 ], [ -146.538608933999967, 70.194427167000072 ], [ -146.457763968999956, 70.191654098000072 ], [ -146.261690968999972, 70.179427080000039 ], [ -146.169726905999966, 70.17331818200006 ], [ -146.12569995399997, 70.164145027000075 ], [ -146.103472989999972, 70.15457322900005 ], [ -146.080290992999977, 70.152209197000047 ], [ -145.99180894099996, 70.148745124000072 ], [ -145.963899884999961, 70.148882252000078 ], [ -145.904444866999967, 70.150545054000077 ], [ -145.803617946999964, 70.150273145000028 ], [ -145.748044922999981, 70.128036123000072 ], [ -145.686672962999978, 70.108036064000032 ], [ -145.600826851999983, 70.081663244000083 ], [ -145.425291022999971, 70.041091144000063 ], [ -145.196655, 70.001936089000083 ], [ -145.024873090999961, 69.987073131000045 ], [ -145.003908944999978, 69.98360017300007 ], [ -144.98165499199996, 69.977482222000049 ], [ -144.952209030999967, 69.968318120000049 ], [ -144.878055003999975, 69.983045123000068 ], [ -144.707490984999964, 69.972218051000084 ], [ -144.672244913999975, 69.972491134000052 ], [ -144.640290919999956, 69.974427186000071 ], [ -144.611935946999978, 69.977763183000036 ], [ -144.587217881999976, 69.982482195000046 ], [ -144.566100011999964, 69.988873228000045 ], [ -144.518617871999965, 70.010963231000062 ], [ -144.38667296899996, 70.039427169000078 ], [ -144.339717882999963, 70.038882177000062 ], [ -144.201109031999977, 70.039982218000034 ], [ -144.162917895999982, 70.043036081000082 ], [ -144.137708986999968, 70.055400226000074 ], [ -144.065, 70.079163257000062 ], [ -144.041964014999962, 70.084718112000076 ], [ -143.73109096, 70.096518156000059 ], [ -143.704708919999973, 70.088318140000069 ], [ -143.666399933999969, 70.08346317400003 ], [ -143.603044815999965, 70.08720921400004 ], [ -143.520290956, 70.097218044000044 ], [ -143.41140902799998, 70.096936077000066 ], [ -143.301391015999968, 70.072773230000053 ], [ -143.294035895999968, 70.112482161000059 ], [ -143.215544904999945, 70.110263303000067 ], [ -143.024717969999983, 70.085263271000031 ], [ -142.88819990099995, 70.075409170000057 ], [ -142.64251793699998, 70.016100165000069 ], [ -142.523072965999972, 69.963609166000083 ], [ -142.423063953, 69.919145014000037 ], [ -142.369444917999942, 69.890273213000057 ], [ -142.261673088999942, 69.847491141000035 ], [ -142.221173073999978, 69.849491231000059 ], [ -142.16363583499998, 69.853318072000036 ], [ -142.118882003999943, 69.851236008000058 ], [ -142.09859997699999, 69.847491141000035 ], [ -142.066655035, 69.837773162000076 ], [ -142.035335885999984, 69.820118192000052 ], [ -141.947782045999986, 69.794982205000053 ], [ -141.87915504599999, 69.795536082000069 ], [ -141.782226884999943, 69.786373153000056 ], [ -141.731109009999955, 69.775545075000082 ], [ -141.70776406899995, 69.769718143000034 ], [ -141.565826930999947, 69.728318079000076 ], [ -141.534182061999957, 69.71860010100005 ], [ -141.493344925999963, 69.698873124000045 ], [ -141.457364097999971, 69.671654067000077 ], [ -141.434735976999946, 69.656100104000075 ], [ -141.382082035, 69.639709125000081 ], [ -141.360808931999941, 69.636382180000055 ], [ -141.326935984999977, 69.633327144000077 ], [ -141.290281921999963, 69.632200113000067 ], [ -141.260281916999986, 69.63442718500005 ], [ -141.219708978999961, 69.67026317400007 ], [ -141.246372986999972, 69.677763301000084 ], [ -141.310699902999943, 69.688518121000072 ], [ -141.264326855999968, 69.689418170000067 ], [ -141.241091046999941, 69.686645101000067 ], [ -141.154173057999969, 69.673309157000062 ], [ -141.002991015999953, 69.642363171000056 ], [ -141.000854971999956, 69.532209205000072 ], [ -141.000582057999964, 69.432482159000074 ], [ -141.000854971999956, 68.965545107000082 ], [ -141.001681930999951, 68.53276330500006 ], [ -141.001955012999986, 68.232754035000028 ], [ -141.001955012999986, 68.065809154000078 ], [ -141.001955012999986, 67.86581811700006 ], [ -141.00000001799998, 67.732754063000073 ], [ -141.000582057999964, 67.532482232000064 ], [ -141.002226921999977, 67.29914513500006 ], [ -141.001681930999951, 67.066373145000057 ], [ -141.000582057999964, 66.866091088000076 ], [ -141.000854971999956, 66.666382186000078 ], [ -141.001681930999951, 66.499418195000032 ], [ -141.001955012999986, 66.099427069000058 ], [ -141.001955012999986, 65.699418173000083 ], [ -141.000308975, 65.232754036000074 ], [ -141.000308975, 65.166091084000072 ], [ -141.001955012999986, 65.132754075000037 ], [ -141.000308975, 64.199709110000072 ], [ -141.000308975, 63.966382238000051 ], [ -141.001955012999986, 63.832773192000047 ], [ -141.001399963999972, 63.100000225000031 ], [ -141.000308975, 62.733045029000039 ], [ -141.001681930999951, 60.96638223900004 ], [ -141.000308975, 60.933054116000051 ], [ -141.001126880999948, 60.399436007000077 ], [ -141.000582057999964, 60.366663268000082 ], [ -140.995544868999957, 60.307209088000036 ], [ -140.946381988999974, 60.297773244000041 ], [ -140.521390998999948, 60.222218098000042 ], [ -140.497499891999951, 60.251245132000065 ], [ -140.471926872999973, 60.28388225100008 ], [ -140.450835824999956, 60.309718127000053 ], [ -140.005581918999951, 60.193882236000036 ], [ -139.979426860999979, 60.18776327900008 ], [ -139.91305509599999, 60.220827037000049 ], [ -139.866391028999942, 60.244436009000083 ], [ -139.771663955999941, 60.292500189000066 ], [ -139.676663967999957, 60.340545090000035 ], [ -139.519472939999957, 60.344709052000042 ], [ -139.06688201899999, 60.344718104000037 ], [ -139.082217883999988, 60.287500216000069 ], [ -139.129455104999977, 60.201100060000044 ], [ -139.155273043999955, 60.154991211000038 ], [ -139.186399911999956, 60.095554130000039 ], [ -139.161408931999972, 60.070273136000083 ], [ -139.116390902999967, 60.041382224000074 ], [ -139.047791060999941, 59.997491227000069 ], [ -138.971926957999983, 59.978600093000068 ], [ -138.690273049999973, 59.906935994000037 ], [ -138.675017985999943, 59.866936043000067 ], [ -138.66700891, 59.838391137000031 ], [ -138.650982039999974, 59.810127024000053 ], [ -138.615817944999947, 59.774163295000051 ], [ -138.538608881999949, 59.73220918700008 ], [ -138.491091033999965, 59.708327133000068 ], [ -138.303617866999957, 59.61305406300005 ], [ -138.11776408299994, 59.516663182000059 ], [ -137.91028197199995, 59.408045116000039 ], [ -137.590817968999943, 59.238600081000072 ], [ -137.566099903999941, 59.186936041000081 ], [ -137.545290990999945, 59.143054096000071 ], [ -137.499144925999985, 59.041382113000054 ], [ -137.483735969999941, 58.990273123000065 ], [ -137.497217925999962, 58.96415410700007 ], [ -137.506317990999946, 58.937909195000032 ], [ -137.497635847999959, 58.914436010000031 ], [ -137.471799972999975, 58.906654083000035 ], [ -137.445008894999944, 58.907491100000072 ], [ -137.423891025999978, 58.912763150000046 ], [ -137.392790979999972, 58.928327170000045 ], [ -137.338900035999984, 58.965545 ], [ -137.314181970999982, 58.981100136000066 ], [ -137.296108910999976, 58.989991156000031 ], [ -137.251681975, 59.006100168000046 ], [ -137.033081938999942, 59.077491184000053 ], [ -136.96972698799999, 59.09832708700003 ], [ -136.941955060999987, 59.109436126000048 ], [ -136.88833585899999, 59.131936004000067 ], [ -136.808899890999953, 59.165263290000041 ], [ -136.71972683499996, 59.165263290000041 ], [ -136.611390903999961, 59.164709078000044 ], [ -136.583891052999945, 59.163318185000037 ], [ -136.558344855999962, 59.186382165000055 ], [ -136.486526864999973, 59.255827072000045 ], [ -136.462626873999966, 59.295963144000041 ], [ -136.46249092, 59.372218179000072 ], [ -136.464173, 59.414154015000065 ], [ -136.463617949999957, 59.469709101000035 ], [ -136.371644834999984, 59.452491163000047 ], [ -136.296526888999949, 59.47360014800006 ], [ -136.233890937999945, 59.525827117000063 ], [ -136.239163993999966, 59.561382144000049 ], [ -136.298335872, 59.583600223000076 ], [ -136.345126839999978, 59.601663224000049 ], [ -136.310544951999987, 59.61250018700008 ], [ -136.207764042999941, 59.639436103000037 ], [ -136.159999934999973, 59.646663148000073 ], [ -136.120817890999945, 59.651654068000028 ], [ -136.071381928999983, 59.657491226000047 ], [ -135.949155004999966, 59.66915397300005 ], [ -135.823335931999964, 59.705554064000069 ], [ -135.506135880999977, 59.793882225000061 ], [ -135.473600014999988, 59.80193606000006 ], [ -135.336117859999945, 59.726653997000028 ], [ -135.177491011999962, 59.636936117000062 ], [ -135.154173059999948, 59.62720908600005 ], [ -135.12650892399995, 59.622209113000054 ], [ -135.097226912999986, 59.62137326900006 ], [ -135.014464000999965, 59.567500095000071 ], [ -135.01501787699999, 59.540554121000071 ], [ -135.01779094599999, 59.498882148000064 ], [ -135.028135890999977, 59.469300064000038 ], [ -135.063326975999985, 59.458045012000071 ], [ -135.079708902999982, 59.444709069000055 ], [ -135.091673063999963, 59.426936082000054 ], [ -134.951935840999965, 59.279991093000035 ], [ -134.738890995999952, 59.250273222000033 ], [ -134.68804486199997, 59.24332713900003 ], [ -134.673481975999948, 59.207491150000067 ], [ -134.65084480199999, 59.185544981000078 ], [ -134.566408861999946, 59.13054511100006 ], [ -134.532226957999967, 59.132209087000035 ], [ -134.466735962999962, 59.129091186000039 ], [ -134.382781982999973, 59.053600078000045 ], [ -134.325564093999958, 58.971100190000072 ], [ -134.32749997799999, 58.925473132000036 ], [ -134.238326921999942, 58.854436 ], [ -134.087491052999951, 58.808327150000082 ], [ -133.826935903999981, 58.726100177000035 ], [ -133.808344842999986, 58.709991165000076 ], [ -133.735808858999974, 58.644718100000034 ], [ -133.558899906999955, 58.52804502500004 ], [ -133.429990929999974, 58.459163215000046 ], [ -133.387908913999979, 58.412063289000059 ], [ -133.408908933999953, 58.400273136000067 ], [ -133.43029988699999, 58.359991218000062 ], [ -133.36111800399999, 58.280545025000038 ], [ -133.306117966999977, 58.257218189000071 ], [ -133.233608972999946, 58.211382086000071 ], [ -133.211399946999961, 58.196382167000081 ], [ -133.189863986999967, 58.18012714300005 ], [ -133.136963951999974, 58.135827108000058 ], [ -133.108399934999966, 58.085754121000036 ], [ -133.09124486099995, 58.040554037000049 ], [ -133.07082688, 58.012218175000044 ], [ -133.055555052999978, 57.997073250000028 ], [ -133.038609023999982, 57.982909175000032 ], [ -132.994990940999969, 57.951663283000073 ], [ -132.964717852999968, 57.933327032000079 ], [ -132.933199885999954, 57.909436093000068 ], [ -132.877344893999975, 57.859436029000051 ], [ -132.815900011999986, 57.798045126000034 ], [ -132.795973042999947, 57.77138212400007 ], [ -132.786664100999985, 57.751936109000042 ], [ -132.762844910999945, 57.720127122000065 ], [ -132.619444796999971, 57.583327085000064 ], [ -132.498199896999949, 57.470409103000065 ], [ -132.471926989, 57.451100215000054 ], [ -132.451109022999958, 57.435263280000072 ], [ -132.37443589899999, 57.375127148000047 ], [ -132.35415504599996, 57.354436084000042 ], [ -132.226655066999967, 57.20470914200007 ], [ -132.261399899999958, 57.168882205000045 ], [ -132.32423584299994, 57.089154045000043 ], [ -132.221099876999972, 57.068054112000027 ], [ -132.027499872999954, 57.036382085000071 ], [ -132.036681913, 57.01305407500007 ], [ -132.061955026999954, 56.959718181000028 ], [ -132.091944806999948, 56.893609105000053 ], [ -132.103055018999953, 56.866663298000049 ], [ -131.86172695, 56.79582716300007 ], [ -131.85803589599999, 56.718882130000054 ], [ -131.82437299899999, 56.598400151000078 ], [ -131.611117934999982, 56.602218107000056 ], [ -131.578891025999951, 56.603327033000028 ], [ -131.548617939, 56.599436154000045 ], [ -131.314455055999986, 56.509991188000072 ], [ -131.290008899999975, 56.500545119000037 ], [ -131.213318005999952, 56.469154053000068 ], [ -131.16473582499998, 56.445263282000042 ], [ -131.144473076999986, 56.434718177000036 ], [ -131.125826862999986, 56.424163182000029 ], [ -131.062772989999985, 56.400827125000035 ], [ -130.920008893999977, 56.382491209000079 ], [ -130.847226984999963, 56.374436032000062 ], [ -130.774446080999951, 56.366100062000044 ], [ -130.755864071999952, 56.353053965000072 ], [ -130.720554969999966, 56.325554114000056 ], [ -130.627200013999982, 56.25860919400003 ], [ -130.560717942999986, 56.250000141000044 ], [ -130.53277301299994, 56.246382177000044 ], [ -130.484709000999942, 56.239436094000041 ], [ -130.461946098999988, 56.235264253000082 ], [ -130.447508940999967, 56.206382226000073 ], [ -130.36526403, 56.123882170000059 ], [ -130.229154997999956, 56.090273253000078 ], [ -130.088590985, 56.118045013000028 ], [ -130.053890910999939, 56.075553960000036 ], [ -130.014463946999967, 56.024854007000044 ], [ -130.014735855999959, 55.909991088000027 ], [ -130.015072975999942, 55.90918223400007 ], [ -130.026808981999977, 55.894991169000036 ], [ -130.103745967999942, 55.821382134000032 ], [ -130.135408942999959, 55.808736021000072 ], [ -130.174435922999976, 55.757218162000072 ], [ -130.143890925999983, 55.541382143000078 ], [ -130.047517981999988, 55.379991111000038 ], [ -129.993655033999971, 55.281036038000082 ], [ -130.077499882999973, 55.225682117000076 ], [ -130.101926927999955, 55.205553983000073 ], [ -130.135554955999964, 55.17138213700008 ], [ -130.164735880999956, 55.126382213000056 ], [ -130.219999947999952, 55.053882103000035 ], [ -130.24221785899999, 55.026100117000055 ], [ -130.277218004999952, 54.983609065000053 ], [ -130.365964086999952, 54.90443612200005 ], [ -130.49804611799999, 54.831382136000059 ], [ -130.579435905999958, 54.796109075000061 ], [ -130.709254990999966, 54.76787312600004 ], [ -130.718264027999965, 54.798564135000049 ], [ -130.706390893999981, 54.844709194000075 ], [ -130.742664082999966, 54.955091148000065 ], [ -130.749999924999941, 54.872354052000048 ], [ -130.738309013999981, 54.852218038000046 ], [ -130.75096401199994, 54.820982206000053 ], [ -130.808472919999986, 54.771518080000078 ], [ -130.837773035999987, 54.767282202000047 ], [ -130.868864029999941, 54.771936002000075 ], [ -130.893891051999958, 54.780545055000061 ], [ -130.910555112999987, 54.791936061000058 ], [ -130.930972926999971, 54.821800112000062 ], [ -130.937226831999965, 54.855554036000058 ], [ -130.932490888999951, 54.871936130000051 ], [ -130.928617946999964, 54.932773157000042 ], [ -130.934582005999971, 54.958327066000038 ], [ -130.984982054999989, 54.989435996000054 ], [ -131.007799942999952, 55.000200204000066 ], [ -130.982208985999989, 55.051100149000035 ], [ -130.964717965999967, 55.063045032000048 ], [ -130.835417888999984, 55.103882167000052 ], [ -130.80067305599999, 55.106654063000065 ], [ -130.702791034999962, 55.116936143000032 ], [ -130.553208930999972, 55.223464266000065 ], [ -130.47415501099999, 55.325927165000053 ], [ -130.504455087999986, 55.315827139000078 ], [ -130.549746031999973, 55.282209170000044 ], [ -130.56499992199997, 55.267491218000032 ], [ -130.585008865999953, 55.229573164000044 ], [ -130.599426912999945, 55.214153983000074 ], [ -130.727782013999956, 55.126382213000056 ], [ -130.812654986999974, 55.141800053000054 ], [ -130.87345496599994, 55.115691096000035 ], [ -130.894317857999965, 55.097073212000055 ], [ -130.92042698399996, 55.089018036000027 ], [ -130.964717965999967, 55.084991202000026 ], [ -131.010072946999969, 55.087973147000071 ], [ -131.058764092999979, 55.127491139000028 ], [ -131.06645499199999, 55.186445087000038 ], [ -131.049990923, 55.204991222000046 ], [ -130.93153585499999, 55.284645118000071 ], [ -130.880373052999971, 55.289173190000042 ], [ -130.794154952999975, 55.286664151000082 ], [ -130.642226922999953, 55.287218027000051 ], [ -130.616108911999959, 55.294300065000073 ], [ -130.658964074999972, 55.344845121000048 ], [ -130.68554610699999, 55.338191230000064 ], [ -130.71700892199999, 55.307764251000037 ], [ -130.861263989999941, 55.310064246000081 ], [ -130.871917891999942, 55.336936124000033 ], [ -130.874690960999942, 55.413044979000063 ], [ -130.872217963999958, 55.50971816200007 ], [ -130.869017920999966, 55.547082172000046 ], [ -130.866635951999967, 55.578045090000046 ], [ -130.870546109999964, 55.604436015000033 ], [ -130.88639997699994, 55.707909102000031 ], [ -130.912508934999948, 55.741100097000071 ], [ -131.025846011999988, 55.834718077000048 ], [ -131.113735966999968, 55.901382203000082 ], [ -131.169464055999981, 55.941654063000044 ], [ -131.164226875999987, 55.985145076000038 ], [ -131.141399935999971, 56.002600054000027 ], [ -131.094817843999977, 56.022100217000059 ], [ -131.055846017999954, 56.056382201000076 ], [ -131.012791030999949, 56.106518052000069 ], [ -131.074435904999973, 56.094154074000073 ], [ -131.142381959999966, 56.050827011000081 ], [ -131.171399940999947, 56.031991198000071 ], [ -131.207217991999983, 56.011409099000048 ], [ -131.326673020999976, 55.964300121000065 ], [ -131.37013587199999, 55.961382213000036 ], [ -131.404035807999946, 55.994582093000076 ], [ -131.47860893099994, 55.975264153000069 ], [ -131.546391034999942, 55.951936143000069 ], [ -131.732635917999971, 55.885964195000042 ], [ -131.756255115999977, 55.879709116000072 ], [ -131.802644925999971, 55.88180006500005 ], [ -131.881382009999982, 55.863609156000052 ], [ -131.900573047999956, 55.855273186000034 ], [ -131.87484479699998, 55.838464117000058 ], [ -131.852626886, 55.834018188000073 ], [ -131.820555041999967, 55.830554115000041 ], [ -131.759108985999944, 55.814091219000034 ], [ -131.817226922999964, 55.663318047000075 ], [ -131.836944847999973, 55.635827081000059 ], [ -131.92361791799999, 55.534436060000075 ], [ -131.954991045999975, 55.501109109000026 ], [ -131.96249100599999, 55.498600071000055 ], [ -132.024717919999944, 55.527773117000038 ], [ -132.06279103899999, 55.54332708000004 ], [ -132.112763944999983, 55.554991168000072 ], [ -132.143064022999965, 55.567500153000083 ], [ -132.168064054999945, 55.584436124000035 ], [ -132.186935909999988, 55.606244998000079 ], [ -132.245272949999958, 55.723873107000031 ], [ -132.171444810999958, 55.799782137000079 ], [ -132.10471798899999, 55.805545030000076 ], [ -132.048335943999973, 55.822218145000079 ], [ -132.071381985999949, 55.862773145000062 ], [ -132.054655059999959, 55.942836079000074 ], [ -132.021255019999955, 55.956518027000072 ], [ -131.975964076999958, 55.95582702300004 ], [ -131.947490918999961, 55.964509166000028 ], [ -131.940844907999974, 56.010482228000058 ], [ -131.961654994999947, 56.055200185000047 ], [ -131.966644908999967, 56.081382233000056 ], [ -131.956790975999979, 56.164918124000053 ], [ -131.76974495099995, 56.196936156000049 ], [ -131.825290984999981, 56.213327136000032 ], [ -131.900844956999947, 56.22693599400003 ], [ -131.91917299499994, 56.239991143000054 ], [ -131.933317958999965, 56.25777318300004 ], [ -131.959726988999989, 56.296518028000037 ], [ -131.96831793699999, 56.325754106000034 ], [ -131.993044887, 56.357773144000078 ], [ -132.03709095, 56.373464234000039 ], [ -132.066099878999978, 56.37832707900003 ], [ -132.18612688799999, 56.422763236000037 ], [ -132.34166399899999, 56.523318079000035 ], [ -132.351055082999949, 56.543254101000059 ], [ -132.337981996, 56.598063198000034 ], [ -132.315735921999988, 56.633373139000071 ], [ -132.363435824999954, 56.62535400400003 ], [ -132.40929992299999, 56.60883612300006 ], [ -132.438644797999984, 56.60425407200006 ], [ -132.493863937999947, 56.611109127000077 ], [ -132.523899984999957, 56.618463242000075 ], [ -132.551117869, 56.637700212000027 ], [ -132.524444808999988, 56.714718168000047 ], [ -132.505863973999965, 56.726100122000048 ], [ -132.465272930999959, 56.745545132000075 ], [ -132.41583596299995, 56.77221802400004 ], [ -132.364973065999948, 56.817145025000059 ], [ -132.385700003999943, 56.822354043000075 ], [ -132.422635865999951, 56.811309041000072 ], [ -132.458890949999955, 56.782209085000034 ], [ -132.498899952999977, 56.750691117000031 ], [ -132.53499997199998, 56.755827045000046 ], [ -132.574155026999961, 56.765827158000036 ], [ -132.643063993999988, 56.788891138000054 ], [ -132.688044806999983, 56.80804512800006 ], [ -132.768890945999942, 56.843882123000071 ], [ -132.856109006999986, 56.931382152000026 ], [ -132.842909017999943, 56.966100162000032 ], [ -132.779644927999982, 56.958809080000037 ], [ -132.76522688099999, 56.981727047000049 ], [ -132.804135842999983, 57.083809073000054 ], [ -132.847563991999948, 57.060200101000078 ], [ -132.905273059999956, 57.033053967000058 ], [ -133.127199873, 57.079991116000031 ], [ -133.142244886999947, 57.116663284000026 ], [ -133.123763963999977, 57.151444997000056 ], [ -133.168255105999947, 57.162973131000058 ], [ -133.255844820999982, 57.116245027000048 ], [ -133.283755049999968, 57.099227081000038 ], [ -133.314726851999978, 57.101936112000033 ], [ -133.340544957999953, 57.110544997000034 ], [ -133.387635831999944, 57.129018041000052 ], [ -133.401399922, 57.135827164000034 ], [ -133.437635895999961, 57.140409048000038 ], [ -133.48859099399999, 57.16610008400005 ], [ -133.50836407099996, 57.193600102000062 ], [ -133.497981910999954, 57.255200218000027 ], [ -133.46804493799999, 57.280545081000071 ], [ -133.444155004999971, 57.282491192000066 ], [ -133.317990932999976, 57.281127121000054 ], [ -133.289181996999957, 57.276718072000051 ], [ -133.242490939999982, 57.275273200000072 ], [ -133.083890914999984, 57.321936093000033 ], [ -133.065964034999979, 57.346791118000056 ], [ -133.113618004999978, 57.328327126000033 ], [ -133.229844826999965, 57.31388209000005 ], [ -133.351008925999963, 57.328654021000034 ], [ -133.407499935999965, 57.338045105000049 ], [ -133.441317897999966, 57.355409056000042 ], [ -133.506817945999956, 57.484291211000027 ], [ -133.460873045999961, 57.540882133000082 ], [ -133.43550001899996, 57.554836158000057 ], [ -133.412226826999984, 57.556545061000065 ], [ -133.33256404499997, 57.575900216000036 ], [ -133.317854978999947, 57.59005406600005 ], [ -133.357481934999953, 57.591936138000051 ], [ -133.44798201399999, 57.582627029000037 ], [ -133.48156394199998, 57.57596324800005 ], [ -133.50448190899999, 57.571045083000058 ], [ -133.549163990999944, 57.565827013000046 ], [ -133.59936404699999, 57.574509155000044 ], [ -133.65940898499997, 57.627663162000033 ], [ -133.64056395199998, 57.696382196000059 ], [ -133.561108873999956, 57.708882128000027 ], [ -133.166944846999968, 57.573191185000042 ], [ -133.121735877999981, 57.54409122900006 ], [ -133.085826966999946, 57.518327102000057 ], [ -133.041735976999973, 57.503463306000071 ], [ -133.006426873999942, 57.513954096000077 ], [ -133.133326876999945, 57.586382121000042 ], [ -133.18057298299999, 57.616936003000035 ], [ -133.201108980999948, 57.620273173000044 ], [ -133.320282042999963, 57.661373165000043 ], [ -133.358890932999941, 57.677218147000076 ], [ -133.517791029999955, 57.745827043000077 ], [ -133.544526954999981, 57.768882138000038 ], [ -133.554444924999984, 57.824718186000041 ], [ -133.544344899999942, 57.908145113000046 ], [ -133.429026842999974, 57.90700014500004 ], [ -133.264191016999973, 57.875545041000066 ], [ -133.131099972999948, 57.853327130000082 ], [ -133.183335825999961, 57.891382144000033 ], [ -133.445555117999959, 57.918600196000057 ], [ -133.525844865999943, 57.923609053000064 ], [ -133.557644800999981, 57.923600169000053 ], [ -133.591063951999956, 57.911045083000033 ], [ -133.64056395199998, 57.870827036000037 ], [ -133.620473033, 57.825063185000033 ], [ -133.632782024999983, 57.796663286000069 ], [ -133.658908919999988, 57.784582113000056 ], [ -133.700608888999966, 57.791518138000072 ], [ -133.80417300199997, 57.897218128000077 ], [ -133.813017921999972, 57.972936051000033 ], [ -133.760635887999968, 58.029936010000029 ], [ -133.697235842999987, 58.10332711600006 ], [ -133.680209012999967, 58.145963176000066 ], [ -133.74896408799998, 58.132909200000029 ], [ -133.807773029999964, 58.047491236000042 ], [ -133.829299935999984, 58.008709176000082 ], [ -133.879864102999989, 57.991545049000081 ], [ -133.913344944999949, 57.980127053000047 ], [ -133.975555094999947, 58.013882151000075 ], [ -134.01250889399995, 58.040554037000049 ], [ -134.059717951999971, 58.078882134000082 ], [ -134.069455041999959, 58.101109097000062 ], [ -134.086044839999943, 58.189018163000071 ], [ -134.051935857999979, 58.253327141000057 ], [ -133.995273018999967, 58.340273126000056 ], [ -134.008954966999966, 58.389936070000033 ], [ -133.928481990999956, 58.491382245000068 ], [ -133.902790954999944, 58.505691159000037 ], [ -133.87997306799997, 58.50943602600006 ], [ -133.85833585499995, 58.50943602600006 ], [ -133.817508945999975, 58.503191173000062 ], [ -133.79374490899994, 58.506109081000034 ], [ -133.774035868999988, 58.515000101000055 ], [ -133.859435895999979, 58.521663211000032 ], [ -133.88109993099999, 58.521382250000045 ], [ -133.924708960999965, 58.512218147000056 ], [ -133.972699882999962, 58.497836143000029 ], [ -134.043882022999981, 58.393209203000026 ], [ -134.099226890999944, 58.240273165000076 ], [ -134.149244892999945, 58.200482092000072 ], [ -134.180554988999972, 58.197073172000046 ], [ -134.239772967999954, 58.208673223000062 ], [ -134.383635930999958, 58.28694511100008 ], [ -134.489299878999987, 58.34651814700004 ], [ -134.518481977999954, 58.35569113400004 ], [ -134.539735969999981, 58.359163254000066 ], [ -134.57500886299999, 58.352218176000065 ], [ -134.640564062999943, 58.356100171000037 ], [ -134.757644833999962, 58.381973262000031 ], [ -134.771117904999983, 58.435818105000067 ], [ -134.773481936999985, 58.460545055000068 ], [ -134.947354962999952, 58.631936033000045 ], [ -134.975008873999968, 58.645827025000074 ], [ -134.921391011999958, 58.687763196000049 ], [ -134.930690901999981, 58.777354006000053 ], [ -134.951108882999961, 58.815127053000083 ], [ -135.000308977999964, 58.805545029000029 ], [ -135.018617904, 58.777909056000055 ], [ -135.027435833999959, 58.742144984000049 ], [ -135.059717896, 58.752627057000041 ], [ -135.145426879999945, 58.843118084000082 ], [ -135.131208992999973, 58.88141818400004 ], [ -135.233064035999973, 59.128327092000063 ], [ -135.283335841999985, 59.203463143000079 ], [ -135.31499999, 59.221654052000076 ], [ -135.359644855999989, 59.26152710100007 ], [ -135.356063938999966, 59.330382089000068 ], [ -135.347544907999975, 59.366882092000083 ], [ -135.335144887999945, 59.394836075000057 ], [ -135.32540897199999, 59.453045040000063 ], [ -135.34783592799999, 59.464154079000082 ], [ -135.398744925999949, 59.368073161000041 ], [ -135.45971790699997, 59.290827049000029 ], [ -135.428617860999964, 59.25694505000007 ], [ -135.36026394299995, 59.209436087000029 ], [ -135.343890900999952, 59.189018106000049 ], [ -135.303391053999974, 59.092836102000035 ], [ -135.365955087999964, 59.126873167000042 ], [ -135.384317993999957, 59.15777322100007 ], [ -135.394335876999946, 59.180127086000027 ], [ -135.415555, 59.199018052000042 ], [ -135.46860004199999, 59.218882157000053 ], [ -135.488308913999958, 59.22387324500005 ], [ -135.546672943999965, 59.225336055000071 ], [ -135.445690959999979, 59.128609059000041 ], [ -135.39634485199997, 59.070700167000041 ], [ -135.39015498399999, 58.961654120000048 ], [ -135.326108860999966, 58.86666318500005 ], [ -135.312500002999968, 58.848327101000052 ], [ -135.244626871999969, 58.721382171000073 ], [ -135.188044833999982, 58.662491087000035 ], [ -135.16973590799995, 58.645827025000074 ], [ -135.185272938999958, 58.622491136000065 ], [ -135.180555100999982, 58.56069119600005 ], [ -135.164464025999962, 58.543745 ], [ -135.091673063999963, 58.436654117000046 ], [ -135.072781929999962, 58.397218100000032 ], [ -135.049435814999981, 58.340545035000048 ], [ -135.050764011999945, 58.304573259000051 ], [ -135.085535833999984, 58.233045115000039 ], [ -135.156955013999948, 58.207218124000065 ], [ -135.274872968999944, 58.23374500400007 ], [ -135.321244842999988, 58.249718062000056 ], [ -135.344144872999948, 58.265000115000078 ], [ -135.36831794699998, 58.292218166000055 ], [ -135.402708894999989, 58.346727024000074 ], [ -135.407655055999953, 58.382218181000042 ], [ -135.470900036999979, 58.471445050000057 ], [ -135.509582016999957, 58.475200142000062 ], [ -135.609708879999971, 58.42027319500005 ], [ -135.75528191899997, 58.395545072000061 ], [ -135.910355006999964, 58.381100203000074 ], [ -135.887508955999976, 58.451100159000077 ], [ -135.847626854999987, 58.467909060000068 ], [ -135.83653592099995, 58.538191151000035 ], [ -135.871644862999972, 58.601936028000068 ], [ -135.888917953999965, 58.612500075000071 ], [ -135.929990955999983, 58.656100221000031 ], [ -136.065690951999954, 58.818327096000075 ], [ -135.94511794499999, 58.861045131000083 ], [ -135.851381947999982, 58.876654078000058 ], [ -135.765944872999967, 58.895963301000052 ], [ -135.803754967999964, 58.909018115000038 ], [ -135.833073020999961, 58.910273221000068 ], [ -135.927535896999984, 58.901854103000062 ], [ -135.956117851999977, 58.889436145000047 ], [ -136.045835899, 58.891109173000075 ], [ -136.069117976999962, 58.944663164000076 ], [ -136.087444839999989, 58.984663283000032 ], [ -136.100554974999966, 59.011382108000078 ], [ -136.143199918999983, 59.031800089000058 ], [ -136.164108911999961, 59.027427083000077 ], [ -136.143890922999958, 59.015545064000037 ], [ -136.108273031999943, 58.929327131000036 ], [ -136.094435849999968, 58.862491176000049 ], [ -136.103609004999953, 58.830545061000066 ], [ -136.129855090999968, 58.778191191000076 ], [ -136.16709991, 58.754718174000061 ], [ -136.236508941999944, 58.751727008000046 ], [ -136.469026959999951, 58.829582148000043 ], [ -136.580835848999982, 58.915827071000081 ], [ -136.655564035999987, 58.966236004000052 ], [ -136.68389989799999, 58.912209106000034 ], [ -136.766964055999949, 58.941654061000065 ], [ -136.883754980999981, 58.991518171000052 ], [ -137.03861785099997, 59.067909160000056 ], [ -137.064300001999982, 59.061863294000034 ], [ -137.05082693099996, 59.035200124000028 ], [ -136.97748192499995, 58.988882230000058 ], [ -137.006544833999953, 58.931300064000027 ], [ -137.04069991599999, 58.906036002000064 ], [ -137.114008878999982, 58.84680008600003 ], [ -137.118590929999982, 58.822709155000041 ], [ -137.045835842999963, 58.861109168000041 ], [ -137.028626957999961, 58.873882183000035 ], [ -136.986617864999971, 58.887882141000034 ], [ -136.908054955999944, 58.888882102000082 ], [ -136.734982065999986, 58.868045026000061 ], [ -136.578044842999986, 58.839436081000031 ], [ -136.558626990999983, 58.832218089000037 ], [ -136.538055117999988, 58.823053987000037 ], [ -136.504944923999972, 58.788800166000044 ], [ -136.548191017999955, 58.772009202000049 ], [ -136.56735506699999, 58.793954030000066 ], [ -136.584163967999984, 58.808327150000082 ], [ -136.635755084999971, 58.814300095000078 ], [ -136.582217856999989, 58.769153990000063 ], [ -136.490035864999982, 58.747154009000042 ], [ -136.378599970999971, 58.71901813900007 ], [ -136.342908988999966, 58.680336159000035 ], [ -136.464155062999964, 58.614718095000057 ], [ -136.488309024999978, 58.609718122000061 ], [ -136.519244953999987, 58.610273171000074 ], [ -136.48484495299999, 58.592909053000028 ], [ -136.460535924999988, 58.594709151000075 ], [ -136.37664480799998, 58.619991150000033 ], [ -136.328890925999985, 58.641936146000035 ], [ -136.287091045999944, 58.66180008300006 ], [ -136.255573077999941, 58.649991155000066 ], [ -136.189164096999946, 58.61485404900003 ], [ -136.122499970999968, 58.564436063000073 ], [ -136.08083587699997, 58.511663265000038 ], [ -136.044463948999976, 58.427491188000033 ], [ -136.028335826999978, 58.385273218000066 ], [ -136.050844924999979, 58.360973242000057 ], [ -136.082900004999942, 58.340263236000055 ], [ -136.254455099999973, 58.307773135000048 ], [ -136.278308989999971, 58.327182102000052 ], [ -136.271944946999952, 58.357218149000062 ], [ -136.302217865999978, 58.381382170000052 ], [ -136.479426889999957, 58.415827099000069 ], [ -136.53660890399999, 58.359018079000066 ], [ -136.480544868999971, 58.338109086000031 ], [ -136.480282011999975, 58.359436001000063 ], [ -136.445690902999957, 58.368291146000047 ], [ -136.412335957999971, 58.364773262000028 ], [ -136.384444839999958, 58.350391089000027 ], [ -136.354426897, 58.337491173000046 ], [ -136.36735497699999, 58.298536110000043 ], [ -136.495972934999941, 58.308600093000052 ], [ -136.531955103999962, 58.333745132000047 ], [ -136.582490939999957, 58.35110908300004 ], [ -136.64778194199999, 58.334500174000027 ], [ -136.629426914999954, 58.315691183000069 ], [ -136.600817970999969, 58.303945120000037 ], [ -136.560408982999945, 58.261800072000028 ], [ -136.572782013999984, 58.239991198000041 ], [ -136.598526861999972, 58.221173155000031 ], [ -136.620273038999983, 58.216663188000041 ], [ -136.658908918999941, 58.216518181000026 ], [ -136.687363970999968, 58.226800094000055 ], [ -136.704990945999953, 58.238045088000035 ], [ -136.834717996999984, 58.356591183000035 ], [ -136.861663971999974, 58.379853982000043 ], [ -136.94998207399999, 58.396100122000064 ], [ -136.990417883999953, 58.402354028000047 ], [ -137.018335823999962, 58.402491155000064 ], [ -137.056872964999968, 58.395618162000062 ], [ -137.14807293399997, 58.415827099000069 ], [ -137.265017917999955, 58.456100132000074 ], [ -137.386408997999979, 58.506382163000069 ], [ -137.526672939999969, 58.567773234000072 ], [ -137.585535860999983, 58.593609110000045 ], [ -137.574708956999984, 58.612500075000071 ], [ -137.535000025999977, 58.625263199000074 ], [ -137.442490971999973, 58.653045018000057 ], [ -137.461117907999949, 58.670273181000027 ], [ -137.491090922999945, 58.679300156000068 ], [ -137.603055044999962, 58.648609147000059 ], [ -137.675554986999941, 58.657491114000038 ], [ -137.694455004999952, 58.67708213700007 ], [ -137.749144911999963, 58.708045055000071 ], [ -137.772935937999989, 58.71999111100007 ], [ -137.833890981999957, 58.748045005000051 ], [ -137.87117301699999, 58.764018063000037 ], [ -137.910555053999985, 58.785000146000073 ], [ -137.92750896199999, 58.80582716400005 ], [ -137.91784496299999, 58.833809142000064 ], [ -137.926390983999966, 58.861382251000066 ], [ -137.945690986999978, 58.886936159000072 ], [ -137.965000041999986, 58.904709147000062 ], [ -138.02168199099998, 58.934853991000068 ], [ -138.042509008999957, 58.945263141000055 ], [ -138.179717914999969, 59.019436111000061 ], [ -138.200290960999951, 59.029718024000033 ], [ -138.38917295899995, 59.104018064000059 ], [ -138.470826944999942, 59.110691233000068 ], [ -138.51529093, 59.105273170000032 ], [ -138.544999914999948, 59.105827046000059 ], [ -138.574708899999962, 59.109991176000051 ], [ -138.599535929999945, 59.123218154000028 ], [ -138.55361785299999, 59.124709127000074 ], [ -138.498317910999958, 59.119709155000066 ], [ -138.439226834999943, 59.184645100000068 ], [ -138.460264070999983, 59.192763308000053 ], [ -138.523073023999984, 59.185544981000078 ], [ -138.624417944999948, 59.166936150000026 ], [ -138.65111799499999, 59.160818031000076 ], [ -138.76000897599999, 59.19610014400007 ], [ -138.792508966999947, 59.207773118000034 ], [ -138.950835909999967, 59.263054116000035 ], [ -138.978609010999946, 59.269436097000039 ], [ -138.998872932999973, 59.273882194000066 ], [ -139.080835875999981, 59.285827077000079 ], [ -139.161955096999975, 59.303600064000079 ], [ -139.195973050999953, 59.318463190000045 ], [ -139.160573088999968, 59.324854056000049 ], [ -139.230272971999966, 59.379018082000073 ], [ -139.255282056999988, 59.377773202000071 ], [ -139.290835910999988, 59.359300158000053 ], [ -139.334990938999965, 59.358609154000078 ], [ -139.40493590899996, 59.378436043000079 ], [ -139.439972934999957, 59.391600157000028 ], [ -139.409944934999942, 59.385936002000051 ], [ -139.375673008999968, 59.376391194000064 ], [ -139.333600045999958, 59.393427077000069 ], [ -139.43581785799995, 59.424773215000073 ], [ -139.513672997999947, 59.434773161000066 ], [ -139.710535908999987, 59.495827112000029 ], [ -139.730563963999941, 59.546391110000059 ], [ -139.635008925999955, 59.580827154000076 ], [ -139.59027303199997, 59.613882195000031 ], [ -139.530855061999944, 59.676100056000053 ], [ -139.524173008999981, 59.74040920300007 ], [ -139.575973002999945, 59.790000063000036 ], [ -139.609864054999946, 59.855273128000078 ], [ -139.615126883999949, 59.893600219000064 ], [ -139.481244923999952, 59.985053991000029 ], [ -139.457490944999961, 59.983609118000061 ], [ -139.43581785799995, 59.973600120000071 ], [ -139.360808876999954, 59.913609163000046 ], [ -139.316955094999969, 59.869991079000044 ], [ -139.312390980999965, 59.715436161000071 ], [ -139.329499953999971, 59.600200079000047 ], [ -139.29000895199999, 59.572773151000035 ], [ -139.262572971999987, 59.572982195000066 ], [ -139.22442693, 59.616100214000028 ], [ -139.259735864999982, 59.685263153000051 ], [ -139.277817976999984, 59.743027039000083 ], [ -139.270799976999967, 59.800827135000077 ], [ -139.218217950999986, 59.831954003000078 ], [ -139.183208920999959, 59.837291096000058 ], [ -139.147554986999978, 59.839791082000033 ], [ -139.048482064999973, 59.845273182000028 ], [ -139.004881918999956, 59.837209121000058 ], [ -138.98318201, 59.821245116000057 ], [ -138.96570004199998, 59.809718155000041 ], [ -138.937499966999951, 59.804991097000027 ], [ -138.899735971999974, 59.805336096000076 ], [ -138.986935928999969, 59.843045105000044 ], [ -139.041381921999971, 59.857773114000054 ], [ -139.126664098999981, 59.867663257000061 ], [ -139.17409091899998, 59.868827168000053 ], [ -139.20248193399999, 59.872745038000062 ], [ -139.272799898999949, 59.894718029000046 ], [ -139.360064060999946, 59.95554499800005 ], [ -139.37916407199998, 59.981382214000064 ], [ -139.39807297499999, 59.995273207000082 ], [ -139.499999934999948, 60.033053965000079 ], [ -139.541673080999942, 60.030545094000047 ], [ -139.585817882999947, 60.00332704300007 ], [ -139.681944901999941, 59.931663279000077 ], [ -139.77807292599999, 59.858327158000066 ], [ -139.919155108999973, 59.799718041000062 ], [ -139.999144952999984, 59.780818191000037 ], [ -140.086944885999969, 59.759163208000075 ], [ -140.145572945999959, 59.74221818500007 ], [ -140.23110892699998, 59.711100202000068 ], [ -140.259464066999954, 59.706100062000075 ], [ -140.310544893999975, 59.700273130000028 ], [ -140.379699953999989, 59.698327020000079 ], [ -140.403355025999986, 59.698045053000044 ], [ -140.455835966, 59.701100089000079 ], [ -140.612763968999957, 59.713882156000068 ], [ -140.83890000599996, 59.739436064000074 ], [ -140.877764041999967, 59.745827098000063 ], [ -140.93277296399998, 59.763054088000047 ], [ -141.012790969999969, 59.786945027000058 ], [ -141.042509007999968, 59.793882225000061 ], [ -141.210817959, 59.832773250000059 ], [ -141.376644861999978, 59.866391220000082 ], [ -141.395844951999948, 59.908882104000043 ], [ -141.354708917999972, 59.913609163000046 ], [ -141.273408982999968, 59.944427074000032 ], [ -141.26016406799999, 59.973463160000051 ], [ -141.25695497199996, 59.995963206000056 ], [ -141.260554998999964, 60.018882179000059 ], [ -141.281955004, 60.073882216000072 ], [ -141.384855104, 60.137909060000027 ], [ -141.41363587699999, 60.137500191000072 ], [ -141.473773014999949, 60.112527148000027 ], [ -141.455763992999948, 60.079227020000076 ], [ -141.418826956999965, 60.064573107000058 ], [ -141.380890965999981, 60.032218122000074 ], [ -141.400573015999953, 60.018327129000056 ], [ -141.425844956999981, 60.011109137000062 ], [ -141.610535836, 59.963882142000045 ], [ -141.640835912999989, 59.959436045000075 ], [ -141.730955118, 59.953327146000049 ], [ -141.845555012999966, 59.99874499200007 ], [ -141.879426954999985, 60.009991159000037 ], [ -141.89889996, 60.014718049000066 ], [ -141.930572992999942, 60.020544981000057 ], [ -141.97888192399995, 60.026382138000031 ], [ -142.154726876999973, 60.042218068000068 ], [ -142.536681991999956, 60.088882135000063 ], [ -142.654999931999953, 60.103609139000071 ], [ -142.71722684599996, 60.109991120000075 ], [ -142.768335835999949, 60.110544996000044 ], [ -142.821926874999974, 60.105273114000056 ], [ -142.884464086999969, 60.097773155000027 ], [ -142.915835873999981, 60.09388210700007 ], [ -143.005864052999982, 60.079991115000041 ], [ -143.04583584, 60.073882216000072 ], [ -143.131926870999962, 60.065273163000029 ], [ -143.16418194299996, 60.062209075000055 ], [ -143.186672935999979, 60.06054509900008 ], [ -143.215699969999946, 60.060691112000029 ], [ -143.273344832999953, 60.061663245000034 ], [ -143.320555063999961, 60.059991223000054 ], [ -143.41278198399999, 60.054991082000072 ], [ -143.67166410499999, 60.035827034000079 ], [ -143.739435982999964, 60.026936014000057 ], [ -143.786817875999986, 60.017353990000061 ], [ -143.835282039999981, 60.001109191000069 ], [ -143.868591052999989, 59.992354126000066 ], [ -143.900573042999952, 59.991100193000079 ], [ -143.932508931999962, 59.996654042000046 ], [ -143.965563972999973, 60.008191229000033 ], [ -144.006855071999979, 60.043045026000073 ], [ -144.030854975999972, 60.062209075000055 ], [ -144.155000014999956, 60.122218137000061 ], [ -144.253626851999968, 60.190827032000072 ], [ -144.340699906999959, 60.199436085000059 ], [ -144.378217975999974, 60.185618182000042 ], [ -144.445690955999964, 60.172627071000079 ], [ -144.574155020999967, 60.185818175000065 ], [ -144.620544831999979, 60.197773115000075 ], [ -144.642155054999961, 60.213500080000074 ], [ -144.655426960999961, 60.24048209700004 ], [ -144.703463982999978, 60.278736098000081 ], [ -144.791109018999975, 60.29971818100006 ], [ -144.831117853999956, 60.300545139000064 ], [ -144.872773062999983, 60.299991095000053 ], [ -144.902799890999972, 60.28527314400003 ], [ -144.920290910999967, 60.289436100000046 ], [ -144.931535904999976, 60.297353981000072 ], [ -144.914735887999967, 60.378873186000078 ], [ -144.833073016999975, 60.517209123000043 ], [ -144.753626991999965, 60.627491164000048 ], [ -144.613735876999982, 60.680473174000042 ], [ -144.61139095599998, 60.715545069000029 ], [ -144.663054995999971, 60.708045110000057 ], [ -144.687773059999984, 60.703600186000074 ], [ -144.708618014999956, 60.696936070000049 ], [ -144.753908958999972, 60.678045105000081 ], [ -144.857208874999969, 60.618600144000027 ], [ -144.959990956999974, 60.543882183000051 ], [ -145.097000037999976, 60.437073267000073 ], [ -145.230135841999981, 60.365409168000042 ], [ -145.248763950999972, 60.357491119000031 ], [ -145.28846399699998, 60.35069121600003 ], [ -145.349426919999956, 60.352218064000056 ], [ -145.375826897999957, 60.356800115000055 ], [ -145.480272954999975, 60.395200128000056 ], [ -145.496244839999974, 60.420618082000033 ], [ -145.544464084999959, 60.439991175000046 ], [ -145.653626973999963, 60.467491193000058 ], [ -145.675291008999977, 60.470827023000027 ], [ -145.723190903999978, 60.472073245000047 ], [ -145.761964078999966, 60.468045069000027 ], [ -145.859435889999958, 60.491663261000042 ], [ -145.76738197399996, 60.539163171000041 ], [ -145.739435869999966, 60.556936159000031 ], [ -145.625364034999961, 60.667000103000078 ], [ -145.658555030999963, 60.669363297000075 ], [ -145.687926895999965, 60.653882089000035 ], [ -145.717773008999956, 60.645000122000056 ], [ -145.830555036999982, 60.62360011700008 ], [ -145.865917950999972, 60.62482706000003 ], [ -145.887791030999978, 60.675554003000059 ], [ -145.999144949999959, 60.634991124000067 ], [ -146.215290931999959, 60.632354009000039 ], [ -146.244172958999968, 60.635963257000071 ], [ -146.261608993999971, 60.654436133000047 ], [ -146.155064106999959, 60.698991145000036 ], [ -146.135226991999957, 60.705491144000064 ], [ -146.103899963999964, 60.714491128000077 ], [ -146.016873009999983, 60.745336029000043 ], [ -146.038055085999957, 60.795691151000028 ], [ -146.060699970999963, 60.785691205000035 ], [ -146.141372938999979, 60.760354053000071 ], [ -146.175644864999981, 60.742063231000031 ], [ -146.426391007999968, 60.696654103000071 ], [ -146.457763968999956, 60.692218065000077 ], [ -146.49331799, 60.688327018000052 ], [ -146.644026956999966, 60.694082200000082 ], [ -146.689099970999962, 60.743400145000066 ], [ -146.603335833999978, 60.76138217700003 ], [ -146.527799966999964, 60.772491216000049 ], [ -146.506135931999978, 60.775273170000048 ], [ -146.465899946999969, 60.774363231000052 ], [ -146.428890993999971, 60.77470906800005 ], [ -146.254726947999956, 60.810273148000078 ], [ -146.125264094999977, 60.845409080000081 ], [ -146.14807309699998, 60.860691134000035 ], [ -146.234844905999978, 60.890482094000049 ], [ -146.261826922999973, 60.870409112000061 ], [ -146.277799980999959, 60.853882179000038 ], [ -146.310272981999958, 60.835273180000058 ], [ -146.36330897199997, 60.820545003000063 ], [ -146.393617933999963, 60.815273121000075 ], [ -146.393200011999966, 60.839718103000052 ], [ -146.432772988999972, 60.829163276000031 ], [ -146.45499106699998, 60.819718044000069 ], [ -146.477781964999963, 60.817500193000058 ], [ -146.518908946999971, 60.81700918100006 ], [ -146.549164096999959, 60.82138218700004 ], [ -146.690708960999956, 60.87853603800005 ], [ -146.729999969999966, 60.918191157000081 ], [ -146.755426975999967, 60.952491079000083 ], [ -146.640017891999975, 61.070544989000041 ], [ -146.61116402899998, 61.080409148000058 ], [ -146.425564048999973, 61.084991199000058 ], [ -146.321926844999979, 61.084163234000073 ], [ -146.295009033999975, 61.084163234000073 ], [ -146.244017892999977, 61.088600111000062 ], [ -146.272800007999962, 61.116936141000053 ], [ -146.296808963999979, 61.12930011800006 ], [ -146.412781981999956, 61.135827106000079 ], [ -146.579299888999969, 61.131791220000082 ], [ -146.601382012999977, 61.125409071000036 ], [ -146.785826965999973, 61.042500146000066 ], [ -146.846390909999968, 61.004436080000062 ], [ -146.857344883999957, 60.98596320300004 ], [ -146.880008879999963, 60.971382212000037 ], [ -146.944026838999974, 60.94471803700003 ], [ -146.96916399899996, 60.939991147000057 ], [ -147.022855117999967, 60.956244998000045 ], [ -146.988190919999965, 60.97895408800008 ], [ -146.980191063999968, 61.000691213000039 ], [ -147.048335936999962, 61.009718188000079 ], [ -147.091944966999961, 61.011936039000034 ], [ -147.208890956999966, 60.986936007000054 ], [ -147.253955085999962, 60.934363202000043 ], [ -147.366944817999979, 60.88777323100004 ], [ -147.536999886999979, 60.917373251000072 ], [ -147.54169090299996, 60.97776318800004 ], [ -147.526117997999961, 61.033336044000066 ], [ -147.510282067999981, 61.093045034000056 ], [ -147.519181972999974, 61.151445107000029 ], [ -147.55096397, 61.153182172000072 ], [ -147.573335939999964, 61.139854108000065 ], [ -147.616635846999969, 60.959991206000041 ], [ -147.604426933999974, 60.895691112000065 ], [ -147.668064018999956, 60.853054047000057 ], [ -147.749417933999979, 60.837491199000056 ], [ -147.787226854999972, 60.821663149000074 ], [ -147.860408916999972, 60.83139118500003 ], [ -147.892517975999965, 60.846382219000077 ], [ -147.914517956999958, 60.889891170000055 ], [ -147.959626845999964, 60.915363271000047 ], [ -148.050281989999974, 60.947353978000081 ], [ -147.92416401899996, 61.071000126000058 ], [ -147.757782066999965, 61.184436110000036 ], [ -147.715681946999979, 61.275409096000033 ], [ -147.737764070999958, 61.274436125000079 ], [ -147.759463979999964, 61.260827099000039 ], [ -147.959163996999962, 61.116382097000042 ], [ -147.995617899999957, 61.076382146000071 ], [ -148.014591007999968, 61.052253999000072 ], [ -148.040218006999964, 61.036882092000042 ], [ -148.07151787799998, 61.017773197000054 ], [ -148.12003585399998, 61.054218047000063 ], [ -148.139391008999979, 61.079209194000043 ], [ -148.188044939999969, 61.094709177000027 ], [ -148.247773040999959, 61.092763235000064 ], [ -148.275572963999963, 61.089300168000079 ], [ -148.382491011999974, 61.064436090000072 ], [ -148.404172983999956, 61.054436144000078 ], [ -148.442291029999978, 60.988463190000061 ], [ -148.417782009999968, 60.983045128000072 ], [ -148.396391057999978, 60.986109049000049 ], [ -148.374690980999958, 60.996100110000043 ], [ -148.354426891999964, 61.006945119000079 ], [ -148.325408910999982, 61.025482201000045 ], [ -148.264035944999961, 61.055545070000051 ], [ -148.242490932999971, 61.062209186000075 ], [ -148.199435945999966, 61.06832713700004 ], [ -148.163955014999971, 61.057018106000044 ], [ -148.172635983999982, 61.017218147000051 ], [ -148.304026842999974, 60.847909067000046 ], [ -148.344572958999976, 60.812491167000076 ], [ -148.373454984999967, 60.808463160000031 ], [ -148.401672997999981, 60.822073191000072 ], [ -148.434735917999973, 60.83680019500008 ], [ -148.468318012999958, 60.839718103000052 ], [ -148.601254997999973, 60.826945089000048 ], [ -148.692364105999957, 60.788118101000066 ], [ -148.671935899999966, 60.784163184000079 ], [ -148.640000009999966, 60.788882196000031 ], [ -148.597355065999977, 60.802082185000074 ], [ -148.56695507699996, 60.807491194000079 ], [ -148.459291038999964, 60.797491081000032 ], [ -148.529355031999984, 60.78230022200006 ], [ -148.586108898999981, 60.769300058000056 ], [ -148.631099937999977, 60.750273138000068 ], [ -148.648617947999981, 60.738045115000034 ], [ -148.670563949999973, 60.714436143000057 ], [ -148.700135974999966, 60.673882149000065 ], [ -148.660282036999973, 60.671245034000037 ], [ -148.584163961999963, 60.710127174000036 ], [ -148.576464009999967, 60.733318057000076 ], [ -148.495744941999959, 60.763300124000068 ], [ -148.442000010999976, 60.769882098000039 ], [ -148.394163985999967, 60.77777315700007 ], [ -148.229717917999977, 60.765827100000081 ], [ -148.252408903999964, 60.741836082000077 ], [ -148.251644809999959, 60.702827040000045 ], [ -148.204573046999968, 60.617491218000055 ], [ -148.328326985999979, 60.53687323500003 ], [ -148.399444919999979, 60.554991222000069 ], [ -148.430826933999981, 60.578636068000037 ], [ -148.48109102799998, 60.578118066000059 ], [ -148.509181970999975, 60.566382228000066 ], [ -148.608890911999964, 60.519718162000061 ], [ -148.647244823999984, 60.497491198000034 ], [ -148.680417882999961, 60.472763243000031 ], [ -148.687144862999958, 60.451591226000062 ], [ -148.673064103999963, 60.446936084000072 ] ] ], [ [ [ -153.597781925999982, 57.598873169000058 ], [ -153.585590950999972, 57.605445084000053 ], [ -153.61137301399998, 57.63790920100007 ], [ -153.678755133999971, 57.670127057000059 ], [ -153.710400003999979, 57.680127171000038 ], [ -153.746644861999982, 57.687491176000037 ], [ -153.789599936999963, 57.694436085000063 ], [ -153.858335901999965, 57.700544984000032 ], [ -153.895008906999976, 57.703945019000059 ], [ -153.927372943999984, 57.728045003000034 ], [ -153.937226876999972, 57.779709042000036 ], [ -153.929317880999974, 57.808327039000062 ], [ -153.903627012999976, 57.831663263000053 ], [ -153.752226873999973, 57.897218128000077 ], [ -153.732073090999961, 57.902491184000041 ], [ -153.643063984999969, 57.866100145000075 ], [ -153.57110903399996, 57.829300070000045 ], [ -153.55819989699998, 57.811653984000031 ], [ -153.555099933999969, 57.753463292000049 ], [ -153.545154972999967, 57.686518037000042 ], [ -153.531399934999968, 57.658327014000065 ], [ -153.506191025999982, 57.628463299000032 ], [ -153.320508902999961, 57.727245034000077 ], [ -153.406035831999958, 57.788818159000073 ], [ -153.450135874999972, 57.791727015000049 ], [ -153.473464051999969, 57.810336014000029 ], [ -153.470673045999973, 57.840891236000061 ], [ -153.213044857999961, 57.788327147000075 ], [ -153.193055024999978, 57.837491201000034 ], [ -153.150573024999971, 57.863882126000078 ], [ -153.096644864999973, 57.837773168000069 ], [ -153.05118192499998, 57.83027320900004 ], [ -153.173890975999967, 57.925273197000081 ], [ -153.19610888699998, 57.941100074000076 ], [ -153.23056404099998, 57.950000146000036 ], [ -153.262644937999966, 57.956244999000035 ], [ -153.294863967999959, 57.994436135000058 ], [ -153.258617935999979, 58.002354017000073 ], [ -153.23056404099998, 57.991663234000043 ], [ -153.187500001999979, 57.973600065000028 ], [ -153.116944828999976, 57.950000146000036 ], [ -153.032773085999963, 57.933600114000058 ], [ -152.999755092999976, 57.946354018000079 ], [ -152.949982010999975, 57.947209140000041 ], [ -152.840817947999966, 57.924436012000058 ], [ -152.813472993999966, 57.909573221000073 ], [ -152.830690931999982, 57.894018085000027 ], [ -152.879790947999965, 57.880200183000056 ], [ -152.909590960999964, 57.834854086000064 ], [ -152.920564044999963, 57.757773266000072 ], [ -152.877490953999967, 57.728873135000072 ], [ -152.85728201699996, 57.749163208000027 ], [ -152.860535871999957, 57.794018124000047 ], [ -152.849918011999961, 57.834645042000034 ], [ -152.801390983999966, 57.858809063000081 ], [ -152.691681928999969, 57.880545014000063 ], [ -152.623599920999965, 57.927491216000078 ], [ -152.592226959999977, 57.93054507800008 ], [ -152.497772968999982, 57.90999114300007 ], [ -152.477217859999968, 57.903182188000073 ], [ -152.353608927999971, 57.838327044000039 ], [ -152.329926865999965, 57.818918077000035 ], [ -152.383909004999964, 57.78999112300005 ], [ -152.425564045999977, 57.777491191000081 ], [ -152.448055039999957, 57.768882138000038 ], [ -152.478882002999967, 57.751391118000072 ], [ -152.551608926999961, 57.70422715400008 ], [ -152.435272972999968, 57.604718038000044 ], [ -152.425017881999963, 57.603609112000072 ], [ -152.405426858999959, 57.616800216000058 ], [ -152.338591071999957, 57.63304501500005 ], [ -152.163544913999971, 57.626100105000035 ], [ -152.15229992099998, 57.608191163000072 ], [ -152.216400021999959, 57.55749121000008 ], [ -152.335773075999981, 57.427491076000081 ], [ -152.361799890999976, 57.423044980000043 ], [ -152.524444855999974, 57.436100129000067 ], [ -152.652500051999965, 57.465545084000041 ], [ -152.731017865999974, 57.504163195000046 ], [ -152.926935967999981, 57.516936042000054 ], [ -153.024464105999982, 57.47123606100007 ], [ -153.03699102799996, 57.433291186000076 ], [ -153.001799941999963, 57.443600088000039 ], [ -152.976581980999981, 57.459227141000042 ], [ -152.840408910999969, 57.472354040000027 ], [ -152.804444846999957, 57.468600121000065 ], [ -152.773073058999984, 57.458327092000047 ], [ -152.63125511299998, 57.401935995000031 ], [ -152.600782032999973, 57.373636007000073 ], [ -152.63390899099997, 57.317773137000074 ], [ -152.681944839999971, 57.282773159000044 ], [ -152.704164091999957, 57.273882139000079 ], [ -152.82556405699998, 57.269154075000074 ], [ -152.84789998499997, 57.270409181000048 ], [ -152.897372995999973, 57.303463216000068 ], [ -152.90695502, 57.327082246000032 ], [ -153.166882028999964, 57.34602702400008 ], [ -153.174864114999963, 57.302491083000064 ], [ -153.079300024999981, 57.287636004000035 ], [ -153.058744915999966, 57.290554080000049 ], [ -153.034726907999982, 57.298327121000057 ], [ -153.00431786599998, 57.292636144000028 ], [ -152.977199894999984, 57.279991205000044 ], [ -152.95652693599996, 57.255754094000054 ], [ -152.984164082999968, 57.241663277000043 ], [ -153.067490928999973, 57.216654024000036 ], [ -153.098055036999966, 57.212209101000042 ], [ -153.140290943999958, 57.215827066000031 ], [ -153.169591059999959, 57.219854067000028 ], [ -153.255981994999956, 57.228882215000056 ], [ -153.301664037999984, 57.210273217000065 ], [ -153.370817924999983, 57.178882151000039 ], [ -153.373872960999961, 57.169991131000074 ], [ -153.425844951999977, 57.130273147000082 ], [ -153.504455133999983, 57.063463176000027 ], [ -153.551390941999983, 57.073327168000048 ], [ -153.580555102999966, 57.081109094000055 ], [ -153.60206407299998, 57.081800098000031 ], [ -153.727355084999971, 57.060963190000052 ], [ -153.749508957999979, 57.044227044000081 ], [ -153.69638194099997, 57.049163147000058 ], [ -153.59470895299998, 57.046527038000079 ], [ -153.554173062999979, 56.980263232000027 ], [ -153.606381925999983, 56.935963197000035 ], [ -153.633054985999962, 56.932773212000029 ], [ -153.72528207299996, 56.878045084000064 ], [ -153.773899960999984, 56.838327100000072 ], [ -153.913908925999976, 56.765545023000072 ], [ -153.96208207, 56.743044978000057 ], [ -153.985963955999978, 56.738463262000039 ], [ -154.138882056999961, 56.74165408500005 ], [ -154.120544967999962, 56.789991179000083 ], [ -154.073055115999978, 56.841382137000039 ], [ -153.949444841999963, 56.907354085000065 ], [ -153.901399940999966, 56.922909053000069 ], [ -153.859509032999966, 56.933327088000055 ], [ -153.805572993999959, 56.973318154000083 ], [ -153.827209032999974, 57.010273127000062 ], [ -153.850263960999968, 57.020273241000041 ], [ -153.868317909999973, 56.99415405700006 ], [ -153.876917909999975, 56.975682186000029 ], [ -153.898208949999969, 56.962627037000061 ], [ -153.945973057999964, 56.95666314500005 ], [ -153.966944914999971, 56.958327120000035 ], [ -153.96012690699996, 56.993745020000063 ], [ -153.904173009999965, 57.063600137000037 ], [ -153.816408950999971, 57.098873197000046 ], [ -153.738735865999985, 57.128736074000074 ], [ -153.792081985999971, 57.152909148000049 ], [ -153.954391002999984, 57.06799108000007 ], [ -154.007508967999968, 57.035273160000031 ], [ -154.025009040999976, 57.017909041000053 ], [ -154.05291792899996, 56.979854027000044 ], [ -154.077772953999983, 56.965963202000069 ], [ -154.099717949999985, 56.964854109000044 ], [ -154.134317942999957, 56.99499107400004 ], [ -154.094999943999966, 57.050273246000074 ], [ -154.078063972999985, 57.067909105000069 ], [ -154.051681932999969, 57.081109094000055 ], [ -154.020555064999968, 57.10766329900008 ], [ -154.124417909999977, 57.143054041000028 ], [ -154.145017945999967, 57.145000151000033 ], [ -154.246090957999968, 57.146945088000052 ], [ -154.320826856999957, 57.147773220000033 ], [ -154.344999929999972, 57.147773220000033 ], [ -154.473190913999957, 57.122109174000059 ], [ -154.481655126999982, 57.092773183000077 ], [ -154.458755096999965, 57.061800207000033 ], [ -154.439455093999982, 57.052627052000048 ], [ -154.380008959999969, 57.046109116000082 ], [ -154.355699931999965, 57.053191154000046 ], [ -154.334444934999965, 57.071936107000056 ], [ -154.315490936999964, 57.096654004000072 ], [ -154.275281940999974, 57.114573172000064 ], [ -154.24276401299997, 57.118327091000083 ], [ -154.10609104599996, 57.115482106000059 ], [ -154.106227000999979, 57.083327113000053 ], [ -154.159455102999971, 56.959436046000064 ], [ -154.243044973999957, 56.874154037000039 ], [ -154.282226850999962, 56.854436113000077 ], [ -154.297791039999964, 56.848873211000068 ], [ -154.30166398199998, 56.902836071000081 ], [ -154.333326955999979, 56.93082710200008 ], [ -154.358335872999959, 56.944709042000056 ], [ -154.383908891999965, 56.958044986000061 ], [ -154.403899898999981, 56.967763299000069 ], [ -154.458035929999966, 56.978045045000044 ], [ -154.528118027999966, 56.995963207000045 ], [ -154.523617951999967, 57.031109198000081 ], [ -154.517791020999965, 57.053882158000079 ], [ -154.515426988999963, 57.075136150000048 ], [ -154.527644953999982, 57.14749108500007 ], [ -154.539181972999984, 57.184436 ], [ -154.609573027999971, 57.260963279000066 ], [ -154.692364103999978, 57.279163241000049 ], [ -154.729573047999963, 57.275545109000063 ], [ -154.77119104199997, 57.271445017000076 ], [ -154.799454986999962, 57.28332703500007 ], [ -154.727782002999959, 57.422218189000034 ], [ -154.63919098599996, 57.505000212000027 ], [ -154.616635954999964, 57.518600185000082 ], [ -154.516964061999971, 57.578609080000035 ], [ -154.34832687499997, 57.64527320600007 ], [ -154.249417902999966, 57.66443608000003 ], [ -154.207217869999965, 57.666663152000069 ], [ -154.029999960999959, 57.651382104000049 ], [ -154.002026867999973, 57.640754019000042 ], [ -153.930435858999971, 57.523744997000051 ], [ -153.922500040999978, 57.49930018200007 ], [ -153.91888207599996, 57.472218085000065 ], [ -153.912508979999984, 57.447209168000029 ], [ -153.902791001999958, 57.427773211000044 ], [ -153.890444960999957, 57.40971808900008 ], [ -153.801118012999979, 57.335818033000066 ], [ -153.784726865999971, 57.324163165000073 ], [ -153.760299987999957, 57.309854082000072 ], [ -153.731109004999979, 57.298327121000057 ], [ -153.635008975999966, 57.275963198000056 ], [ -153.651964056999958, 57.287491165000063 ], [ -153.671955063999974, 57.289854023000032 ], [ -153.742426920999975, 57.318736050000041 ], [ -153.80901795699998, 57.403600138000058 ], [ -153.835264041999977, 57.548045140000056 ], [ -153.86951786299997, 57.643327095000075 ], [ -153.754026971999963, 57.649718129000064 ], [ -153.669735870999972, 57.638600205000046 ], [ -153.64861800099996, 57.63304501500005 ], [ -153.597781925999982, 57.598873169000058 ] ] ], [ [ [ -132.15918191899999, 55.444436044000042 ], [ -132.217772931999946, 55.475544975000048 ], [ -132.377773069999989, 55.53027310300007 ], [ -132.40835511399996, 55.536945098000047 ], [ -132.434444793999944, 55.545273190000046 ], [ -132.452654981999956, 55.559300137000037 ], [ -132.475826920999964, 55.590964118000045 ], [ -132.512844925999957, 55.615064269000072 ], [ -132.542917852999949, 55.620964123000078 ], [ -132.562499990999981, 55.567773235000061 ], [ -132.500135948999969, 55.511109055000077 ], [ -132.282435961999965, 55.457427156000051 ], [ -132.088290966999978, 55.26760018300007 ], [ -132.13500901399999, 55.239154015000054 ], [ -132.170564040999977, 55.242491186000052 ], [ -132.201381951999963, 55.248045035000075 ], [ -132.233317841999963, 55.249300141000049 ], [ -132.250000007999972, 55.211664222000081 ], [ -132.235335868999982, 55.193118088000062 ], [ -132.100481942999977, 55.198045138000055 ], [ -132.0704179, 55.21332702400008 ], [ -132.05770892299995, 55.235753980000027 ], [ -132.014782011999955, 55.269709070000033 ], [ -131.985826894999946, 55.259582222000063 ], [ -131.96804485499996, 55.220964279000043 ], [ -131.96998191199998, 55.17860918100007 ], [ -131.995590973999981, 55.105482105000078 ], [ -132.043491035999978, 55.079018090000034 ], [ -132.08389097099996, 55.067773264000039 ], [ -132.07471798399996, 55.040964249000069 ], [ -132.143064022999965, 55.013882152000065 ], [ -132.172790944999974, 55.004718050000065 ], [ -132.213526826999953, 54.993745133000061 ], [ -132.137363992999951, 54.965136021000035 ], [ -132.085690900999964, 54.976373136000063 ], [ -132.057772960999955, 54.998327016000076 ], [ -132.027926846999947, 55.021936155000049 ], [ -131.972564041999988, 55.029709197000045 ], [ -131.94943585599998, 54.788327149000054 ], [ -132.007235951999974, 54.689991163000059 ], [ -132.126390907999962, 54.688182181000059 ], [ -132.286544938999953, 54.713327053000057 ], [ -132.29714486099999, 54.744018062000066 ], [ -132.28944490899994, 54.768054007000046 ], [ -132.257354960999976, 54.784300147000067 ], [ -132.219144880999977, 54.784718069000064 ], [ -132.21417307199999, 54.791245057000026 ], [ -132.222073015999968, 54.810964155000079 ], [ -132.284181911999951, 54.854718025000068 ], [ -132.326664079999944, 54.881936076000045 ], [ -132.48969997599994, 54.977491114000031 ], [ -132.502364025999952, 54.953327093000041 ], [ -132.517108966999956, 54.938873171000068 ], [ -132.54417295899998, 54.934364210000069 ], [ -132.573335946999975, 54.94860020200008 ], [ -132.596026932999962, 54.969082221000065 ], [ -132.574444872999948, 55.034991137000077 ], [ -132.547563941999954, 55.044927045000065 ], [ -132.515381959999957, 55.051436096000032 ], [ -132.51196398799999, 55.106382154000073 ], [ -132.650726897999959, 55.243809156000054 ], [ -132.647226949999947, 55.205827065000051 ], [ -132.632490893999943, 55.188327160000028 ], [ -132.609844835999979, 55.170691133000048 ], [ -132.622908869999947, 55.147909120000065 ], [ -132.655135946999962, 55.138736133000066 ], [ -132.694026971999961, 55.142909147000069 ], [ -132.777164051999989, 55.181518037000046 ], [ -132.802217895999945, 55.209645022000075 ], [ -132.807490950999977, 55.248045035000075 ], [ -132.944735898999966, 55.207773175000057 ], [ -133.002808908999953, 55.203045111000051 ], [ -133.027599896999959, 55.215573207000034 ], [ -132.987764063999975, 55.228736148000053 ], [ -132.910808971999984, 55.275718056000073 ], [ -132.970273042999963, 55.271100130000036 ], [ -133.02541792, 55.267209083000068 ], [ -133.21284481899994, 55.277835995000032 ], [ -133.261400010999978, 55.335691076000046 ], [ -133.209781903999954, 55.381100205000052 ], [ -133.11638202099999, 55.377491125000063 ], [ -133.041535816999954, 55.361873125000045 ], [ -132.968600015999982, 55.350000159000047 ], [ -132.900417926999978, 55.34568213700004 ], [ -132.867490960999987, 55.353882153000029 ], [ -132.88833591599996, 55.35999122000004 ], [ -132.944455104999975, 55.370273133000069 ], [ -132.96581789399994, 55.372218069000041 ], [ -132.986664022999946, 55.373045028000035 ], [ -133.001818000999947, 55.379300107000063 ], [ -133.031126833999963, 55.398045060000072 ], [ -133.11456398699994, 55.465545030000044 ], [ -133.126981943999965, 55.491027021000036 ], [ -133.117908868999962, 55.51555397900006 ], [ -133.051935914999945, 55.577218132000041 ], [ -133.006135853999979, 55.609436156000072 ], [ -132.981935958999941, 55.619573230000071 ], [ -132.96124489499999, 55.623600064000073 ], [ -132.921144864999974, 55.624645119000036 ], [ -132.96679991799999, 55.638609202000055 ], [ -133.059444925999969, 55.623600064000073 ], [ -133.120118002999959, 55.603954056000077 ], [ -133.198608994999972, 55.577909136000073 ], [ -133.259463958999959, 55.574436010000056 ], [ -133.365964085999963, 55.615618145000042 ], [ -133.382982030999983, 55.640753964000055 ], [ -133.371308889999966, 55.721582165000029 ], [ -133.264035951999972, 55.741382232000035 ], [ -133.243190996999942, 55.744436095000026 ], [ -133.14187306499997, 55.816382161000035 ], [ -133.143864102999942, 55.879782206000073 ], [ -133.177644848999989, 55.860964163000062 ], [ -133.226655009999945, 55.886935993000066 ], [ -133.239835887999959, 55.902073207000058 ], [ -133.256955087999984, 55.946936003000076 ], [ -133.265072960999987, 56.154845088000059 ], [ -133.321654997999985, 56.169445023000037 ], [ -133.364717863999942, 56.171936124000069 ], [ -133.417508934999944, 56.16470908000008 ], [ -133.564300031999949, 56.179027047000034 ], [ -133.611644876999947, 56.205200210000044 ], [ -133.632755034999946, 56.273882195000056 ], [ -133.610535950999974, 56.348327074000053 ], [ -133.58553591899999, 56.349718135000046 ], [ -133.48859099399999, 56.336936068000057 ], [ -133.346373062999987, 56.330273125000076 ], [ -133.249026980999986, 56.331109136000066 ], [ -133.18020887299997, 56.327282127000046 ], [ -133.056808984999975, 56.237491157000079 ], [ -133.0235449, 56.172491174000072 ], [ -133.062773044999972, 56.118045013000028 ], [ -133.088117908999948, 56.10561817100006 ], [ -133.125408995999976, 56.118673153000032 ], [ -133.07290894499999, 56.051309138000079 ], [ -133.043064004999962, 56.047636020000027 ], [ -132.947782049999944, 56.058045003000075 ], [ -132.902217856999982, 56.049164209000082 ], [ -132.822773004999988, 56.028745054000069 ], [ -132.621799943999974, 55.91957311200008 ], [ -132.512508978999961, 55.835545035000052 ], [ -132.498335850999979, 55.820691130000057 ], [ -132.464017991999981, 55.77540907100007 ], [ -132.442509022999957, 55.688044997000077 ], [ -132.404173047999961, 55.658327127000064 ], [ -132.246944804999941, 55.541936019000048 ], [ -132.226655066999967, 55.537218181000071 ], [ -132.20666406, 55.526936100000057 ], [ -132.18221790399997, 55.512500116000069 ], [ -132.16528193299996, 55.501391077000051 ], [ -132.14180003199999, 55.475682103000054 ], [ -132.143064022999965, 55.452418131000059 ], [ -132.15918191899999, 55.444436044000042 ] ] ], [ [ [ -155.823335978999978, 20.272500036000054 ], [ -155.744735854999959, 20.242218064000042 ], [ -155.727082057999979, 20.23027318100003 ], [ -155.720555069999961, 20.207218086000069 ], [ -155.574891002999976, 20.128327110000043 ], [ -155.514772975999961, 20.120826983000029 ], [ -155.43235506299996, 20.100273216000062 ], [ -155.341244948999957, 20.062353988000041 ], [ -155.210999895999976, 20.001664148000032 ], [ -155.183344979999958, 19.985136040000043 ], [ -155.160427012999975, 19.964436092000028 ], [ -155.139190957999972, 19.941109088000076 ], [ -155.085164059999983, 19.880409021000048 ], [ -155.000855021999968, 19.746100087000059 ], [ -154.966644953999975, 19.650273140000024 ], [ -154.924190949999968, 19.609582185000022 ], [ -154.859708968999968, 19.57527321200007 ], [ -154.797818000999968, 19.538082204000034 ], [ -154.815173066999961, 19.477636109000059 ], [ -154.832072995999965, 19.455964196000025 ], [ -155.005582079999982, 19.32888213800004 ], [ -155.14529097199997, 19.28333604900007 ], [ -155.167263962999982, 19.276935963000028 ], [ -155.1883359, 19.273191097000051 ], [ -155.212390956999968, 19.274718112000073 ], [ -155.24084483599998, 19.284164181000051 ], [ -155.287108917999973, 19.275691083000027 ], [ -155.498317958999962, 19.137773069000048 ], [ -155.518644911999985, 19.12416421100005 ], [ -155.539272943999975, 19.103464095000049 ], [ -155.55113585099997, 19.076800087000038 ], [ -155.553890982999974, 19.042500166000025 ], [ -155.589872984999971, 18.987773211000047 ], [ -155.663144899999963, 18.925482092000038 ], [ -155.676099969999967, 18.955618051000044 ], [ -155.70391799799998, 18.976936081000076 ], [ -155.800426895999976, 19.030900115000065 ], [ -155.855144965999983, 19.031244946000072 ], [ -155.90029995499998, 19.090336023000077 ], [ -155.907864119999971, 19.15874509300005 ], [ -155.900326944999961, 19.213053959000035 ], [ -155.890317945999982, 19.269445057000041 ], [ -155.879091057999972, 19.361800051000046 ], [ -156.012526932999975, 19.666035980000061 ], [ -156.037535849999983, 19.706382103000067 ], [ -156.048982008999957, 19.735064138000041 ], [ -156.046109027999961, 19.768609017000074 ], [ -156.035155053999972, 19.788673114000062 ], [ -155.967635973999961, 19.85096423400006 ], [ -155.929581965999972, 19.860691097000029 ], [ -155.813264115999971, 20.004027006000058 ], [ -155.811126897999969, 20.034300094000059 ], [ -155.823408900999965, 20.051800166000078 ], [ -155.853881980999972, 20.083327019000023 ], [ -155.87403593199997, 20.113818036000055 ], [ -155.894544939999975, 20.173744956000064 ], [ -155.887955087999984, 20.222218005000059 ], [ -155.878600045999974, 20.24665393500004 ], [ -155.867764088999962, 20.265136031000054 ], [ -155.846544965999982, 20.277635964000069 ], [ -155.823335978999978, 20.272500036000054 ] ] ], [ [ [ -168.873317875999959, 63.152773190000062 ], [ -169.149182067999959, 63.199573212000075 ], [ -169.206955006999976, 63.20366324500003 ], [ -169.278355074999979, 63.195263237000063 ], [ -169.321155084999987, 63.184573125000043 ], [ -169.512391055999984, 63.094709065000075 ], [ -169.56279093699996, 63.057900104000055 ], [ -169.575299921999971, 63.041936099000054 ], [ -169.582564014999974, 63.015463199000067 ], [ -169.594754989999984, 62.979709185000047 ], [ -169.643099962999969, 62.947773128000051 ], [ -169.670426979999974, 62.944145105000075 ], [ -169.749618026999968, 62.962491080000063 ], [ -169.758090957999968, 63.008882232000076 ], [ -169.73583599899996, 63.05720910000008 ], [ -169.789735994999972, 63.112209137000036 ], [ -169.805300015999961, 63.125263281000059 ], [ -169.893373031999971, 63.151791167000056 ], [ -169.967372998999963, 63.153445084000055 ], [ -169.922200072999971, 63.128009193000082 ], [ -169.973354995999983, 63.151927121000028 ], [ -170.082217980999985, 63.19275403000006 ], [ -170.151427020999961, 63.18249122800006 ], [ -170.25809093, 63.199500121000028 ], [ -170.224363995999965, 63.206309077000071 ], [ -170.211817962999959, 63.250963163000051 ], [ -170.234009051999976, 63.278945141000065 ], [ -170.509444928999983, 63.375263267000037 ], [ -170.568600042999975, 63.39082712000004 ], [ -170.60783589899998, 63.397554100000036 ], [ -170.640717937999966, 63.394991082000047 ], [ -170.785999956999973, 63.422082231000047 ], [ -170.806964102999984, 63.429991228000063 ], [ -170.833572957999962, 63.453182110000057 ], [ -170.862918000999969, 63.461373241000047 ], [ -171.006100017999984, 63.435818159000064 ], [ -170.95938197199996, 63.428509139000028 ], [ -170.853182084999986, 63.418491089000042 ], [ -170.828064035999972, 63.41498225600003 ], [ -170.627500011999985, 63.378054106000036 ], [ -170.595000019999986, 63.371936154000082 ], [ -170.543635884999986, 63.359709137000038 ], [ -170.485835956999978, 63.341100138000058 ], [ -170.466764109999986, 63.33418221800008 ], [ -170.401117881999966, 63.303882141000031 ], [ -170.363799972999971, 63.284118116000059 ], [ -170.341891018999974, 63.271127172000035 ], [ -170.315855150999965, 63.253873192000071 ], [ -170.296108895999964, 63.238045141000043 ], [ -170.318909013999985, 63.254718088000061 ], [ -170.362208919999972, 63.282491189000041 ], [ -170.403900002999961, 63.304436017000057 ], [ -170.48149094599998, 63.338527062000082 ], [ -170.551144896999972, 63.360545148000028 ], [ -170.581973033999986, 63.368045107000057 ], [ -170.814908973999962, 63.410963301000038 ], [ -170.86325512099998, 63.41850919400008 ], [ -170.960844948999977, 63.427773208000076 ], [ -171.01833592, 63.431109206000031 ], [ -171.101608954999961, 63.431654030000061 ], [ -171.241364114999982, 63.398873244000072 ], [ -171.264735878999971, 63.392353968000066 ], [ -171.283508994999977, 63.379991163000057 ], [ -171.304444977999964, 63.358327129000031 ], [ -171.325864092999979, 63.339991213000076 ], [ -171.426935931999964, 63.317773134000049 ], [ -171.455000051999974, 63.314573259000042 ], [ -171.549164028999968, 63.327763189000052 ], [ -171.683072978999974, 63.363882151000041 ], [ -171.709444960999974, 63.37137322600006 ], [ -171.738891089999981, 63.380545040000072 ], [ -171.802517949999981, 63.416373149000037 ], [ -171.824735860999965, 63.443045036000058 ], [ -171.850826880999961, 63.508609121000063 ], [ -171.840973115999986, 63.574291223000046 ], [ -171.805726877999973, 63.638182113000028 ], [ -171.764309043999987, 63.646663258000046 ], [ -171.741655106999985, 63.666382188000057 ], [ -171.724455105999965, 63.750263246000031 ], [ -171.729173111999984, 63.78937320600005 ], [ -171.663226979999962, 63.790200165000044 ], [ -171.630308898999971, 63.774436152000078 ], [ -171.633908925999975, 63.752136098000051 ], [ -171.643773084999964, 63.709563239000033 ], [ -171.540008978999964, 63.613882137000076 ], [ -171.465572984999966, 63.606654087000038 ], [ -171.374691025999965, 63.604709150000076 ], [ -171.351109043999969, 63.607491104000076 ], [ -171.317444973999983, 63.620336035000037 ], [ -171.346235972999978, 63.629154132000053 ], [ -171.374726900999974, 63.629354125000077 ], [ -171.325317927999976, 63.633882196000059 ], [ -171.272282105999977, 63.628873171000066 ], [ -171.210299943999985, 63.620827047000034 ], [ -171.186155032999977, 63.617200197000045 ], [ -171.10732692199997, 63.602763207000066 ], [ -171.063326958999966, 63.585254082000063 ], [ -170.974455147999976, 63.57331808400005 ], [ -170.929990995999987, 63.571109117000049 ], [ -170.908917884999966, 63.572209158000078 ], [ -170.781144990999962, 63.614845050000042 ], [ -170.736055045999962, 63.636100216000045 ], [ -170.711117877999982, 63.65290006400005 ], [ -170.485835956999978, 63.703318050000064 ], [ -170.457764124999983, 63.703609070000027 ], [ -170.329164104999961, 63.69609117300007 ], [ -170.300017879999984, 63.69415411500006 ], [ -170.282382020999961, 63.681863228000054 ], [ -170.192508907999979, 63.635263199000065 ], [ -170.169891011999965, 63.627900200000056 ], [ -170.139190950999961, 63.623600116000034 ], [ -170.103000071999986, 63.620963169000049 ], [ -170.066099916999974, 63.595545048000076 ], [ -170.051391017999975, 63.575827123000067 ], [ -170.032255132999978, 63.533873183000082 ], [ -169.923373036999976, 63.478600064000034 ], [ -169.84445507099997, 63.451382180000053 ], [ -169.716555106999976, 63.437909109000032 ], [ -169.653900045999961, 63.436645118000058 ], [ -169.597264028999973, 63.421100208000041 ], [ -169.572781997999982, 63.408318140000063 ], [ -169.560073020999965, 63.372345024000083 ], [ -169.524444903999978, 63.354154114000039 ], [ -169.48889104899996, 63.348591213000077 ], [ -169.454190975999978, 63.345682190000048 ], [ -169.416826965999974, 63.34818217600008 ], [ -169.253626951999962, 63.337491226000054 ], [ -169.20376401599998, 63.304573145000063 ], [ -169.170017970999965, 63.298191164000059 ], [ -169.134464116999965, 63.296945110000081 ], [ -169.109955096999983, 63.298327119000078 ], [ -169.074099996999962, 63.314153996000073 ], [ -169.100008962999965, 63.326236006000045 ], [ -169.131099955999986, 63.33027323400006 ], [ -169.158935920999966, 63.33027323400006 ], [ -169.21209998599997, 63.340191205000053 ], [ -169.189455100999965, 63.34414511600005 ], [ -169.045864046999981, 63.341373221000083 ], [ -168.962800056999981, 63.336100165000062 ], [ -168.896700032999973, 63.33027323400006 ], [ -168.71722688899996, 63.30581819300005 ], [ -168.700864072999963, 63.290545024000039 ], [ -168.716554995999985, 63.230545014000029 ], [ -168.797244895999967, 63.171654098000033 ], [ -168.815317955999973, 63.162618071000054 ], [ -168.850008976999959, 63.155263286000036 ], [ -168.873317875999959, 63.152773190000062 ] ] ], [ [ [ -136.201935937999963, 57.74721810300008 ], [ -136.353055114999961, 57.833053989000064 ], [ -136.372973031999948, 57.836654016000068 ], [ -136.403744841999981, 57.822736034000059 ], [ -136.356035886999962, 57.937845045000074 ], [ -136.361254962999965, 57.966382241000076 ], [ -136.337344913999971, 57.988882119000039 ], [ -136.305572974999961, 57.986663261000047 ], [ -136.215544963999946, 57.93138209500006 ], [ -136.05401797799999, 57.845963293000068 ], [ -136.033555069999977, 57.846936097000082 ], [ -136.060544797999967, 57.867209071000048 ], [ -136.099426938999954, 57.888327108000055 ], [ -136.203890932999968, 57.950273229000061 ], [ -136.373044947999972, 58.053318167000043 ], [ -136.394744857999967, 58.068882188000032 ], [ -136.418335891999959, 58.089718091000066 ], [ -136.431673007999962, 58.110827076000078 ], [ -136.347899908999977, 58.220409061000055 ], [ -136.269455017999974, 58.216591104000031 ], [ -136.227782039999965, 58.148882090000029 ], [ -136.167235864999952, 58.098045009000032 ], [ -136.180073084999947, 58.176173231000064 ], [ -136.134581981999986, 58.220409061000055 ], [ -135.95930901, 58.201800062000075 ], [ -135.923199937999982, 58.228463231000035 ], [ -135.812855032999948, 58.274018037000076 ], [ -135.77930898, 58.275127131000033 ], [ -135.742764048999959, 58.256100210000056 ], [ -135.584990981999965, 58.196654076000073 ], [ -135.50805500199999, 58.175618182000051 ], [ -135.483464006999952, 58.158045019000042 ], [ -135.513690992999955, 58.103882166000062 ], [ -135.610199891999969, 58.042353967000054 ], [ -135.656682070999977, 58.044445085000064 ], [ -135.700564016999977, 58.055409117000067 ], [ -135.778963979999958, 58.042563180000059 ], [ -135.707764070999986, 57.978327123000042 ], [ -135.647244885999953, 57.962209059000031 ], [ -135.618317932999958, 57.961663229000067 ], [ -135.558626878999974, 58.000273125000035 ], [ -135.54138195199999, 58.012773225000046 ], [ -135.488890953999942, 58.068327138000029 ], [ -135.452417939999975, 58.12012713300004 ], [ -135.406535904999942, 58.137491083000043 ], [ -135.099426994999988, 58.094153961000075 ], [ -134.935835880999946, 58.031936100000053 ], [ -134.920564053999954, 58.017082194000068 ], [ -134.905291052999985, 57.982345072000044 ], [ -134.91125511199999, 57.919991089000064 ], [ -134.970000015999972, 57.885273246000054 ], [ -135.018617904, 57.889163287000031 ], [ -135.167509003999953, 57.936382236000043 ], [ -135.198744835999946, 57.936863189000064 ], [ -135.144744927999966, 57.893882131000055 ], [ -135.120817946999978, 57.881800120000037 ], [ -135.083073063999962, 57.874436115000037 ], [ -135.048617908999972, 57.868882099000075 ], [ -135.019863957999974, 57.852909041000032 ], [ -134.964717907999955, 57.809582145000036 ], [ -135.00528196099998, 57.779536040000039 ], [ -135.04473591499999, 57.780273144000034 ], [ -135.08944481899999, 57.781936114000075 ], [ -135.123599900999977, 57.774436155000046 ], [ -135.199155046999977, 57.775827048000053 ], [ -135.231226890999949, 57.779709042000036 ], [ -135.267517848999944, 57.79166314500003 ], [ -135.337772949999987, 57.825273236000044 ], [ -135.555844925999963, 57.902773151000076 ], [ -135.71804481099997, 57.943882195000072 ], [ -135.822081998999977, 57.980400136000071 ], [ -135.844572992, 57.989854084000058 ], [ -135.880335890999959, 57.992491199000028 ], [ -135.796244949999959, 57.930691091000028 ], [ -135.72833594399998, 57.916663306000032 ], [ -135.647244885999953, 57.901653999000075 ], [ -135.557490963999953, 57.870273159000078 ], [ -135.38247296899999, 57.806936146000055 ], [ -135.359981975999972, 57.79721816700004 ], [ -135.317781942999943, 57.757218049000073 ], [ -135.296963977999951, 57.731654082000034 ], [ -135.233064035999973, 57.721100093000075 ], [ -135.167509003999953, 57.72720915900004 ], [ -135.09860003599999, 57.743327056000055 ], [ -135.045290963999946, 57.751109150000048 ], [ -134.957491030999961, 57.760827129000063 ], [ -134.931117875999973, 57.75943606800007 ], [ -134.91284482399999, 57.749854044000074 ], [ -134.844235928999979, 57.59645398400005 ], [ -134.854491019999955, 57.458736129000044 ], [ -134.988308941999946, 57.450544998000055 ], [ -135.059299973999941, 57.459509108000077 ], [ -135.086926894999976, 57.477218058000062 ], [ -135.119717905999948, 57.49749120000007 ], [ -135.27389999799999, 57.559718114000077 ], [ -135.455264098999976, 57.629718070000081 ], [ -135.564726892999943, 57.672491089000061 ], [ -135.62221786399999, 57.704436031000057 ], [ -135.644744899999978, 57.714154010000073 ], [ -135.666963983999949, 57.72360007900005 ], [ -135.697235897999974, 57.736382146000039 ], [ -135.730564021999953, 57.747773153000082 ], [ -135.750855099999967, 57.753054087000066 ], [ -135.800872933999983, 57.759891206000077 ], [ -135.687499981999963, 57.641663288000075 ], [ -135.570754989999955, 57.585753982000028 ], [ -135.552490990999956, 57.53416320000008 ], [ -135.545909017999975, 57.465753961000075 ], [ -135.601926952999975, 57.414154127000074 ], [ -135.68804480599999, 57.362773228000037 ], [ -135.729426932999957, 57.366382140000042 ], [ -135.835417942999982, 57.387082089000046 ], [ -135.951935951999985, 57.469153997000035 ], [ -136.00152698, 57.518045135000079 ], [ -135.969572984999957, 57.518054020000079 ], [ -135.90639103699999, 57.496936150000067 ], [ -135.886126947999969, 57.480963260000067 ], [ -135.865264055999944, 57.468045071000063 ], [ -135.804717880999988, 57.437209055000039 ], [ -135.78216402299995, 57.434573114000045 ], [ -135.794591032999961, 57.459300064000047 ], [ -135.837772921999942, 57.484436050000056 ], [ -135.896390923999945, 57.509991132000039 ], [ -135.951935951999985, 57.531109169000047 ], [ -136.029999969999949, 57.567218073000049 ], [ -136.06261797799999, 57.600791116000039 ], [ -135.994717856999955, 57.600273114000061 ], [ -135.951326922999954, 57.611600083000042 ], [ -135.99136409, 57.631382213000052 ], [ -136.075290912999947, 57.647218142000042 ], [ -136.125544948999959, 57.698873130000038 ], [ -136.201935937999963, 57.74721810300008 ] ] ], [ [ [ -166.109164013999958, 60.410273137000047 ], [ -166.110273106999983, 60.402073121000058 ], [ -166.065308890999972, 60.329436051000073 ], [ -166.029481953999976, 60.323045017000027 ], [ -165.979191037999982, 60.318600094000033 ], [ -165.922808991999972, 60.31930015100005 ], [ -165.909617887999985, 60.334854113000063 ], [ -165.872317915999986, 60.344363215000044 ], [ -165.795317897999979, 60.33720909300007 ], [ -165.775881940999966, 60.332209120000073 ], [ -165.710844909999963, 60.308036046000041 ], [ -165.684344851999981, 60.296518138000067 ], [ -165.67470901599998, 60.275553992000027 ], [ -165.679744863999986, 60.21165405000005 ], [ -165.688326926999963, 60.15387323300007 ], [ -165.669464123999973, 60.059154039000077 ], [ -165.639499993999976, 59.996091113000034 ], [ -165.607099914999964, 59.969154023000044 ], [ -165.585555070999959, 59.973245063000036 ], [ -165.543073070999981, 59.980263230000048 ], [ -165.555435874999972, 59.928736151000066 ], [ -165.574155011999977, 59.913182188000064 ], [ -165.612209019999966, 59.902209104000065 ], [ -165.661435936999965, 59.90470909000004 ], [ -165.72888209499996, 59.909982145000072 ], [ -165.786682022999969, 59.902209104000065 ], [ -165.886718025999983, 59.873873242000059 ], [ -166.118181935999985, 59.851245121000034 ], [ -166.176544959999973, 59.863044996000042 ], [ -166.209200016999972, 59.857491147000076 ], [ -166.231764099999964, 59.839509115000055 ], [ -166.194135892999981, 59.825545032000036 ], [ -166.145908935999984, 59.820127137000043 ], [ -166.108890930999962, 59.805263173000071 ], [ -166.08809107099998, 59.770927042000039 ], [ -166.122526946999983, 59.755273167000041 ], [ -166.167264013999983, 59.753318172000036 ], [ -166.193481936999973, 59.757209052000064 ], [ -166.253108951999963, 59.795427010000083 ], [ -166.296264018999977, 59.817273267000076 ], [ -166.412226978999968, 59.85192707200008 ], [ -166.440272994999958, 59.855273128000078 ], [ -166.475827016999972, 59.850818146000051 ], [ -166.598081935999971, 59.850409110000044 ], [ -166.958644924999959, 59.974991181000064 ], [ -166.997772989999959, 59.998873235000076 ], [ -167.07959092699997, 59.992627040000059 ], [ -167.130444938999972, 59.998873235000076 ], [ -167.161135947999981, 60.013327156000059 ], [ -167.263363986999963, 60.06609123700008 ], [ -167.316435850999966, 60.095545077000054 ], [ -167.418064079999965, 60.189418034000028 ], [ -167.404018021999974, 60.205827119000048 ], [ -167.35638199, 60.222482128000081 ], [ -167.316982015999969, 60.229709172000071 ], [ -167.275882023999969, 60.231936076000068 ], [ -167.201935867999964, 60.23332713700006 ], [ -167.174473064999972, 60.231373148000046 ], [ -167.071964064999975, 60.223873189000074 ], [ -166.931672965999979, 60.207500146000029 ], [ -166.894744982999981, 60.205827119000048 ], [ -166.833072950999963, 60.206727167000054 ], [ -166.794526924999985, 60.239845073000083 ], [ -166.804582023999984, 60.269573169000068 ], [ -166.688626942999974, 60.322218059000079 ], [ -166.495844844999965, 60.378873186000078 ], [ -166.459873069999986, 60.384436088000029 ], [ -166.425599969999979, 60.38026324100008 ], [ -166.316099959999974, 60.374982139000053 ], [ -166.200317881999979, 60.392218182000079 ], [ -166.150863981999976, 60.430545105000078 ], [ -166.11811789799998, 60.421454093000079 ], [ -166.109164013999958, 60.410273137000047 ] ] ], [ [ [ -133.87414496299999, 57.489154056000075 ], [ -133.864718004, 57.458327092000047 ], [ -134.002926869999953, 57.487491086000034 ], [ -134.049163962999955, 57.491100166000081 ], [ -134.056263937999972, 57.465545084000041 ], [ -133.988726919999976, 57.452500161000046 ], [ -133.889726920999976, 57.424363285000027 ], [ -133.862626885999987, 57.36554512400005 ], [ -133.943190889999983, 57.302982095000061 ], [ -133.972499890999984, 57.301100190000057 ], [ -134.043063948999986, 57.329436052000062 ], [ -134.06410001099999, 57.353463281000074 ], [ -134.171244873999967, 57.380891215000076 ], [ -134.099973047999981, 57.296109102000059 ], [ -134.076690970999948, 57.269018121000045 ], [ -134.163908865, 57.189154006000081 ], [ -134.477708879999966, 57.029091171000061 ], [ -134.576381985999944, 57.027218151000056 ], [ -134.593873005999967, 57.037218096000061 ], [ -134.620272984, 57.110827132000054 ], [ -134.613308963999941, 57.224991168000031 ], [ -134.496126938999964, 57.371244985000033 ], [ -134.345963969999957, 57.328882176000036 ], [ -134.316454976999978, 57.331527169000083 ], [ -134.342908933999979, 57.387082089000046 ], [ -134.382490962999952, 57.380127121000044 ], [ -134.459290988999953, 57.391109090000043 ], [ -134.526672940999958, 57.442491163000057 ], [ -134.556672946999981, 57.472218085000065 ], [ -134.57082696399999, 57.487354126000071 ], [ -134.54979090099999, 57.488463219000039 ], [ -134.509035907999987, 57.487418164000076 ], [ -134.352981969999973, 57.54131816000006 ], [ -134.382490962999952, 57.548118063000061 ], [ -134.46554489499999, 57.533054106000066 ], [ -134.503908865999961, 57.520273213000053 ], [ -134.55417296, 57.507773113000042 ], [ -134.573335834999966, 57.505827170000032 ], [ -134.589426909999986, 57.53749115100004 ], [ -134.61026398599995, 57.561663218000035 ], [ -134.632354994999957, 57.580000140000038 ], [ -134.65763582, 57.602909055000055 ], [ -134.705835954999941, 57.717491181000071 ], [ -134.712626972999942, 57.74082707000008 ], [ -134.697299991999955, 57.780273144000034 ], [ -134.700817876999963, 57.82582711200007 ], [ -134.786054958999955, 58.105900193000082 ], [ -134.91250887699999, 58.205273187000046 ], [ -134.95304493499998, 58.299300204000076 ], [ -134.972073027999954, 58.366936128000077 ], [ -134.950135910999961, 58.405473101000041 ], [ -134.796964006, 58.308600093000052 ], [ -134.705335889999958, 58.214509039000063 ], [ -134.692290966999963, 58.167700133000039 ], [ -134.66833582299995, 58.159854001000042 ], [ -134.637218006999944, 58.160827140000038 ], [ -134.601655100999949, 58.17193601200006 ], [ -134.55526394899999, 58.185818120000079 ], [ -134.451935868999954, 58.17680019800008 ], [ -134.398899879999988, 58.157209175000048 ], [ -134.35693588099997, 58.145127165000076 ], [ -134.33485509799999, 58.143744989000027 ], [ -134.295835829999987, 58.151927067000031 ], [ -134.201935882999976, 58.163882176000072 ], [ -134.173126946999957, 58.15978225200007 ], [ -134.162081944999954, 58.125191143000052 ], [ -134.13640901399998, 58.051654024000072 ], [ -134.078064094999945, 58.008327128000076 ], [ -134.003626926999971, 57.936100101000079 ], [ -133.913908878999962, 57.812763245000042 ], [ -133.895017912999947, 57.756663167000056 ], [ -133.875826874999973, 57.672763166000038 ], [ -133.893335832999981, 57.655263261000073 ], [ -133.960263988999941, 57.684436140000059 ], [ -133.982208984999943, 57.733882160000064 ], [ -133.99637306, 57.76860017100006 ], [ -134.068326837999962, 57.830554002000042 ], [ -134.09200001399995, 57.848609125000053 ], [ -134.109573009999963, 57.87680014700004 ], [ -134.140017925999985, 57.954436017000035 ], [ -134.154599922999978, 57.992073109000046 ], [ -134.175981990999958, 58.013463223000031 ], [ -134.238735959, 58.066800123000064 ], [ -134.28860895299999, 58.077218158000051 ], [ -134.31958193, 58.030963296000039 ], [ -134.271117932999971, 57.873600104000047 ], [ -134.246891047999952, 57.857218178000039 ], [ -134.181672967999987, 57.814436105000027 ], [ -134.005864057, 57.648327068000071 ], [ -133.93145505199999, 57.562218100000052 ], [ -133.92236404, 57.532773145000078 ], [ -133.894472921999977, 57.505000212000027 ], [ -133.87414496299999, 57.489154056000075 ] ] ], [ [ [ -134.609982017999982, 56.575554100000033 ], [ -134.624999873999968, 56.537500092000073 ], [ -134.622217920999958, 56.472491224000066 ], [ -134.621090889999948, 56.385554124000066 ], [ -134.622481950999941, 56.250000141000044 ], [ -134.65459101, 56.166100140000083 ], [ -134.761690945999987, 56.221373260000064 ], [ -134.882754964999947, 56.345545121000043 ], [ -134.994717912999988, 56.466382158000044 ], [ -135.047499930999948, 56.530963213000064 ], [ -135.029935820999981, 56.575200216000042 ], [ -135.000000020999948, 56.585744985000076 ], [ -134.940000011, 56.600545080000074 ], [ -134.846799952999959, 56.683609070000045 ], [ -134.87686399599994, 56.685827089000043 ], [ -135.051935969999988, 56.606944998000074 ], [ -135.089173076999941, 56.593882137000037 ], [ -135.10581786099999, 56.595336062000058 ], [ -135.202144871999963, 56.68568225000007 ], [ -135.17416406699999, 56.718882130000054 ], [ -135.154444801999944, 56.741663305000031 ], [ -135.124299956999948, 56.827773111000056 ], [ -135.15542699299999, 56.823882231000027 ], [ -135.200835953999956, 56.808882145000041 ], [ -135.223055037999984, 56.801100218000045 ], [ -135.26335506099997, 56.783882113000061 ], [ -135.298335927999972, 56.786663228000066 ], [ -135.367355033999957, 56.83221803400005 ], [ -135.35680003799996, 56.958044986000061 ], [ -135.356581940999945, 57.071727062000036 ], [ -135.378055035999978, 57.098600115000067 ], [ -135.405426978999969, 57.165163155000073 ], [ -135.36139097399996, 57.191800173000047 ], [ -135.338255076999985, 57.245200104000048 ], [ -135.457491002999973, 57.247491214000036 ], [ -135.505009017999953, 57.24276315000003 ], [ -135.551935940999954, 57.257500212000082 ], [ -135.635282065999945, 57.313327040000047 ], [ -135.667526912999961, 57.345791157000065 ], [ -135.645573031999959, 57.364854120000075 ], [ -135.618455059999974, 57.364436030000036 ], [ -135.519164040999954, 57.350000214000033 ], [ -135.478335957999946, 57.363882154000066 ], [ -135.546664059999955, 57.41249115800008 ], [ -135.515717904999974, 57.505000212000027 ], [ -135.439726899999982, 57.544445113000052 ], [ -135.416108875999953, 57.551518098000031 ], [ -135.392108972999949, 57.553882130000034 ], [ -135.351944904999982, 57.548045140000056 ], [ -135.157773087999942, 57.475545030000035 ], [ -134.975535927999942, 57.386109117000046 ], [ -134.945417905999989, 57.364854120000075 ], [ -134.83610900299999, 57.250273168000035 ], [ -134.79779096499999, 57.167354017000036 ], [ -134.784455021999975, 57.120545111000069 ], [ -134.726108928999963, 56.988882175000072 ], [ -134.684444834999965, 56.896663303000082 ], [ -134.644164089999947, 56.796945141000037 ], [ -134.618881922999947, 56.728736063000042 ], [ -134.612490889999947, 56.682491091000031 ], [ -134.60748203199995, 56.601936140000078 ], [ -134.609982017999982, 56.575554100000033 ] ] ], [ [ [ -164.176117930999965, 54.604164163000064 ], [ -164.193326983999981, 54.599164190000067 ], [ -164.216644935999966, 54.590545079000037 ], [ -164.255555071999964, 54.57332714100005 ], [ -164.28000005399997, 54.559436148000032 ], [ -164.297517896999977, 54.548882158000026 ], [ -164.326308895999972, 54.529300189000082 ], [ -164.324435875999967, 54.503609152000081 ], [ -164.343063984999958, 54.46971810000008 ], [ -164.379726932999972, 54.44610007600005 ], [ -164.437226955999961, 54.421382179000034 ], [ -164.468044866999975, 54.412909081000066 ], [ -164.663908989999982, 54.391936050000027 ], [ -164.776673080999984, 54.396382147000054 ], [ -164.827790955999973, 54.412491159000069 ], [ -164.857072966999965, 54.428600171000028 ], [ -164.933473008999982, 54.53013603200003 ], [ -164.952344863999969, 54.580200134000052 ], [ -164.928344960999965, 54.601391094000064 ], [ -164.859981989999966, 54.621100133000027 ], [ -164.805691061999966, 54.63332715100006 ], [ -164.77111789099996, 54.635554055000057 ], [ -164.746673075999979, 54.643609064000032 ], [ -164.704164085999963, 54.668327129000033 ], [ -164.681944833999978, 54.68942706100006 ], [ -164.631382008999964, 54.746382094000069 ], [ -164.55402693299996, 54.841382249000048 ], [ -164.547990956999968, 54.870682198000054 ], [ -164.491091077999982, 54.914573196000049 ], [ -164.424999938999974, 54.92943615400003 ], [ -164.373735883999984, 54.918054032000043 ], [ -164.347626925999975, 54.901100124000038 ], [ -164.30444486899998, 54.890691142000037 ], [ -164.235263992999961, 54.891109063000044 ], [ -164.023073095999962, 54.976936064000029 ], [ -163.986100017999973, 54.991936150000072 ], [ -163.954708951999976, 55.009164147000035 ], [ -163.926181982999964, 55.031727057000069 ], [ -163.777508980999983, 55.055409118000057 ], [ -163.536390961999984, 55.047291077000068 ], [ -163.43832688599997, 54.943318094000063 ], [ -163.422073034999983, 54.920200135000073 ], [ -163.414044847999975, 54.885409202000062 ], [ -163.399444912999968, 54.836654018000047 ], [ -163.374981993999967, 54.791800107000029 ], [ -163.337344900999966, 54.770745101000045 ], [ -163.311326970999971, 54.761827091000043 ], [ -163.264191002999979, 54.755000199000051 ], [ -163.222000022999964, 54.761873192000053 ], [ -163.197435849999977, 54.777564115000075 ], [ -163.14063588199997, 54.763191162000055 ], [ -163.054881971999976, 54.668118084000071 ], [ -163.15486399599996, 54.658736052000052 ], [ -163.295563963999967, 54.699436060000039 ], [ -163.335964066999964, 54.708018123000045 ], [ -163.432435916999964, 54.668464257000039 ], [ -163.520017919999958, 54.632209173000035 ], [ -163.594981974999968, 54.611800077000055 ], [ -163.629726974999983, 54.610973118000061 ], [ -163.682491055999975, 54.617218139000045 ], [ -163.714444881999981, 54.624164222000047 ], [ -163.756809032999968, 54.630964125000048 ], [ -163.814455068999962, 54.633609118000038 ], [ -164.008364028999978, 54.629991153000049 ], [ -164.051664102999979, 54.62665398300004 ], [ -164.084991052999982, 54.621936144000074 ], [ -164.116635922999961, 54.616391180000051 ], [ -164.167235963999985, 54.606654091000053 ], [ -164.176117930999965, 54.604164163000064 ] ] ], [ [ [ -131.388917872999968, 55.255000171000063 ], [ -131.398072922999972, 55.25638217900007 ], [ -131.418064096999956, 55.261109069000042 ], [ -131.454926868999962, 55.278600090000054 ], [ -131.458054994999941, 55.299782165000067 ], [ -131.428072927999949, 55.313327153000046 ], [ -131.368318003999946, 55.337773141000071 ], [ -131.290835858999969, 55.411100210000029 ], [ -131.273544830999981, 55.433118128000046 ], [ -131.281400014999974, 55.489154001000031 ], [ -131.347700030999988, 55.643118163000054 ], [ -131.367555083999946, 55.624991124000076 ], [ -131.360808992999978, 55.575000112000055 ], [ -131.353335854999955, 55.55526425100004 ], [ -131.326935877999972, 55.508045134000042 ], [ -131.316590932999986, 55.457554058000028 ], [ -131.328600020999943, 55.425827046000052 ], [ -131.40008206499999, 55.348464259000082 ], [ -131.458755051999958, 55.326800056000081 ], [ -131.421526828999959, 55.365109042000029 ], [ -131.42280892499997, 55.385435996000069 ], [ -131.445664027999953, 55.407027108000079 ], [ -131.470272959999988, 55.448327092000056 ], [ -131.465817978999951, 55.471654096000066 ], [ -131.42922694799995, 55.520444987000076 ], [ -131.493881931999965, 55.505554033000067 ], [ -131.516326823999975, 55.481027075000043 ], [ -131.49539101, 55.421791160000055 ], [ -131.47190894, 55.393073250000043 ], [ -131.465726950999965, 55.36878216000008 ], [ -131.518617933999963, 55.294582200000036 ], [ -131.54500885899995, 55.291800078000051 ], [ -131.665835837999964, 55.34470916600003 ], [ -131.68722695799994, 55.354718164000076 ], [ -131.711244798, 55.367773146000047 ], [ -131.819163980999974, 55.453636021000079 ], [ -131.70083581599999, 55.526100089000067 ], [ -131.69084492199994, 55.610000090000028 ], [ -131.704299888999969, 55.625200169000038 ], [ -131.696117977999961, 55.670964187000038 ], [ -131.629426861999946, 55.730818184000043 ], [ -131.62277297199995, 55.781382183000062 ], [ -131.684017861999962, 55.793609200000049 ], [ -131.684864098999981, 55.830273154000054 ], [ -131.539181927999948, 55.851936015000035 ], [ -131.530299959999979, 55.901654112000074 ], [ -131.478335847999972, 55.919154017000039 ], [ -131.43972695799999, 55.929991147000067 ], [ -131.291808997999965, 55.957909088000065 ], [ -131.259600025999987, 55.960273119000078 ], [ -131.23165509599994, 55.953882086000078 ], [ -131.20916393499999, 55.938044983000054 ], [ -131.142517914, 55.887082173000067 ], [ -131.069455042999948, 55.821382134000032 ], [ -131.055981971999984, 55.806245087000036 ], [ -130.934999927999968, 55.636800052000069 ], [ -130.938046078999946, 55.562209161000055 ], [ -130.968064021999965, 55.388191127000027 ], [ -131.056399893999981, 55.258044981000069 ], [ -131.073882028999947, 55.246100098000056 ], [ -131.10026406899999, 55.233464212000058 ], [ -131.135008901999981, 55.22915406900006 ], [ -131.142090939999946, 55.198882155000035 ], [ -131.205273055999953, 55.186791092000078 ], [ -131.247790929999951, 55.20096422000006 ], [ -131.281126933, 55.226382174000037 ], [ -131.284726959999944, 55.246382233000077 ], [ -131.254164025999955, 55.264854104000051 ], [ -131.23248205499999, 55.282491137000079 ], [ -131.219572917999983, 55.299300205000065 ], [ -131.192017913999962, 55.361591157000078 ], [ -131.196108952999964, 55.393327054000054 ], [ -131.21804489699997, 55.403045033000069 ], [ -131.26875507599999, 55.383044974000029 ], [ -131.27305499199997, 55.351654076000045 ], [ -131.256190937999975, 55.318536003000077 ], [ -131.290555064999978, 55.276453987000082 ], [ -131.34414493099996, 55.256945108000082 ], [ -131.388917872999968, 55.255000171000063 ] ] ], [ [ [ -133.051664005999953, 56.977482116000033 ], [ -132.972763976999943, 56.924436068000034 ], [ -132.926526884999987, 56.851518037000062 ], [ -132.945554978999951, 56.742763178000075 ], [ -132.924709017999987, 56.659991213000069 ], [ -132.933763987999953, 56.629782164000062 ], [ -132.969999960999985, 56.608609141000045 ], [ -133.00930890799998, 56.600682207000034 ], [ -133.126235953999981, 56.666382247000058 ], [ -133.187499954999964, 56.716663273000052 ], [ -133.203608967999969, 56.75082707200005 ], [ -133.216663948999951, 56.781800216000079 ], [ -133.242626894999944, 56.805963231000078 ], [ -133.347208906999981, 56.837627044000044 ], [ -133.332490954999969, 56.761936111000068 ], [ -133.305572975999951, 56.73137317700008 ], [ -133.18639991399999, 56.637500220000049 ], [ -133.114164002, 56.62165406500003 ], [ -133.09527303599998, 56.613745068000071 ], [ -133.088044817999958, 56.554436062000036 ], [ -133.082700013999954, 56.532627021000053 ], [ -133.131517894999945, 56.471100163000074 ], [ -133.156263954999986, 56.456109129000026 ], [ -133.18695496399999, 56.451800161000051 ], [ -133.304990936999957, 56.471654039000043 ], [ -133.42693589299995, 56.47331818300006 ], [ -133.46722686399994, 56.452218082000059 ], [ -133.505154975999972, 56.435409181000068 ], [ -133.575563968999973, 56.433600199000068 ], [ -133.638882038999952, 56.43936326000005 ], [ -133.65792689599999, 56.462627065000049 ], [ -133.662226979999957, 56.523044997000056 ], [ -133.63500892899998, 56.596800213000051 ], [ -133.667299875999959, 56.638254089000043 ], [ -133.693755005999947, 56.65069115700004 ], [ -133.706935883999961, 56.683463225000082 ], [ -133.691681993999964, 56.75027319600008 ], [ -133.681944904999966, 56.794153968000046 ], [ -133.699309022999955, 56.829582093000056 ], [ -133.73971784299999, 56.80713602700007 ], [ -133.87081785, 56.86901811000007 ], [ -133.881763944999989, 56.898063248000028 ], [ -133.832644819, 56.882218098000067 ], [ -133.806399905999967, 56.876100147000045 ], [ -133.748599977999959, 56.874163257000077 ], [ -133.74131794799996, 56.89499111300006 ], [ -133.885555079999961, 56.950545026000043 ], [ -134.01806408499999, 57.014718051000045 ], [ -134.00813588799997, 57.054573162000054 ], [ -133.90805495799998, 57.080273251000051 ], [ -133.84277300799999, 57.081109094000055 ], [ -133.76113595299995, 57.069445005000034 ], [ -133.629699998999968, 57.050273246000074 ], [ -133.499999937999974, 57.028327076000039 ], [ -133.4383269, 57.013327158000038 ], [ -133.317782055999942, 56.993882148000068 ], [ -133.296126905999984, 56.997627015000035 ], [ -133.167235865999942, 57.00166323600007 ], [ -133.080963953999969, 56.993736135000063 ], [ -133.051664005999953, 56.977482116000033 ] ] ], [ [ [ -167.046418035999977, 53.593882138000026 ], [ -167.063508903999974, 53.678182124000045 ], [ -167.025726972999962, 53.702627107000069 ], [ -166.905635924999984, 53.708736005000048 ], [ -166.80389102, 53.648873123000044 ], [ -166.766444866999962, 53.685818038000036 ], [ -166.768891041999979, 53.729709036000031 ], [ -166.958773, 53.77123600200008 ], [ -166.981282098999969, 53.769573200000082 ], [ -167.004055058999967, 53.759436126000082 ], [ -167.034482037999965, 53.752764131000049 ], [ -167.152373003999969, 53.823882233000063 ], [ -167.160308989999976, 53.850818149000077 ], [ -167.091382084999964, 53.917554024000026 ], [ -167.020426927999978, 53.956654094000044 ], [ -166.754917905999974, 54.008464146000051 ], [ -166.668472991999977, 54.009427059000075 ], [ -166.631544840999965, 53.999709081000049 ], [ -166.610409033999986, 53.987764198000036 ], [ -166.592573013999981, 53.964509111000041 ], [ -166.616944905999986, 53.948873173000038 ], [ -166.637664132999959, 53.915682178000054 ], [ -166.636417911999985, 53.874982170000067 ], [ -166.603608962999971, 53.829027045000032 ], [ -166.468873053999971, 53.890545018000068 ], [ -166.437499925999958, 53.923327144000041 ], [ -166.413500022999983, 53.969154026000069 ], [ -166.375154994999974, 54.001027051000051 ], [ -166.261426984999986, 53.972482145000072 ], [ -166.215144965999968, 53.920964118000029 ], [ -166.247935976999969, 53.876373231000059 ], [ -166.273373040999985, 53.863318081000045 ], [ -166.438081964999981, 53.796654123000053 ], [ -166.469191063999972, 53.789436131000059 ], [ -166.533081952999964, 53.780536059000042 ], [ -166.570827003999966, 53.710273246000042 ], [ -166.550017923999974, 53.685545123000054 ], [ -166.53157304299998, 53.693527042000028 ], [ -166.499172963999968, 53.722754068000029 ], [ -166.439300023999976, 53.751236110000036 ], [ -166.337173070999967, 53.778045125000062 ], [ -166.270999956999958, 53.710954024000046 ], [ -166.275417889999972, 53.681236154000032 ], [ -166.284764047999971, 53.676382194000041 ], [ -166.305572960999967, 53.676936070000068 ], [ -166.410855028999976, 53.669991161000041 ], [ -166.542844858999985, 53.625127024000051 ], [ -166.632199969999959, 53.531100175000063 ], [ -166.650173117999969, 53.492073195000046 ], [ -166.756564111999978, 53.445264122000026 ], [ -166.825318013999976, 53.437764162000065 ], [ -166.959444893999972, 53.431664148000038 ], [ -166.97942701599996, 53.440818025000056 ], [ -167.137509039999969, 53.417354060000036 ], [ -167.383326958999959, 53.339709138000046 ], [ -167.495299964999958, 53.279164137000066 ], [ -167.552244938999962, 53.271100075000049 ], [ -167.66332695, 53.255545107000046 ], [ -167.764772955999973, 53.270818108000071 ], [ -167.842564058999983, 53.306373136000047 ], [ -167.718082067999973, 53.373600190000047 ], [ -167.691409007999965, 53.384718114000066 ], [ -167.587244916999964, 53.388036007000039 ], [ -167.555299974999969, 53.386936134000052 ], [ -167.504182100999969, 53.399709148000056 ], [ -167.492491021999967, 53.416100128000039 ], [ -167.478899933999969, 53.433327118000079 ], [ -167.372217918999979, 53.428036125000062 ], [ -167.301935995999969, 53.437764162000065 ], [ -167.164064081999982, 53.464573177000034 ], [ -167.083755055999973, 53.528591136000045 ], [ -167.142790979999972, 53.55110006600006 ], [ -167.161664007999974, 53.600200082000072 ], [ -167.145855067999975, 53.620544973000051 ], [ -167.121808896999966, 53.629700190000051 ], [ -167.093764053999962, 53.630264125000053 ], [ -167.066972976999978, 53.61803610100003 ], [ -167.046418035999977, 53.593882138000026 ] ] ], [ [ [ -72.867763903999958, 40.756100190000041 ], [ -72.890554968999936, 40.773745103000067 ], [ -73.010908872999948, 40.752909032000048 ], [ -73.095272896999973, 40.730545109000047 ], [ -73.140290924999988, 40.71888219300007 ], [ -73.438599842999963, 40.665827093000075 ], [ -73.561108901999944, 40.645273158000066 ], [ -73.652790996999954, 40.619991158000062 ], [ -73.587299834999953, 40.603600179000068 ], [ -73.618055048999963, 40.594436077000069 ], [ -73.653608902999963, 40.593882200000053 ], [ -73.797226778999971, 40.592218057000025 ], [ -73.777281872999936, 40.614891105000027 ], [ -73.771108936999951, 40.63543598800004 ], [ -73.812773030999949, 40.656654106000076 ], [ -73.836390886999936, 40.659436059000029 ], [ -73.859717890999946, 40.656800119000025 ], [ -73.899735778999968, 40.635827088000042 ], [ -73.881245970999942, 40.609435995000069 ], [ -73.943317819999947, 40.585273148000056 ], [ -74.004446033999955, 40.580418014000031 ], [ -74.032499928999982, 40.625827142000048 ], [ -74.031046003999961, 40.648945102000027 ], [ -74.005008962999966, 40.679991168000072 ], [ -74.002499923999949, 40.69443603700006 ], [ -73.939990874999978, 40.77304504600005 ], [ -73.916946005999989, 40.792354101000058 ], [ -73.835555042999943, 40.804991161000032 ], [ -73.731672919999937, 40.851664113000027 ], [ -73.617626900999937, 40.909018124000056 ], [ -73.589445936999937, 40.920545085000072 ], [ -73.490554901999985, 40.934154110000065 ], [ -73.354172954999967, 40.925827025000046 ], [ -73.226672975999975, 40.910544971000036 ], [ -73.198881936999953, 40.917491054000038 ], [ -73.150417940999944, 40.943044963000034 ], [ -73.037217822999935, 40.968600044000027 ], [ -72.89361788399998, 40.969982220000077 ], [ -72.781390905999956, 40.965545008000049 ], [ -72.758335810999938, 40.963745078000045 ], [ -72.637645959999986, 40.981654020000065 ], [ -72.613608840999973, 40.990127119000078 ], [ -72.57749993699997, 41.015545073000055 ], [ -72.527945957999975, 41.045218016000035 ], [ -72.453063878999956, 41.088882199000068 ], [ -72.350826787999949, 41.140827033000051 ], [ -72.285281980999969, 41.161936018000063 ], [ -72.241663897999956, 41.157073173000072 ], [ -72.257646007999938, 41.12915405900003 ], [ -72.285481973999936, 41.119436080000071 ], [ -72.38833580499994, 41.084991152000043 ], [ -72.617108955999981, 40.917591134000077 ], [ -72.584726813999964, 40.906100048000042 ], [ -72.491245961999937, 40.904573200000073 ], [ -72.43624592499998, 40.922354067000072 ], [ -72.401946003999967, 40.964718050000045 ], [ -72.345835867999938, 40.999718028000075 ], [ -72.263626831999943, 41.01943612000008 ], [ -72.135008873999936, 41.035273223000047 ], [ -72.109926866999956, 41.005482095000048 ], [ -72.053326891999973, 41.016109175000054 ], [ -72.021326796999972, 41.033327113000041 ], [ -72.000690886999962, 41.050964146000069 ], [ -71.919999980999933, 41.082073244000071 ], [ -71.86679987399998, 41.074782162000076 ], [ -72.084163913999987, 40.981654020000065 ], [ -72.35278195099994, 40.887218135000069 ], [ -72.446654907999971, 40.855553986000075 ], [ -72.542772873999979, 40.825553981000041 ], [ -72.665835808999987, 40.794445051000025 ], [ -72.698608882999963, 40.789718160000064 ], [ -72.819454972999949, 40.769991183000059 ], [ -72.867763903999958, 40.756100190000041 ] ] ], [ [ [ -133.862208964999979, 56.277491108000049 ], [ -133.895290995999972, 56.300273120000043 ], [ -133.916782027999943, 56.319654092000064 ], [ -133.947617875999981, 56.351064269000062 ], [ -133.971072955999944, 56.358527012000081 ], [ -133.973399939999979, 56.344082143000037 ], [ -133.965455068999972, 56.317127116000052 ], [ -133.968744797999989, 56.303364199000043 ], [ -133.976699894999967, 56.288818076000041 ], [ -133.984255006999945, 56.269044999000073 ], [ -133.97350002, 56.266227171000082 ], [ -133.954972995999981, 56.276027124000052 ], [ -133.94359992699998, 56.280273229000045 ], [ -133.922517931999948, 56.279436044000079 ], [ -133.911955056999943, 56.274573199000031 ], [ -133.902926908999973, 56.266245108000078 ], [ -133.89697307599999, 56.254164271000036 ], [ -133.890835845999959, 56.23360916200005 ], [ -133.887791035999953, 56.220545128000026 ], [ -133.914464095999961, 56.148882202000038 ], [ -133.94610896599994, 56.089154101000076 ], [ -133.959155062999969, 56.082500211000081 ], [ -133.977764061999949, 56.082909080000036 ], [ -134.016663970999957, 56.095273226000074 ], [ -134.033764059999953, 56.103473242000064 ], [ -134.036817921999955, 56.113882224000065 ], [ -134.01250889399995, 56.190273214000058 ], [ -134.025973080999961, 56.273909185000036 ], [ -134.03659094, 56.305200171000081 ], [ -134.056655036999985, 56.311654069000042 ], [ -134.066254998999966, 56.302773107000064 ], [ -134.095826855999974, 56.13180021900007 ], [ -134.087217970999973, 56.083882219000031 ], [ -134.102199951999978, 56.011936153000079 ], [ -134.109435881999957, 55.997082247000037 ], [ -134.126099943999975, 55.997627071000068 ], [ -134.161955042999978, 56.02221806600005 ], [ -134.22082684899999, 56.066664282000033 ], [ -134.265426955999942, 56.253054004000035 ], [ -134.259317889999977, 56.263045065000028 ], [ -134.220272972999965, 56.276936058000047 ], [ -134.204708951999976, 56.298045043000059 ], [ -134.227199945, 56.307491113000083 ], [ -134.251955057999965, 56.314991072000055 ], [ -134.28229989499999, 56.348464202000059 ], [ -134.231655094999951, 56.419153989000051 ], [ -134.17472688399999, 56.435954005000042 ], [ -134.08499089899999, 56.397218045000045 ], [ -134.06459102299999, 56.384300191000079 ], [ -134.056117924999967, 56.373045139000055 ], [ -134.049864018999983, 56.362144977000071 ], [ -134.034591017999958, 56.377354108000077 ], [ -134.032635855999956, 56.417491187000053 ], [ -134.05280003199999, 56.50388212200005 ], [ -134.06459102299999, 56.548045029000036 ], [ -134.071244912999987, 56.555963245000044 ], [ -134.089426937999974, 56.538191096000048 ], [ -134.174163955999973, 56.535827064000046 ], [ -134.304026960999977, 56.558182103000036 ], [ -134.390017911999962, 56.711109088000057 ], [ -134.393335971999988, 56.721373232000076 ], [ -134.408908877999977, 56.82943608000005 ], [ -134.404726978999975, 56.847773170000039 ], [ -134.396544899999981, 56.854582125000036 ], [ -134.318055081999944, 56.89554498900003 ], [ -134.297790992999978, 56.900545130000069 ], [ -134.276117905999968, 56.899991086000057 ], [ -134.263917877999972, 56.898327110000082 ], [ -134.244135915999948, 56.893609105000053 ], [ -134.221099931999959, 56.884163203000071 ], [ -134.178344848999984, 56.858891094000057 ], [ -134.155581946999973, 56.84943614000008 ], [ -134.120135883999978, 56.842073141000071 ], [ -134.10693589499999, 56.845827060000033 ], [ -134.136135931999945, 56.884163203000071 ], [ -134.146817996999971, 56.889163176000068 ], [ -134.172791, 56.894718031000082 ], [ -134.195281992999981, 56.896382174000053 ], [ -134.21361790899999, 56.901382147000049 ], [ -134.261555019999946, 56.938736098000049 ], [ -134.248044899999968, 56.93970906900006 ], [ -134.191681965999976, 56.930273226000054 ], [ -134.126917849999984, 56.913318144000073 ], [ -134.036135970999965, 56.888600079000071 ], [ -134.008908866999946, 56.880545070000039 ], [ -133.990535902999966, 56.872627022000074 ], [ -133.925844876999975, 56.801936062000038 ], [ -133.90362696599999, 56.750000113000056 ], [ -133.922517931999948, 56.715000135000082 ], [ -133.965135885999985, 56.657491227000037 ], [ -133.979309013999966, 56.651654070000063 ], [ -134.014190974999963, 56.650827111000069 ], [ -134.024172982999971, 56.648463247000052 ], [ -134.006681962999949, 56.641936091000048 ], [ -133.975008929999944, 56.635554110000044 ], [ -133.958891032999986, 56.639718072000051 ], [ -133.945826830999977, 56.646382188000075 ], [ -133.917235823999988, 56.667218090000063 ], [ -133.872344864999945, 56.709573188000036 ], [ -133.862208964999979, 56.723600136000073 ], [ -133.856108950999953, 56.736936079000031 ], [ -133.853055087999962, 56.74916326400006 ], [ -133.853055087999962, 56.760554103000061 ], [ -133.855544848999955, 56.773745039000062 ], [ -133.865264000999957, 56.790273146000061 ], [ -133.830564094999943, 56.796109130000048 ], [ -133.73290888799994, 56.77582710400003 ], [ -133.719300029999943, 56.769018149000033 ], [ -133.725955092999982, 56.653045130000066 ], [ -133.69262697, 56.597073128000034 ], [ -133.738590979999969, 56.560545129000047 ], [ -133.749035836999951, 56.555963245000044 ], [ -133.763063957999975, 56.554709145000061 ], [ -133.773617947999981, 56.55665408200008 ], [ -133.782772997999984, 56.564991225000028 ], [ -133.787226972999974, 56.58055407300003 ], [ -133.794309011, 56.593536132000054 ], [ -133.817355053999961, 56.60708212600008 ], [ -133.833891039999969, 56.609991149000052 ], [ -133.890835845999959, 56.615000175000034 ], [ -133.91222696599999, 56.615827133000039 ], [ -133.92124488799999, 56.611100075000081 ], [ -133.914464095999961, 56.602082153000026 ], [ -133.876644948999967, 56.523609099000055 ], [ -133.882473053999945, 56.437209111000072 ], [ -133.850282018999962, 56.352491204000046 ], [ -133.84180892099999, 56.344709110000053 ], [ -133.846099952999964, 56.290836103000061 ], [ -133.851517846999968, 56.281664122000052 ], [ -133.862208964999979, 56.277491108000049 ] ] ], [ [ [ -152.695826947999961, 58.053318167000043 ], [ -152.771664060999967, 57.998327015000029 ], [ -152.782517954999975, 57.993600124000068 ], [ -152.852218006999976, 57.992909120000036 ], [ -152.913908981999981, 58.010827115000041 ], [ -153.006818019999969, 58.039300105000052 ], [ -153.032500003999957, 58.049718140000039 ], [ -153.038055026999984, 58.053600135000067 ], [ -153.06973593799998, 58.09054504900007 ], [ -153.138064039999961, 58.101109097000062 ], [ -153.148617861999981, 58.102218023000034 ], [ -153.168881950999975, 58.111936001000061 ], [ -153.220826951999982, 58.153600095000058 ], [ -153.230408975999978, 58.16610019500007 ], [ -153.221255099999979, 58.193600214000071 ], [ -153.20999099499997, 58.204436003000069 ], [ -153.197509, 58.211663215000044 ], [ -153.176526916999961, 58.216518181000026 ], [ -153.089717892999971, 58.199154063000037 ], [ -153.012508996999969, 58.179163224000035 ], [ -152.915281937999964, 58.166382162000048 ], [ -152.902235840999964, 58.167491088000077 ], [ -152.948055011999969, 58.195409196000071 ], [ -153.016117909999963, 58.222763202000067 ], [ -153.071535867999984, 58.237491212000066 ], [ -153.10430894199996, 58.261663279000061 ], [ -153.050981932999974, 58.30013604700008 ], [ -153.037509028999978, 58.303600120000056 ], [ -153.012790963999976, 58.303600120000056 ], [ -152.797773018999976, 58.282773103000068 ], [ -152.791381985999976, 58.374163172000067 ], [ -152.788055040999978, 58.412209134000079 ], [ -152.719455029999978, 58.455553967000071 ], [ -152.654173079999964, 58.478045128000076 ], [ -152.638608891999979, 58.479718156000047 ], [ -152.546664107999959, 58.460545055000068 ], [ -152.406955047999958, 58.363182209000058 ], [ -152.351382023999975, 58.420545104000041 ], [ -152.301935835999984, 58.424163237000073 ], [ -152.281955054999969, 58.421109039000044 ], [ -151.983044819999975, 58.343600071000083 ], [ -151.965682042999958, 58.32332709700006 ], [ -151.963054986999964, 58.278045039000062 ], [ -151.972782017999975, 58.233045115000039 ], [ -151.991364025999957, 58.215827009000066 ], [ -152.061400023999965, 58.166936039000063 ], [ -152.08029099, 58.156382217000044 ], [ -152.099990976999976, 58.149573261000057 ], [ -152.116090936999967, 58.147491197000079 ], [ -152.191681956999957, 58.174435998000035 ], [ -152.222917957999982, 58.202636073000065 ], [ -152.218890955999967, 58.212073258000032 ], [ -152.217772977999971, 58.223882186000083 ], [ -152.240964027999979, 58.262218161000078 ], [ -152.274182012999972, 58.262218161000078 ], [ -152.303617915999979, 58.25277326500003 ], [ -152.313617861999973, 58.247918132000052 ], [ -152.36735508199996, 58.194300103000046 ], [ -152.320982033999968, 58.151800165000054 ], [ -152.293626854999957, 58.153045046000045 ], [ -152.277217938999968, 58.129436074000068 ], [ -152.40390001199998, 58.119991178000078 ], [ -152.488590928999969, 58.124436101000072 ], [ -152.594144906999958, 58.132491110000046 ], [ -152.598600055999981, 58.121653980000076 ], [ -152.626372988999975, 58.078609051000058 ], [ -152.656126901999983, 58.060273135000045 ], [ -152.695826947999961, 58.053318167000043 ] ] ], [ [ [ -167.795317952999966, 53.495536095000034 ], [ -167.847808950999962, 53.40330917600005 ], [ -167.848908991999963, 53.380818182000041 ], [ -167.86804487699996, 53.371654080000042 ], [ -168.117799943999984, 53.272482084000046 ], [ -168.165835959999981, 53.261936141000035 ], [ -168.193600008999965, 53.259991204000073 ], [ -168.218626862999969, 53.255545107000046 ], [ -168.243591020999986, 53.251100184000052 ], [ -168.272826930999969, 53.241936081000063 ], [ -168.285555018999986, 53.236109150000061 ], [ -168.326827006999963, 53.208873161000042 ], [ -168.342526982999971, 53.183873129000062 ], [ -168.373872953999978, 53.126654067000061 ], [ -168.467517922999974, 53.048882243000037 ], [ -168.488890937999969, 53.038045113000067 ], [ -168.633091021999974, 52.991936095000028 ], [ -168.870544974999973, 52.903309036000053 ], [ -169.041964114999985, 52.832764257000065 ], [ -169.057218005999971, 52.82887321000004 ], [ -169.086700008999969, 52.828045078000059 ], [ -169.053891060999973, 52.860545069000068 ], [ -168.969455120999982, 52.90971817500008 ], [ -168.897935860999979, 52.932354007000072 ], [ -168.88030905399998, 52.938327119000064 ], [ -168.871944919999976, 52.947491221000064 ], [ -168.775026984999982, 53.05720916100006 ], [ -168.767226953999966, 53.070827071000053 ], [ -168.765017986999965, 53.083882221000067 ], [ -168.773235939999978, 53.092353978000062 ], [ -168.793900013999973, 53.100964204000036 ], [ -168.798917923999966, 53.11415396700005 ], [ -168.791808895999964, 53.150127084000076 ], [ -168.756990973999962, 53.181664162000061 ], [ -168.735835887999968, 53.196935990000043 ], [ -168.621399942999972, 53.272218054000064 ], [ -168.607526886999977, 53.272627091000061 ], [ -168.58917303399997, 53.266664205000041 ], [ -168.557800072999981, 53.250545134000049 ], [ -168.541382103999979, 53.24609115800007 ], [ -168.530026971999973, 53.245273252000061 ], [ -168.421964122999981, 53.248318063000056 ], [ -168.367372954999979, 53.254582194000079 ], [ -168.357235881999969, 53.262354062000043 ], [ -168.345308935999981, 53.294718099000079 ], [ -168.404481987999986, 53.345818037000072 ], [ -168.409726879999965, 53.407973202000051 ], [ -168.354044890999972, 53.47332706900005 ], [ -168.239990992999964, 53.528600188000041 ], [ -168.085299951999986, 53.556927165000047 ], [ -168.005582017999984, 53.563600166000072 ], [ -167.85498201599998, 53.519436086000042 ], [ -167.795317952999966, 53.495536095000034 ] ] ], [ [ [ -156.37417303099997, 20.580827004000071 ], [ -156.388364096999965, 20.582218065000063 ], [ -156.420018018999968, 20.588609099000053 ], [ -156.444044911999981, 20.611936103000062 ], [ -156.448091023999979, 20.638327028000049 ], [ -156.448335942999961, 20.658054005000054 ], [ -156.446963992999969, 20.699164222000036 ], [ -156.447535974999965, 20.718882147000045 ], [ -156.451664061999963, 20.735264241000039 ], [ -156.471954972999981, 20.788327053000046 ], [ -156.483126876999961, 20.797845039000038 ], [ -156.501399927999984, 20.799436092000064 ], [ -156.517544982999965, 20.793882075000056 ], [ -156.534318008999975, 20.786244988000078 ], [ -156.570282073999977, 20.798326999000039 ], [ -156.586426959999983, 20.804718032000039 ], [ -156.626917922999979, 20.821382094000057 ], [ -156.640563996999958, 20.829718064000076 ], [ -156.688627002999965, 20.886109162000025 ], [ -156.701600009999964, 20.926100061000056 ], [ -156.697264050999962, 20.947491180000043 ], [ -156.692226862999973, 20.956936077000023 ], [ -156.661435941999969, 21.013609142000064 ], [ -156.59709092099996, 21.051382188000048 ], [ -156.52667304299996, 20.993882165000059 ], [ -156.519472987999961, 20.986653947000036 ], [ -156.511173059999976, 20.973600138000052 ], [ -156.503390965999984, 20.953609132000054 ], [ -156.494717874999964, 20.93415406400004 ], [ -156.480008975999965, 20.902773224000043 ], [ -156.470444888999964, 20.897353988000077 ], [ -156.387390957999969, 20.913327046000063 ], [ -156.37805502599997, 20.91832701900006 ], [ -156.363308910999962, 20.936109059000046 ], [ -156.352508996999973, 20.939991053000028 ], [ -156.333355006999966, 20.94610012000004 ], [ -156.288635876999962, 20.949854039000058 ], [ -156.231381945999971, 20.935482092000029 ], [ -156.216644883999976, 20.916382082000041 ], [ -156.206699922999974, 20.904709108000077 ], [ -156.196135874999982, 20.893609122000043 ], [ -156.187500000999961, 20.887500055000032 ], [ -156.113908901999963, 20.840827104000027 ], [ -156.087772954999963, 20.840273227000068 ], [ -156.027235831999974, 20.811245020000058 ], [ -156.002255077999962, 20.79499116900007 ], [ -155.993344947999958, 20.782491069000059 ], [ -155.98724493399996, 20.764300160000062 ], [ -155.988064012999985, 20.751109056000075 ], [ -155.99471790299998, 20.73221809000006 ], [ -156.001708913999977, 20.717209119000074 ], [ -156.008091061999977, 20.708882201000051 ], [ -156.045317943999976, 20.673882055000036 ], [ -156.061708923999959, 20.661100156000032 ], [ -156.139817867999966, 20.629573136000033 ], [ -156.15862685899998, 20.630273192000061 ], [ -156.169772945999966, 20.634435981000024 ], [ -156.182217892999972, 20.637218102000077 ], [ -156.199435997999984, 20.638045061000071 ], [ -156.342235968999972, 20.595691136000028 ], [ -156.37417303099997, 20.580827004000071 ] ] ], [ [ [ -174.979191033999967, 52.054700178000076 ], [ -174.918063992999976, 52.106373103000067 ], [ -174.908355066999974, 52.110691124000027 ], [ -174.799317904999981, 52.094991149000066 ], [ -174.666408915999966, 52.109709100000032 ], [ -174.600826893999965, 52.11915399600008 ], [ -174.50448194599997, 52.134573178000039 ], [ -174.496417883999982, 52.143609037000033 ], [ -174.506144914999965, 52.149154001000056 ], [ -174.526981991999975, 52.145545089000052 ], [ -174.540573079999973, 52.147491199000058 ], [ -174.550844934999986, 52.154291102000059 ], [ -174.554744866999982, 52.173609042000066 ], [ -174.44169998199996, 52.21221810000003 ], [ -174.39892696299998, 52.213327026000059 ], [ -174.379972964999979, 52.210818154000037 ], [ -174.364744890999987, 52.206644973000039 ], [ -174.355573076999974, 52.202073147000078 ], [ -174.344182070999977, 52.191936074000068 ], [ -174.328617881999975, 52.194427008000048 ], [ -174.279173034999985, 52.209982143000047 ], [ -174.22930892499997, 52.246445099000027 ], [ -174.227099958999986, 52.261518108000075 ], [ -174.236681982999983, 52.269291149000026 ], [ -174.345308933999974, 52.278600091000044 ], [ -174.368635937999983, 52.277491165000072 ], [ -174.418917968999978, 52.288318070000059 ], [ -174.435817897999982, 52.294991070000037 ], [ -174.446208942999959, 52.306727076000072 ], [ -174.433926939999964, 52.319154086000026 ], [ -174.337244871999985, 52.365000079000026 ], [ -174.180035906999962, 52.417627031000052 ], [ -174.158935974999963, 52.418600170000047 ], [ -174.080291091999982, 52.39012701300004 ], [ -174.029173048999979, 52.355818039000042 ], [ -173.990755098999983, 52.32213603200006 ], [ -173.993618021999964, 52.293464223000058 ], [ -174.142000003999982, 52.123873176000075 ], [ -174.209444987999973, 52.098873143000048 ], [ -174.282255060999972, 52.109709100000032 ], [ -174.374691024999976, 52.098036127000057 ], [ -174.397282097999977, 52.054991198000039 ], [ -174.444155041999977, 52.041936048000082 ], [ -174.609464109999976, 52.024991193000062 ], [ -174.719755035999981, 52.002209180000079 ], [ -174.729735870999974, 52.003054076000069 ], [ -174.760181960999972, 52.014445082000066 ], [ -174.787535966999968, 52.023036030000071 ], [ -174.84027305799998, 52.031936103000078 ], [ -174.890455009999982, 52.038182129000063 ], [ -174.969755021999987, 52.029709199000081 ], [ -175.001282041999985, 52.014018108000073 ], [ -175.013355, 52.002627102000076 ], [ -175.079708995999965, 51.998318133000055 ], [ -175.128355047999975, 52.001653963000081 ], [ -175.183344858999959, 52.007500173000039 ], [ -175.259764010999987, 52.008609098000079 ], [ -175.295027012999981, 52.008191177000072 ], [ -175.312809052999967, 51.998736055000052 ], [ -175.33402700299996, 52.016518095000038 ], [ -175.188326893999971, 52.043873106000035 ], [ -175.011718014999985, 52.07276418500004 ], [ -174.99905513799996, 52.072345090000056 ], [ -174.979191033999967, 52.054700178000076 ] ] ], [ [ [ -132.318881985999951, 55.912209107000081 ], [ -132.425564, 55.956100105000075 ], [ -132.421935976999976, 55.968318070000066 ], [ -132.411273022999978, 55.995827141000063 ], [ -132.419735894999974, 56.028327133000062 ], [ -132.44778191099999, 56.053600080000081 ], [ -132.598464054999965, 56.080554101000075 ], [ -132.607481976999964, 56.075000084000067 ], [ -132.61080892199999, 56.06276418200008 ], [ -132.621799943999974, 56.049018028000035 ], [ -132.635008984999956, 56.049164209000082 ], [ -132.687226900999974, 56.099436014000048 ], [ -132.695826901999965, 56.107773158000043 ], [ -132.712772930999961, 56.135827053000071 ], [ -132.716944938999973, 56.15138218900006 ], [ -132.696399887999974, 56.219300080000039 ], [ -132.683608936999974, 56.226244990000055 ], [ -132.573335946999975, 56.27777324200008 ], [ -132.565273059999981, 56.289435990000072 ], [ -132.529173040999979, 56.33193609500006 ], [ -132.515835923999987, 56.338600211000028 ], [ -132.495544844999984, 56.343318049000061 ], [ -132.43722691499994, 56.350273185000049 ], [ -132.417781905999959, 56.350827061000075 ], [ -132.402100034999989, 56.347354103000043 ], [ -132.384644889999947, 56.332009185000061 ], [ -132.378600028999983, 56.313045129000045 ], [ -132.370544851999966, 56.268327173000046 ], [ -132.395017997999958, 56.221927136000033 ], [ -132.211673084999973, 56.178045023000038 ], [ -132.17930888099994, 56.168745134000062 ], [ -132.107208922999973, 56.115827161000027 ], [ -132.093744903999948, 56.10103612000006 ], [ -132.137790966999944, 56.067500125000038 ], [ -132.11430001299999, 55.947491220000074 ], [ -132.119844809999961, 55.935127075000082 ], [ -132.131526835999978, 55.927082124000037 ], [ -132.14361789899999, 55.924436125000057 ], [ -132.27389999899998, 55.916664256000047 ], [ -132.318881985999951, 55.912209107000081 ] ] ], [ [ [ -146.93777293399998, 60.286382237000055 ], [ -146.963899995999981, 60.258891104000043 ], [ -146.984708908999977, 60.241663275000064 ], [ -147.09277309899997, 60.19304505100007 ], [ -147.12997299099996, 60.177491089000057 ], [ -147.181244925999977, 60.158736078000061 ], [ -147.214173064999983, 60.144436048000046 ], [ -147.227200050999983, 60.137218056000052 ], [ -147.238890961999971, 60.129153994000035 ], [ -147.482499913999959, 59.944018037000035 ], [ -147.487355047999984, 59.933327087000066 ], [ -147.480564029999982, 59.923191187000043 ], [ -147.531126854999968, 59.851936125000066 ], [ -147.71389995399997, 59.814436160000071 ], [ -147.849972943999973, 59.77693602800008 ], [ -147.860808900999956, 59.77582710300004 ], [ -147.871917939999975, 59.776100185000075 ], [ -147.887364110999982, 59.778600171000051 ], [ -147.910282078999984, 59.792563249000068 ], [ -147.89355498499998, 59.842773196000053 ], [ -147.792235879999964, 59.930827101000034 ], [ -147.671664046999979, 60.006382247000033 ], [ -147.604426933999974, 60.027218149000078 ], [ -147.475555004999961, 60.078609106000044 ], [ -147.445826908999976, 60.09110015400006 ], [ -147.431399976999984, 60.09749118700006 ], [ -147.404173040999979, 60.111382180000078 ], [ -147.381791011999979, 60.12950905200006 ], [ -147.375273076999974, 60.145545141000071 ], [ -147.336944812999974, 60.178882150000049 ], [ -147.202208903999974, 60.268882165000036 ], [ -147.209308878999963, 60.292491136000081 ], [ -147.201109029999969, 60.34665398900006 ], [ -147.193600018999973, 60.353327157000081 ], [ -147.1575, 60.369709084000078 ], [ -147.131926980999964, 60.37720904300005 ], [ -147.112208888999959, 60.38081812300004 ], [ -147.094864048999966, 60.38026324100008 ], [ -146.922790951999957, 60.306800218000035 ], [ -146.93777293399998, 60.286382237000055 ] ] ], [ [ [ -157.813081947999962, 21.258882069000038 ], [ -157.867800017999969, 21.319164214000068 ], [ -157.887526994999973, 21.332773072000066 ], [ -157.902526913999964, 21.336936028000025 ], [ -157.926135884999979, 21.320691062000037 ], [ -157.98526401, 21.30250015300004 ], [ -158.100573013999963, 21.294444976000023 ], [ -158.108200042999982, 21.301382174000025 ], [ -158.111664115999957, 21.315273167000043 ], [ -158.113891019999983, 21.333609083000056 ], [ -158.116391005999958, 21.344718123000064 ], [ -158.123081943999978, 21.359153939000066 ], [ -158.13086403899996, 21.372773191000078 ], [ -158.136417887999983, 21.381382076000023 ], [ -158.178073096999981, 21.426382167000043 ], [ -158.203064075999976, 21.451936076000038 ], [ -158.220000046999985, 21.463054 ], [ -158.235199957999981, 21.478536045000055 ], [ -158.273500058999957, 21.577773085000047 ], [ -158.264772988999965, 21.586654047000025 ], [ -158.106935883999967, 21.609718027000042 ], [ -158.047244830999972, 21.666100073000052 ], [ -158.031708973999969, 21.679436016000068 ], [ -158.011855094999959, 21.69235403700003 ], [ -157.97192689299996, 21.699436075000051 ], [ -157.957763990999979, 21.69277313300006 ], [ -157.943909039999966, 21.684435989000065 ], [ -157.928891016999984, 21.670544996000046 ], [ -157.922544909999971, 21.662491160000059 ], [ -157.876681985999966, 21.576664160000064 ], [ -157.855135967999985, 21.511391094000032 ], [ -157.844181993999968, 21.471100124000031 ], [ -157.803363969999964, 21.434709085000065 ], [ -157.780717910999982, 21.426936043000069 ], [ -157.730318029999978, 21.411664216000077 ], [ -157.665590961999982, 21.324164187000065 ], [ -157.708644942999967, 21.268609100000049 ], [ -157.760590949999965, 21.271382169000049 ], [ -157.813081947999962, 21.258882069000038 ] ] ], [ [ [ -159.451417967999959, 21.869991041000048 ], [ -159.461118008999961, 21.883745074000046 ], [ -159.505426928999981, 21.897082191000038 ], [ -159.56027307399998, 21.900273181000045 ], [ -159.707517967999962, 21.95804494600003 ], [ -159.754199971999981, 21.979164157000071 ], [ -159.786682025999966, 22.022218138000028 ], [ -159.790317927999979, 22.035973176000027 ], [ -159.789490968999985, 22.050827082000069 ], [ -159.785308901999969, 22.061382078000065 ], [ -159.730317917999969, 22.137218018000056 ], [ -159.714617941999961, 22.154164214000048 ], [ -159.582644876999979, 22.226245061000043 ], [ -159.552655097999974, 22.236100168000064 ], [ -159.401673048999982, 22.239154030000066 ], [ -159.349582034999969, 22.219991156000049 ], [ -159.327481973999966, 22.20165406600006 ], [ -159.317509017999981, 22.19027311800005 ], [ -159.29182686599998, 22.141382147000058 ], [ -159.28893594799996, 22.126944989000037 ], [ -159.333100027999961, 21.965545073000044 ], [ -159.378600015999979, 21.920827117000044 ], [ -159.433626874999959, 21.881382215000031 ], [ -159.451417967999959, 21.869991041000048 ] ] ], [ [ [ 172.928591273000052, 52.743882220000046 ], [ 172.900118283000097, 52.787218168000038 ], [ 172.796081430000072, 52.86804502800004 ], [ 172.774418234000109, 52.879718170000046 ], [ 172.707181456000058, 52.874164153000038 ], [ 172.638309369000012, 52.863327023000068 ], [ 172.494109286000025, 52.914436013000056 ], [ 172.47871826700009, 52.922218107000049 ], [ 172.529145306000032, 52.95304507000003 ], [ 172.544691389000036, 52.959854026000073 ], [ 172.586363362000043, 52.977209092000066 ], [ 172.647063429000013, 53.00166413200003 ], [ 172.786654304000081, 53.011935987000072 ], [ 172.889981377000026, 52.999718022000081 ], [ 173.026363492000087, 52.995545008000079 ], [ 173.12356339400003, 52.992764228000055 ], [ 173.140254278000043, 52.990273126000034 ], [ 173.31164525500003, 52.919573114000059 ], [ 173.321409334000123, 52.906582169000046 ], [ 173.297618308000096, 52.880264167000064 ], [ 173.34661824300008, 52.856945042000063 ], [ 173.436918330000026, 52.851936016000082 ], [ 173.434281384000087, 52.832073253000033 ], [ 173.425263462000089, 52.82694503700003 ], [ 173.32190034600012, 52.821109053000043 ], [ 173.194427356000119, 52.819445077000069 ], [ 173.098018370000091, 52.80832715300005 ], [ 173.010800309000047, 52.797491196000067 ], [ 172.942045233000044, 52.746936082000047 ], [ 172.928591273000052, 52.743882220000046 ] ] ], [ [ [ -133.102200008999944, 55.245545049000043 ], [ -133.07082688, 55.199718166000082 ], [ -132.992490953999948, 55.123045042000058 ], [ -132.99136409099998, 55.095273115000055 ], [ -133.003626982999947, 55.087773155000036 ], [ -132.998044802999971, 55.059436120000044 ], [ -132.898617996999974, 54.910545021000075 ], [ -132.871372955999959, 54.897218130000056 ], [ -132.85278206199996, 54.892491072000041 ], [ -132.839017970999976, 54.89027322000004 ], [ -132.755009004999977, 54.82221803300007 ], [ -132.723055010999985, 54.784718069000064 ], [ -132.686126859999945, 54.718882243000053 ], [ -132.66778205899999, 54.679164259000061 ], [ -132.679990971999985, 54.666100057000051 ], [ -132.840564096999969, 54.69068216800008 ], [ -132.863890933999983, 54.726100067000061 ], [ -132.935544806999985, 54.804991211000072 ], [ -132.972917868999957, 54.825554031000081 ], [ -132.984708859999955, 54.828882149000037 ], [ -133.00472685599999, 54.844709194000075 ], [ -133.122499972999947, 54.939427047000038 ], [ -133.197235870999975, 55.046664279000026 ], [ -133.213617965999958, 55.092209194000077 ], [ -133.196400027999971, 55.227218185000027 ], [ -133.18804494699998, 55.233327084000052 ], [ -133.1135999, 55.251809180000066 ], [ -133.102200008999944, 55.245545049000043 ] ] ], [ [ [ -176.938626867999972, 51.584436014000062 ], [ -176.961944986999981, 51.590273171000035 ], [ -176.976682049999965, 51.598182167000061 ], [ -176.980991017999969, 51.616382129000044 ], [ -176.972264115999963, 51.657764256000064 ], [ -176.893335924999974, 51.765827105000028 ], [ -176.781399965999981, 51.830273211000076 ], [ -176.783355128999972, 51.925264147000064 ], [ -176.775163997999982, 51.942273208000074 ], [ -176.758363980999974, 51.950827108000055 ], [ -176.743044879999985, 51.954991069000073 ], [ -176.605564064999982, 51.985545118000061 ], [ -176.584744926999974, 51.986382135000042 ], [ -176.559773057999962, 51.984709107000072 ], [ -176.54808197899996, 51.978327126000067 ], [ -176.540281947999972, 51.923600171000032 ], [ -176.548355060999967, 51.907900196000071 ], [ -176.558044876999986, 51.903873195000074 ], [ -176.587799962999981, 51.905818131000046 ], [ -176.605700019999972, 51.901373208000052 ], [ -176.642244949999963, 51.857218180000075 ], [ -176.594035930999979, 51.830409166000038 ], [ -176.582518022999977, 51.829991077000045 ], [ -176.554991013999967, 51.839145121000058 ], [ -176.46502687399996, 51.843600102000039 ], [ -176.43028204099997, 51.837345023000069 ], [ -176.423626976999969, 51.827773225000044 ], [ -176.416690952999971, 51.74971809200008 ], [ -176.427518024999983, 51.732345089000034 ], [ -176.466982035999962, 51.719145101000038 ], [ -176.530609063999975, 51.726927027000045 ], [ -176.707673080999967, 51.677627019000056 ], [ -176.723600037999972, 51.659153975000038 ], [ -176.913082011999961, 51.603882197000075 ], [ -176.938626867999972, 51.584436014000062 ] ] ], [ [ [ -132.801935928999967, 56.786382099000036 ], [ -132.732481969999981, 56.724709061000055 ], [ -132.667235893999987, 56.678600212000049 ], [ -132.613890947999948, 56.645273262000046 ], [ -132.549744912999984, 56.605273143000034 ], [ -132.536255077999954, 56.601245136000045 ], [ -132.528199901999983, 56.592627031000063 ], [ -132.529326931999947, 56.581109122000043 ], [ -132.538755064999975, 56.570827042000076 ], [ -132.561954998999965, 56.559154068000055 ], [ -132.577208889999952, 56.554163148000043 ], [ -132.68362687399997, 56.520273101000043 ], [ -132.773073012999987, 56.494709135000051 ], [ -132.792508969999972, 56.493882176000056 ], [ -132.894744886999945, 56.497491088000061 ], [ -132.9058551, 56.498327099000051 ], [ -132.930417931999955, 56.504435998000076 ], [ -132.942990953999981, 56.515754082000058 ], [ -132.956390934999945, 56.594154046000028 ], [ -132.923035821999974, 56.618882169000074 ], [ -132.896744808999983, 56.621891105000032 ], [ -132.883226978999971, 56.634654061000049 ], [ -132.898235949999957, 56.65644499800004 ], [ -132.923035821999974, 56.702282106000041 ], [ -132.91833592099999, 56.748882135000031 ], [ -132.873600027999942, 56.796109130000048 ], [ -132.801935928999967, 56.786382099000036 ] ] ], [ [ [ -132.05611787, 56.111382238000033 ], [ -132.09901795899998, 56.160691130000032 ], [ -132.10943582699997, 56.165827058000048 ], [ -132.171108864999951, 56.185264188000076 ], [ -132.191681910999989, 56.18970911200006 ], [ -132.20360885599996, 56.191654049000078 ], [ -132.214717894999978, 56.192491233000055 ], [ -132.22500886099999, 56.194709085000056 ], [ -132.251399953999965, 56.203045055000075 ], [ -132.273073040999975, 56.213609103000067 ], [ -132.30221792399999, 56.232209049000062 ], [ -132.312500004999947, 56.239991143000054 ], [ -132.33111788799999, 56.256382123000037 ], [ -132.346235823999962, 56.270964120000031 ], [ -132.34805503199999, 56.281527162000032 ], [ -132.332508948999987, 56.305409048000058 ], [ -132.327790942999968, 56.315273207000075 ], [ -132.327208903999974, 56.326664213000072 ], [ -132.326664079999944, 56.401800096000045 ], [ -132.34860002399995, 56.436654062000059 ], [ -132.368235972999969, 56.454153967000082 ], [ -132.375691004999965, 56.475409132000038 ], [ -132.37179995799994, 56.487209175000032 ], [ -132.354999941999949, 56.488600068000039 ], [ -132.256255086999943, 56.453600091000055 ], [ -132.231226892, 56.439154048000034 ], [ -132.22269998199999, 56.421036061000052 ], [ -132.217908885999975, 56.398882188000073 ], [ -132.212355036999952, 56.389582131000054 ], [ -132.160826951999979, 56.353053965000072 ], [ -132.127764031999959, 56.344436027000029 ], [ -132.108599983999966, 56.344300073000056 ], [ -132.091673064999952, 56.352491204000046 ], [ -132.07417299299999, 56.359582126000078 ], [ -132.043064061999985, 56.355000075000078 ], [ -132.006544947999942, 56.338600211000028 ], [ -131.994990996999945, 56.32832701500007 ], [ -131.989435973999946, 56.318882119000079 ], [ -131.947235941999963, 56.232209049000062 ], [ -132.010281934999966, 56.134154025000043 ], [ -132.05611787, 56.111382238000033 ] ] ], [ [ [ -135.700290933999952, 57.316936120000037 ], [ -135.645290897, 57.295827135000081 ], [ -135.626372940999943, 57.287918139000055 ], [ -135.611935950999964, 57.278600145000041 ], [ -135.589717872999984, 57.263327144000073 ], [ -135.57693597399998, 57.250545076000037 ], [ -135.554872959999955, 57.226653970000029 ], [ -135.546244796999986, 57.132218084000044 ], [ -135.566655065999953, 57.08221818800007 ], [ -135.625826943999982, 57.006109166000044 ], [ -135.71972689099999, 56.993609066000033 ], [ -135.795835912999962, 56.986382189000039 ], [ -135.826935958999968, 56.985827139000037 ], [ -135.837908876999961, 56.990827112000034 ], [ -135.825408943999946, 57.079991116000031 ], [ -135.815964047999955, 57.089154045000043 ], [ -135.783626832999971, 57.101109153000039 ], [ -135.762926884999956, 57.105963281000072 ], [ -135.75249996499997, 57.110544997000034 ], [ -135.714444950999962, 57.141109104000066 ], [ -135.712772928999982, 57.162909093000053 ], [ -135.748872947999985, 57.164709191000043 ], [ -135.807508886999983, 57.168327156000032 ], [ -135.819582012999945, 57.175127058000044 ], [ -135.845835977999968, 57.319300152000039 ], [ -135.833463952999978, 57.325827140000058 ], [ -135.760554973999945, 57.33166329200003 ], [ -135.710535966999942, 57.323609121000061 ], [ -135.700290933999952, 57.316936120000037 ] ] ], [ [ [ -132.834164010999984, 56.230818156000055 ], [ -132.844999967999968, 56.231653999000059 ], [ -132.861390946999961, 56.237500209000075 ], [ -132.910281917999953, 56.261109181000052 ], [ -133.044735859999946, 56.332073223000066 ], [ -133.055481962999977, 56.349091169000076 ], [ -132.98929996399994, 56.421245106000072 ], [ -132.940273037999987, 56.447773159000064 ], [ -132.920835907999958, 56.453327008000031 ], [ -132.88779092499999, 56.45555408000007 ], [ -132.732755051999959, 56.45832714900007 ], [ -132.722499961999972, 56.45832714900007 ], [ -132.703064003999941, 56.456100077000031 ], [ -132.683072997999943, 56.452491165000026 ], [ -132.65639993799999, 56.444154021000031 ], [ -132.638473057999988, 56.43596322500008 ], [ -132.629699887999948, 56.424709179000047 ], [ -132.614299984999946, 56.393609133000041 ], [ -132.634735902999978, 56.298336063000079 ], [ -132.640290925999977, 56.283191137000074 ], [ -132.64807302, 56.276100215000042 ], [ -132.677217902999985, 56.265545051000061 ], [ -132.700835926999957, 56.259164244000033 ], [ -132.759463986999947, 56.245827127000041 ], [ -132.817226866999988, 56.233882245000075 ], [ -132.834164010999984, 56.230818156000055 ] ] ], [ [ [ -160.69555509099996, 55.399991170000078 ], [ -160.661408893999976, 55.387218156000074 ], [ -160.553617953999975, 55.390136064000046 ], [ -160.543882037999964, 55.385554013000046 ], [ -160.536135985999977, 55.375264221000066 ], [ -160.532227001999985, 55.361664247000078 ], [ -160.533908914999984, 55.350273241000082 ], [ -160.541108969999982, 55.34138222100006 ], [ -160.567644901999984, 55.331391160000067 ], [ -160.581663969999966, 55.319436052000071 ], [ -160.584718, 55.305545059000053 ], [ -160.573764025999964, 55.230691143000058 ], [ -160.560290954999971, 55.225682117000076 ], [ -160.522509022999969, 55.222627081000041 ], [ -160.511691003999971, 55.218600080000044 ], [ -160.464291005999968, 55.186791092000078 ], [ -160.506408895999982, 55.165264186000059 ], [ -160.547517939999977, 55.152491171000065 ], [ -160.62859994599998, 55.149854057000027 ], [ -160.679172996999966, 55.163882177000062 ], [ -160.801391035999984, 55.125264235000031 ], [ -160.813900020999967, 55.117909115000032 ], [ -160.824155111999971, 55.136936035000076 ], [ -160.850826997999974, 55.203882128000032 ], [ -160.857618015999975, 55.265682236000032 ], [ -160.84652691399998, 55.332500086000039 ], [ -160.800844870999981, 55.376382199000034 ], [ -160.790835872999963, 55.38416412600003 ], [ -160.775573097999967, 55.389991225000074 ], [ -160.726655136999966, 55.406800126000064 ], [ -160.69555509099996, 55.399991170000078 ] ] ], [ [ [ -146.096955054999967, 60.392773232000081 ], [ -146.168064103999967, 60.381382225000038 ], [ -146.310272981999958, 60.351663182000038 ], [ -146.347226949999964, 60.343318159000034 ], [ -146.415835844999975, 60.323327152000047 ], [ -146.457491053999973, 60.309991209000032 ], [ -146.473599897999975, 60.304436019000036 ], [ -146.517244970999968, 60.285000062000051 ], [ -146.576663947999975, 60.245545102000051 ], [ -146.597355010999962, 60.23888216000006 ], [ -146.617064050999971, 60.241100179000057 ], [ -146.627772937999964, 60.246100152000054 ], [ -146.666964034999978, 60.267773239000064 ], [ -146.677899903999958, 60.283327034000081 ], [ -146.629672947999978, 60.308654128000057 ], [ -146.59898193799998, 60.319991155000082 ], [ -146.555664094999969, 60.335663302000057 ], [ -146.535081995999974, 60.342073111000047 ], [ -146.485544948999973, 60.365691135000077 ], [ -146.58775505, 60.367518055000062 ], [ -146.601835975999961, 60.364436029000046 ], [ -146.619663948999971, 60.35489122000007 ], [ -146.60736400899998, 60.351391105000062 ], [ -146.616763977999966, 60.34535412300005 ], [ -146.630008893999957, 60.34527315400004 ], [ -146.698763969999959, 60.350273127000037 ], [ -146.715817957999974, 60.358891232000076 ], [ -146.722826904999977, 60.37623607200004 ], [ -146.715544874999978, 60.391663300000062 ], [ -146.705564039999956, 60.407773151000072 ], [ -146.696108917999965, 60.416936079000038 ], [ -146.618182028999968, 60.471653982000078 ], [ -146.603590978999961, 60.478182143000083 ], [ -146.580835955999959, 60.482491112000048 ], [ -146.535708962999962, 60.481518141000038 ], [ -146.439455041999963, 60.46305398100003 ], [ -146.365826895999959, 60.443736041000079 ], [ -146.363055, 60.411936107000031 ], [ -146.353882012999975, 60.407491183000047 ], [ -146.339999904999956, 60.407209048000027 ], [ -146.310272981999958, 60.412491156000044 ], [ -146.29028197599996, 60.416100068000048 ], [ -146.200835836999971, 60.431935998000029 ], [ -146.167235971999958, 60.435263278000036 ], [ -146.154726986999975, 60.435545078000075 ], [ -146.140835826999961, 60.434991202000049 ], [ -146.124981959999957, 60.432218133000049 ], [ -146.08055502299996, 60.403736091000042 ], [ -146.096955054999967, 60.392773232000081 ] ] ], [ [ [ -122.588335926999946, 48.39221802000003 ], [ -122.520281913999952, 48.32721803700008 ], [ -122.505835870999988, 48.30749122800006 ], [ -122.514446096999961, 48.296109106000074 ], [ -122.526946028999987, 48.290836051000042 ], [ -122.55110887699999, 48.283327039000028 ], [ -122.562764080999955, 48.28527315000008 ], [ -122.572499996999966, 48.296109106000074 ], [ -122.58499992899999, 48.301518116000068 ], [ -122.61471796699999, 48.300754022000035 ], [ -122.66389090499996, 48.244709097000054 ], [ -122.649308907999966, 48.227209192000032 ], [ -122.624164036999957, 48.219709065000075 ], [ -122.607226891999971, 48.211109064000027 ], [ -122.592217920999985, 48.200545016000035 ], [ -122.583326900999964, 48.192764263000072 ], [ -122.486391028999947, 48.101109158000042 ], [ -122.365281915999958, 48.037500068000043 ], [ -122.33805497899999, 47.981653961000063 ], [ -122.335135897999976, 47.967491227000039 ], [ -122.342217934999951, 47.95470916000005 ], [ -122.369999920999987, 47.921382210000047 ], [ -122.423317877999978, 47.925827133000041 ], [ -122.531681971999944, 47.981100085000037 ], [ -122.561390957999947, 48.022218014000032 ], [ -122.60665507899995, 48.087491080000063 ], [ -122.74138193499999, 48.210545130000071 ], [ -122.750290892999942, 48.219154015000072 ], [ -122.756808995999961, 48.231100071000071 ], [ -122.753754965999974, 48.248600144000079 ], [ -122.66111783599996, 48.377491184000064 ], [ -122.596390935999978, 48.406244968000067 ], [ -122.588335926999946, 48.39221802000003 ] ] ], [ [ [ -133.285554978999983, 56.128873258000056 ], [ -133.313899893999974, 56.081382233000056 ], [ -133.363035951999962, 56.010273184000027 ], [ -133.458344895999971, 56.003327101000082 ], [ -133.608335868999973, 55.958882226000071 ], [ -133.637235832999977, 55.933327145000078 ], [ -133.699864072999958, 55.895964141000036 ], [ -133.787782022999977, 55.919018062000077 ], [ -133.793063962999952, 55.931382208000059 ], [ -133.793063962999952, 55.948327063000079 ], [ -133.785844797999971, 55.96305406700003 ], [ -133.774444905999985, 55.975818030000028 ], [ -133.682635908999941, 56.064300082000045 ], [ -133.611390904999951, 56.106100130000073 ], [ -133.571382068999981, 56.127209115000028 ], [ -133.40057296399999, 56.154436051000062 ], [ -133.390563965999945, 56.154436051000062 ], [ -133.314455110999972, 56.149164170000063 ], [ -133.303344897999978, 56.148327153000082 ], [ -133.279664009999976, 56.137836027000048 ], [ -133.285554978999983, 56.128873258000056 ] ] ], [ [ [ -177.907808900999981, 51.591927088000034 ], [ -177.949982110999969, 51.606373131000055 ], [ -178.087491088999968, 51.659427058000063 ], [ -178.100827031999984, 51.66470916600008 ], [ -178.092099961999963, 51.696373146000042 ], [ -178.081117992999964, 51.698736004000068 ], [ -178.066144895999969, 51.694427036000036 ], [ -178.036544874999976, 51.695682142000067 ], [ -177.971682019999975, 51.714145128000041 ], [ -177.954882003999984, 51.720954083000038 ], [ -177.948764052999962, 51.730818074000069 ], [ -177.949982110999969, 51.74693613900007 ], [ -177.954035934999979, 51.76193605800006 ], [ -177.962781947999986, 51.770545110000057 ], [ -178.069735870999978, 51.810818144000052 ], [ -178.171664004999968, 51.84665396500003 ], [ -178.216517915999987, 51.863600161000079 ], [ -178.216555130999978, 51.874291111000048 ], [ -178.186963995999974, 51.896927111000082 ], [ -178.171417911999981, 51.904427071000043 ], [ -178.151835941999963, 51.90970917900006 ], [ -178.109164007999965, 51.914709151000068 ], [ -177.941699952999983, 51.918609083000035 ], [ -177.930572975999979, 51.91526420100007 ], [ -177.886173028999963, 51.884436064000056 ], [ -177.825317896999962, 51.83110017000007 ], [ -177.797244891999981, 51.788882200000046 ], [ -177.81390006899997, 51.719700150000051 ], [ -177.879155028999975, 51.684709057000077 ], [ -177.911136012999975, 51.659427058000063 ], [ -177.913209024999986, 51.637353986000051 ], [ -177.907808900999981, 51.591927088000034 ] ] ], [ [ [ -173.495026879999983, 52.014991080000073 ], [ -173.504482001999975, 52.021382113000072 ], [ -173.561399985999969, 52.048882132000074 ], [ -173.673917983999985, 52.057491184000071 ], [ -173.706126955999963, 52.052073122000081 ], [ -173.733064045999981, 52.044991085000049 ], [ -173.827481994999971, 52.035273106000034 ], [ -173.83749099299996, 52.03610911700008 ], [ -173.923100063999982, 52.051654027000041 ], [ -174.028899966999973, 52.104709127000035 ], [ -174.056826959999967, 52.123045043000047 ], [ -174.050717892999984, 52.132491113000071 ], [ -173.792817963999966, 52.106100188000028 ], [ -173.781826941999981, 52.116654010000047 ], [ -173.772281964999962, 52.12082702400005 ], [ -173.756435976999967, 52.124700134000079 ], [ -173.636418019999979, 52.147482147000062 ], [ -173.626372979999985, 52.148036023000031 ], [ -173.591982030999986, 52.149436136000077 ], [ -173.548917991999986, 52.146382106000033 ], [ -173.542391002999977, 52.119564207000053 ], [ -173.512117915999966, 52.105818053000064 ], [ -173.440855142999965, 52.102482223000038 ], [ -173.363308958999966, 52.101382182000066 ], [ -173.300564043999969, 52.104154078000079 ], [ -173.258909001999967, 52.106936031000032 ], [ -173.183344971999986, 52.107773216000055 ], [ -173.172544888999965, 52.107491081000035 ], [ -173.138363990999977, 52.104436045000057 ], [ -173.02282699899996, 52.093600088000073 ], [ -172.959044906999964, 52.083882110000047 ], [ -173.02667311899998, 52.070264199000064 ], [ -173.15725512399996, 52.055264113000078 ], [ -173.181535988999968, 52.055264113000078 ], [ -173.213927015999985, 52.06637315200004 ], [ -173.233627002999981, 52.071109095000054 ], [ -173.474200029999963, 52.03610911700008 ], [ -173.495026879999983, 52.014991080000073 ] ] ], [ [ [ -147.633635854999966, 60.422491102000038 ], [ -147.689999962999963, 60.411100096000041 ], [ -147.729981976999966, 60.390682115000061 ], [ -147.711944958999965, 60.376100118000068 ], [ -147.696672963999958, 60.377073257000063 ], [ -147.685273072999962, 60.381663187000072 ], [ -147.651117990999978, 60.391936047000058 ], [ -147.623044816999965, 60.388327135000054 ], [ -147.629426965999983, 60.367763309000054 ], [ -147.63555497599998, 60.35694512200007 ], [ -147.723599995999962, 60.209991080000066 ], [ -147.757508984999959, 60.16790906500006 ], [ -147.770844927999974, 60.164436107000029 ], [ -147.789444873999969, 60.165554085000053 ], [ -147.82610899499997, 60.182209095000076 ], [ -147.909726861999957, 60.234718030000067 ], [ -147.898344907999956, 60.283609169000044 ], [ -147.875826924999956, 60.332218172000069 ], [ -147.856654996999964, 60.37165402100004 ], [ -147.817782076999976, 60.431663251000032 ], [ -147.779864023999977, 60.478736019000053 ], [ -147.699017884999961, 60.510409052000057 ], [ -147.626508889999968, 60.473045042000081 ], [ -147.615826992999956, 60.429854101000046 ], [ -147.62527306299998, 60.42416329200006 ], [ -147.633635854999966, 60.422491102000038 ] ] ], [ [ [ -156.867490949999961, 21.045826998000052 ], [ -156.874999961999976, 21.046109133000073 ], [ -156.888364067999959, 21.048054070000035 ], [ -156.956390923999976, 21.070827030000032 ], [ -157.021944950999966, 21.095553980000034 ], [ -157.037227003999959, 21.102491178000037 ], [ -157.054444941999975, 21.106936102000077 ], [ -157.067808880999962, 21.108891097000026 ], [ -157.082764039999972, 21.109436088000052 ], [ -157.096126972999969, 21.108891097000026 ], [ -157.119135967999966, 21.102773146000061 ], [ -157.157517876999975, 21.094436002000066 ], [ -157.259464114999957, 21.088054021000062 ], [ -157.297391053999974, 21.09013608500004 ], [ -157.304044943999969, 21.097773173000064 ], [ -157.294173073999957, 21.143609107000032 ], [ -157.286990955999983, 21.154445064000072 ], [ -157.244135960999984, 21.198609145000034 ], [ -157.188626974999977, 21.209718016000068 ], [ -157.03476406599998, 21.195000065000045 ], [ -156.974455098999982, 21.18304495600006 ], [ -156.894472966999984, 21.161100128000044 ], [ -156.843627000999959, 21.16027316900005 ], [ -156.829164026999962, 21.16027316900005 ], [ -156.810655108999981, 21.165200052000046 ], [ -156.791400032999974, 21.176654090000056 ], [ -156.750455105999976, 21.172773101000075 ], [ -156.705155109999964, 21.155545105000044 ], [ -156.714718023999978, 21.139436093000029 ], [ -156.750290988999978, 21.090827090000062 ], [ -156.762126905999963, 21.080826976000026 ], [ -156.838590985999957, 21.052773081000055 ], [ -156.849455105999965, 21.049164169000051 ], [ -156.867490949999961, 21.045826998000052 ] ] ], [ [ [ -152.894744933999959, 57.135827164000034 ], [ -152.917082034999964, 57.123882114000082 ], [ -153.102200054999969, 57.084163292000028 ], [ -153.209444829999967, 57.041936102000079 ], [ -153.218608932999985, 57.023463226000047 ], [ -153.229426951999983, 57.012500199000044 ], [ -153.249035911999982, 56.999435997000035 ], [ -153.311108933999975, 56.988882175000072 ], [ -153.33749097499998, 56.998045104000028 ], [ -153.399744877999979, 57.055827095000041 ], [ -153.406682076999971, 57.069718088000059 ], [ -153.275844925999962, 57.196800145000054 ], [ -153.234164068999974, 57.205827120000038 ], [ -153.223055029999983, 57.206936046000067 ], [ -153.175290921999959, 57.184154033000027 ], [ -152.966091022999962, 57.175827115000061 ], [ -152.955835931999957, 57.174709137000036 ], [ -152.891390998999981, 57.159718103000046 ], [ -152.88276400899997, 57.146936036000056 ], [ -152.894744933999959, 57.135827164000034 ] ] ], [ [ [ -131.467226977, 55.235827070000028 ], [ -131.46527298699999, 55.23193602300006 ], [ -131.45209093599999, 55.222209160000034 ], [ -131.421535880999954, 55.209718112000076 ], [ -131.40835500299994, 55.208882101000029 ], [ -131.387364034999962, 55.211245127000041 ], [ -131.373317976999942, 55.196936045000029 ], [ -131.348326829999962, 55.119018041000061 ], [ -131.344026913999983, 55.059782125000027 ], [ -131.354982060999987, 55.035554066000032 ], [ -131.375135843999942, 55.011527005000062 ], [ -131.386135918999969, 55.008044995000034 ], [ -131.578891025999951, 54.991382107000049 ], [ -131.593890944999941, 54.993882093000082 ], [ -131.619564043999958, 55.013327103000051 ], [ -131.622273074999953, 55.026591129000053 ], [ -131.577790984999979, 55.083600141000034 ], [ -131.56679996299999, 55.170964215000026 ], [ -131.583735933999947, 55.215682172000072 ], [ -131.584991039999977, 55.229427152000028 ], [ -131.581664094999951, 55.254718036000043 ], [ -131.546108899999979, 55.267209083000068 ], [ -131.520572928999968, 55.263609056000064 ], [ -131.469791000999976, 55.248464130000059 ], [ -131.467226977, 55.235827070000028 ] ] ], [ [ [ -165.897517940999961, 54.028873243000078 ], [ -165.911899944999959, 54.054154068000059 ], [ -165.935026956999963, 54.060818184000027 ], [ -165.967526948999961, 54.062200193000081 ], [ -165.989455013999958, 54.049573191000036 ], [ -166.042681942999963, 54.037491180000075 ], [ -166.067227004999978, 54.053882159000068 ], [ -166.121690935999965, 54.114436046000037 ], [ -166.090973104999961, 54.168191203000049 ], [ -166.070590997999972, 54.178882152000028 ], [ -165.977917993999966, 54.215409145000081 ], [ -165.94305514399997, 54.220264279000048 ], [ -165.658982050999981, 54.122345042000063 ], [ -165.672244903999967, 54.097773157000063 ], [ -165.683626857999968, 54.090545107000082 ], [ -165.69696397499996, 54.084718176000081 ], [ -165.767655102999981, 54.063882105000062 ], [ -165.782499955999981, 54.063600138000027 ], [ -165.848908936999976, 54.070264254000051 ], [ -165.897517940999961, 54.028873243000078 ] ] ], [ [ [ -172.280026928999973, 60.302773217000038 ], [ -172.313326888999967, 60.326936064000051 ], [ -172.330426976999973, 60.335682245000044 ], [ -172.343873058999975, 60.339427112000067 ], [ -172.356382042999968, 60.340545090000035 ], [ -172.382508938999962, 60.341663236000045 ], [ -172.48666397599996, 60.341100140000037 ], [ -172.51754491899996, 60.336373249000076 ], [ -172.543335867999986, 60.328873122000061 ], [ -172.561955091999977, 60.324718045000054 ], [ -172.586944898999974, 60.323873149000065 ], [ -172.59915515199998, 60.325000180000075 ], [ -172.726526888999985, 60.369018080000046 ], [ -172.737208953999982, 60.374163227000054 ], [ -172.748081957999972, 60.388600218000079 ], [ -172.768099954999968, 60.399436007000077 ], [ -172.834444897999987, 60.428036066000061 ], [ -172.936708978999974, 60.467482141000062 ], [ -172.981382007999969, 60.47860006500008 ], [ -173.00060892099998, 60.483036103000074 ], [ -173.05100896899998, 60.495818170000064 ], [ -173.033626913999967, 60.549427147000074 ], [ -173.011417887999983, 60.563045057000068 ], [ -172.948635923999973, 60.597627114000034 ], [ -172.927827010999977, 60.604154102000052 ], [ -172.914891051999973, 60.601518161000058 ], [ -172.91418194299996, 60.585536051000076 ], [ -172.925282097999968, 60.57346326000004 ], [ -172.928481972999975, 60.561653997000064 ], [ -172.920564091999978, 60.548882156000047 ], [ -172.900573084999962, 60.525273184000071 ], [ -172.885035886999987, 60.512500169000077 ], [ -172.874690941999972, 60.504163193000068 ], [ -172.864199983999981, 60.495827055000063 ], [ -172.844455069999981, 60.48499109800008 ], [ -172.749173114999962, 60.449427018000051 ], [ -172.733064102999975, 60.44360008700005 ], [ -172.594182001999968, 60.401091097000062 ], [ -172.576663990999975, 60.396100177000051 ], [ -172.554744978999963, 60.392773232000081 ], [ -172.520290998999968, 60.388327135000054 ], [ -172.481690992999972, 60.386100063000072 ], [ -172.455700052999987, 60.38985398300008 ], [ -172.43471797, 60.396382144000029 ], [ -172.423617982999986, 60.397482185000058 ], [ -172.392544925999971, 60.394991083000036 ], [ -172.379726984999962, 60.390827122000076 ], [ -172.208082035999979, 60.315127136000058 ], [ -172.23526404499998, 60.306927120000068 ], [ -172.256435893999964, 60.304154052000058 ], [ -172.280026928999973, 60.302773217000038 ] ] ], [ [ [ -161.113099933999962, 58.655273263000026 ], [ -161.060272989999959, 58.701800202000072 ], [ -161.042235971999958, 58.709991165000076 ], [ -160.947781980999963, 58.740273137000031 ], [ -160.936126944999984, 58.741936107000072 ], [ -160.884181943999977, 58.746382204000042 ], [ -160.864164114999966, 58.750827127000036 ], [ -160.847226970999969, 58.756382149000046 ], [ -160.775300014999971, 58.783336003000045 ], [ -160.75946408599998, 58.792218138000067 ], [ -160.746373061999975, 58.80221808400006 ], [ -160.689791023999959, 58.814718184000071 ], [ -160.902499922999965, 58.578327056000035 ], [ -160.91168196199996, 58.569718171000034 ], [ -160.925564069999979, 58.563045002000081 ], [ -160.943882048999967, 58.558045030000073 ], [ -160.95693585799998, 58.556936104000044 ], [ -161.088044916999962, 58.556936104000044 ], [ -161.086117916999967, 58.585818131000053 ], [ -161.113099933999962, 58.655273263000026 ] ] ], [ [ [ -177.642244893999987, 51.649435997000069 ], [ -177.651981982999985, 51.649991214000067 ], [ -177.669326990999963, 51.656373195000072 ], [ -177.702791068999971, 51.698464263000062 ], [ -177.639464113999964, 51.73249110200004 ], [ -177.626917912999971, 51.73249110200004 ], [ -177.610563981999974, 51.726791073000072 ], [ -177.56585507799997, 51.717482131000054 ], [ -177.536135866999985, 51.715827040000079 ], [ -177.525326899999982, 51.716100123000047 ], [ -177.294773096999961, 51.776927091000061 ], [ -177.243344923999985, 51.793318071000044 ], [ -177.213044846999964, 51.808882092000033 ], [ -177.200635941999963, 51.824027017000049 ], [ -177.199764055999964, 51.844700143000068 ], [ -177.197782070999978, 51.882764210000062 ], [ -177.195591041999961, 51.920536083000059 ], [ -177.178235975999968, 51.93387320000005 ], [ -177.157255066999966, 51.938327008000044 ], [ -177.141955075999959, 51.937764247000075 ], [ -177.105282069999987, 51.929709070000058 ], [ -177.093082041999963, 51.92665403400008 ], [ -177.07970905099998, 51.921100185000057 ], [ -177.04779093099998, 51.903182191000042 ], [ -177.04487302299998, 51.891927139000074 ], [ -177.122218040999968, 51.78442705100008 ], [ -177.12933595299998, 51.72165397200007 ], [ -177.153899957999982, 51.699427009000033 ], [ -177.260591024999968, 51.671927158000074 ], [ -177.270600022999986, 51.67249109200003 ], [ -177.285855086999987, 51.676382139000054 ], [ -177.33389093599996, 51.702764180000031 ], [ -177.374173021999979, 51.726373151000075 ], [ -177.38421789399996, 51.726927027000045 ], [ -177.425844939999962, 51.724991143000068 ], [ -177.623608905999987, 51.694291081000074 ], [ -177.640017989999961, 51.68054509500007 ], [ -177.642244893999987, 51.649435997000069 ] ] ], [ [ [ -159.871644851999974, 55.278045040000052 ], [ -159.862209008999969, 55.260827102000064 ], [ -159.85665499199996, 55.248882220000041 ], [ -159.826935947999971, 55.176654019000068 ], [ -159.840817888999965, 55.135964237000053 ], [ -159.880418022999976, 55.098745067000038 ], [ -159.890835889999977, 55.09777310100003 ], [ -160.008055129999974, 55.042773232000059 ], [ -160.122499959999971, 54.971100080000042 ], [ -160.173335867999981, 54.931109182000057 ], [ -160.180572969999957, 54.922218162000036 ], [ -160.19805510599997, 54.893609050000066 ], [ -160.202635983999983, 54.874573245000079 ], [ -160.216381969999958, 54.870136033000051 ], [ -160.225555123999982, 54.875264249000054 ], [ -160.24471799899996, 54.901382092000063 ], [ -160.24603597, 54.920200135000073 ], [ -160.23470900099997, 54.931936140000062 ], [ -160.171390930999962, 54.96888222900003 ], [ -160.123600000999971, 55.015273213000057 ], [ -160.138335889999979, 55.047773204000066 ], [ -160.16168200499996, 55.06721804600005 ], [ -160.193409016999965, 55.113253973000042 ], [ -160.117490934999978, 55.15499115700004 ], [ -160.101808896999984, 55.15499115700004 ], [ -160.074290940999958, 55.142909147000069 ], [ -160.066800033999982, 55.132491112000082 ], [ -160.060273045999963, 55.11776427500007 ], [ -160.009599914999967, 55.10582710400007 ], [ -159.949435954999984, 55.168882150000059 ], [ -159.936955132999969, 55.208045084000048 ], [ -159.936399915999971, 55.234436009000035 ], [ -159.920017988999973, 55.258609083000067 ], [ -159.882200014999967, 55.290835992000041 ], [ -159.871644851999974, 55.278045040000052 ] ] ], [ [ [ 177.318572337000091, 51.821109109000076 ], [ 177.289427286000091, 51.85249112200006 ], [ 177.244536328000095, 51.875827011000069 ], [ 177.248018338000065, 51.902218104000042 ], [ 177.366636350000022, 51.969982103000063 ], [ 177.388881418000096, 51.977764198000045 ], [ 177.46469137400004, 51.987773196000035 ], [ 177.52331826000011, 52.046109063000074 ], [ 177.553591348000054, 52.100544998000032 ], [ 177.569427277000045, 52.113053983000043 ], [ 177.599136263000105, 52.126236034000044 ], [ 177.613436293000063, 52.12720917300004 ], [ 177.677472357000056, 52.105827106000049 ], [ 177.684909284000014, 52.08430019900004 ], [ 177.608081430000084, 51.92346421700006 ], [ 177.565245211000047, 51.911664174000066 ], [ 177.494691379000074, 51.923882139000057 ], [ 177.466354176000095, 51.936100104000047 ], [ 177.453036337000071, 51.936653980000074 ], [ 177.404709301000025, 51.926800214000082 ], [ 177.394136201000038, 51.922764160000042 ], [ 177.376891273000069, 51.912491132000071 ], [ 177.35107232900009, 51.894436010000049 ], [ 177.341218228000116, 51.883609105000062 ], [ 177.318572337000091, 51.821109109000076 ] ] ], [ [ [ -131.81945500099999, 55.412764185000071 ], [ -131.747499881999943, 55.369436116000031 ], [ -131.67807308099998, 55.330553976000033 ], [ -131.648344816999952, 55.312209175000078 ], [ -131.631655106999972, 55.300827053000035 ], [ -131.621917849999988, 55.292773217000047 ], [ -131.61658193, 55.276591115000031 ], [ -131.722226934999981, 55.136664126000028 ], [ -131.737626838999972, 55.135544974000027 ], [ -131.808344955999985, 55.182773143000077 ], [ -131.815000018999967, 55.191936072000033 ], [ -131.818882014, 55.201664277000077 ], [ -131.822781945999964, 55.211664222000081 ], [ -131.840272965999986, 55.266936001000033 ], [ -131.848599883999952, 55.295827080000038 ], [ -131.858335967999949, 55.359436002000052 ], [ -131.851808979999987, 55.410827127000061 ], [ -131.84193593599997, 55.420682234000083 ], [ -131.827790970999956, 55.419154045000028 ], [ -131.81945500099999, 55.412764185000071 ] ] ], [ [ [ 179.252200292000111, 51.347491177000052 ], [ 179.030818303000046, 51.487209122000081 ], [ 179.022218302000056, 51.495545092000043 ], [ 178.970791303000055, 51.532491180000079 ], [ 178.959963393000066, 51.539718057000073 ], [ 178.892491419000066, 51.56332702900005 ], [ 178.843172468000034, 51.571945134000032 ], [ 178.827054236000095, 51.56916418600008 ], [ 178.774418231000027, 51.56916418600008 ], [ 178.716200381000021, 51.584018092000065 ], [ 178.660800360000053, 51.618045099000028 ], [ 178.649991392000061, 51.625264264000066 ], [ 178.638318251000101, 51.635409049000032 ], [ 178.669691380000017, 51.656245120000051 ], [ 178.6821913120001, 51.656653989000063 ], [ 178.694118257000014, 51.648882121000042 ], [ 178.730100259000096, 51.634018156000081 ], [ 178.883027244000118, 51.618464194000069 ], [ 178.900545254000122, 51.613609060000044 ], [ 178.914427363000073, 51.608609087000048 ], [ 178.981354177000071, 51.581382151000071 ], [ 178.99496337100004, 51.572773098000027 ], [ 179.007354171000088, 51.551936022000064 ], [ 179.033600256000113, 51.529991194000047 ], [ 179.075254292000068, 51.500827032000075 ], [ 179.250518379000027, 51.407073098000069 ], [ 179.293309336000107, 51.409991174000027 ], [ 179.384709297000086, 51.402491215000055 ], [ 179.457881468000096, 51.380682173000082 ], [ 179.468018374000053, 51.367636076000053 ], [ 179.405872429000055, 51.36418222900005 ], [ 179.398591405000047, 51.374718114000075 ], [ 179.385527370000091, 51.374709061000033 ], [ 179.291354173000059, 51.358327134000035 ], [ 179.274418370000035, 51.354718054000045 ], [ 179.252200292000111, 51.347491177000052 ] ] ], [ [ [ 173.660245256000053, 52.348873129000026 ], [ 173.664000349000048, 52.365273161000061 ], [ 173.628845306000017, 52.391664254000034 ], [ 173.59191832800002, 52.39500008400006 ], [ 173.577054197000052, 52.393882105000046 ], [ 173.560245295000072, 52.386382146000074 ], [ 173.524418359000038, 52.380818071000078 ], [ 173.496918340000093, 52.37887313400006 ], [ 173.375109338000016, 52.401936109000076 ], [ 173.394854252000073, 52.421382124000047 ], [ 173.454409351000095, 52.450545112000043 ], [ 173.630800301000022, 52.503882180000062 ], [ 173.698581399000091, 52.508327103000056 ], [ 173.766663408000113, 52.508045136000078 ], [ 173.785400314000071, 52.503327130000059 ], [ 173.739118295000026, 52.354718166000055 ], [ 173.724672420000047, 52.352218179000033 ], [ 173.660245256000053, 52.348873129000026 ] ] ], [ [ [ -68.241381988999933, 44.438882145000036 ], [ -68.192490849999956, 44.39110915200007 ], [ -68.185545940999987, 44.382491215000073 ], [ -68.174435895999977, 44.36471805900004 ], [ -68.168881878999969, 44.349364257000047 ], [ -68.182499956999948, 44.332773118000034 ], [ -68.192763932999981, 44.325273158000073 ], [ -68.323764026999982, 44.236518023000031 ], [ -68.33555501799998, 44.238327006000077 ], [ -68.406255029999954, 44.271382214000027 ], [ -68.414717902999939, 44.281936036000047 ], [ -68.427499969999985, 44.32165402000004 ], [ -68.406108849999953, 44.369436065000059 ], [ -68.365272887999936, 44.428600064000079 ], [ -68.350281853999945, 44.440264153000044 ], [ -68.298617814999943, 44.449153999000032 ], [ -68.259172913999976, 44.452082133000033 ], [ -68.245555002999936, 44.446518058000038 ], [ -68.241381988999933, 44.438882145000036 ] ] ], [ [ [ -145.780581962999975, 60.573882188000027 ], [ -145.917508900999962, 60.527491203000068 ], [ -146.056399886999969, 60.488045129000056 ], [ -146.129426882999979, 60.470273147000057 ], [ -146.246944853999963, 60.454991093000046 ], [ -146.259464064999975, 60.454709126000068 ], [ -146.319717878999967, 60.457491080000068 ], [ -146.328064074999958, 60.463609199000075 ], [ -146.318890919999973, 60.496800194000059 ], [ -146.304717959999977, 60.510554059000071 ], [ -146.294464041999959, 60.515827115000036 ], [ -146.278626938999963, 60.518882151000071 ], [ -146.196964067999971, 60.524709082000072 ], [ -146.104708985999963, 60.539163171000041 ], [ -145.96374482, 60.582909162000078 ], [ -145.941955056999973, 60.588882106000028 ], [ -145.767791010999957, 60.616391177000082 ], [ -145.751326940999974, 60.593045062000044 ], [ -145.76556410699996, 60.580827097000054 ], [ -145.780581962999975, 60.573882188000027 ] ] ], [ [ [ -133.303344897999978, 55.796945030000074 ], [ -133.300982039999951, 55.790973259000054 ], [ -133.318599961999951, 55.765827047000073 ], [ -133.48248192799997, 55.700000105000072 ], [ -133.505581949999964, 55.693318052000052 ], [ -133.523072969999987, 55.690827118000072 ], [ -133.53390892699997, 55.691654077000067 ], [ -133.569154997999988, 55.702491207000037 ], [ -133.591090940999948, 55.711936103000028 ], [ -133.604426884999953, 55.718600219000052 ], [ -133.617490918999977, 55.725545129000068 ], [ -133.635282010999958, 55.736382091000053 ], [ -133.645572976999972, 55.744153960000062 ], [ -133.67778194899995, 55.775682153000048 ], [ -133.676117972999975, 55.786382156000059 ], [ -133.634181969999986, 55.82027320800006 ], [ -133.616926984999964, 55.827636039000026 ], [ -133.553344883999955, 55.829164228000081 ], [ -133.542508927999961, 55.828327043000058 ], [ -133.325835891999986, 55.80221808500005 ], [ -133.303344897999978, 55.796945030000074 ] ] ], [ [ [ -136.454435910999962, 58.088600112000051 ], [ -136.39139092299996, 58.046945071000039 ], [ -136.340544956999963, 58.018327074000069 ], [ -136.33042699399999, 58.007500170000071 ], [ -136.354463944999964, 58.000853991000042 ], [ -136.375973081999973, 57.984053975000052 ], [ -136.385435915999949, 57.956745064000074 ], [ -136.38028205099999, 57.914709149000032 ], [ -136.41583590499999, 57.86415403500007 ], [ -136.425017944999979, 57.854163141000072 ], [ -136.441935977999947, 57.845827171000053 ], [ -136.532773009999971, 57.918054031000054 ], [ -136.546664002999989, 57.960818166000081 ], [ -136.555555022999954, 58.017082194000068 ], [ -136.541808869999954, 58.064709174000029 ], [ -136.488191007999944, 58.091936110000063 ], [ -136.473599958999955, 58.093609138000033 ], [ -136.454435910999962, 58.088600112000051 ] ] ], [ [ [ -156.907255033999974, 20.73777311300006 ], [ -156.966127007999972, 20.743464090000032 ], [ -157.055972962999959, 20.886664212000028 ], [ -157.055572978999976, 20.910827059000042 ], [ -157.046417928999972, 20.919018023000035 ], [ -157.033081985999985, 20.923045024000032 ], [ -157.01419102, 20.925826978000032 ], [ -157.000608983999967, 20.926653937000026 ], [ -156.924191004999983, 20.927845005000052 ], [ -156.905026956999961, 20.920827005000035 ], [ -156.890317889999977, 20.913053964000028 ], [ -156.877226865999972, 20.903882150000072 ], [ -156.823091002999973, 20.854445014000078 ], [ -156.812255045999962, 20.843609057000037 ], [ -156.805008890999972, 20.826382067000054 ], [ -156.80737309, 20.815691117000028 ], [ -156.817508990999983, 20.800273109000045 ], [ -156.833100000999963, 20.779445085000077 ], [ -156.839481981999967, 20.771109115000058 ], [ -156.847264076999977, 20.764436114000034 ], [ -156.891999969999972, 20.74416414600006 ], [ -156.907255033999974, 20.73777311300006 ] ] ], [ [ [ 179.649718254000049, 51.867209074000073 ], [ 179.639709255000071, 51.867491209000036 ], [ 179.560791290000111, 51.883609105000062 ], [ 179.531100409000032, 51.891936023000028 ], [ 179.500000363000026, 51.914154102000055 ], [ 179.489545280000016, 51.930273172000057 ], [ 179.486909339000022, 51.97430012500007 ], [ 179.628709349000019, 52.028045056000053 ], [ 179.642763453000043, 52.028327023000031 ], [ 179.658600389000071, 52.024709058000042 ], [ 179.769000280000114, 51.966100109000081 ], [ 179.775936305000073, 51.952973210000039 ], [ 179.753327294000087, 51.920273226000063 ], [ 179.737454317000015, 51.903045063000036 ], [ 179.649718254000049, 51.867209074000073 ] ] ], [ [ [ -134.515835978999974, 58.338045049000073 ], [ -134.507235978999972, 58.33610916400005 ], [ -134.47528198399999, 58.323882147000063 ], [ -134.454435855999975, 58.313327151000067 ], [ -134.275844823999989, 58.212491180000029 ], [ -134.261399953999955, 58.198673109000026 ], [ -134.276400040999988, 58.190827145000071 ], [ -134.365535881999961, 58.20610014600004 ], [ -134.427491053999972, 58.220273106000036 ], [ -134.43859992599999, 58.222491125000033 ], [ -134.451108910999949, 58.22387313400003 ], [ -134.477354996999964, 58.223463259000027 ], [ -134.494981970999959, 58.220127093000031 ], [ -134.508909005999953, 58.21776322900007 ], [ -134.555573072999948, 58.220827150000048 ], [ -134.583190940999941, 58.225963245000059 ], [ -134.608035907999977, 58.237773179000044 ], [ -134.62719995599997, 58.248600083000042 ], [ -134.638608899999952, 58.256382177000035 ], [ -134.655426853999984, 58.27068220700005 ], [ -134.682644904999961, 58.299573119000058 ], [ -134.67110889199995, 58.311663176000081 ], [ -134.655581918999985, 58.316663149000078 ], [ -134.583890997999958, 58.338600098000029 ], [ -134.566955026999949, 58.340827170000068 ], [ -134.556117896999979, 58.340827170000068 ], [ -134.515835978999974, 58.338045049000073 ] ] ], [ [ [ -91.724163899999951, 29.558609089000072 ], [ -91.782917855999983, 29.487635995000062 ], [ -91.842090907999989, 29.482491182000047 ], [ -91.987781963999964, 29.550826995000079 ], [ -92.027499947999956, 29.57110902200003 ], [ -92.036808888999985, 29.581391102000055 ], [ -92.034435804999987, 29.591664130000026 ], [ -92.023055024999962, 29.603882095000074 ], [ -92.005973040999947, 29.617982133000055 ], [ -91.922917935999976, 29.644444975000056 ], [ -91.910554963999971, 29.645273107000037 ], [ -91.868055026999969, 29.637773148000065 ], [ -91.856381884999962, 29.634991194000065 ], [ -91.73832680199996, 29.576945005000027 ], [ -91.724163899999951, 29.558609089000072 ] ] ], [ [ [ -153.258055006999967, 58.136382157000071 ], [ -153.239991, 58.121653980000076 ], [ -153.212490981999963, 58.105273227000055 ], [ -153.185273097999982, 58.092491160000066 ], [ -153.055844945999979, 58.035554065000042 ], [ -152.968599893999965, 58.015827088000037 ], [ -152.906681936999973, 58.00139110300006 ], [ -152.891526952999982, 57.99061817900008 ], [ -152.903899983999963, 57.985827083000061 ], [ -152.961673089999977, 57.981100192000042 ], [ -152.974699907999963, 57.980818057000079 ], [ -152.986390986999965, 57.981100192000042 ], [ -153.045290955999974, 57.989991212000064 ], [ -153.063899954999982, 57.993609177000053 ], [ -153.210535986999957, 58.030273130000069 ], [ -153.343600040999974, 58.039163144000042 ], [ -153.355255076999981, 58.038044999000078 ], [ -153.369708998999982, 58.040409198000077 ], [ -153.415699998999969, 58.060691225000028 ], [ -153.32028208899996, 58.134718182000029 ], [ -153.305264065999978, 58.14054511300003 ], [ -153.284726893999959, 58.143882117000032 ], [ -153.269044855999965, 58.142082187000028 ], [ -153.258055006999967, 58.136382157000071 ] ] ], [ [ [ -119.868054957999959, 34.08416425300004 ], [ -119.698335834999966, 34.045273228000042 ], [ -119.593608982999967, 34.053882113000043 ], [ -119.563190888999941, 34.065826996000055 ], [ -119.55278190599995, 34.065826996000055 ], [ -119.515564076999965, 34.044582224000067 ], [ -119.532990891999987, 34.015136095000059 ], [ -119.589999903999967, 33.997218100000055 ], [ -119.713335920999953, 33.970818123000072 ], [ -119.77278205499999, 33.967209043000025 ], [ -119.788326964999953, 33.967209043000025 ], [ -119.836935800999981, 33.97416417900007 ], [ -119.870973032999984, 33.99151807100003 ], [ -119.917773054999941, 34.06527311900004 ], [ -119.91422683899998, 34.082627012000046 ], [ -119.868054957999959, 34.08416425300004 ] ] ], [ [ [ -162.34942696799996, 63.588600138000061 ], [ -162.377472983999979, 63.544445110000083 ], [ -162.562499976999959, 63.53860912600004 ], [ -162.607209047999959, 63.543882181000072 ], [ -162.680691013999962, 63.556654022000032 ], [ -162.693054991999958, 63.561663215000067 ], [ -162.703618033999959, 63.57166316100006 ], [ -162.701664044999973, 63.581663275000039 ], [ -162.676664012999964, 63.603327142000069 ], [ -162.663344832999968, 63.61374500900007 ], [ -162.652218024999968, 63.619154019000064 ], [ -162.640835902999981, 63.621654005000039 ], [ -162.561954984999971, 63.635273257000051 ], [ -162.420290930999982, 63.637500161000048 ], [ -162.397517969999967, 63.635273257000051 ], [ -162.376917933999977, 63.631382210000083 ], [ -162.34090005799996, 63.596236052000052 ], [ -162.34942696799996, 63.588600138000061 ] ] ], [ [ [ -70.556945946999974, 41.465273239000055 ], [ -70.549164019999978, 41.457500197000059 ], [ -70.542217936999975, 41.449154001000068 ], [ -70.51028188, 41.408045124000068 ], [ -70.509172953999951, 41.355409119000058 ], [ -70.519164014999944, 41.352773178000064 ], [ -70.548046041999953, 41.353882104000036 ], [ -70.579726785999981, 41.356382090000068 ], [ -70.601108853999961, 41.356945019000079 ], [ -70.629990880999969, 41.355827041000055 ], [ -70.676390916999935, 41.351664252000035 ], [ -70.696655006999947, 41.348873246000039 ], [ -70.728054956999983, 41.341936048000036 ], [ -70.742490940999971, 41.335682142000053 ], [ -70.753064041999949, 41.325553953000053 ], [ -70.75430892199995, 41.313044969000032 ], [ -70.765426845999968, 41.308736 ], [ -70.781108883999934, 41.316100172000063 ], [ -70.802490950999982, 41.330273132000059 ], [ -70.811935846999972, 41.337209157000075 ], [ -70.83499982799998, 41.36117318600003 ], [ -70.656390857999952, 41.458882205000066 ], [ -70.617217865999976, 41.473873239000056 ], [ -70.563045960999943, 41.468882151000059 ], [ -70.556945946999974, 41.465273239000055 ] ] ], [ [ [ -152.342226973999971, 58.593318090000082 ], [ -152.376917994999957, 58.563327137000044 ], [ -152.452909, 58.49527312400005 ], [ -152.464444845999964, 58.48443599400008 ], [ -152.477199922999972, 58.477482199000065 ], [ -152.493863984999962, 58.472218029000032 ], [ -152.505582052999983, 58.471373133000043 ], [ -152.526673100999972, 58.473873119000075 ], [ -152.545290983999962, 58.477482199000065 ], [ -152.622481941999979, 58.501527030000034 ], [ -152.633744872999983, 58.509445078000056 ], [ -152.658063959999964, 58.545409143000029 ], [ -152.560817956999983, 58.580827042000067 ], [ -152.47860892099996, 58.607218135000039 ], [ -152.39999102699997, 58.631100189000051 ], [ -152.381926852999982, 58.635553997000045 ], [ -152.368590908999977, 58.63582708000007 ], [ -152.348599902999979, 58.629300092000051 ], [ -152.33999990199996, 58.602218162000042 ], [ -152.342226973999971, 58.593318090000082 ] ] ], [ [ [ -165.56915503899998, 54.108891081000081 ], [ -165.60540894899998, 54.114427161000037 ], [ -165.621273041999984, 54.125545085000056 ], [ -165.680864014999969, 54.23554499200003 ], [ -165.667526898999967, 54.26180013000004 ], [ -165.625273053999962, 54.291100078000056 ], [ -165.520844933999967, 54.292500191000045 ], [ -165.486599997999974, 54.286518027000056 ], [ -165.478091024999969, 54.201936074000059 ], [ -165.48583590399997, 54.173327130000075 ], [ -165.550990951999978, 54.114845083000034 ], [ -165.56058202799997, 54.110264205000078 ], [ -165.56915503899998, 54.108891081000081 ] ] ], [ [ [ -172.521391039999969, 52.243045064000057 ], [ -172.603764025999965, 52.248873168000046 ], [ -172.628055115999985, 52.258327117000078 ], [ -172.620273021999964, 52.284164166000039 ], [ -172.611664136999963, 52.296391184000072 ], [ -172.567226973999965, 52.334718106000082 ], [ -172.47390889899998, 52.382764181000027 ], [ -172.458891042999966, 52.387218157000063 ], [ -172.438326881999984, 52.39192711000004 ], [ -172.414181970999977, 52.389709091000043 ], [ -172.319154993999973, 52.35360018700004 ], [ -172.303790964999962, 52.345682139000075 ], [ -172.296555035999972, 52.324854115000051 ], [ -172.313900042999961, 52.311927041000047 ], [ -172.349455070999966, 52.299991211000076 ], [ -172.388364032999959, 52.289718183000048 ], [ -172.437926896999983, 52.282500191000054 ], [ -172.500335865999972, 52.257500159000074 ], [ -172.511964080999974, 52.251100073000032 ], [ -172.521391039999969, 52.243045064000057 ] ] ], [ [ [ -154.421390918999975, 56.587773238000068 ], [ -154.412091029999971, 56.582773265000071 ], [ -154.403473092999974, 56.573463150000066 ], [ -154.399582045999978, 56.561236133000079 ], [ -154.405017876999977, 56.544582129000048 ], [ -154.416535952999965, 56.537354079000067 ], [ -154.428617963999983, 56.533609045000048 ], [ -154.455826962999964, 56.533191123000051 ], [ -154.429173013999957, 56.539582156000051 ], [ -154.418063973999978, 56.549991139000042 ], [ -154.446244938999968, 56.586936054000034 ], [ -154.455564105999969, 56.592218162000052 ], [ -154.481108961999979, 56.598045093000053 ], [ -154.496672982999968, 56.597073128000034 ], [ -154.515017951999965, 56.589991090000069 ], [ -154.524873057999969, 56.578609136000068 ], [ -154.526690924999969, 56.551273235000053 ], [ -154.503826936999957, 56.535909039000046 ], [ -154.490435840999965, 56.508327045000044 ], [ -154.525100039999984, 56.501636107000081 ], [ -154.569626888999977, 56.490609043000063 ], [ -154.608626878999985, 56.477209062000043 ], [ -154.637372950999975, 56.463818133000075 ], [ -154.675599961999978, 56.438209072000063 ], [ -154.704363970999964, 56.408264220000035 ], [ -154.719708888999975, 56.399991114000045 ], [ -154.736263985999983, 56.396053966000068 ], [ -154.763244829999962, 56.398218174000078 ], [ -154.787473055999982, 56.41496421100004 ], [ -154.792208998999968, 56.429936134000059 ], [ -154.778809017999976, 56.452000153000029 ], [ -154.75989994699998, 56.47484503000004 ], [ -154.740599944999957, 56.495327049000082 ], [ -154.71499993599997, 56.517791220000049 ], [ -154.648408899999964, 56.547336087000076 ], [ -154.605864035999957, 56.566636090000031 ], [ -154.563326882999974, 56.587118109000073 ], [ -154.531417982999983, 56.599336074000064 ], [ -154.505417989999984, 56.60288212200004 ], [ -154.481382044999975, 56.601700106000067 ], [ -154.452617866999958, 56.595791199000075 ], [ -154.421390918999975, 56.587773238000068 ] ] ], [ [ [ -170.00000006099998, 52.838673163000067 ], [ -169.989991061999973, 52.845264189000034 ], [ -169.975582067999966, 52.849991079000063 ], [ -169.864744976999987, 52.872209158000032 ], [ -169.781155105999972, 52.885264140000061 ], [ -169.760835863999972, 52.884164266000028 ], [ -169.726108967999977, 52.881373260000032 ], [ -169.714326861999979, 52.877909187000057 ], [ -169.681672978999984, 52.862209044000053 ], [ -169.677517901999977, 52.852482181000028 ], [ -169.675044904999965, 52.817773223000074 ], [ -169.708644937999964, 52.776927035000028 ], [ -169.721926901999979, 52.771382238000058 ], [ -169.734881970999965, 52.771791108000059 ], [ -169.747235890999974, 52.778036128000053 ], [ -169.879973050999979, 52.808882203000053 ], [ -169.92015505599997, 52.78971815500006 ], [ -169.960435968999974, 52.785691153000073 ], [ -169.99151791, 52.800827026000036 ], [ -170.013064094999976, 52.818327099000044 ], [ -170.006435852999971, 52.834436111000059 ], [ -170.00000006099998, 52.838673163000067 ] ] ], [ [ [ -132.813899921999962, 55.185818121000068 ], [ -132.732208887999946, 55.140273206000074 ], [ -132.6916820499999, 55.092218079000077 ], [ -132.671935962999953, 55.037073202000045 ], [ -132.731935972999963, 55.002773113000046 ], [ -132.801664019999976, 55.006382193000036 ], [ -132.866790904999959, 55.032082114000048 ], [ -132.864164015999961, 55.141109049000079 ], [ -132.853335937999987, 55.159427028000039 ], [ -132.82471794199995, 55.19180011800006 ], [ -132.813899921999962, 55.185818121000068 ] ] ], [ [ [ -170.795017878999971, 52.532491124000046 ], [ -170.840299937999959, 52.551653999000052 ], [ -170.842226936999964, 52.566373124000052 ], [ -170.838090970999986, 52.586653977000026 ], [ -170.82016409199997, 52.62151816800008 ], [ -170.745408914999985, 52.674154005000048 ], [ -170.671709018999962, 52.694709114000034 ], [ -170.631408995999976, 52.691936045000034 ], [ -170.605282100999972, 52.686645053000063 ], [ -170.592226950999986, 52.682491149000043 ], [ -170.564590977999984, 52.669773120000059 ], [ -170.563764019999979, 52.646936122000056 ], [ -170.603482002999982, 52.593045010000026 ], [ -170.615126981999964, 52.586373183000035 ], [ -170.63476410399997, 52.581936139000049 ], [ -170.655027019999977, 52.581382095000038 ], [ -170.665035850999971, 52.58276427100003 ], [ -170.688899966999969, 52.589427046000026 ], [ -170.703473078999963, 52.590127102000054 ], [ -170.736117909999962, 52.579991202000031 ], [ -170.74808207099997, 52.573600168000041 ], [ -170.770290929999959, 52.559436093000045 ], [ -170.795017878999971, 52.532491124000046 ] ] ], [ [ [ -131.23830898599999, 54.986382134000053 ], [ -131.242626839999957, 54.976654097000051 ], [ -131.241364021999971, 54.931382097000039 ], [ -131.225826990999963, 54.925000116000035 ], [ -131.201944936999951, 54.918882164000081 ], [ -131.192426950999959, 54.908118124000055 ], [ -131.23389105199999, 54.877209186000073 ], [ -131.329864011999973, 54.856245040000033 ], [ -131.344455060999962, 54.85665407700003 ], [ -131.37805509399999, 54.863609045000032 ], [ -131.473872987999982, 54.911373153000056 ], [ -131.483464063999975, 54.922354116000065 ], [ -131.480817896999952, 54.933600116000036 ], [ -131.470963963999964, 54.943454049000081 ], [ -131.451381993999973, 54.953045125000074 ], [ -131.253355004999946, 54.998882234000064 ], [ -131.23754489199996, 54.993464171000028 ], [ -131.23830898599999, 54.986382134000053 ] ] ], [ [ [ -133.29666401899999, 55.330553976000033 ], [ -133.230835903999946, 55.265000116000067 ], [ -133.223599973999967, 55.25054502100005 ], [ -133.241382013999953, 55.215409089000048 ], [ -133.249726869999961, 55.209164236000049 ], [ -133.323055110999974, 55.194709141000033 ], [ -133.416944832999945, 55.198745027000029 ], [ -133.427799899999968, 55.203609046000054 ], [ -133.436399899999969, 55.211936131000073 ], [ -133.44222683199996, 55.221100066000076 ], [ -133.447081965, 55.23360905100003 ], [ -133.450563975999955, 55.252218049000078 ], [ -133.437499940999942, 55.304854055000078 ], [ -133.429173022999976, 55.311100081000063 ], [ -133.32722695199999, 55.335409109000068 ], [ -133.311954956999955, 55.334991187000071 ], [ -133.29666401899999, 55.330553976000033 ] ] ], [ [ [ -148.029726881999977, 60.927773182000067 ], [ -148.022799908999957, 60.925553989000036 ], [ -147.964155084999959, 60.902491182000063 ], [ -147.939455124999967, 60.884163145000059 ], [ -147.931399948999967, 60.874436114000048 ], [ -147.912373027999962, 60.817282095000053 ], [ -147.928890909999978, 60.806936145000066 ], [ -148.018335874999963, 60.789718039000036 ], [ -148.10665498299997, 60.79166314400004 ], [ -148.122072990999982, 60.794718180000075 ], [ -148.133617889999982, 60.80277318900005 ], [ -148.134317945999982, 60.827500138000062 ], [ -148.125273033999974, 60.861382138000067 ], [ -148.104426905999958, 60.914718032000053 ], [ -148.064999941999957, 60.926100154000039 ], [ -148.04223586599997, 60.928600140000071 ], [ -148.029726881999977, 60.927773182000067 ] ] ], [ [ [ -122.895554974999982, 48.711109036000039 ], [ -122.883055042999956, 48.711109036000039 ], [ -122.858608886999946, 48.706100178000042 ], [ -122.84472694599998, 48.701100205000046 ], [ -122.780835888999945, 48.67693601700006 ], [ -122.748326844999951, 48.65999116100005 ], [ -122.751108965999947, 48.649018077000051 ], [ -122.807635850999986, 48.605409046000034 ], [ -122.878326978999951, 48.587909141000068 ], [ -122.899435963999963, 48.586109043000079 ], [ -122.919999956999959, 48.587491219000071 ], [ -123.000417947999949, 48.599573230000033 ], [ -123.012499958999967, 48.605827135000027 ], [ -123.023335915999951, 48.624300179000045 ], [ -123.02028205299996, 48.635554058000025 ], [ -122.940272930999981, 48.704436035000072 ], [ -122.92624598399999, 48.710827069000061 ], [ -122.895554974999982, 48.711109036000039 ] ] ], [ [ [ -153.457217911999976, 57.969153969000047 ], [ -153.353335956999985, 57.936382236000043 ], [ -153.272517980999964, 57.901100123000049 ], [ -153.261135859999968, 57.889718169000048 ], [ -153.232208905999983, 57.85638216600006 ], [ -153.220555042999962, 57.841663209000046 ], [ -153.214444970999978, 57.830827085000067 ], [ -153.210555096999968, 57.809991182000033 ], [ -153.22387310299996, 57.808045072000027 ], [ -153.248872967999972, 57.81499115500003 ], [ -153.279444953999985, 57.824163304000081 ], [ -153.29529094199998, 57.829436024000074 ], [ -153.453890966999978, 57.883882185000061 ], [ -153.535081936999973, 57.930891083000063 ], [ -153.525708957999967, 57.956244999000035 ], [ -153.481935976999978, 57.971100079000053 ], [ -153.470555028999968, 57.972218057000077 ], [ -153.457217911999976, 57.969153969000047 ] ] ], [ [ [ -118.516664006999974, 33.477764234000063 ], [ -118.445263937999982, 33.442764256000032 ], [ -118.403346039999974, 33.428044964000037 ], [ -118.34972683699999, 33.398327093000034 ], [ -118.297235838999939, 33.346100125000078 ], [ -118.293117977999941, 33.32867314300006 ], [ -118.303746062999949, 33.309854094000059 ], [ -118.449645996999948, 33.328609105000055 ], [ -118.589926869999942, 33.483809095000026 ], [ -118.581126876999974, 33.490827095000043 ], [ -118.541799992999984, 33.48943603400005 ], [ -118.528891023999961, 33.486245044000043 ], [ -118.516664006999974, 33.477764234000063 ] ] ], [ [ [ -133.447782021999956, 55.399991170000078 ], [ -133.445417989999953, 55.371936102000063 ], [ -133.503081963999989, 55.348600213000054 ], [ -133.559863992999965, 55.314164170000026 ], [ -133.595135879999987, 55.235545103000049 ], [ -133.606382046999954, 55.232209105000038 ], [ -133.644163978999984, 55.258891218000031 ], [ -133.653072935999944, 55.267209083000068 ], [ -133.684308936999969, 55.308327012000063 ], [ -133.651263953999944, 55.371936102000063 ], [ -133.637791049999976, 55.382764180000038 ], [ -133.58667300799999, 55.417218161000051 ], [ -133.57250893299999, 55.420827073000055 ], [ -133.561955110999975, 55.419991230000051 ], [ -133.446963947999961, 55.410273251000035 ], [ -133.447782021999956, 55.399991170000078 ] ] ], [ [ [ -154.083309032999978, 56.603882250000026 ], [ -154.07529107199997, 56.588327115000027 ], [ -154.077481933999962, 56.57388224500005 ], [ -154.106935941999978, 56.536663243000078 ], [ -154.176935897999982, 56.507500087000039 ], [ -154.207073030999965, 56.499718160000043 ], [ -154.236663998999973, 56.498045132000072 ], [ -154.246644833999966, 56.498882149000053 ], [ -154.29696408099997, 56.50471813300004 ], [ -154.328890917999985, 56.510418162000065 ], [ -154.339999956999975, 56.521663156000045 ], [ -154.352481951999977, 56.541663215000028 ], [ -154.315273006999973, 56.575273138000057 ], [ -154.304990926999977, 56.583054059000062 ], [ -154.287782040999957, 56.594154046000028 ], [ -154.272244842999982, 56.599436154000045 ], [ -154.234435920999971, 56.606944998000074 ], [ -154.21471799699998, 56.60889110800008 ], [ -154.087218017999959, 56.61027311600003 ], [ -154.083309032999978, 56.603882250000026 ] ] ], [ [ [ -162.753626982999975, 54.484718186000066 ], [ -162.59555501799997, 54.453464249000035 ], [ -162.560544981999982, 54.429164273000026 ], [ -162.544591034999968, 54.412773126000047 ], [ -162.542918006999969, 54.384018169000058 ], [ -162.621372955999959, 54.367209100000082 ], [ -162.639735861999981, 54.368600161000074 ], [ -162.736390939999978, 54.397491073000026 ], [ -162.76583589599997, 54.406654002000039 ], [ -162.78640894199998, 54.414709178000066 ], [ -162.79916401899996, 54.421109097000055 ], [ -162.810273058999968, 54.428882138000063 ], [ -162.836108933999981, 54.454154079000034 ], [ -162.828754986999968, 54.496244980000029 ], [ -162.816099989999969, 54.500000072000034 ], [ -162.783081996999982, 54.494154030000061 ], [ -162.759463972999981, 54.48832709900006 ], [ -162.753626982999975, 54.484718186000066 ] ] ], [ [ [ -132.61639093399998, 54.890827096000066 ], [ -132.611390960999984, 54.878045029000077 ], [ -132.609208983999963, 54.769991233000042 ], [ -132.619444796999971, 54.754436097000053 ], [ -132.633054995999942, 54.748882248000029 ], [ -132.647917954999969, 54.751109152000026 ], [ -132.66222686899999, 54.757636140000045 ], [ -132.774444794999965, 54.85694509700005 ], [ -132.78362683499995, 54.867909129000054 ], [ -132.789873028999978, 54.904991171000063 ], [ -132.777508883, 54.926518078000072 ], [ -132.708890935999989, 54.940545026000052 ], [ -132.628600014999961, 54.901927083000032 ], [ -132.61886409899995, 54.896100151000041 ], [ -132.61639093399998, 54.890827096000066 ] ] ], [ [ [ -80.660554926999964, 28.318882188000032 ], [ -80.669645938999963, 28.280691052000066 ], [ -80.665699906999976, 28.262500143000068 ], [ -80.659717909999983, 28.243191087000071 ], [ -80.723617851999961, 28.379164165000077 ], [ -80.740281913999979, 28.478327109000077 ], [ -80.73666394899999, 28.525000061000071 ], [ -80.73165492399994, 28.539164136000068 ], [ -80.695546019999938, 28.575000125000031 ], [ -80.643055021999942, 28.597636125000065 ], [ -80.624917924999977, 28.589864089000059 ], [ -80.61389086, 28.575000125000031 ], [ -80.610272895999969, 28.560273121000023 ], [ -80.610545977999948, 28.548336117000076 ], [ -80.61555500299994, 28.533882196000036 ], [ -80.626935783999954, 28.512500129000045 ], [ -80.633617836999974, 28.500554072000057 ], [ -80.639999985999964, 28.486935994000078 ], [ -80.646117936999985, 28.473327136000023 ], [ -80.65417294599996, 28.447218011000075 ], [ -80.669017799999949, 28.373609143000067 ], [ -80.660554926999964, 28.318882188000032 ] ] ], [ [ [ -120.000000027999988, 33.989627114000029 ], [ -119.969445978999943, 33.992354082000077 ], [ -119.966390942999965, 33.962491205000049 ], [ -120.036526852999941, 33.919154083000024 ], [ -120.107499947999941, 33.90554505700004 ], [ -120.121654970999941, 33.908045044000062 ], [ -120.145282046999966, 33.916664155000035 ], [ -120.164435869999977, 33.927773194000054 ], [ -120.172235900999965, 33.934718104000069 ], [ -120.192208970999957, 33.959436001000029 ], [ -120.226100022999958, 34.006100068000023 ], [ -120.184717895999938, 34.015827099000035 ], [ -120.135008851999942, 34.026100127000063 ], [ -120.051935808999986, 34.036109125000053 ], [ -120.03528197299994, 34.023882108000066 ], [ -120.000000027999988, 33.989627114000029 ] ] ], [ [ [ -97.358246045999977, 26.706964251000045 ], [ -97.366254953999942, 26.801554029000044 ], [ -97.385754948999988, 26.838227034000056 ], [ -97.40055504299994, 27.020827131000033 ], [ -97.401108919999956, 27.052500164000037 ], [ -97.399990940999942, 27.120273216000044 ], [ -97.399445949999972, 27.134991167000067 ], [ -97.397508891999962, 27.149436036000054 ], [ -97.383190924999951, 27.202527011000029 ], [ -97.379717966999976, 27.178609083000026 ], [ -97.38332688, 27.135273134000045 ], [ -97.386672934999979, 27.051391070000079 ], [ -97.385835917999941, 27.010553935000075 ], [ -97.383899865999979, 26.996109066000031 ], [ -97.358673019999969, 26.839273096000056 ], [ -97.355754943999955, 26.823018071000035 ], [ -97.342845974999989, 26.774609060000046 ], [ -97.325290916999961, 26.696109016000037 ], [ -97.289446042999941, 26.596664105000059 ], [ -97.261399859999983, 26.522500187000048 ], [ -97.248335825999959, 26.481382090000068 ], [ -97.22778189, 26.410827085000051 ], [ -97.20639093799997, 26.328327029000036 ], [ -97.199155008999981, 26.287773202000039 ], [ -97.179717877999963, 26.165273196000044 ], [ -97.172226802999944, 26.117773118000059 ], [ -97.171108824999976, 26.101936015000035 ], [ -97.176599977999956, 26.087773113000026 ], [ -97.188599845999988, 26.096664133000047 ], [ -97.195546095999987, 26.120554066000068 ], [ -97.199435801999982, 26.140000081000039 ], [ -97.20639093799997, 26.231109022000055 ], [ -97.224717968999983, 26.343327115000079 ], [ -97.277791006999962, 26.504164103000051 ], [ -97.304445961999988, 26.576382078000051 ], [ -97.346117934999938, 26.684164133000024 ], [ -97.358246045999977, 26.706964251000045 ] ] ], [ [ [ -162.232755066999971, 54.965273149000041 ], [ -162.229355030999983, 54.951927147000049 ], [ -162.234144953999959, 54.930136043000061 ], [ -162.22790898599996, 54.911236025000051 ], [ -162.22888195699997, 54.896945047000031 ], [ -162.235535846999966, 54.887773234000065 ], [ -162.256273010999962, 54.875545043000045 ], [ -162.264308908999965, 54.866935990000059 ], [ -162.277926986999972, 54.848745081000061 ], [ -162.293064033999968, 54.834164257000054 ], [ -162.309444954999975, 54.828882149000037 ], [ -162.328890969999975, 54.829718160000027 ], [ -162.355273009999962, 54.845964133000052 ], [ -162.36735502099998, 54.853054049000036 ], [ -162.386244980999976, 54.862773201000039 ], [ -162.395573032999977, 54.86776412200004 ], [ -162.405855113999962, 54.876382227000079 ], [ -162.419864123999986, 54.885964251000075 ], [ -162.423890957999959, 54.905818130000057 ], [ -162.430417945999977, 54.921664118000081 ], [ -162.431399969999973, 54.932773157000042 ], [ -162.421390971999983, 54.935264259000064 ], [ -162.385835943999979, 54.944709155000055 ], [ -162.363735882999976, 54.956518083000049 ], [ -162.340544832999967, 54.970818113000064 ], [ -162.319991064999982, 54.980409190000046 ], [ -162.303890937999967, 54.982764169000063 ], [ -162.279873096999978, 54.981654070000047 ], [ -162.248200063999974, 54.973873149000042 ], [ -162.232755066999971, 54.965273149000041 ] ] ], [ [ [ -123.099726904999955, 48.603882198000065 ], [ -123.038326948999952, 48.561382093000077 ], [ -122.99499988599996, 48.529718113000058 ], [ -122.96263584899998, 48.452636120000079 ], [ -123.004173040999945, 48.445682157000078 ], [ -123.09528198199996, 48.47499115800008 ], [ -123.121935930999939, 48.484718022000038 ], [ -123.13944606199999, 48.494154033000029 ], [ -123.148617875999946, 48.50166421800003 ], [ -123.155563958999949, 48.511109114000078 ], [ -123.17680001399998, 48.551654057000064 ], [ -123.17728197299999, 48.591727098000035 ], [ -123.152499869999986, 48.616527137000048 ], [ -123.141390998999952, 48.618882117000055 ], [ -123.105900008999981, 48.611454074000051 ], [ -123.099726904999955, 48.603882198000065 ] ] ], [ [ [ -176.054744949999986, 51.961654012000054 ], [ -176.070281980999965, 51.965827026000056 ], [ -176.167526977999984, 51.994573099000036 ], [ -176.189744887999979, 52.03943606200005 ], [ -176.191982017999976, 52.051100151000071 ], [ -176.189181959999985, 52.062354029000062 ], [ -176.165591092999961, 52.091100102000041 ], [ -176.152217933999964, 52.103327119000028 ], [ -176.133608935999973, 52.108327092000081 ], [ -176.05055500399996, 52.102909197000031 ], [ -176.041717962999968, 52.098036127000057 ], [ -175.99529998899996, 52.029164207000065 ], [ -176.018355084999968, 51.971645073000047 ], [ -176.037226939999982, 51.964427081000053 ], [ -176.054744949999986, 51.961654012000054 ] ] ], [ [ [ -96.776646066999945, 28.192053934000057 ], [ -96.774172902999965, 28.191382209000039 ], [ -96.756390862999979, 28.194436071000041 ], [ -96.710973016999958, 28.204436017000035 ], [ -96.66360889399999, 28.237500110000042 ], [ -96.654999840999949, 28.247218089000057 ], [ -96.644581973999948, 28.260691160000079 ], [ -96.507235939999987, 28.335000085000047 ], [ -96.430690891999973, 28.376800133000074 ], [ -96.425135868999973, 28.390136076000033 ], [ -96.409926905999953, 28.395209140000077 ], [ -96.400554931999977, 28.367218109000078 ], [ -96.399735852999981, 28.35055404700006 ], [ -96.407090972999981, 28.336109178000072 ], [ -96.419446065999978, 28.325000139000053 ], [ -96.449435844999982, 28.310827011000072 ], [ -96.470000005999964, 28.303327052000043 ], [ -96.486390984999957, 28.297773203000077 ], [ -96.528335872999946, 28.279718081000055 ], [ -96.551935791999938, 28.266664104000029 ], [ -96.692490920999944, 28.182773156000053 ], [ -96.706664048999983, 28.173609053000064 ], [ -96.736935794999965, 28.153882077000048 ], [ -96.753617961999964, 28.141109062000055 ], [ -96.80555508399999, 28.100000185000056 ], [ -96.813608918999989, 28.092491173000042 ], [ -96.817508850999957, 28.110000131000049 ], [ -96.810826797999937, 28.165273083000045 ], [ -96.803881887999978, 28.178609026000061 ], [ -96.794446043999983, 28.189436098000044 ], [ -96.782772902999966, 28.192491134000079 ], [ -96.776646066999945, 28.192053934000057 ] ] ], [ [ [ -97.24638200399994, 27.544444959000032 ], [ -97.266955049999979, 27.509718064000026 ], [ -97.294446015999938, 27.457218013000045 ], [ -97.308608917999948, 27.424436054000068 ], [ -97.329455046999954, 27.372500106000075 ], [ -97.337781964999976, 27.35055393600004 ], [ -97.344726873999946, 27.326382204000026 ], [ -97.356108827999947, 27.273609071000067 ], [ -97.368055051999988, 27.23916414200005 ], [ -97.374854954999989, 27.225545058000023 ], [ -97.387982020999971, 27.222426990000031 ], [ -97.386255013999971, 27.277500118000034 ], [ -97.374708941999984, 27.343053977000068 ], [ -97.370272903999989, 27.362500160000025 ], [ -97.33694595299994, 27.450826979000055 ], [ -97.332226941999977, 27.461636114000044 ], [ -97.31722685599999, 27.495827071000065 ], [ -97.306663980999986, 27.512918107000075 ], [ -97.281390866999971, 27.551109075000056 ], [ -97.162781906999953, 27.725554083000077 ], [ -97.153335837999975, 27.737773221000054 ], [ -97.073890985999981, 27.835418035000032 ], [ -97.063055028999941, 27.841945023000051 ], [ -97.043190923999987, 27.839854073000026 ], [ -97.043064021999953, 27.829164129000048 ], [ -97.051099919999956, 27.819718059000024 ], [ -97.075835922999943, 27.792218041000069 ], [ -97.102217962999987, 27.765273240000056 ], [ -97.117490963999956, 27.746382106000056 ], [ -97.166655016999982, 27.680545106000068 ], [ -97.17416402899994, 27.668327141000077 ], [ -97.24499999599999, 27.548054039000078 ], [ -97.24638200399994, 27.544444959000032 ] ] ], [ [ [ -159.516117878999978, 55.238045089000082 ], [ -159.504864, 55.17221814800007 ], [ -159.506817988999984, 55.148882091000075 ], [ -159.519472986999972, 55.064153958000077 ], [ -159.648755125999969, 55.040000163000059 ], [ -159.655290998999959, 55.056309167000052 ], [ -159.653064094999962, 55.125545029000079 ], [ -159.537917867999965, 55.245545049000043 ], [ -159.522090989999981, 55.245545049000043 ], [ -159.516117878999978, 55.238045089000082 ] ] ], [ [ [ -148.036955099999972, 60.184154031000048 ], [ -148.077481936999959, 60.128045069000052 ], [ -148.086944937999959, 60.108609111000078 ], [ -148.088881995999969, 60.091654030000029 ], [ -148.104154996999966, 60.07332716600007 ], [ -148.154873054999968, 60.040273131000049 ], [ -148.208617985999979, 60.023045135000075 ], [ -148.229154989999984, 60.019718190000049 ], [ -148.251399889999959, 60.017491118000066 ], [ -148.286955085999978, 60.020544981000057 ], [ -148.307082046999966, 60.027636071000074 ], [ -148.300291028999965, 60.055545126000027 ], [ -148.224426925999978, 60.108327144000043 ], [ -148.056535895999957, 60.193736056000034 ], [ -148.03584483299997, 60.187000191000038 ], [ -148.036955099999972, 60.184154031000048 ] ] ], [ [ [ -155.556673103999969, 55.911373264000076 ], [ -155.55417295, 55.812764196000046 ], [ -155.557491009999978, 55.801653983000051 ], [ -155.56347300699997, 55.788609060000056 ], [ -155.576808949999958, 55.775964121000072 ], [ -155.603055035999972, 55.772764245000076 ], [ -155.715973018999961, 55.784436045000064 ], [ -155.739991026999974, 55.828609178000079 ], [ -155.62027297399996, 55.914154044000043 ], [ -155.605817878999972, 55.919991201000073 ], [ -155.580564042999981, 55.922491188000038 ], [ -155.563899980999963, 55.91860014100007 ], [ -155.556673103999969, 55.911373264000076 ] ] ], [ [ [ -160.19976400799996, 21.783600106000051 ], [ -160.204464076999983, 21.783600106000051 ], [ -160.23169101299996, 21.80054496200006 ], [ -160.246399911999958, 21.811527099000045 ], [ -160.24792692699998, 21.843327034000026 ], [ -160.227199988999985, 21.891382161000024 ], [ -160.197535930999976, 21.919991106000055 ], [ -160.182800041999968, 21.934154007000075 ], [ -160.086244875999967, 22.017353952000065 ], [ -160.06139990899996, 22.013882168000066 ], [ -160.04653594499996, 21.998053949000052 ], [ -160.071135991999967, 21.909164201000067 ], [ -160.091282063999984, 21.89651808900004 ], [ -160.114990947999985, 21.887500167000042 ], [ -160.130418008999982, 21.884718045000056 ], [ -160.147808948999966, 21.885827139000071 ], [ -160.182218002999974, 21.836936 ], [ -160.19976400799996, 21.783600106000051 ] ] ], [ [ [ -161.732208929999985, 55.148609176000036 ], [ -161.659590970999972, 55.127773106000063 ], [ -161.643335945999979, 55.11596417800007 ], [ -161.642926908999982, 55.105273228000044 ], [ -161.744290940999974, 55.054854069000044 ], [ -161.763217948999966, 55.055127151000079 ], [ -161.778199929999971, 55.060409091000054 ], [ -161.903354987999961, 55.132491112000082 ], [ -161.90354492199998, 55.151653986000042 ], [ -161.858035881999967, 55.166382164000026 ], [ -161.847781963999978, 55.168054018000078 ], [ -161.827790956999962, 55.170827087000077 ], [ -161.81722690899997, 55.171109054000055 ], [ -161.727764006999962, 55.155682161000072 ], [ -161.732208929999985, 55.148609176000036 ] ] ], [ [ [ -166.219455107999977, 53.704709171000047 ], [ -166.226964119999963, 53.707500177000043 ], [ -166.245544954999986, 53.717482186000041 ], [ -166.287244922999975, 53.744154072000072 ], [ -166.294444977999973, 53.753327060000061 ], [ -166.297244868999968, 53.766927033000059 ], [ -166.296664002999961, 53.77942713300007 ], [ -166.291809036999979, 53.794300149000037 ], [ -166.195144905999967, 53.834991104000039 ], [ -166.171417917999975, 53.841100171000051 ], [ -166.110017961999972, 53.848873212000058 ], [ -166.090026954999985, 53.83942714300008 ], [ -166.117490931999981, 53.774982210000076 ], [ -166.209990932999972, 53.70527310600005 ], [ -166.219455107999977, 53.704709171000047 ] ] ], [ [ [ -170.28060891299998, 57.105000201000053 ], [ -170.26919996899997, 57.132900204000066 ], [ -170.270599914999963, 57.144291210000063 ], [ -170.304991030999986, 57.150536063000061 ], [ -170.317508900999968, 57.151091113000064 ], [ -170.353882001999978, 57.14470913200006 ], [ -170.407244885999972, 57.16151803300005 ], [ -170.41323593499996, 57.171382192000067 ], [ -170.411417899999975, 57.18373611100003 ], [ -170.397809041999977, 57.197482097000034 ], [ -170.38696403299997, 57.201654106000035 ], [ -170.316655119999979, 57.213609047000034 ], [ -170.150573072999975, 57.228327166000042 ], [ -170.139772989999983, 57.21692710700006 ], [ -170.162935876999967, 57.166927042000054 ], [ -170.248873015999976, 57.129436131000034 ], [ -170.28060891299998, 57.105000201000053 ] ] ], [ [ [ -176.336427020999963, 51.72165397200007 ], [ -176.345000031999973, 51.72165397200007 ], [ -176.381944945999976, 51.728036121000059 ], [ -176.392544868999977, 51.738600168000062 ], [ -176.396973027999962, 51.74971809200008 ], [ -176.404344911999971, 51.776100133000057 ], [ -176.416155013999969, 51.85249112200006 ], [ -176.392544868999977, 51.860545125000044 ], [ -176.31890901099996, 51.866935991000048 ], [ -176.308927001999962, 51.867764123000029 ], [ -176.278090985999967, 51.859154065000041 ], [ -176.264500065999982, 51.811373193000065 ], [ -176.261173120999985, 51.78026426200006 ], [ -176.327072984999973, 51.72610006900004 ], [ -176.336427020999963, 51.72165397200007 ] ] ], [ [ [ -160.328335865999975, 55.350273241000082 ], [ -160.317782043999983, 55.289436047000038 ], [ -160.320826853999961, 55.278882225000075 ], [ -160.328618, 55.258044981000069 ], [ -160.335555030999984, 55.246100098000056 ], [ -160.483064121999973, 55.289991096000051 ], [ -160.508635967999965, 55.30277316300004 ], [ -160.52536406699997, 55.31638218900008 ], [ -160.498473077999961, 55.349436057000048 ], [ -160.346955089999966, 55.368600105000041 ], [ -160.327926995999974, 55.356654049000042 ], [ -160.328335865999975, 55.350273241000082 ] ] ], [ [ [ -70.019454895999957, 41.383882109000069 ], [ -69.994999854999946, 41.328045055000075 ], [ -69.959863921999954, 41.282218173000047 ], [ -69.962572953999938, 41.265964154000073 ], [ -69.979446059999987, 41.255273204000048 ], [ -69.993881876999978, 41.250273231000051 ], [ -70.013626790999979, 41.24777324400003 ], [ -70.034726890999934, 41.246936060000053 ], [ -70.093608922999977, 41.248044986000025 ], [ -70.107772997999973, 41.248327121000045 ], [ -70.140835917999937, 41.256664264000051 ], [ -70.232226825999987, 41.281664129000035 ], [ -70.19777301299996, 41.294154003000074 ], [ -70.177490986999942, 41.295827031000044 ], [ -70.109590864999973, 41.296245120000037 ], [ -70.035281939999948, 41.359164212000053 ], [ -70.019454895999957, 41.383882109000069 ] ] ], [ [ [ -147.876644830999965, 60.103882221000049 ], [ -147.944455097999963, 60.076382202000048 ], [ -148.120273060999978, 59.995409162000044 ], [ -148.138764042999981, 59.998191115000054 ], [ -148.141126900999978, 60.016109110000059 ], [ -148.099426932999961, 60.061100149000083 ], [ -147.963744874999975, 60.153327068000067 ], [ -147.888473036999983, 60.115127047000044 ], [ -147.876644830999965, 60.103882221000049 ] ] ], [ [ [ -118.530290969999953, 32.993327110000052 ], [ -118.526108902999965, 32.983609131000037 ], [ -118.520281970999974, 32.974991193000051 ], [ -118.504999917999953, 32.959718025000029 ], [ -118.482226956999966, 32.938045105000072 ], [ -118.413326874999939, 32.885553939000033 ], [ -118.369163967999953, 32.854709039000056 ], [ -118.369454987999973, 32.83277309500005 ], [ -118.408608868999977, 32.817082172000028 ], [ -118.477782033999972, 32.852773154000033 ], [ -118.486935909999943, 32.858891105000055 ], [ -118.49388199399999, 32.866664147000051 ], [ -118.533890996999958, 32.927218033000031 ], [ -118.570554949999973, 32.98416418100004 ], [ -118.594863977999978, 33.033053978000055 ], [ -118.593891006999968, 33.044582112000057 ], [ -118.554426826999986, 33.043054091000045 ], [ -118.530290969999953, 32.993327110000052 ] ] ], [ [ [ -74.062773015999937, 40.639436 ], [ -74.055408843999942, 40.619854030000056 ], [ -74.055545971999948, 40.602082216000042 ], [ -74.108608950999951, 40.559718066000073 ], [ -74.123317849999978, 40.54971812000008 ], [ -74.145008874999974, 40.538891216000025 ], [ -74.219999917999985, 40.511664112000062 ], [ -74.235208881999938, 40.514718142000049 ], [ -74.232499850999943, 40.538891216000025 ], [ -74.183335797999973, 40.63458220800004 ], [ -74.173890900999936, 40.642354076000061 ], [ -74.078335863999939, 40.650273131000063 ], [ -74.068890967999948, 40.645827034000035 ], [ -74.062773015999937, 40.639436 ] ] ], [ [ [ -134.114717989999974, 55.899718060000055 ], [ -134.121644961999948, 55.898609134000083 ], [ -134.13640901399998, 55.893609161000029 ], [ -134.176935851, 55.874991110000053 ], [ -134.209164100999942, 55.858327048000035 ], [ -134.221099931999959, 55.850827089000063 ], [ -134.235264006999955, 55.835818118000077 ], [ -134.252499882, 55.817353959000059 ], [ -134.293882008999958, 55.830554115000041 ], [ -134.315826836999975, 55.852491232000034 ], [ -134.340835922, 55.913745007000045 ], [ -134.32167304699999, 55.923600114000067 ], [ -134.116391016999955, 55.921664229000044 ], [ -134.101163948999954, 55.915064151000081 ], [ -134.114717989999974, 55.899718060000055 ] ] ], [ [ [ -71.220554969999966, 41.633327045000044 ], [ -71.227490993999936, 41.539435983000033 ], [ -71.232772934999957, 41.494709142000033 ], [ -71.29749983499994, 41.458600070000045 ], [ -71.355617939999945, 41.457627099000035 ], [ -71.309717799999987, 41.561100185000043 ], [ -71.263190860999941, 41.630482227000073 ], [ -71.220981943999959, 41.651936044000081 ], [ -71.220554969999966, 41.633327045000044 ] ] ], [ [ [ -169.580017927999961, 56.535827064000046 ], [ -169.611663970999984, 56.539982141000053 ], [ -169.644744995999986, 56.54708211600007 ], [ -169.744135927999963, 56.588873112000044 ], [ -169.769199996999959, 56.602482137000038 ], [ -169.782864007999962, 56.614300118000074 ], [ -169.760281987999974, 56.61804498500004 ], [ -169.726108967999977, 56.613318094000078 ], [ -169.67337305099997, 56.608600089000049 ], [ -169.594455084999964, 56.60304506600005 ], [ -169.58419999399996, 56.603882250000026 ], [ -169.557526933999981, 56.607218080000052 ], [ -169.521391040999958, 56.613600061000056 ], [ -169.488064090999984, 56.603600116000052 ], [ -169.472764099999978, 56.594709096000031 ], [ -169.501955083999974, 56.574718089000044 ], [ -169.565309028999962, 56.541100119000077 ], [ -169.580017927999961, 56.535827064000046 ] ] ], [ [ [ -133.645572976999972, 55.441100215000063 ], [ -133.667508920999978, 55.450545111000054 ], [ -133.714155049999988, 55.465545030000044 ], [ -133.72942687799997, 55.467764222000028 ], [ -133.746644815999957, 55.465273121000052 ], [ -133.758055099999979, 55.487209064000069 ], [ -133.726790936999976, 55.541382143000078 ], [ -133.71887305599995, 55.548045085000069 ], [ -133.702481908999971, 55.551382089000072 ], [ -133.691681993999964, 55.550545072000034 ], [ -133.583600034999961, 55.537082226000052 ], [ -133.577908889999946, 55.527636157000074 ], [ -133.576172997999947, 55.502082248000079 ], [ -133.63471790899996, 55.444853966000039 ], [ -133.645572976999972, 55.441100215000063 ] ] ], [ [ [ -96.839172885999972, 28.10638216600006 ], [ -96.848617948999959, 28.083882121000045 ], [ -96.887790941999981, 28.030553938000025 ], [ -97.025281981999967, 27.869445041000063 ], [ -97.035826918999987, 27.87527314600004 ], [ -97.02389997399996, 27.911664185000063 ], [ -96.921935797999936, 28.089718105000031 ], [ -96.87040888599995, 28.134718028000066 ], [ -96.842781965999961, 28.118327049000072 ], [ -96.836390931999972, 28.108891205000077 ], [ -96.839172885999972, 28.10638216600006 ] ] ], [ [ [ -80.432217801999968, 27.843327031000058 ], [ -80.404999918999977, 27.776945040000044 ], [ -80.400835788999984, 27.767500144000053 ], [ -80.391954994999935, 27.749718104000067 ], [ -80.371655030999989, 27.714718126000037 ], [ -80.328608928999984, 27.593053963000045 ], [ -80.292499857999985, 27.468882102000066 ], [ -80.281390985999963, 27.442218094000054 ], [ -80.237781955999935, 27.363882168000032 ], [ -80.167499864999968, 27.199436100000071 ], [ -80.165146058999937, 27.186244996000028 ], [ -80.187208904999977, 27.207073188000038 ], [ -80.206390889999966, 27.244164115000046 ], [ -80.288890945999981, 27.41332701500005 ], [ -80.389999831999944, 27.699164163000034 ], [ -80.444926778999957, 27.850409069000079 ], [ -80.432217801999968, 27.843327031000058 ] ] ], [ [ [ -75.52721790399994, 35.235545056000035 ], [ -75.609999926999933, 35.222209113000076 ], [ -75.65360895799995, 35.225545110000041 ], [ -75.534026859999983, 35.269573236000042 ], [ -75.521946022999941, 35.278044993000037 ], [ -75.517226842999946, 35.289718135000044 ], [ -75.512508837999974, 35.307773090000069 ], [ -75.491946017999965, 35.41805395800003 ], [ -75.465008927999975, 35.579991154000027 ], [ -75.464717907999955, 35.591100193000045 ], [ -75.474163977999979, 35.634718109000062 ], [ -75.482773029999976, 35.669718087000035 ], [ -75.504181919999951, 35.727482140000063 ], [ -75.510835809999946, 35.740273092000052 ], [ -75.526664027999971, 35.768391192000024 ], [ -75.514799946999972, 35.775964242000043 ], [ -75.494999879999966, 35.753053986000054 ], [ -75.482773029999976, 35.730818138000075 ], [ -75.476945930999989, 35.71470912500007 ], [ -75.45167298399997, 35.618044994000059 ], [ -75.447772884999949, 35.603053961000057 ], [ -75.447490917999971, 35.582500193000044 ], [ -75.483063881999954, 35.345827098000029 ], [ -75.48889098099994, 35.32527316200003 ], [ -75.515835782999943, 35.246382187000052 ], [ -75.52721790399994, 35.235545056000035 ] ] ], [ [ [ -159.382200042999983, 55.056100122000032 ], [ -159.358317989999961, 55.054300192000028 ], [ -159.347490917999977, 55.046527151000078 ], [ -159.338591012999984, 54.971927039000036 ], [ -159.37970005699998, 54.953327093000041 ], [ -159.423890958999976, 54.941936086000055 ], [ -159.434173039999962, 54.940545026000052 ], [ -159.449444867999972, 54.940964121000036 ], [ -159.458344939999961, 54.946100216000048 ], [ -159.479155026999962, 55.014164120000032 ], [ -159.460535969999967, 55.036664165000047 ], [ -159.446655034999964, 55.04860904800006 ], [ -159.438600025999961, 55.054991197000049 ], [ -159.382200042999983, 55.056100122000032 ] ] ], [ [ [ -157.240264024999959, 56.581663166000055 ], [ -157.159455101999981, 56.583054059000062 ], [ -157.072782031999964, 56.580827155000065 ], [ -157.055844887999967, 56.576944993000041 ], [ -157.000135908999965, 56.557073177000063 ], [ -156.97568204199996, 56.537218124000049 ], [ -157.002226858999961, 56.529436030000056 ], [ -157.024035899999973, 56.545418140000038 ], [ -157.036408930999983, 56.548609131000035 ], [ -157.069155014999978, 56.549163175000047 ], [ -157.111664004999966, 56.549436090000029 ], [ -157.122773043999985, 56.549436090000029 ], [ -157.140835877999962, 56.54500021900003 ], [ -157.195282037999959, 56.530818038000064 ], [ -157.327209003999968, 56.522218038000062 ], [ -157.329708989999972, 56.535827064000046 ], [ -157.298335861999959, 56.558882159000063 ], [ -157.287226989999965, 56.566663248000054 ], [ -157.269472945999979, 56.577218075000076 ], [ -157.251682020999965, 56.581663166000055 ], [ -157.240264024999959, 56.581663166000055 ] ] ], [ [ [ -164.976408972999963, 54.126445134000051 ], [ -164.952809053999971, 54.129009158000031 ], [ -164.937117962999963, 54.12596418000004 ], [ -164.92919991499997, 54.118591123000044 ], [ -164.929181976999985, 54.107909058000075 ], [ -164.949890977999985, 54.083182108000074 ], [ -164.961817922999984, 54.076382205000073 ], [ -165.018890972999969, 54.070827015000077 ], [ -165.076417985999967, 54.066664227000047 ], [ -165.086944985999963, 54.067218103000073 ], [ -165.213482051999961, 54.084709123000039 ], [ -165.221644852999958, 54.093045093000057 ], [ -165.204709049999963, 54.113882169000078 ], [ -165.133208900999961, 54.127491195000061 ], [ -165.088344930999966, 54.124982156000044 ], [ -165.07333596, 54.119427134000034 ], [ -165.051144871999981, 54.110827133000043 ], [ -165.038935958999986, 54.10415396500008 ], [ -164.978390957999977, 54.121791166000037 ], [ -164.976408972999963, 54.126445134000051 ] ] ], [ [ [ -153.393063998999963, 59.402491099000031 ], [ -153.354426944999972, 59.380818180000063 ], [ -153.34583583, 59.361936099000047 ], [ -153.372500004999978, 59.344991076000042 ], [ -153.386691069999983, 59.338327127000071 ], [ -153.406817863999976, 59.331391102000055 ], [ -153.503627001999973, 59.325827027000059 ], [ -153.515835913999979, 59.326100110000027 ], [ -153.533908973999957, 59.330554085000074 ], [ -153.552081945999959, 59.33804499200005 ], [ -153.5522179, 59.364718052000057 ], [ -153.518754995999984, 59.385136033000038 ], [ -153.442509012999977, 59.410545102000071 ], [ -153.431944964999957, 59.412209078000046 ], [ -153.403072996999981, 59.406936022000082 ], [ -153.393063998999963, 59.402491099000031 ] ] ], [ [ [ -158.808899992999983, 55.892218100000036 ], [ -158.783626877999978, 55.888600136000036 ], [ -158.76889099, 55.883609048000039 ], [ -158.717364077999974, 55.845544981000046 ], [ -158.710555122999978, 55.834709192000048 ], [ -158.719164007999979, 55.826800196000079 ], [ -158.853335981999976, 55.805264237000074 ], [ -158.864164059999979, 55.803882229000067 ], [ -158.890581974999975, 55.804300150000074 ], [ -158.906055135999964, 55.814853972000037 ], [ -158.91195499, 55.834718077000048 ], [ -158.894726993999967, 55.869991137000056 ], [ -158.832764109999971, 55.893882244000054 ], [ -158.813044843999961, 55.893882244000054 ], [ -158.808899992999983, 55.892218100000036 ] ] ], [ [ [ -94.841946066999981, 29.269444996000061 ], [ -94.841946066999981, 29.268053935000069 ], [ -94.857226946999958, 29.255000127000073 ], [ -94.869999961999952, 29.246109107000052 ], [ -94.879164063999951, 29.240273123000065 ], [ -95.112317933999975, 29.101564192000069 ], [ -95.100282023999966, 29.120273103000045 ], [ -95.09138195099996, 29.129436032000058 ], [ -94.956117814999971, 29.237773137000033 ], [ -94.821399842999938, 29.338609108000071 ], [ -94.781508856999949, 29.318364130000077 ], [ -94.784726836999937, 29.308054054000024 ], [ -94.841946066999981, 29.269444996000061 ] ] ], [ [ [ -134.81888201299995, 57.401654027000063 ], [ -134.823055026999953, 57.390544988000045 ], [ -134.809581955999988, 57.361236155000029 ], [ -134.787644839, 57.344436139000038 ], [ -134.79493592099999, 57.299709130000053 ], [ -134.809444827999982, 57.296663146000071 ], [ -134.821926989999952, 57.303882144000056 ], [ -134.864435811999954, 57.329436052000062 ], [ -134.973108863999983, 57.409018032000063 ], [ -134.940555060999941, 57.422218189000034 ], [ -134.888064061999955, 57.428327087000071 ], [ -134.87664489299999, 57.427773211000044 ], [ -134.812382013999979, 57.415127099000074 ], [ -134.81888201299995, 57.401654027000063 ] ] ], [ [ [ -80.387554998999974, 25.181791133000047 ], [ -80.358890901999985, 25.218882061000045 ], [ -80.34167296399994, 25.257500171000061 ], [ -80.331390882999983, 25.291109088000042 ], [ -80.286808880999956, 25.341800157000023 ], [ -80.273890858999948, 25.348745066000049 ], [ -80.260981889999982, 25.348054062000074 ], [ -80.25680887599998, 25.335273169000061 ], [ -80.267772907999984, 25.328327085000069 ], [ -80.36416395699996, 25.160554073000071 ], [ -80.370273022999982, 25.146109036000041 ], [ -80.575355059999936, 24.947218040000052 ], [ -80.595146074999946, 24.946382197000048 ], [ -80.600864041999955, 24.950809015000061 ], [ -80.571672889999945, 24.966664223000066 ], [ -80.455563916999949, 25.091382081000063 ], [ -80.410281858999952, 25.15082704200006 ], [ -80.387554998999974, 25.181791133000047 ] ] ], [ [ [ -133.269744866, 55.527218067000035 ], [ -133.267791043999978, 55.496936095000081 ], [ -133.272517935, 55.488045075000059 ], [ -133.28946396399999, 55.475818058000073 ], [ -133.348873049999952, 55.447345068000061 ], [ -133.434099905999972, 55.524082230000033 ], [ -133.419590998999979, 55.544300218000046 ], [ -133.393890910999971, 55.553045058000066 ], [ -133.37747294199994, 55.556382229000064 ], [ -133.33831788699996, 55.556936105000034 ], [ -133.30541791099995, 55.552909104000037 ], [ -133.279172997999979, 55.536382170000081 ], [ -133.269744866, 55.527218067000035 ] ] ], [ [ [ -147.823881923999977, 60.04916314500008 ], [ -147.82999099, 60.039718081000046 ], [ -147.847782081999981, 60.020273239000062 ], [ -147.880826897999981, 59.995827083000052 ], [ -147.893890931999977, 59.988327124000079 ], [ -147.915008968999956, 59.978600093000068 ], [ -147.930299907999967, 59.972491194000042 ], [ -148.022935863999976, 59.947627117000081 ], [ -148.04223586599997, 59.947344982000061 ], [ -148.043764054999968, 59.958600202000071 ], [ -148.028899922999983, 59.975545057000033 ], [ -148.000308915999966, 59.995545116000073 ], [ -147.883326883999956, 60.067218100000048 ], [ -147.850127003999972, 60.081527015000063 ], [ -147.819873026999971, 60.070973193000043 ], [ -147.817082020999976, 60.059709088000034 ], [ -147.823881923999977, 60.04916314500008 ] ] ], [ [ [ -122.86805495599998, 48.552491073000056 ], [ -122.855564075999951, 48.524164264000035 ], [ -122.814726940999947, 48.467218117000073 ], [ -122.808881904999964, 48.454436049000037 ], [ -122.807499896999957, 48.442491167000071 ], [ -122.80777297899999, 48.427491080000038 ], [ -122.814435920999983, 48.417909056000042 ], [ -122.827090918999943, 48.416382209000062 ], [ -122.839172928999972, 48.417773102000069 ], [ -122.860546111999952, 48.421382182000059 ], [ -122.934864088999973, 48.45527323400006 ], [ -122.936664018999977, 48.47499115800008 ], [ -122.936108968999974, 48.491664272000037 ], [ -122.91610891, 48.536664196000061 ], [ -122.870472967999945, 48.560609114000044 ], [ -122.86805495599998, 48.552491073000056 ] ] ], [ [ [ -148.138335894999983, 60.75610006900007 ], [ -148.123317871999973, 60.749718088000066 ], [ -148.108317952999982, 60.734991084000058 ], [ -148.09457297299997, 60.677491228000065 ], [ -148.098054982999969, 60.665963262000048 ], [ -148.11913597299997, 60.65221811400005 ], [ -148.145008895999979, 60.640973120000069 ], [ -148.157499942999976, 60.642491083000039 ], [ -148.223054975999958, 60.698600213000077 ], [ -148.230682004999977, 60.711663242000043 ], [ -148.232091002999965, 60.723600078000061 ], [ -148.21417300799996, 60.754436094000027 ], [ -148.194455083999969, 60.758045006000032 ], [ -148.169154979999973, 60.759163152000042 ], [ -148.154999956999973, 60.758891076000054 ], [ -148.138335894999983, 60.75610006900007 ] ] ], [ [ [ -164.770018017999973, 66.530818146000058 ], [ -164.77960004199997, 66.525682218000043 ], [ -164.864164056999982, 66.505263231000072 ], [ -164.876917960999975, 66.50277313600003 ], [ -165.047790936999974, 66.477200117000052 ], [ -165.364435937999986, 66.426373261000037 ], [ -165.468464073999968, 66.412900190000073 ], [ -165.454164043999981, 66.421373121000045 ], [ -165.433317915999964, 66.427473135000071 ], [ -165.420835920999963, 66.429982174000031 ], [ -165.144744913999972, 66.481373131000055 ], [ -165.117490987999986, 66.486100189000069 ], [ -165.019744920999983, 66.501663204000067 ], [ -164.76354484099997, 66.536163285000043 ], [ -164.770018017999973, 66.530818146000058 ] ] ], [ [ [ -145.088044812999982, 60.399436007000077 ], [ -145.115535945999966, 60.314163217000043 ], [ -145.126526968999968, 60.305691125000067 ], [ -145.141390932999968, 60.304436019000036 ], [ -145.216644832999975, 60.310545085000058 ], [ -145.244718005999971, 60.317773135000039 ], [ -145.280835961999969, 60.332354127000031 ], [ -145.258908903999981, 60.344991187000062 ], [ -145.113035959999962, 60.40942706800007 ], [ -145.098326892999978, 60.415545019000035 ], [ -145.084444952999974, 60.414436093000063 ], [ -145.088044812999982, 60.399436007000077 ] ] ], [ [ [ -122.381099907999953, 47.394718063000028 ], [ -122.410555088999956, 47.387218104000056 ], [ -122.483891042999971, 47.347354107000058 ], [ -122.494455089999974, 47.345827092000036 ], [ -122.504181953999989, 47.35305396900003 ], [ -122.518546020999963, 47.371518128000048 ], [ -122.511126863999948, 47.408882138000081 ], [ -122.496109007999962, 47.461109107000027 ], [ -122.449435887999982, 47.516318021000075 ], [ -122.442490978999956, 47.491100059000075 ], [ -122.421946095999942, 47.432209142000033 ], [ -122.415281979999975, 47.423045040000034 ], [ -122.381099907999953, 47.394718063000028 ] ] ], [ [ [ -133.478335902999959, 55.515000102000045 ], [ -133.423618000999966, 55.485691101000043 ], [ -133.417917970999952, 55.476373107000029 ], [ -133.417235851999976, 55.462491167000053 ], [ -133.421673063999947, 55.446936031000064 ], [ -133.428890888999945, 55.43942701900005 ], [ -133.44332687299999, 55.434718066000073 ], [ -133.459717851999983, 55.431382236000047 ], [ -133.505008962999966, 55.427218107000044 ], [ -133.515017960999955, 55.427218107000044 ], [ -133.537508954999964, 55.429718093000076 ], [ -133.578335864, 55.438600061000045 ], [ -133.599017874999959, 55.448673264000035 ], [ -133.512508922999984, 55.519436141000028 ], [ -133.49941789799999, 55.520827034000035 ], [ -133.478335902999959, 55.515000102000045 ] ] ], [ [ [ -147.97860900699996, 60.371936156000061 ], [ -147.983890946999963, 60.353882207000026 ], [ -148.010555121999971, 60.301654065000037 ], [ -148.020426991999983, 60.289163185000064 ], [ -148.033626980999969, 60.285554105000074 ], [ -148.079435925999974, 60.282773158000055 ], [ -148.091944910999956, 60.28249119000003 ], [ -148.104426905999958, 60.283336086000077 ], [ -148.14044495, 60.304991236000035 ], [ -148.142655089999977, 60.317218086000082 ], [ -148.133635826999978, 60.329991101000076 ], [ -148.084717865999977, 60.360827117000042 ], [ -148.071655004999968, 60.368045109000036 ], [ -148.026673018999958, 60.379718082000068 ], [ -147.999999958999979, 60.385273105000067 ], [ -147.986099913999965, 60.385273105000067 ], [ -147.97860900699996, 60.371936156000061 ] ] ], [ [ [ -176.139190947999964, 51.774435990000029 ], [ -176.143335966999985, 51.774435990000029 ], [ -176.155608916999967, 51.780536004000055 ], [ -176.216126928999984, 51.817764227000055 ], [ -176.219035951999984, 51.834436 ], [ -176.207673108999984, 51.876791098000069 ], [ -176.179199950999987, 51.881654110000056 ], [ -176.169190952999969, 51.881100067000034 ], [ -176.023926870999986, 51.84803614100008 ], [ -176.013918039999965, 51.833045107000032 ], [ -176.006135945999972, 51.809709050000038 ], [ -176.021699966999961, 51.816664186000082 ], [ -176.032500048999964, 51.823318076000078 ], [ -176.140317978999974, 51.819918041000051 ], [ -176.150326976999963, 51.800545115000034 ], [ -176.149199945999982, 51.788882200000046 ], [ -176.139190947999964, 51.774435990000029 ] ] ], [ [ [ -144.23803584199996, 59.987773248000053 ], [ -144.255582014999959, 59.983045016000062 ], [ -144.303890945999967, 59.966100161000043 ], [ -144.333617868999966, 59.95277327000008 ], [ -144.411135888999979, 59.916382231000057 ], [ -144.420835929999981, 59.907209077000061 ], [ -144.455264094999961, 59.882763256000032 ], [ -144.542235895999966, 59.829718046000039 ], [ -144.562773066999966, 59.819445018000067 ], [ -144.589291061999972, 59.809018098000081 ], [ -144.601381957999962, 59.810818028000028 ], [ -144.556809007999959, 59.861382194000043 ], [ -144.523618012999975, 59.883045056000071 ], [ -144.503908972999966, 59.894436062000068 ], [ -144.442509016999963, 59.925273251000078 ], [ -144.372500008999964, 59.958600202000071 ], [ -144.351381971999956, 59.968600147000075 ], [ -144.278899966999973, 59.999163249000048 ], [ -144.26140894599996, 60.003882092000083 ], [ -144.231655033999971, 60.00860915100003 ], [ -144.210908984999975, 60.003818055000067 ], [ -144.220555046999976, 59.993045130000041 ], [ -144.23803584199996, 59.987773248000053 ] ] ], [ [ [ 178.528045262000091, 51.893327084000077 ], [ 178.519136305000075, 51.894154043000071 ], [ 178.500263444000097, 51.899018061000049 ], [ 178.466918221000014, 51.920545135000054 ], [ 178.453172403000053, 51.941800133000072 ], [ 178.476409386000114, 51.986245007000036 ], [ 178.518863390000092, 51.987500113000067 ], [ 178.576627276000067, 51.971100082000078 ], [ 178.587463400000047, 51.963882089000037 ], [ 178.606627281000101, 51.946100049000052 ], [ 178.603572412000062, 51.93220905700008 ], [ 178.567063357000052, 51.900127154000074 ], [ 178.53692723000006, 51.893609051000055 ], [ 178.528045262000091, 51.893327084000077 ] ] ], [ [ [ -166.210535924999959, 66.208882152000058 ], [ -166.287782035999982, 66.190263263000077 ], [ -166.567226976999962, 66.122754073000067 ], [ -166.587773032999962, 66.116382150000049 ], [ -166.663226925999965, 66.105291216000069 ], [ -166.598327022999968, 66.133609141000079 ], [ -166.466090932999975, 66.174991100000057 ], [ -166.443599939999984, 66.180818031000058 ], [ -166.382473066999978, 66.194136037000078 ], [ -166.321108985999984, 66.207491091000065 ], [ -166.255581948999975, 66.219709056000056 ], [ -166.222782052999975, 66.223036001000082 ], [ -166.181117958999977, 66.223036001000082 ], [ -166.17153593499998, 66.219018052000081 ], [ -166.210535924999959, 66.208882152000058 ] ] ], [ [ [ -68.632763893999936, 44.276654096000073 ], [ -68.626099945999954, 44.273318099000051 ], [ -68.615826917999982, 44.266109159000052 ], [ -68.604299956999967, 44.251245027000039 ], [ -68.604717878999963, 44.224991062000072 ], [ -68.61513591399995, 44.188191155000027 ], [ -68.647781917999964, 44.169854065000038 ], [ -68.664717888999974, 44.167500091000079 ], [ -68.710563881999974, 44.17777312000004 ], [ -68.720972863999975, 44.231654005000053 ], [ -68.671108921999974, 44.28430006800005 ], [ -68.659726800999977, 44.283882147000043 ], [ -68.632763893999936, 44.276654096000073 ] ] ], [ [ [ -86.558881935999977, 30.396664125000029 ], [ -86.62540893399995, 30.399718156000063 ], [ -86.750563991999968, 30.398054012000046 ], [ -86.910281994999934, 30.372218137000061 ], [ -86.99249086399999, 30.358609111000078 ], [ -87.066664001999982, 30.345827044000032 ], [ -87.08917293199994, 30.340000113000031 ], [ -87.175281899999959, 30.327500180000072 ], [ -87.209726827999987, 30.322500040000079 ], [ -87.25110895499995, 30.317427144000078 ], [ -87.27000897299996, 30.32055409700007 ], [ -87.283617830999958, 30.326109120000069 ], [ -87.290345984999988, 30.334582218000037 ], [ -87.145008979999943, 30.346109179000052 ], [ -87.021663909999972, 30.370827076000069 ], [ -86.890563902999986, 30.388609116000055 ], [ -86.776946031999955, 30.403327068000067 ], [ -86.763063923999937, 30.404991211000038 ], [ -86.734435868999981, 30.407218115000035 ], [ -86.701399938999941, 30.408609176000027 ], [ -86.631099910999978, 30.411109162000059 ], [ -86.585417867999979, 30.410409105000042 ], [ -86.527645934999953, 30.397044999000059 ], [ -86.558881935999977, 30.396664125000029 ] ] ], [ [ [ -160.154999950999979, 55.437491135000073 ], [ -160.178891057999977, 55.396100123000053 ], [ -160.317917997999984, 55.392082174000052 ], [ -160.328618, 55.395827041000075 ], [ -160.340900002999973, 55.412345090000031 ], [ -160.339999953999978, 55.428045065000049 ], [ -160.329573033999964, 55.438736015000075 ], [ -160.290282024999982, 55.457773161000034 ], [ -160.264444975999965, 55.463191223000081 ], [ -160.245835976999984, 55.462082130000056 ], [ -160.154999950999979, 55.437491135000073 ] ] ], [ [ [ -153.876100003999966, 56.551100065000071 ], [ -153.879582013999965, 56.538053968000042 ], [ -153.888626925999972, 56.529573158000062 ], [ -153.942226849999969, 56.507218119000072 ], [ -153.958890911999958, 56.502773196000078 ], [ -154.063044943999984, 56.499163278000083 ], [ -154.106654980999963, 56.50110905300005 ], [ -154.129772939999981, 56.508473226000035 ], [ -154.107755021999964, 56.523609099000055 ], [ -154.071109004999983, 56.538045083000043 ], [ -154.039172947999958, 56.547500205000063 ], [ -154.012790907999971, 56.550827150000032 ], [ -153.965817883999961, 56.553882186000067 ], [ -153.899173036999969, 56.55804497500003 ], [ -153.875964049999965, 56.555682116000071 ], [ -153.876100003999966, 56.551100065000071 ] ] ], [ [ [ -150.609709039999984, 59.380818180000063 ], [ -150.612209026999977, 59.368600215000072 ], [ -150.622499991999973, 59.353327046000061 ], [ -150.631926950999969, 59.344436026000039 ], [ -150.64251798899997, 59.336382190000052 ], [ -150.654444933999969, 59.32888223100008 ], [ -150.68833598599997, 59.308463244000052 ], [ -150.714444943999979, 59.305827136000062 ], [ -150.764308885999981, 59.317909146000034 ], [ -150.775982027999959, 59.325827027000059 ], [ -150.690981984999979, 59.404163289000053 ], [ -150.677490976999962, 59.406382146000055 ], [ -150.666655019999979, 59.404991086000052 ], [ -150.638335921999982, 59.399163148000071 ], [ -150.619282011999957, 59.391663189000042 ], [ -150.609709039999984, 59.380818180000063 ] ] ], [ [ [ -133.215544798, 55.861936128000082 ], [ -133.21208206599999, 55.854718136000031 ], [ -133.211399946999961, 55.84082714300007 ], [ -133.212354980999976, 55.826382107000029 ], [ -133.230544883999983, 55.789582199000051 ], [ -133.245409016, 55.775127104000035 ], [ -133.260990973999981, 55.778045012000064 ], [ -133.309717994999971, 55.821109051000064 ], [ -133.331526868999958, 55.873600217000046 ], [ -133.286944866999988, 55.901100068000062 ], [ -133.268199913999979, 55.899436093000077 ], [ -133.215544798, 55.861936128000082 ] ] ], [ [ [ -75.085281890999966, 19.893036023000036 ], [ -75.121399846999964, 19.887500112000055 ], [ -75.134445943999935, 19.886945062000052 ], [ -75.159726936999959, 19.890482057000042 ], [ -75.164463885999965, 19.902500030000056 ], [ -75.139735762999976, 19.962873203000072 ], [ -75.08723588, 19.965554071000042 ], [ -75.085554972999944, 19.917218149000064 ], [ -75.085281890999966, 19.893036023000036 ] ] ], [ [ [ -75.223726791999979, 19.901554049000026 ], [ -75.226963882999939, 19.924445026000058 ], [ -75.193208952999953, 19.960973193000029 ], [ -75.15918194599999, 19.963054084000078 ], [ -75.15918194599999, 19.960691058000066 ], [ -75.170290984999951, 19.93139110900006 ], [ -75.223726791999979, 19.901554049000026 ] ] ], [ [ [ -123.093746081999939, 48.999436113000058 ], [ -123.03431788499995, 48.999436113000058 ], [ -123.04586395699999, 48.977482232000057 ], [ -123.086535800999968, 48.972073222000063 ], [ -123.093746081999939, 48.999436113000058 ] ] ] ] }
        }
    ]
}