{
    "type": "FeatureCollection",
    "features": [
        {
            "type": "Feature",
            "properties": {
                "WCID": "JAP",
                "COUNTRY": "Japan"
            },
            "geometry": { "type": "MultiPolygon", "coordinates": [ [ [ [ 134.2993823810001, 34.704118144000063 ], [ 134.250272307000046, 34.715273116000049 ], [ 134.242100287000085, 34.703882110000052 ], [ 134.249391369000023, 34.689154100000053 ], [ 134.189418181000065, 34.624709167000049 ], [ 134.137209318000032, 34.590273123000031 ], [ 134.119263328000102, 34.581109021000032 ], [ 134.099118262000047, 34.575553998000032 ], [ 134.073254223000049, 34.582600161000073 ], [ 134.05941821600004, 34.592491143000075 ], [ 134.049409217000061, 34.599436052000044 ], [ 134.033445212000061, 34.605827086000033 ], [ 133.99399125900004, 34.606245007000041 ], [ 133.932463395000013, 34.583327040000029 ], [ 133.926772418000041, 34.573464222000041 ], [ 133.927200231000029, 34.560127106000039 ], [ 133.937227166000071, 34.550173093000069 ], [ 133.950809202000073, 34.556653980000078 ], [ 133.957736174000047, 34.566664152000044 ], [ 133.970245159000115, 34.578882117000035 ], [ 133.980254157000104, 34.584436134000043 ], [ 134.004154149000101, 34.589427054000055 ], [ 134.02276331500002, 34.59221806000005 ], [ 134.042072370000028, 34.584718101000078 ], [ 134.023936278000065, 34.54717320900005 ], [ 133.936845287000097, 34.450818035000054 ], [ 133.918163365000055, 34.445544980000079 ], [ 133.899136278000014, 34.448327101000075 ], [ 133.826354200000083, 34.463882070000068 ], [ 133.769436216000031, 34.490273162000051 ], [ 133.722200336000014, 34.520827044000043 ], [ 133.703036288000021, 34.521664228000077 ], [ 133.679136297000014, 34.51666425500008 ], [ 133.668027257000062, 34.512773208000056 ], [ 133.47607228600009, 34.421664100000044 ], [ 133.342472293000014, 34.345545019000042 ], [ 133.300127253000028, 34.343745089000038 ], [ 133.313718342000016, 34.353882163000037 ], [ 133.315945246000069, 34.364991202000056 ], [ 133.267209340000022, 34.420554 ], [ 133.251918234000073, 34.423191115000066 ], [ 133.240663350000091, 34.416382160000069 ], [ 133.234682359000089, 34.404164195000078 ], [ 133.216963351000118, 34.351491141000054 ], [ 133.209791292000091, 34.318827032000058 ], [ 133.190318287000082, 34.277491174000033 ], [ 133.071154278000108, 34.249782110000069 ], [ 133.065245203000018, 34.301109030000077 ], [ 133.046354238000049, 34.324164125000038 ], [ 132.901918288000047, 34.315545014000065 ], [ 132.820118288000117, 34.307909100000074 ], [ 132.809691368000017, 34.30304508200004 ], [ 132.78027239700009, 34.270827058000066 ], [ 132.768582324000022, 34.25471804600005 ], [ 132.77490026800001, 34.241173225000068 ], [ 132.764982297000074, 34.231654065000043 ], [ 132.690518307000048, 34.207073129000037 ], [ 132.654282334000072, 34.198182109000072 ], [ 132.632172382000022, 34.195264200000054 ], [ 132.570527172000084, 34.18942704300008 ], [ 132.55046341000002, 34.191936082000041 ], [ 132.500409199000046, 34.293191149000052 ], [ 132.503872433000083, 34.322491097000068 ], [ 132.408718218000104, 34.364582165000058 ], [ 132.398591371000066, 34.364435985000057 ], [ 132.370654152000043, 34.359300058000031 ], [ 132.353991264000115, 34.35346424100004 ], [ 132.336363451000011, 34.344153959000039 ], [ 132.322482349000097, 34.334164239000074 ], [ 132.224945158000082, 34.236382129000049 ], [ 132.232572355000116, 34.19190909200006 ], [ 132.237454143000036, 34.176382119000039 ], [ 132.241054171000087, 34.161100066000074 ], [ 132.239682388000119, 34.148882101000027 ], [ 132.213291296000079, 33.990545100000077 ], [ 132.197018333000074, 33.964909049000028 ], [ 132.179245178000087, 33.950744973000042 ], [ 132.129527249000034, 33.941473080000037 ], [ 132.132372402000101, 33.908500181000079 ], [ 132.153745249000053, 33.856991207000078 ], [ 132.154554271000052, 33.834854097000061 ], [ 132.143309277000071, 33.82638217300007 ], [ 132.060791284000061, 33.777209067000058 ], [ 132.050536193000084, 33.772491061000039 ], [ 132.037754126000095, 33.771100168000032 ], [ 132.068572372000062, 33.805827064000027 ], [ 132.048582371000066, 33.895273203000045 ], [ 131.83663622600011, 33.997491183000079 ], [ 131.824127241000042, 34.016518103000067 ], [ 131.787200264000035, 34.043327117000047 ], [ 131.745791315000019, 34.053600146000065 ], [ 131.604672419000053, 34.029718092000053 ], [ 131.396091273000025, 33.976382198000067 ], [ 131.334963394000056, 33.951664133000065 ], [ 131.324400352000112, 33.946654102000025 ], [ 131.258318265000071, 33.918473137000035 ], [ 131.172609282000053, 33.932218117000048 ], [ 131.164700286000084, 33.942491146000066 ], [ 131.163882379000029, 33.953609070000027 ], [ 131.148036224000066, 33.980273245000035 ], [ 131.108582270000056, 34.011382176000041 ], [ 131.092191291000063, 34.020827072000031 ], [ 131.059963376000042, 34.033882221000056 ], [ 131.030400236000105, 34.039582083000028 ], [ 130.99772724200011, 34.007354001000067 ], [ 130.990918287000113, 33.988600163000058 ], [ 130.980254159000083, 33.976100063000047 ], [ 130.916918319000047, 33.916664155000035 ], [ 130.905118276000053, 33.913736021000034 ], [ 130.893309347000013, 33.921664128000032 ], [ 130.884427212000105, 33.934436137000034 ], [ 130.886936251000066, 34.125264245000039 ], [ 130.894991260000097, 34.133609100000058 ], [ 130.9237361590001, 34.166382174000034 ], [ 130.927763328000083, 34.181382092000035 ], [ 130.924682308000115, 34.191373153000029 ], [ 130.912200313000085, 34.22526420500003 ], [ 130.906100299000059, 34.233882143000073 ], [ 130.884000238000112, 34.260273236000046 ], [ 130.879672326000104, 34.293054021000046 ], [ 130.936372381000069, 34.401100106000058 ], [ 130.944691252000098, 34.413882173000047 ], [ 130.964963388000115, 34.425273180000033 ], [ 130.976627309000037, 34.42860012500006 ], [ 131.165527244000032, 34.417209118000073 ], [ 131.211909344000105, 34.398327037000058 ], [ 131.210100361000059, 34.370336007000049 ], [ 131.262754136000012, 34.376936085000068 ], [ 131.316654132000053, 34.388882141000067 ], [ 131.406100271000014, 34.422082189000037 ], [ 131.413609283000028, 34.451664105000077 ], [ 131.55469129800008, 34.603327099000069 ], [ 131.591063394000116, 34.641935989000046 ], [ 131.60385417800012, 34.653600078000068 ], [ 131.623018226000113, 34.655818098000054 ], [ 131.680209293000075, 34.662209131000054 ], [ 131.744418192000012, 34.674164240000039 ], [ 131.78054520000012, 34.681936108000059 ], [ 131.816372305000073, 34.689709150000056 ], [ 131.832736294000028, 34.696100183000055 ], [ 131.84538223900006, 34.70277318400008 ], [ 132.051909317000082, 34.868045037000059 ], [ 132.076918233000015, 34.903045015000032 ], [ 132.098845292000078, 34.92610011000005 ], [ 132.130800292000117, 34.950000101000057 ], [ 132.215791282000055, 35.007500125000035 ], [ 132.247745276000046, 35.021100098000034 ], [ 132.288882316000013, 35.031936055000074 ], [ 132.299991355000088, 35.036109069000076 ], [ 132.316654244000119, 35.051653979000037 ], [ 132.359682241000087, 35.100000126000054 ], [ 132.398318288000041, 35.150545014000045 ], [ 132.404691385000092, 35.161373092000076 ], [ 132.414700215000039, 35.172082147000026 ], [ 132.547209220000013, 35.247491112000034 ], [ 132.579409307000105, 35.261109023000074 ], [ 132.595791234000103, 35.267491172000064 ], [ 132.613282254000069, 35.271936095000058 ], [ 132.629391266000084, 35.279991104000032 ], [ 132.638882263000028, 35.286382137000032 ], [ 132.651918302000013, 35.298609155000065 ], [ 132.658872431000077, 35.308600048000073 ], [ 132.664982336000094, 35.320273189000034 ], [ 132.674682377000067, 35.346382147000043 ], [ 132.681363425000086, 35.369018148000066 ], [ 132.678318279000109, 35.381664260000036 ], [ 132.666927273000056, 35.388045068000054 ], [ 132.641663378000089, 35.398882198000024 ], [ 132.629954195000096, 35.407773218000045 ], [ 132.633654135000029, 35.421109161000061 ], [ 132.681091348000109, 35.440545118000045 ], [ 132.829682375000061, 35.488882213000068 ], [ 132.853027317000056, 35.494991112000037 ], [ 132.866054135000013, 35.49638217200004 ], [ 132.886654171000032, 35.496654081000031 ], [ 132.929136171000096, 35.495544988000063 ], [ 132.96120935600004, 35.494164153000042 ], [ 133.054691381000112, 35.550273116000028 ], [ 133.06970035300003, 35.56499106800004 ], [ 133.091063309000106, 35.582500193000044 ], [ 133.101627190000045, 35.582218058000024 ], [ 133.248563461000117, 35.52860019700006 ], [ 133.249009211000043, 35.514709036000056 ], [ 133.253872391000073, 35.502773206000029 ], [ 133.267491308000103, 35.483609158000036 ], [ 133.279418253000017, 35.474991053000053 ], [ 133.313872401000026, 35.456382222000059 ], [ 133.328309224, 35.45166421600004 ], [ 133.344700371000044, 35.447773169000072 ], [ 133.359954261000098, 35.445545091000042 ], [ 133.381072298000049, 35.444991215000073 ], [ 133.401645177000091, 35.445264130000055 ], [ 133.417618235000077, 35.447209067000074 ], [ 133.434691333000046, 35.457773115000066 ], [ 133.447209203000057, 35.469982195000057 ], [ 133.456082285000093, 35.477209072000051 ], [ 133.470245187000046, 35.486936103000062 ], [ 133.480254186000025, 35.492491125000072 ], [ 133.519991280000113, 35.505827069000077 ], [ 133.543582314000105, 35.51166422600005 ], [ 133.56191823000006, 35.515273138000055 ], [ 133.574672302000067, 35.516664199000047 ], [ 133.599272349000103, 35.516245104000063 ], [ 133.618291391000071, 35.513609163000069 ], [ 133.634709360000102, 35.509435981000024 ], [ 133.649136292000094, 35.504718143000048 ], [ 133.698300345, 35.49276420800004 ], [ 133.736636153000063, 35.487209018000044 ], [ 133.751372377000052, 35.485827009000047 ], [ 133.779418225000086, 35.484991166000043 ], [ 133.813600296000118, 35.485545042000069 ], [ 134.084691330000055, 35.50999119800008 ], [ 134.116636272000051, 35.513882078000051 ], [ 134.260054156000024, 35.539018064000061 ], [ 134.27249139200012, 35.548882223000078 ], [ 134.283327181000118, 35.563609059000044 ], [ 134.302463401000068, 35.576382074000037 ], [ 134.334963393000066, 35.589426998000079 ], [ 134.358854164000036, 35.595273207000048 ], [ 134.368654117000119, 35.597545039000067 ], [ 134.391936194000095, 35.607500057000038 ], [ 134.514845238000021, 35.645964108000044 ], [ 134.537754153000037, 35.647491123000066 ], [ 134.77221828100005, 35.652773231000026 ], [ 134.794127235000019, 35.651100036000059 ], [ 134.813018201000091, 35.646382198000026 ], [ 134.8260824030001, 35.638045054000031 ], [ 134.897063377000109, 35.633473228000071 ], [ 134.916518277000023, 35.635127146000059 ], [ 135.034145212000112, 35.682209134000061 ], [ 135.054136219000043, 35.694154017000074 ], [ 135.068300294000096, 35.703609139000037 ], [ 135.08609138700001, 35.729153995000047 ], [ 135.168027173000041, 35.752491057000043 ], [ 135.191654249000067, 35.758045074000051 ], [ 135.210236258, 35.761382077000064 ], [ 135.222200251000118, 35.762218088000054 ], [ 135.278045184000121, 35.724709071000063 ], [ 135.284700248000036, 35.71638215300004 ], [ 135.306363444000112, 35.683735981000041 ], [ 135.303318299000011, 35.668600108000078 ], [ 135.289691336000033, 35.659645051000041 ], [ 135.274136200000044, 35.658327080000049 ], [ 135.266082365000102, 35.649436060000028 ], [ 135.205536190000089, 35.575553942000056 ], [ 135.198027178000075, 35.56582707900003 ], [ 135.191927164000049, 35.554164163000053 ], [ 135.187745265000103, 35.538464188000034 ], [ 135.193436242000075, 35.525409038000078 ], [ 135.339963309000041, 35.471927132000076 ], [ 135.38720924800009, 35.466382167000063 ], [ 135.401582368000049, 35.477900076000026 ], [ 135.391645286000085, 35.499226990000068 ], [ 135.376345295000078, 35.494154095000056 ], [ 135.354536254000095, 35.501864105000038 ], [ 135.34579124600009, 35.524709150000035 ], [ 135.346500355000103, 35.538744982000026 ], [ 135.353991262000022, 35.546936113000072 ], [ 135.448582381000051, 35.586109105000048 ], [ 135.461091366000119, 35.588044989000025 ], [ 135.476291277000087, 35.539400111000077 ], [ 135.475372285000049, 35.521518159000038 ], [ 135.510954134000031, 35.48901816800003 ], [ 135.521636200000103, 35.486382227000036 ], [ 135.627445155000032, 35.476654022000048 ], [ 135.713591338000015, 35.476382113000057 ], [ 135.725527168000099, 35.479427091000048 ], [ 135.736354240000082, 35.483882073000075 ], [ 135.822209237000038, 35.521664172000044 ], [ 135.831082319000075, 35.528882164000038 ], [ 135.968018310000048, 35.648745056000053 ], [ 135.963718226000083, 35.702909082000076 ], [ 135.971345255000074, 35.716664121000065 ], [ 136.014709199000094, 35.740964096000027 ], [ 136.029554220000023, 35.738045015000068 ], [ 136.043582341000047, 35.711936057000059 ], [ 136.049991312000088, 35.695126988000027 ], [ 136.043027291000044, 35.679018143000064 ], [ 136.0372823350001, 35.668464154000048 ], [ 136.062045159000036, 35.64915409300005 ], [ 136.072754214000042, 35.64860910200008 ], [ 136.081363434000082, 35.660545099000046 ], [ 136.098572320000017, 35.746100191000039 ], [ 136.098572320000017, 35.762773138000057 ], [ 136.091918262000036, 35.782209095000042 ], [ 136.085782374000019, 35.796109140000056 ], [ 136.080263393000109, 35.804991108000024 ], [ 136.061918257000116, 35.825000052000064 ], [ 136.054136163000067, 35.833054055000048 ], [ 136.031918252000082, 35.851936136000063 ], [ 136.020809213000121, 35.858327002000067 ], [ 136.006791318000069, 35.870482103000029 ], [ 135.960527236000075, 35.959709138000051 ], [ 135.961072394000098, 35.976100118000033 ], [ 136.069700351000051, 36.119154060000028 ], [ 136.128300248000073, 36.195545049000032 ], [ 136.181918277000022, 36.241664125000057 ], [ 136.2431361780001, 36.269709134000038 ], [ 136.358582310000088, 36.353327001000025 ], [ 136.406918231000077, 36.397218166000073 ], [ 136.518582281000022, 36.513054057000033 ], [ 136.531100318000085, 36.526100154000062 ], [ 136.584963433000098, 36.582500136000078 ], [ 136.613282364000042, 36.613882150000052 ], [ 136.649136290000115, 36.655818153000041 ], [ 136.656372387000033, 36.665545016000067 ], [ 136.695527275000018, 36.723600089000058 ], [ 136.712463413000023, 36.751391127000034 ], [ 136.721618295000098, 36.769718159000035 ], [ 136.751645290000056, 36.831382144000031 ], [ 136.761382379000111, 36.857500155000025 ], [ 136.768863396000029, 36.882764217000044 ], [ 136.767763355000056, 36.96527315700007 ], [ 136.766082280000091, 36.98110020200005 ], [ 136.729945213000065, 37.092491169000027 ], [ 136.683291372000099, 37.133809091000046 ], [ 136.679963421000025, 37.147218124000062 ], [ 136.682463408000103, 37.176100151000071 ], [ 136.68941820800012, 37.195544993000055 ], [ 136.737745245000042, 37.324853954000048 ], [ 136.752472416000046, 37.339709034000066 ], [ 136.771909211000093, 37.353054030000067 ], [ 136.786927235, 37.362209080000071 ], [ 136.844118302000084, 37.382491106000032 ], [ 136.867736158000071, 37.388882140000078 ], [ 136.881072437000057, 37.389718151000068 ], [ 136.910518230000093, 37.387218164000046 ], [ 136.922763352000061, 37.389718151000068 ], [ 137.027191305000088, 37.423327068000049 ], [ 137.077182317000052, 37.443318075000036 ], [ 137.086091274000069, 37.451100169000028 ], [ 137.094972404000032, 37.459164230000056 ], [ 137.103854203000083, 37.466936099000065 ], [ 137.125791321000065, 37.477482209000073 ], [ 137.142763333000062, 37.483327078000059 ], [ 137.248563404000038, 37.51693599500004 ], [ 137.266936200000032, 37.520827042000064 ], [ 137.28027231100009, 37.521936136000079 ], [ 137.294709301000012, 37.520827042000064 ], [ 137.324127267000108, 37.518327056000032 ], [ 137.343291315000101, 37.513191128000074 ], [ 137.356354176000082, 37.504718030000049 ], [ 137.359682294000095, 37.49499116700008 ], [ 137.359954203000029, 37.439436080000064 ], [ 137.352736211000092, 37.429854056000067 ], [ 137.248836151000091, 37.360545104000039 ], [ 137.145536235, 37.286382192000076 ], [ 137.070800336000048, 37.201936026000055 ], [ 137.034836271000017, 37.180827041000043 ], [ 137.022763313000041, 37.178191100000049 ], [ 137.008318277000058, 37.179027111000039 ], [ 136.956418203000112, 37.197145098000078 ], [ 136.92135418700002, 37.197209136000026 ], [ 136.875791335000031, 37.131382194000025 ], [ 136.865236172000095, 37.099436079000043 ], [ 136.863282350000077, 37.087773164000055 ], [ 136.869718310000053, 37.067700182000067 ], [ 136.982745258000023, 37.040827130000025 ], [ 137.003863463000016, 37.048391127000059 ], [ 137.014436228000022, 37.061664206000046 ], [ 137.044436233000056, 37.056654007000077 ], [ 137.053863359000047, 36.991518069000051 ], [ 137.05300924300002, 36.95859110400005 ], [ 137.010800326000094, 36.877773129000047 ], [ 136.990372287000014, 36.854853988000059 ], [ 136.99774517600008, 36.837209076000079 ], [ 137.005554260000054, 36.829164125000034 ], [ 137.072482249000018, 36.781664215000035 ], [ 137.092745164, 36.771664101000056 ], [ 137.178009236000094, 36.748173147000045 ], [ 137.196918307000033, 36.744573120000041 ], [ 137.302463400000079, 36.746382102000041 ], [ 137.314972384000043, 36.74832703900006 ], [ 137.331636279, 36.755000040000027 ], [ 137.346927217000029, 36.763327125000046 ], [ 137.385527222000064, 36.789718050000033 ], [ 137.39638229000002, 36.799991078000062 ], [ 137.404418188000022, 36.814709030000074 ], [ 137.420809335000058, 36.857218020000062 ], [ 137.420809335000058, 36.873600114000055 ], [ 137.42108225000004, 36.887500160000059 ], [ 137.429409335000059, 36.91228209500008 ], [ 137.443436283000096, 36.925691128000039 ], [ 137.461909327000058, 36.934718102000033 ], [ 137.473018198000091, 36.939153973000032 ], [ 137.48440920500002, 36.94249114400003 ], [ 137.545254278000016, 36.955827087000046 ], [ 137.582454171000109, 36.963327047000064 ], [ 137.616582263000055, 36.969273169000076 ], [ 137.625791292000031, 36.972209182000029 ], [ 137.764982350000082, 37.015544963000025 ], [ 137.805818312000042, 37.027491186000077 ], [ 137.830263462000062, 37.032491159000074 ], [ 137.899991342000021, 37.053318009000066 ], [ 137.911654257, 37.056935974000055 ], [ 137.939972349000072, 37.066936088000034 ], [ 137.956082367000022, 37.074436047000063 ], [ 138.024691262000033, 37.107773223000038 ], [ 138.209963342000037, 37.160545015000025 ], [ 138.243836289000114, 37.172491071000024 ], [ 138.271091388000059, 37.184153986000069 ], [ 138.300809259000062, 37.203327087000048 ], [ 138.580536167000105, 37.398609171000032 ], [ 138.729400277000082, 37.563882197000055 ], [ 138.740236234, 37.580273176000048 ], [ 138.74719136900012, 37.591664183000034 ], [ 138.756382294000105, 37.610273181000025 ], [ 138.768036157000097, 37.636654048000025 ], [ 138.773591347000092, 37.649991165000074 ], [ 138.780818224000086, 37.674435980000055 ], [ 138.784427304000019, 37.686653945000046 ], [ 138.787018318000037, 37.699873212000057 ], [ 138.788882285000113, 37.715826991000029 ], [ 138.791354276000106, 37.727764162000028 ], [ 138.798854235000022, 37.74693608900003 ], [ 138.816072341000108, 37.775273125000069 ], [ 138.826627169000062, 37.792500115000053 ], [ 138.838563334000014, 37.80693609900004 ], [ 138.856627174000096, 37.822491068000033 ], [ 138.875518307000107, 37.837209187000042 ], [ 138.903872442000079, 37.858891159000052 ], [ 138.921082333000072, 37.870409067000026 ], [ 138.97161833600012, 37.895545054000024 ], [ 138.982182384000112, 37.900545027000078 ], [ 139.027191360000074, 37.917773191000038 ], [ 139.039154180000082, 37.921109020000074 ], [ 139.083036293000077, 37.93526421100006 ], [ 139.123836213000118, 37.949154030000045 ], [ 139.134982300000047, 37.953327045000037 ], [ 139.235782397000094, 37.993882213000063 ], [ 139.256100298000092, 38.006100178000054 ], [ 139.276091305000023, 38.018882077000058 ], [ 139.29999129600003, 38.036664117000043 ], [ 139.314418228000022, 38.047491189000027 ], [ 139.342745205000028, 38.068882141000074 ], [ 139.365782363000108, 38.088327151000044 ], [ 139.426227285000095, 38.154573188000029 ], [ 139.446627328000091, 38.218882167000061 ], [ 139.449982269000088, 38.279991102000054 ], [ 139.450809227000036, 38.296664217000057 ], [ 139.450527260000058, 38.318327078000038 ], [ 139.451354219000109, 38.334991140000056 ], [ 139.453582296000036, 38.35221813000004 ], [ 139.462191349000022, 38.381382124000027 ], [ 139.472472424000102, 38.406100189000028 ], [ 139.487454238000055, 38.438882147000072 ], [ 139.570254198000043, 38.582500191000065 ], [ 139.612182322000081, 38.651382169000044 ], [ 139.628627280000046, 38.673391203000051 ], [ 139.646227265000107, 38.681800096000075 ], [ 139.701909254000043, 38.722491218000073 ], [ 139.741636290000088, 38.761382076000075 ], [ 139.754700325000044, 38.774991101000069 ], [ 139.76580936400012, 38.791109166000069 ], [ 139.78998227000011, 38.843318029000045 ], [ 139.860509280000088, 39.027773209000031 ], [ 139.904145300000096, 39.159709059000079 ], [ 139.974400233000097, 39.295827143000054 ], [ 139.986909218000051, 39.310273186000074 ], [ 139.994109273000049, 39.321382225000036 ], [ 140.01165427300009, 39.352773123000077 ], [ 140.022763312000052, 39.378600114000051 ], [ 140.033600275000026, 39.409427077000032 ], [ 140.046354178000115, 39.446653959000059 ], [ 140.052182283000093, 39.465000101000044 ], [ 140.062191282000072, 39.522764155000061 ], [ 140.070800334000069, 39.58554511300008 ], [ 140.070254170000112, 39.602773109000054 ], [ 140.064418186000012, 39.687764266000045 ], [ 140.06360028000006, 39.69832714100005 ], [ 140.062745158000098, 39.708882136000057 ], [ 140.060791336000079, 39.719153991000042 ], [ 140.057463385000119, 39.734164136000061 ], [ 140.047209300000077, 39.779164227000081 ], [ 140.042482410000048, 39.793882178000047 ], [ 140.03830034300006, 39.803045107000059 ], [ 140.02469131700002, 39.825273244000073 ], [ 140.01052724200008, 39.841936132000058 ], [ 139.997745175000091, 39.853609106000079 ], [ 139.977445211000031, 39.868045090000066 ], [ 139.961363356000106, 39.878600086000063 ], [ 139.948854204000099, 39.884991119000063 ], [ 139.931918233000033, 39.889718010000024 ], [ 139.912200309000013, 39.893045122000046 ], [ 139.895263333000116, 39.89166412000003 ], [ 139.871063437000089, 39.885273086000041 ], [ 139.862882364000029, 39.874153989000035 ], [ 139.860654287000102, 39.864154043000042 ], [ 139.822891298000059, 39.855409036000026 ], [ 139.753327201000047, 39.858044977000077 ], [ 139.713863357000037, 39.90888222600006 ], [ 139.708309340000028, 39.917773246000024 ], [ 139.703154135000091, 39.929435993000027 ], [ 139.696209225000075, 39.979018136000036 ], [ 139.698591362000116, 39.990127007000069 ], [ 139.709827303000111, 39.992626994000034 ], [ 139.72148233900009, 39.981791205000036 ], [ 139.741636290000088, 39.974164176000045 ], [ 139.807600360000038, 39.957773196000062 ], [ 139.829954225000051, 39.95943599800006 ], [ 139.842745177000097, 39.96166424300003 ], [ 139.854127299000083, 39.96582703200005 ], [ 139.885800331000041, 39.983609072000036 ], [ 139.895263333000116, 39.991382114000032 ], [ 139.908327199000041, 40.004718057000048 ], [ 139.919709321000028, 40.020827069000063 ], [ 139.940518234000024, 40.056382097000039 ], [ 139.966372382000031, 40.106945089000078 ], [ 140.008327328000064, 40.192764211000053 ], [ 140.020536240000069, 40.230818052000075 ], [ 140.026645139000038, 40.276382077000051 ], [ 140.026918221000074, 40.287218034000034 ], [ 140.02469131700002, 40.318882182000038 ], [ 140.01873631, 40.335818153000048 ], [ 140.011936240000068, 40.346936077000066 ], [ 139.938509259000057, 40.428600122000034 ], [ 139.944972377000113, 40.474709139000026 ], [ 139.946072418000085, 40.491382085000055 ], [ 139.944972377000113, 40.507218015000035 ], [ 139.935518261000084, 40.536382177000064 ], [ 139.925245233000055, 40.551664230000029 ], [ 139.904418215000078, 40.565827132000038 ], [ 139.865509253000027, 40.575691124000059 ], [ 139.85383627900012, 40.587773134000031 ], [ 139.852327201000094, 40.598191169000074 ], [ 139.999118298000099, 40.730545109000047 ], [ 140.008882377000077, 40.738045068000076 ], [ 140.032272413000101, 40.749164166000071 ], [ 140.05413627300004, 40.751382185000068 ], [ 140.066654142000061, 40.748882198000047 ], [ 140.085236319000046, 40.739153994000048 ], [ 140.103145261, 40.73207313000006 ], [ 140.113863368000011, 40.731936002000054 ], [ 140.133027249000065, 40.73720905700003 ], [ 140.150545259000069, 40.743327008000051 ], [ 140.218845197000064, 40.771664211000029 ], [ 140.22994518400003, 40.776653958000054 ], [ 140.246063416000084, 40.785554031000061 ], [ 140.260254146000079, 40.797218120000025 ], [ 140.268863366000119, 40.806653963000031 ], [ 140.276363325000034, 40.817773228000078 ], [ 140.282472392000045, 40.830827037000063 ], [ 140.286372324000013, 40.843045002000054 ], [ 140.30440934100011, 40.90221805300007 ], [ 140.339963363000038, 41.037773209000079 ], [ 140.316654128000096, 41.094436048000034 ], [ 140.320800320000103, 41.134718134000025 ], [ 140.328718201000015, 41.209300141000028 ], [ 140.337154252000119, 41.237791068000035 ], [ 140.345518218000052, 41.247073188000059 ], [ 140.356082265000055, 41.247491110000055 ], [ 140.403363408000018, 41.224782187000073 ], [ 140.415254143000084, 41.214154101000076 ], [ 140.423036238, 41.206100098000036 ], [ 140.439972376000014, 41.190273221000041 ], [ 140.456772392000062, 41.182627081000078 ], [ 140.478991309000094, 41.181664168000054 ], [ 140.49356341500004, 41.187209132000078 ], [ 140.510545151000088, 41.200127154000029 ], [ 140.525127316000066, 41.211664173000031 ], [ 140.548718350000058, 41.219991091000054 ], [ 140.566072410000061, 41.221100184000079 ], [ 140.594409278000057, 41.213045008000051 ], [ 140.639282299000115, 41.181382201000076 ], [ 140.648318326000094, 41.167073119000065 ], [ 140.649718272000086, 41.154164149000053 ], [ 140.644991381000068, 41.136109027000032 ], [ 140.638582411000016, 41.123318075000043 ], [ 140.632445181000094, 41.105000096000026 ], [ 140.631072393000068, 41.088327150000055 ], [ 140.63217243400004, 41.072491220000074 ], [ 140.65747237000005, 40.940544976000069 ], [ 140.660800321000011, 40.925554110000064 ], [ 140.671627226000055, 40.891382096000029 ], [ 140.683872348000023, 40.868882218000067 ], [ 140.697209297000086, 40.851936022000075 ], [ 140.70859125100003, 40.839718057000027 ], [ 140.721909257000107, 40.830827037000063 ], [ 140.753727297000069, 40.82069113700004 ], [ 140.778591375000019, 40.820827091000069 ], [ 140.797763302000021, 40.824164262000068 ], [ 140.815518184000098, 40.830273161000036 ], [ 140.825809318000097, 40.836936103000028 ], [ 140.835236276000046, 40.844709145000024 ], [ 140.843845162000093, 40.854164267000044 ], [ 140.871609210000088, 40.890545080000038 ], [ 140.873291290000111, 40.901927034000039 ], [ 140.870236254000019, 40.911664123000037 ], [ 140.85745418700003, 40.94499107300004 ], [ 140.873154162000105, 40.983882098000038 ], [ 140.882736187000091, 40.991518012000029 ], [ 140.932063352000114, 40.980964190000066 ], [ 140.94996340900002, 40.971100198000045 ], [ 140.96300933800012, 40.956653988000028 ], [ 140.987454153000044, 40.932773108000049 ], [ 140.997463319000076, 40.925554110000064 ], [ 141.084963348000088, 40.874709150000058 ], [ 141.116054173000066, 40.860545075000061 ], [ 141.134827290000089, 40.856945047000067 ], [ 141.149409287000026, 40.862209050000047 ], [ 141.159427170000072, 40.869153960000062 ], [ 141.169127211000045, 40.876654087000077 ], [ 141.179700311000033, 40.888882110000054 ], [ 141.195527189000018, 40.915827079000053 ], [ 141.205809269000042, 40.934436078000033 ], [ 141.228027180000026, 40.978600158000063 ], [ 141.233036205000076, 40.991100090000032 ], [ 141.239409302000013, 41.009436006000044 ], [ 141.27873618600006, 41.146936099000072 ], [ 141.27331829100001, 41.169154010000057 ], [ 141.261382293000111, 41.192764155000077 ], [ 141.252200254000059, 41.205554101000075 ], [ 141.245509316000039, 41.214154101000076 ], [ 141.228854139000077, 41.229991204000044 ], [ 141.198582392000048, 41.25193603300005 ], [ 141.183445178000056, 41.260273177000045 ], [ 141.161518287000035, 41.262500081000042 ], [ 141.14470033300006, 41.241653952000036 ], [ 141.1565092620001, 41.236518025000066 ], [ 141.122236162000036, 41.205964144000063 ], [ 141.062745269000061, 41.177218071000027 ], [ 141.046509355000012, 41.17457324600008 ], [ 141.031218249000062, 41.17596413900003 ], [ 141.000945162000107, 41.186100039000053 ], [ 140.971072394000089, 41.182209159000081 ], [ 140.886109232000081, 41.157491094000079 ], [ 140.835509359000071, 41.134718134000025 ], [ 140.819427169000051, 41.12582711400006 ], [ 140.802609215000075, 41.122627071000068 ], [ 140.79165423500001, 41.123318075000043 ], [ 140.781372322000038, 41.130545120000079 ], [ 140.773591234000037, 41.138600129000054 ], [ 140.766663423000068, 41.152491122000072 ], [ 140.762618317000033, 41.169854066000028 ], [ 140.838582332000101, 41.400544997000054 ], [ 140.911236166000094, 41.525544990000071 ], [ 140.923018272000036, 41.529573165000045 ], [ 141.087463334000063, 41.470545121000043 ], [ 141.106082391000086, 41.460818090000032 ], [ 141.131618194000112, 41.44249105800003 ], [ 141.1519183260001, 41.42416419500006 ], [ 141.164700225000047, 41.412491221000039 ], [ 141.171354283000028, 41.403882168000052 ], [ 141.17663622300006, 41.395000201000073 ], [ 141.186100230000079, 41.381935999000063 ], [ 141.19470023000008, 41.373600196000041 ], [ 141.208591391000027, 41.362209189000055 ], [ 141.224818252000091, 41.354435980000062 ], [ 141.254427325000051, 41.345545128000026 ], [ 141.270809252000049, 41.34249109700005 ], [ 141.300809257000083, 41.339718029000039 ], [ 141.314972327000078, 41.340273246000038 ], [ 141.335509331000026, 41.341936048000036 ], [ 141.355227255000045, 41.345827095000061 ], [ 141.373018347000084, 41.35193599400003 ], [ 141.395263416000034, 41.362773124000057 ], [ 141.417754241000011, 41.373882163000076 ], [ 141.455809255000077, 41.343882158000042 ], [ 141.418854282000098, 41.204164214000059 ], [ 141.412200225000106, 41.191100179000046 ], [ 141.40302723700006, 41.176800150000076 ], [ 141.396791269000119, 41.158600188000037 ], [ 141.395536163000088, 41.144718080000075 ], [ 141.399991312000111, 40.92638207400006 ], [ 141.401918312000021, 40.879718008000054 ], [ 141.403872301000092, 40.859991198000046 ], [ 141.415800252000054, 40.745273118000057 ], [ 141.418027324000036, 40.729991065000036 ], [ 141.421082360000014, 40.715000199000031 ], [ 141.428591372000028, 40.690544990000035 ], [ 141.4605093240001, 40.593882200000053 ], [ 141.466063340000119, 40.579718125000056 ], [ 141.471345280000037, 40.570544970000071 ], [ 141.476627221000058, 40.561664176000079 ], [ 141.481900276000033, 40.552773156000057 ], [ 141.571209287000102, 40.531664171000045 ], [ 141.58273624800006, 40.530273110000053 ], [ 141.632718207000039, 40.487500091000072 ], [ 141.639163388000043, 40.478873101000033 ], [ 141.647218229000032, 40.465545036000037 ], [ 141.658327268000107, 40.458600127000068 ], [ 141.674563350000085, 40.447909177000042 ], [ 141.689145179000093, 40.436936092000053 ], [ 141.696927274000018, 40.428882089000069 ], [ 141.707182365000108, 40.416100190000066 ], [ 141.820254239000064, 40.267209090000051 ], [ 141.841336234000096, 40.225264203000052 ], [ 141.862454271000047, 40.157491151000045 ], [ 141.854400268000063, 40.118045076000044 ], [ 141.844700227000089, 40.110545117000072 ], [ 141.836636166000062, 40.100273094000045 ], [ 141.833591355000067, 40.088327038000045 ], [ 141.834136179000097, 40.077773216000026 ], [ 141.84051832800003, 40.063327006000065 ], [ 141.848018287000059, 40.055264118000025 ], [ 141.897763374000078, 40.018327083000031 ], [ 141.940518289000011, 39.997491180000054 ], [ 141.94872718900001, 39.989436003000037 ], [ 141.957182350000039, 39.962773169000059 ], [ 141.98855413800004, 39.788327156000037 ], [ 141.97885426400012, 39.652773173000071 ], [ 142.031100343000048, 39.606654098000035 ], [ 142.064418241000112, 39.555545108000047 ], [ 142.069700348000083, 39.546664146000069 ], [ 142.054700262000097, 39.465827060000038 ], [ 142.033872406000114, 39.414573231000077 ], [ 142.014163367000037, 39.414153968000051 ], [ 141.986618253000074, 39.416382213000077 ], [ 141.943300242000078, 39.380964146000053 ], [ 141.906372427000065, 39.329991110000037 ], [ 141.898591338000074, 39.266109106000044 ], [ 141.899018312000067, 39.248327066000058 ], [ 141.889982286000077, 39.153882127000031 ], [ 141.884709230000112, 39.117491089000055 ], [ 141.867191388000037, 39.063045095000064 ], [ 141.848163462000116, 39.019853986000044 ], [ 141.748563318000038, 39.018882189000067 ], [ 141.636109357, 38.994853954000064 ], [ 141.629809351000063, 38.985127091000038 ], [ 141.633636193000029, 38.96948210100004 ], [ 141.643582327000104, 38.922491140000034 ], [ 141.642491339000117, 38.884991176000028 ], [ 141.632172378000064, 38.887218080000025 ], [ 141.592527316000087, 38.88568218000006 ], [ 141.580536166000115, 38.873600169000042 ], [ 141.533054193000112, 38.780545118000077 ], [ 141.515254216000017, 38.681382174000078 ], [ 141.531100371000093, 38.620273238000038 ], [ 141.546936301000073, 38.513609161000034 ], [ 141.546627176000015, 38.386109182000041 ], [ 141.537472294000054, 38.298882068000069 ], [ 141.519427230000019, 38.263464169000031 ], [ 141.45870922600011, 38.300691218000054 ], [ 141.436100216000114, 38.331936103000032 ], [ 141.438854174000085, 38.361664200000064 ], [ 141.423036181000043, 38.38096420200003 ], [ 141.357727241000021, 38.398327147000032 ], [ 141.343291257000033, 38.399718040000039 ], [ 141.307463315000064, 38.402209142000061 ], [ 141.293854289000024, 38.401654092000058 ], [ 141.256100353000079, 38.395826993000071 ], [ 141.095791258000077, 38.36443609500003 ], [ 141.081218313000022, 38.359718089000069 ], [ 141.055818297000087, 38.338045002000058 ], [ 141.044127218000085, 38.317773202000069 ], [ 140.953582379000068, 38.148045026000034 ], [ 140.939972348000083, 38.10527318000004 ], [ 140.923036210000078, 38.033609081000066 ], [ 140.91885414300009, 38.00527321900006 ], [ 140.917754269000056, 37.983045082000046 ], [ 140.91748236, 37.972209126000052 ], [ 140.91816330600011, 37.937353987000051 ], [ 140.920536223000113, 37.919154025000068 ], [ 140.926091246000055, 37.895273145000033 ], [ 140.958309270000086, 37.784436054000025 ], [ 140.97994514100003, 37.770545061000064 ], [ 140.999391324000044, 37.756100192000076 ], [ 141.014436170000067, 37.739718097000036 ], [ 141.019436311000049, 37.730818025000076 ], [ 141.022491347000027, 37.720827132000068 ], [ 141.033054221000043, 37.578609033000077 ], [ 141.038882326000021, 37.45638210900006 ], [ 141.039154235000069, 37.37499114700006 ], [ 141.036654248000104, 37.358045118000064 ], [ 141.003872290000118, 37.18305394500004 ], [ 140.974545184000021, 36.98471816700004 ], [ 140.967472366000038, 36.968600102000039 ], [ 140.958309270000086, 36.959164258000044 ], [ 140.924009348000027, 36.933464170000036 ], [ 140.872745293000094, 36.919445101000065 ], [ 140.824400320000109, 36.901791137000032 ], [ 140.809691253000096, 36.886109099000066 ], [ 140.797609242000021, 36.866935998000031 ], [ 140.797482340000101, 36.848045032000073 ], [ 140.798582381000074, 36.846064221000063 ], [ 140.767491388000053, 36.813045055000032 ], [ 140.753054230000089, 36.79055406100008 ], [ 140.746063388000039, 36.77916422800007 ], [ 140.636654237000016, 36.530545077000056 ], [ 140.605809337000096, 36.42166415500003 ], [ 140.567745270000046, 36.262218060000066 ], [ 140.565518199000053, 36.247491056000058 ], [ 140.567745270000046, 36.210544968000079 ], [ 140.570254141000078, 36.189709065000045 ], [ 140.572209304000012, 36.179436037000073 ], [ 140.5888633080001, 36.109718048000047 ], [ 140.59232721300009, 36.096800194000025 ], [ 140.600527229000022, 36.080827137000028 ], [ 140.621891359000074, 36.04471806500004 ], [ 140.630527234000056, 36.031664257000045 ], [ 140.777463338000075, 35.819445029000065 ], [ 140.837191272000041, 35.743327122000039 ], [ 140.824127237000084, 35.69499120100005 ], [ 140.675263463000078, 35.673882216000038 ], [ 140.663609265000105, 35.67054504500004 ], [ 140.641663430000108, 35.662491210000042 ], [ 140.626063368000018, 35.654436033000025 ], [ 140.588009359000012, 35.627209097000048 ], [ 140.569118226000114, 35.61360912400005 ], [ 140.545536244000118, 35.596100166000042 ], [ 140.537109246000114, 35.588718056000062 ], [ 140.479127263, 35.536382123000067 ], [ 140.470518211000012, 35.527773238000066 ], [ 140.450809339000102, 35.503882132000058 ], [ 140.436918346000084, 35.481373201000054 ], [ 140.41302723900003, 35.428882203000057 ], [ 140.405545217000054, 35.409709102000079 ], [ 140.398036206000029, 35.385273172000041 ], [ 140.396363345000054, 35.373882166000044 ], [ 140.396091269000067, 35.362773127000025 ], [ 140.39831834000006, 35.347209106000037 ], [ 140.40246335900008, 35.332500039000024 ], [ 140.413454214000012, 35.312209128000063 ], [ 140.417209306000018, 35.294718108000041 ], [ 140.41638234800007, 35.23388208700004 ], [ 140.414700267000057, 35.222491080000054 ], [ 140.407200308000029, 35.203327032000061 ], [ 140.39831834000006, 35.183600055000056 ], [ 140.390809329000035, 35.173327027000028 ], [ 140.332182274000047, 35.12985395100003 ], [ 140.235227291000115, 35.100273209000079 ], [ 140.223018211000067, 35.097209120000059 ], [ 140.121891387000119, 35.086382216000061 ], [ 140.002200324000114, 35.015273166000043 ], [ 139.993009232000077, 35.00832708300004 ], [ 139.972045254000022, 34.972000082000079 ], [ 139.96594524000011, 34.92513602300005 ], [ 139.954682309000077, 34.910827109000024 ], [ 139.941654149000101, 34.90470915800006 ], [ 139.90747241300005, 34.895000064000044 ], [ 139.889436233000083, 34.891382099000054 ], [ 139.863591305000114, 34.889991206000047 ], [ 139.838163461000022, 34.895000064000044 ], [ 139.772063437000043, 34.951382109000065 ], [ 139.771654233000049, 34.963118115000043 ], [ 139.795536286000015, 34.96749112100008 ], [ 139.8085912680001, 34.968044998000039 ], [ 139.826354198000104, 34.971654077000039 ], [ 139.859127271000034, 34.984164236000026 ], [ 139.867191333000051, 34.996536092000042 ], [ 139.86468229400009, 35.009436009000069 ], [ 139.845518246000097, 35.063882170000056 ], [ 139.824400376000085, 35.154164152000078 ], [ 139.823582302000091, 35.164709089000041 ], [ 139.848845191, 35.27888217800006 ], [ 139.920536279000089, 35.374991092000073 ], [ 139.969700333000105, 35.430273096000064 ], [ 140.042482410000048, 35.486653968000041 ], [ 140.104127284000015, 35.536382123000067 ], [ 140.113145206000013, 35.552354007000076 ], [ 140.108700283000076, 35.56693600400007 ], [ 140.075254143000052, 35.615273099000035 ], [ 140.064145271000029, 35.627209097000048 ], [ 140.041645225000025, 35.643326994000063 ], [ 139.995791353000072, 35.658045113000071 ], [ 139.968563411000105, 35.660818014000029 ], [ 139.937472418000084, 35.656654052000079 ], [ 139.777191318000064, 35.633327048000069 ], [ 139.768663402000016, 35.621164236000027 ], [ 139.766418225000052, 35.606564134000052 ], [ 139.767209309, 35.589991100000077 ], [ 139.771363381000015, 35.564436018000038 ], [ 139.784482400000115, 35.511645115000078 ], [ 139.778045266000049, 35.501945074000048 ], [ 139.758609309, 35.489153954000074 ], [ 139.726900234000027, 35.47804508300004 ], [ 139.703309200000035, 35.472491066000032 ], [ 139.677763338000091, 35.470273215000077 ], [ 139.646091311000077, 35.457491147000042 ], [ 139.63470935700002, 35.384991205000063 ], [ 139.649845230000096, 35.297500061000051 ], [ 139.657200350000039, 35.281382164000036 ], [ 139.68747243200005, 35.263327042000071 ], [ 139.707182310000121, 35.258744991000071 ], [ 139.724972396000112, 35.257773193000048 ], [ 139.745027273000119, 35.251726991000055 ], [ 139.678727257000105, 35.137218123000025 ], [ 139.659427254000093, 35.129991079000035 ], [ 139.641354195000076, 35.125827117000028 ], [ 139.624545294000086, 35.125827117000028 ], [ 139.61427243300011, 35.132218150000028 ], [ 139.621891248000111, 35.159709116000045 ], [ 139.623427315000072, 35.179854015000046 ], [ 139.612454231000015, 35.216664149000053 ], [ 139.608309212000108, 35.225818025000024 ], [ 139.567891339000084, 35.278464256000063 ], [ 139.55789139400008, 35.285554005000051 ], [ 139.449400229000048, 35.304164177000075 ], [ 139.435245207000094, 35.305264218000048 ], [ 139.402772373000062, 35.30388221000004 ], [ 139.344972444000064, 35.300000048000072 ], [ 139.325809234000076, 35.298045053000067 ], [ 139.283872393000024, 35.289436 ], [ 139.23745425200002, 35.271936095000058 ], [ 139.216063299000098, 35.262500083000077 ], [ 139.190245194000113, 35.249164140000062 ], [ 139.173309223000047, 35.238045043000056 ], [ 139.159427282000024, 35.221927146000041 ], [ 139.146363416000099, 35.198045092000029 ], [ 139.140809231000048, 35.184991116000049 ], [ 139.112827253000091, 35.111118050000073 ], [ 139.099972431000083, 35.096936038000024 ], [ 139.093563461000031, 35.084718073000033 ], [ 139.088291243000072, 35.057209169000032 ], [ 139.091063306000024, 34.990545043000054 ], [ 139.096345247000045, 34.981654023000033 ], [ 139.109272321000049, 34.967627076000042 ], [ 139.128982366000059, 34.961109140000076 ], [ 139.147336219000067, 34.940964242000064 ], [ 139.151227267000081, 34.920691100000056 ], [ 139.143036303000031, 34.887500105000072 ], [ 139.138582327000108, 34.874709153000026 ], [ 139.068027322000034, 34.771382079000034 ], [ 139.060791393000045, 34.761109051000062 ], [ 138.981627167000056, 34.666382145000057 ], [ 138.911927283000068, 34.619153977000053 ], [ 138.885800220000078, 34.606654044000038 ], [ 138.850391373000093, 34.59318214700005 ], [ 138.829563349000068, 34.594854001000044 ], [ 138.80746345600005, 34.604164116000049 ], [ 138.746000301000095, 34.680827015000034 ], [ 138.748582262000014, 34.71499114900007 ], [ 138.763609338000037, 34.72915405100008 ], [ 138.765809253000043, 34.761936010000056 ], [ 138.766391292000094, 34.822218154000041 ], [ 138.76525420300004, 34.881100186000026 ], [ 138.76790037000012, 34.954645017000075 ], [ 138.773591347000092, 34.976382141000045 ], [ 138.782763328000101, 34.998045003000072 ], [ 138.799709357000097, 35.005827097000065 ], [ 138.823854267000115, 35.009991059000072 ], [ 138.844118189000028, 35.002491099000054 ], [ 138.8938634430001, 35.008891185000039 ], [ 138.905945286000019, 35.034782214000074 ], [ 138.846072346000028, 35.080553943000041 ], [ 138.834409263000111, 35.08693609200003 ], [ 138.816654213000106, 35.096382161000065 ], [ 138.761109352000062, 35.118326990000071 ], [ 138.741209205000018, 35.12346425800007 ], [ 138.723300263000056, 35.125264188000074 ], [ 138.71050931100001, 35.124436056000036 ], [ 138.698300231000076, 35.121936070000061 ], [ 138.576627183000028, 35.095827112000052 ], [ 138.566909204000012, 35.08970916100003 ], [ 138.332454128000109, 34.858045091000065 ], [ 138.224400332000073, 34.701100156000052 ], [ 138.205227231000094, 34.666100178000079 ], [ 138.199127217000068, 34.653600078000068 ], [ 138.197754262000103, 34.631100033000052 ], [ 138.201354122000112, 34.616100114000062 ], [ 138.206636229000082, 34.607218146000037 ], [ 138.214145241000097, 34.599164143000053 ], [ 138.165800267, 34.597491115000025 ], [ 138.037472324000078, 34.638045110000064 ], [ 137.982454182000083, 34.652209018000065 ], [ 137.961363301000119, 34.653600078000068 ], [ 137.929136225000093, 34.651382227000056 ], [ 137.864136242000086, 34.63721815100007 ], [ 137.845672418000049, 34.635027122000054 ], [ 137.819700253000065, 34.63360907200007 ], [ 137.799409341000114, 34.633882154000048 ], [ 137.636109248000025, 34.65499113900006 ], [ 137.591336306000017, 34.668882132000078 ], [ 137.528591390000088, 34.661936049000076 ], [ 137.40860025500001, 34.648045056000058 ], [ 137.346345178000092, 34.640273188000037 ], [ 137.328036251000071, 34.63721815100007 ], [ 137.298854152000104, 34.628873129000056 ], [ 137.243009219000101, 34.610545091000063 ], [ 137.176091289000055, 34.588327013000026 ], [ 137.143309331000069, 34.575827081000057 ], [ 137.125518238000041, 34.571936034000032 ], [ 137.028791243000114, 34.56783611000003 ], [ 137.023863354000014, 34.578327067000032 ], [ 137.061372371000061, 34.632209126000078 ], [ 137.069972371000063, 34.639991053000074 ], [ 137.086209291000046, 34.640827064000064 ], [ 137.141936207000072, 34.645545069000036 ], [ 137.183591249000074, 34.653882213000031 ], [ 137.342054146, 34.708045066000068 ], [ 137.348300340000037, 34.718745068000032 ], [ 137.327754284000093, 34.76221814400003 ], [ 137.321345145, 34.770545062000053 ], [ 137.299409202000106, 34.789164119000077 ], [ 137.289700276000076, 34.796391164000056 ], [ 137.276918209000087, 34.801936128000079 ], [ 137.214145297000073, 34.797909126000036 ], [ 137.153872373000013, 34.768053961000078 ], [ 137.090927297, 34.755273235000061 ], [ 137.043582284000081, 34.756664128000068 ], [ 137.026782268000034, 34.759300069000062 ], [ 137.01639139100007, 34.768600126000024 ], [ 137.006100257000071, 34.781109110000045 ], [ 136.98886337600004, 34.806936101000076 ], [ 136.980527238000036, 34.831382089000044 ], [ 136.981018250000034, 34.859127027000056 ], [ 136.983518237000112, 34.873382130000039 ], [ 136.986072370000102, 34.908182115000045 ], [ 136.977891297000042, 34.919018072000028 ], [ 136.958527257000014, 34.891827011000032 ], [ 136.937682302000098, 34.857318045000056 ], [ 136.924682305000033, 34.828045086000031 ], [ 136.9166541190001, 34.78319117500007 ], [ 136.917754160000072, 34.772636012000078 ], [ 136.923854173000109, 34.761382133000041 ], [ 136.950254151000081, 34.733609032000061 ], [ 136.956636300000014, 34.725264177000042 ], [ 136.967472424000107, 34.707500075000041 ], [ 136.973845185000073, 34.685409066000034 ], [ 136.963436202000025, 34.682635997000034 ], [ 136.932327272000066, 34.690273084000069 ], [ 136.923036267000043, 34.694709123000052 ], [ 136.87774515600006, 34.720273089000045 ], [ 136.863282350000077, 34.730818026000065 ], [ 136.854672291000043, 34.738327038000079 ], [ 136.847472404000086, 34.746653956000046 ], [ 136.824672286, 34.886654035000049 ], [ 136.823027254000067, 34.902491138000073 ], [ 136.823854213000118, 34.913882145000059 ], [ 136.826763404000076, 34.929018018000079 ], [ 136.831909222000036, 34.944991076000065 ], [ 136.838291370000093, 34.956382082000061 ], [ 136.849972391000051, 34.970273243000065 ], [ 136.860927203000074, 34.979573132000041 ], [ 136.885254168000074, 35.003254020000043 ], [ 136.901363348000018, 35.03110909600008 ], [ 136.902191312000014, 35.045409126000038 ], [ 136.89303626200001, 35.079373101000044 ], [ 136.849836268000104, 35.079027096000061 ], [ 136.821345174000044, 35.064436046000026 ], [ 136.744754192000073, 35.020891053000071 ], [ 136.735509288000117, 35.017773153000064 ], [ 136.697482270000023, 35.003054028000065 ], [ 136.666654133000065, 34.98693613100005 ], [ 136.657745175000059, 34.979991054000038 ], [ 136.650818203000085, 34.969436058000042 ], [ 136.642063305000079, 34.946373084000072 ], [ 136.648509324000088, 34.933736024000041 ], [ 136.655109234000065, 34.914364104000072 ], [ 136.645809345000089, 34.870409069000061 ], [ 136.639709331000063, 34.854164102000027 ], [ 136.616054259000066, 34.825827067000034 ], [ 136.600800369000012, 34.812353995000024 ], [ 136.584963433000098, 34.799718109000025 ], [ 136.572209362000081, 34.78777322600007 ], [ 136.551909231000081, 34.765827057000024 ], [ 136.537200332000111, 34.74638221500004 ], [ 136.530818183000065, 34.734991208000054 ], [ 136.51999127800002, 34.696936027000049 ], [ 136.521091319000107, 34.676654 ], [ 136.535736181000061, 34.601273198000058 ], [ 136.572054129000094, 34.588745102000075 ], [ 136.587736167000116, 34.59054503200008 ], [ 136.607182350000016, 34.591936093000072 ], [ 136.626218323000103, 34.588318128000026 ], [ 136.641936235000117, 34.581109021000032 ], [ 136.69470031600008, 34.543327089000059 ], [ 136.768191335000097, 34.499164182000072 ], [ 136.793582299000036, 34.496100094000042 ], [ 136.82760930500001, 34.490827039000067 ], [ 136.858000242000116, 34.476382170000079 ], [ 136.867736158000071, 34.46943608600003 ], [ 136.915682321000077, 34.433609150000052 ], [ 136.921627269000055, 34.405545029000052 ], [ 136.897691236000014, 34.266518089000044 ], [ 136.852754177000065, 34.244153998000058 ], [ 136.837872443000037, 34.24124497400004 ], [ 136.827182331000017, 34.242218113000035 ], [ 136.788027276000093, 34.251391101000024 ], [ 136.771500342000081, 34.262773222000078 ], [ 136.779418223000107, 34.269991214000072 ], [ 136.764982407000048, 34.294445082000038 ], [ 136.66885421500001, 34.298336129000063 ], [ 136.589691330000051, 34.25943605100008 ], [ 136.48052726700007, 34.221373158000063 ], [ 136.371827225000061, 34.191864165000027 ], [ 136.353572446000044, 34.196100044000048 ], [ 136.343845247000104, 34.189709178000044 ], [ 136.303318243000035, 34.16027310700008 ], [ 136.292463343, 34.142700112000057 ], [ 136.26498226700005, 34.02832703100006 ], [ 136.277772381000091, 33.981654080000055 ], [ 136.274691361, 33.969153980000044 ], [ 136.265809226000101, 33.96193598800005 ], [ 136.229400250000026, 33.936653988000046 ], [ 136.20330922900007, 33.919991100000061 ], [ 136.175263381000036, 33.913609119000057 ], [ 136.149991273000069, 33.902773162000074 ], [ 136.118991306000112, 33.884582085000034 ], [ 136.095791372, 33.863054005000038 ], [ 136.08359134400007, 33.850000197000043 ], [ 136.072754214000042, 33.835264140000049 ], [ 136.063600337000025, 33.818054081000071 ], [ 136.054136163000067, 33.794154090000063 ], [ 136.0485823140001, 33.774991048000061 ], [ 136.041072296000038, 33.755000041000073 ], [ 136.023863411000093, 33.71776410700005 ], [ 136.016663356000095, 33.708044955000048 ], [ 135.996063320000076, 33.68502707500005 ], [ 135.983854240000028, 33.664153957000053 ], [ 135.95135424800003, 33.576664154000071 ], [ 135.938291387000049, 33.563327037000079 ], [ 135.909145163000062, 33.537500047000037 ], [ 135.890809247000107, 33.523882136000054 ], [ 135.772218225000074, 33.45499110600008 ], [ 135.589809236000065, 33.496518072000072 ], [ 135.531918280000014, 33.513327141000048 ], [ 135.457736258000068, 33.53999114800007 ], [ 135.407200254000031, 33.573609118000036 ], [ 135.399718232000055, 33.581382160000032 ], [ 135.336209222000093, 33.656800178000026 ], [ 135.348845277, 33.682073125000045 ], [ 135.36593631300002, 33.676518102000045 ], [ 135.381072353000036, 33.679164101000026 ], [ 135.398527164000029, 33.701518134000025 ], [ 135.378572367000061, 33.71943612900003 ], [ 135.320254270000078, 33.751391129000069 ], [ 135.279972352000073, 33.766109080000035 ], [ 135.194700233000049, 33.808045083000025 ], [ 135.064682330000096, 33.875545052000064 ], [ 135.061918313000092, 33.888327120000042 ], [ 135.085509348000073, 33.96831813600005 ], [ 135.129118211000105, 34.056654008000066 ], [ 135.195954166000092, 34.140409170000055 ], [ 135.134709275000091, 34.215273144000037 ], [ 135.112727231, 34.239154025000062 ], [ 135.098018332000038, 34.249436105000029 ], [ 135.132445156000017, 34.317218042000036 ], [ 135.144991356000105, 34.319991111000036 ], [ 135.227172396000014, 34.350000168000065 ], [ 135.295809287000111, 34.390827078000029 ], [ 135.36690928400003, 34.450000129000045 ], [ 135.37939127900006, 34.46220904200004 ], [ 135.436372295000069, 34.52582701700004 ], [ 135.452609215000052, 34.548191108000026 ], [ 135.457927197000117, 34.565273091000051 ], [ 135.454818182000054, 34.62901813600007 ], [ 135.419236165000029, 34.691364240000041 ], [ 135.33359138600008, 34.71831809400004 ], [ 135.314972330000046, 34.715826992000075 ], [ 135.22330029200009, 34.684018005000041 ], [ 135.192536193000024, 34.663745031000076 ], [ 135.188563339000098, 34.652209018000065 ], [ 135.170254245000024, 34.641109031000042 ], [ 135.153318274000071, 34.635827091000067 ], [ 135.063600226000062, 34.616936125000052 ], [ 135.048854279000011, 34.618600100000037 ], [ 134.969127292000053, 34.634018108000078 ], [ 134.913027214000067, 34.663318057000026 ], [ 134.890536221000048, 34.681382064000047 ], [ 134.876891321000016, 34.692218021000031 ], [ 134.762482365000096, 34.756664128000068 ], [ 134.742582386000095, 34.763026998000043 ], [ 134.708591254000112, 34.772491173000049 ], [ 134.674700369000107, 34.77777311300008 ], [ 134.663882350000108, 34.778600071000028 ], [ 134.65109123000002, 34.777491146000045 ], [ 134.499691260000077, 34.754718017000073 ], [ 134.413300325000023, 34.719982069000025 ], [ 134.345791303000055, 34.700545107000039 ], [ 134.323163349000083, 34.698318035000057 ], [ 134.2993823810001, 34.704118144000063 ] ] ], [ [ [ 143.781372321000049, 42.749164221000058 ], [ 143.649718270000108, 42.663045027000067 ], [ 143.622172319000015, 42.642353963000062 ], [ 143.590972361000013, 42.614936087000046 ], [ 143.562745296000116, 42.587773189000075 ], [ 143.539982394000049, 42.564709041000071 ], [ 143.464145281000015, 42.479153949000079 ], [ 143.4349633490001, 42.442491170000039 ], [ 143.386109259000023, 42.378327030000037 ], [ 143.373836309000012, 42.361664142000052 ], [ 143.344418343000029, 42.313045080000052 ], [ 143.331909358000075, 42.28777313900008 ], [ 143.325654279000105, 42.220200079000051 ], [ 143.338591244000099, 42.165136004000033 ], [ 143.316927209000028, 42.042773126000043 ], [ 143.243145171000037, 41.924718043000041 ], [ 143.202754288000051, 41.944154 ], [ 143.17157243500003, 41.970200093000074 ], [ 143.144682284000055, 42.000000106000073 ], [ 143.11431833600011, 42.026518101000079 ], [ 142.950382391000062, 42.103327012000079 ], [ 142.922882373000107, 42.112773249000043 ], [ 142.867191331000072, 42.12360015400003 ], [ 142.827454237000097, 42.132209039000031 ], [ 142.793309213000043, 42.141664161000051 ], [ 142.706363396000029, 42.172218042000054 ], [ 142.657472425000037, 42.190827041000034 ], [ 142.485227332000022, 42.258045043000038 ], [ 142.313600320000091, 42.340827066000031 ], [ 142.286518224000019, 42.356109119000052 ], [ 142.25415418700004, 42.380273140000043 ], [ 142.103572290000102, 42.454436052000062 ], [ 142.056491307000101, 42.46651806300008 ], [ 142.016509294000116, 42.482627075000039 ], [ 141.963591321000081, 42.518882159000043 ], [ 141.928163363000067, 42.548745036000071 ], [ 141.84051832800003, 42.590827052000066 ], [ 141.816654211000014, 42.598873176000041 ], [ 141.790527316000066, 42.606382188000055 ], [ 141.748991298000078, 42.612773221000054 ], [ 141.695527328000026, 42.615273208000076 ], [ 141.658872427000119, 42.616100166000081 ], [ 141.623445140000058, 42.614582203000055 ], [ 141.55773621600008, 42.603054069000052 ], [ 141.532472321000114, 42.596936118000031 ], [ 141.436491315000012, 42.569436099000029 ], [ 141.402191394000056, 42.55430005900007 ], [ 141.15469139400011, 42.422491110000067 ], [ 141.111354273000074, 42.398327089000077 ], [ 141.090518202000112, 42.384991146000061 ], [ 141.055800359000045, 42.358745060000047 ], [ 141.024409294000066, 42.327218040000048 ], [ 140.990245159000096, 42.297009158000037 ], [ 140.945036191000099, 42.306236125000055 ], [ 140.929409306000025, 42.321109141000079 ], [ 140.904282372000011, 42.388882193000029 ], [ 140.899554140000077, 42.41819119400003 ], [ 140.879836216000058, 42.444991156000071 ], [ 140.752254261000076, 42.550964229000044 ], [ 140.715809243000081, 42.569582112000035 ], [ 140.687336253000012, 42.575544998000055 ], [ 140.520263465000085, 42.579164136000031 ], [ 140.499391353000078, 42.577491108000061 ], [ 140.470654165000042, 42.570827160000078 ], [ 140.427182262000088, 42.54110912200008 ], [ 140.403872357000068, 42.520273220000036 ], [ 140.38525413800005, 42.503054108000072 ], [ 140.354945177000104, 42.470273155000029 ], [ 140.337327254000115, 42.445826999000076 ], [ 140.298872423000034, 42.379436123000062 ], [ 140.284791329000086, 42.344909053000038 ], [ 140.280818307000118, 42.316664218000028 ], [ 140.279982296000071, 42.270127053000067 ], [ 140.298718196000095, 42.241245027000048 ], [ 140.328718201000015, 42.227073240000038 ], [ 140.358309337000037, 42.220545078000043 ], [ 140.382172448000119, 42.212491075000059 ], [ 140.42746339100006, 42.18999119700004 ], [ 140.474682340000072, 42.154854091000061 ], [ 140.489963388000092, 42.138464118000059 ], [ 140.537672343000054, 42.107845025000074 ], [ 140.581209289000071, 42.103600094000058 ], [ 140.688172432000101, 42.121236122000028 ], [ 140.71232723300011, 42.126236095000024 ], [ 140.743027295000047, 42.115127055000073 ], [ 140.771909321000066, 42.095273177000081 ], [ 140.793027191000078, 42.070273144000055 ], [ 140.810245297000051, 42.049436068000034 ], [ 140.850800297000092, 42.009436118000053 ], [ 140.968427233000057, 41.909435989000031 ], [ 140.991345200000069, 41.89569117700006 ], [ 141.013882294000041, 41.887218078000046 ], [ 141.038300287000084, 41.882764103000056 ], [ 141.068300292000117, 41.880818160000047 ], [ 141.093291271000112, 41.875545105000072 ], [ 141.138736274000053, 41.850409118000073 ], [ 141.194409210000117, 41.794954111000038 ], [ 141.041654221000044, 41.717764159000069 ], [ 141.011654216000011, 41.707500183000036 ], [ 140.980791378000049, 41.705127099000038 ], [ 140.721218253000075, 41.809853950000047 ], [ 140.699963423000099, 41.821245124000029 ], [ 140.666363390000015, 41.824164206000034 ], [ 140.631209353000031, 41.805053969000028 ], [ 140.616909323000073, 41.773044990000074 ], [ 140.599818288000051, 41.732909084000028 ], [ 140.524000285000056, 41.696936135000044 ], [ 140.456009304000077, 41.681936049000058 ], [ 140.434691274000102, 41.64686415400007 ], [ 140.432463364000114, 41.60555411200005 ], [ 140.438445193000121, 41.564436015000069 ], [ 140.443436281000118, 41.542354059000047 ], [ 140.414563307000094, 41.514300164000076 ], [ 140.284427219, 41.486382224000067 ], [ 140.270263311, 41.479854062000072 ], [ 140.248736237000116, 41.462218035000035 ], [ 140.219818336000117, 41.418873202000043 ], [ 140.198991318000026, 41.397282090000033 ], [ 140.074009262000118, 41.417909116000033 ], [ 140.051909201000058, 41.429164167000067 ], [ 140.032200329000034, 41.449154001000068 ], [ 139.984818269000016, 41.548327003000054 ], [ 139.979418311000018, 41.588254031000076 ], [ 140.009154286000012, 41.675000192000027 ], [ 140.023027174000049, 41.698745117000044 ], [ 140.073027238, 41.757773162000035 ], [ 140.127454121000028, 41.817218122000043 ], [ 140.145954155000027, 41.914854051000077 ], [ 140.137636289000056, 41.983600074000037 ], [ 140.055118296000046, 42.084853968000061 ], [ 140.038882382000111, 42.098045072000048 ], [ 140.015963409000051, 42.109164169000053 ], [ 139.988282341000058, 42.118327098000066 ], [ 139.939700328000072, 42.128600127000027 ], [ 139.91665428500005, 42.142218037000077 ], [ 139.786091390000024, 42.243154089000029 ], [ 139.769763443000102, 42.312073114000043 ], [ 139.788027275000104, 42.350000053000031 ], [ 139.805236160000049, 42.368882134000046 ], [ 139.825182408000046, 42.397909168000069 ], [ 139.841645136000011, 42.444991156000071 ], [ 139.844700340000031, 42.467764116000069 ], [ 139.848018232000072, 42.495964192000031 ], [ 139.847454130000074, 42.519853957000066 ], [ 139.839963391000083, 42.547491103000027 ], [ 139.830936249000047, 42.576800104000029 ], [ 139.836209304000022, 42.613945011000055 ], [ 139.86363623200009, 42.653191094000078 ], [ 139.89540029300008, 42.672353968000039 ], [ 139.92096342100001, 42.678464208000037 ], [ 139.964418225000031, 42.678882130000034 ], [ 139.987727292000045, 42.677218154000059 ], [ 140.035382267000045, 42.679854095000053 ], [ 140.139009245000011, 42.750545055000032 ], [ 140.219972395000013, 42.798609067000029 ], [ 140.308318325000073, 42.809154005000039 ], [ 140.322754142, 42.828044970000064 ], [ 140.374409297000057, 42.889300087000038 ], [ 140.405545217000054, 42.916936060000069 ], [ 140.460509212000034, 42.957491060000052 ], [ 140.51457232000007, 42.988182237000046 ], [ 140.529636277, 43.007491124000069 ], [ 140.478572381000049, 43.083882114000062 ], [ 140.421627240000021, 43.150545066000063 ], [ 140.389436205000038, 43.166664137000055 ], [ 140.36454513800004, 43.17693599100005 ], [ 140.34692721600004, 43.189709174000029 ], [ 140.32260025000005, 43.235891113000037 ], [ 140.356218220000073, 43.316518149000046 ], [ 140.483427180000035, 43.36589107900005 ], [ 140.511109253000086, 43.355000137000047 ], [ 140.648863318000053, 43.278882230000079 ], [ 140.777191262000088, 43.203882134000025 ], [ 140.799282270000049, 43.187209187000065 ], [ 141.019136238000101, 43.173882129000049 ], [ 141.158527289000062, 43.13853597800005 ], [ 141.2081634110001, 43.142354103000059 ], [ 141.242763404000016, 43.159491072000037 ], [ 141.279972349000104, 43.18151804300004 ], [ 141.348300283000071, 43.232491078000066 ], [ 141.36719124800004, 43.24916419200008 ], [ 141.389436317000104, 43.272491197000079 ], [ 141.411091299000077, 43.296936011000071 ], [ 141.428318289000117, 43.330691109000043 ], [ 141.438709335000112, 43.382282226000029 ], [ 141.432191231000047, 43.414709127000037 ], [ 141.382718221000118, 43.566936057000078 ], [ 141.338227247000077, 43.711582225000029 ], [ 141.381363370000031, 43.783609092000063 ], [ 141.421936308000113, 43.808464118000074 ], [ 141.461900217000107, 43.821527146000051 ], [ 141.487454125000113, 43.821800061000033 ], [ 141.508609210000031, 43.829718110000044 ], [ 141.566363373000058, 43.856173240000032 ], [ 141.597472304000121, 43.878044978000048 ], [ 141.621491318000039, 43.902491134000059 ], [ 141.645809231000044, 43.942218170000046 ], [ 141.648863429000016, 43.953882092000072 ], [ 141.665527323000106, 44.000827120000054 ], [ 141.670254214000011, 44.028882188000068 ], [ 141.668309277000048, 44.06554496800004 ], [ 141.659700224000062, 44.217209136000065 ], [ 141.652463456000078, 44.263327038000057 ], [ 141.658527260000028, 44.302973105000035 ], [ 141.67803630800006, 44.322491204000073 ], [ 141.725800248000041, 44.38888208000003 ], [ 141.750945287000036, 44.432418021000046 ], [ 141.788300244000084, 44.579718067000044 ], [ 141.795672296000021, 44.61666415600007 ], [ 141.797482284000012, 44.641109138000047 ], [ 141.795254207000085, 44.683054026000036 ], [ 141.793854261000092, 44.708882190000054 ], [ 141.789982325000096, 44.73443609800006 ], [ 141.770536309000022, 44.830554064000069 ], [ 141.761654174000114, 44.860964112000033 ], [ 141.721345266000071, 44.948327013000039 ], [ 141.708591362000107, 44.970827058000054 ], [ 141.691227244000061, 44.997082197000054 ], [ 141.67690927700005, 45.013882213000045 ], [ 141.611636212000121, 45.109991127000058 ], [ 141.600254258000064, 45.127491199000076 ], [ 141.587191397000083, 45.15526413300006 ], [ 141.574827252000091, 45.189154011000028 ], [ 141.573582371000043, 45.209853959000043 ], [ 141.581500252000069, 45.238882167000043 ], [ 141.693863353000097, 45.399991063000073 ], [ 141.813872425000113, 45.416664178000076 ], [ 141.833036306000054, 45.423327120000067 ], [ 141.869891366000047, 45.447218059000079 ], [ 141.97107233700001, 45.486382166000055 ], [ 141.989963303000081, 45.46582705700007 ], [ 142.048309229000097, 45.404709069000035 ], [ 142.073854252000046, 45.380827015000079 ], [ 142.092191342000092, 45.370827069000029 ], [ 142.152345243000013, 45.347073091000027 ], [ 142.178727284000047, 45.33151812300008 ], [ 142.245509259000073, 45.270273232000079 ], [ 142.301909242000079, 45.213609052000038 ], [ 142.319427252000082, 45.197773122000058 ], [ 142.341918245000102, 45.17832710700003 ], [ 142.383882411000059, 45.143327129000056 ], [ 142.413027294000017, 45.120545116000073 ], [ 142.452454258000103, 45.089991067000028 ], [ 142.489136317000089, 45.064435986000035 ], [ 142.516236183000046, 45.043609135000054 ], [ 142.534427260000029, 45.020273246000045 ], [ 142.590236318000052, 44.936936006000053 ], [ 142.612045192000096, 44.904018093000047 ], [ 142.627336298000046, 44.887635999000054 ], [ 142.740509258000088, 44.777218170000026 ], [ 142.761654285000077, 44.757218111000043 ], [ 142.77887239100005, 44.741382181000063 ], [ 142.812182410000105, 44.711800098000026 ], [ 142.979945196000017, 44.584991123000066 ], [ 143.028045251000094, 44.552218049000032 ], [ 143.121891386000016, 44.49027310200006 ], [ 143.13970930000005, 44.479154004000065 ], [ 143.369809307000082, 44.339573188000031 ], [ 143.38470931300003, 44.325553952000064 ], [ 143.403872356000079, 44.315545121000071 ], [ 143.464145281000015, 44.286664268000038 ], [ 143.494691283000066, 44.274709159000054 ], [ 143.658872315000053, 44.219154073000027 ], [ 143.69165427300004, 44.208045033000076 ], [ 143.683654250000018, 44.183182129000045 ], [ 143.72649130700006, 44.115964127000041 ], [ 143.776227174000041, 44.094082163000053 ], [ 143.899991339000053, 44.10277319100004 ], [ 143.991291387000047, 44.129991075000078 ], [ 144.033327302000089, 44.133609039000078 ], [ 144.171354281000049, 44.108536085000026 ], [ 144.330809261000013, 43.974436027000081 ], [ 144.352445300000113, 43.959718075000069 ], [ 144.36773623800002, 43.953882092000072 ], [ 144.411091297000098, 43.942073163000032 ], [ 144.500000324000098, 43.930826996000064 ], [ 144.539982337000083, 43.92638207300007 ], [ 144.617736224000055, 43.917773188000069 ], [ 144.656645187000095, 43.913609058000077 ], [ 144.70052730000009, 43.910818052000025 ], [ 144.723018293000109, 43.910273228000051 ], [ 144.744691380000063, 43.910273228000051 ], [ 144.791645293000101, 43.917700098000068 ], [ 144.883327221000059, 43.974436027000081 ], [ 144.909145159000104, 43.993191206000063 ], [ 144.933091250000075, 44.024364174000027 ], [ 144.978572295000049, 44.071382125000071 ], [ 145.019718220000073, 44.101664265000068 ], [ 145.083018353000057, 44.139718106000032 ], [ 145.114963462000105, 44.154164148000064 ], [ 145.189282278000064, 44.197491212000045 ], [ 145.217882337000106, 44.230964174000064 ], [ 145.24328235400003, 44.260827051000035 ], [ 145.319409313000051, 44.333327161000057 ], [ 145.338854155000035, 44.344154066000044 ], [ 145.377591288000076, 44.267845051000052 ], [ 145.3591272970001, 44.229427101000056 ], [ 145.332736204000071, 44.185264194000069 ], [ 145.246645173000047, 44.05054504900005 ], [ 145.223018265000064, 44.034300082000073 ], [ 145.203854216000082, 44.022764237000047 ], [ 145.184963418000052, 44.004718167000078 ], [ 145.167600306000054, 43.984018051000078 ], [ 145.131618304000085, 43.931382213000063 ], [ 145.109682361000068, 43.895545051000056 ], [ 145.070663428000103, 43.777491141000041 ], [ 145.071500277000041, 43.754027009000026 ], [ 145.104945244000078, 43.700000111000065 ], [ 145.11746344900007, 43.682491153000058 ], [ 145.139300318000096, 43.65430013100007 ], [ 145.163882261000026, 43.632764172000066 ], [ 145.201600323000093, 43.60703608700004 ], [ 145.228427274000069, 43.60166412600006 ], [ 145.259154158000115, 43.598044987000037 ], [ 145.294436271000109, 43.596382185000039 ], [ 145.335800293000034, 43.576800048000052 ], [ 145.356845240000098, 43.553191076000076 ], [ 145.287282316000073, 43.546264104000045 ], [ 145.295700262000082, 43.570327039000063 ], [ 145.275509263000117, 43.581327114000032 ], [ 145.243836230000056, 43.595827136000025 ], [ 145.208127311000112, 43.600909084000079 ], [ 145.23312717500005, 43.532045043000039 ], [ 145.279691330000105, 43.424435991000053 ], [ 145.303591321000113, 43.368600110000045 ], [ 145.281354132000047, 43.340200043000038 ], [ 145.261245275000078, 43.338182184000061 ], [ 145.25610029500001, 43.317636127000071 ], [ 145.311491265000086, 43.275127138000073 ], [ 145.357454269000073, 43.263609061000068 ], [ 145.382172334000074, 43.258044986000073 ], [ 145.414000264000038, 43.252773105000074 ], [ 145.47247242100002, 43.251109129000042 ], [ 145.497072301000117, 43.268800142000032 ], [ 145.651091281000049, 43.378182134000042 ], [ 145.771363378000046, 43.383044979000033 ], [ 145.812409222000042, 43.365482210000039 ], [ 145.737727303000042, 43.326100173000043 ], [ 145.680818204000047, 43.305264270000066 ], [ 145.651927292000096, 43.30512714300005 ], [ 145.623291358000074, 43.304709053000067 ], [ 145.57170024100003, 43.257073189000039 ], [ 145.557682346000092, 43.217282115000046 ], [ 145.520809348000057, 43.170273217000044 ], [ 145.491336229000012, 43.168882156000052 ], [ 145.458591319000107, 43.176100148000046 ], [ 145.426363404000085, 43.175553983000043 ], [ 145.370791386000064, 43.171936018000054 ], [ 145.289136226000096, 43.163464261000058 ], [ 145.137054136000074, 43.125827001000062 ], [ 145.119472423000047, 43.099018155000067 ], [ 145.127045305000024, 43.080273201000068 ], [ 145.107182374000104, 43.045827100000054 ], [ 145.003445258000056, 42.984300075000078 ], [ 144.978572295000049, 42.976936070000079 ], [ 144.905400292000081, 42.972909068000035 ], [ 144.874663350000105, 42.978873128000032 ], [ 144.842118264000078, 43.007427087000053 ], [ 144.836154205000071, 43.034644970000045 ], [ 144.806227290000038, 43.044300085000032 ], [ 144.782336184000087, 43.03554501900004 ], [ 144.762754214000097, 43.019154040000046 ], [ 144.734818336000103, 42.98020015000003 ], [ 144.740509313000075, 42.960818173000064 ], [ 144.66165421200003, 42.937209034000034 ], [ 144.486072451000041, 42.929300205000061 ], [ 144.463591348000023, 42.93082705300003 ], [ 144.404145214000096, 42.946654097000078 ], [ 144.375363435000054, 42.959164256000065 ], [ 144.360791329000108, 42.989300047000029 ], [ 144.332200322000062, 42.99819106700005 ], [ 144.291927288000011, 42.993327049000072 ], [ 144.179409290000081, 42.967491174000031 ], [ 144.141663401000073, 42.958045104000064 ], [ 144.015400255000031, 42.918191166000042 ], [ 143.989682397000024, 42.906653979000055 ], [ 143.892763456000012, 42.849164181000049 ], [ 143.852445160000116, 42.813609154000062 ], [ 143.799991378000072, 42.76666412600008 ], [ 143.781372321000049, 42.749164221000058 ] ] ], [ [ [ 129.74606333700001, 32.561100190000047 ], [ 129.806091342000059, 32.630545096000048 ], [ 129.857454136000115, 32.698253942000065 ], [ 129.857609202000049, 32.718745013000046 ], [ 129.775272425000026, 32.802491123000038 ], [ 129.735718224000038, 32.793254098000034 ], [ 129.685518335000097, 32.838044977000038 ], [ 129.637618273000044, 32.940545092000036 ], [ 129.635545261000061, 32.965409169000054 ], [ 129.687527310000064, 33.07857324400004 ], [ 129.72490020500004, 33.06669105800006 ], [ 129.747272343000077, 33.053109022000058 ], [ 129.767209202000117, 33.041109155000072 ], [ 129.821491246000051, 32.975409115000048 ], [ 129.81990036000002, 32.907454008000059 ], [ 129.801709283000037, 32.935127029000057 ], [ 129.792209234000097, 32.912773164000043 ], [ 129.793854267000029, 32.884991178000064 ], [ 129.804000225000095, 32.858464131000062 ], [ 129.851763327000072, 32.822491182000078 ], [ 129.948582356000088, 32.846100153000066 ], [ 129.969972302000087, 32.863054061000071 ], [ 129.943163455000104, 32.994853957000032 ], [ 129.926909269000021, 33.012773125000024 ], [ 129.88271819900001, 33.042500048000079 ], [ 129.743518256000016, 33.115882101000068 ], [ 129.63665418700009, 33.18610015400003 ], [ 129.570145294000099, 33.209509134000029 ], [ 129.56665423100003, 33.241936035000037 ], [ 129.588582296000027, 33.364018120000026 ], [ 129.834336177000068, 33.292227119000074 ], [ 129.851727285000038, 33.342491213000073 ], [ 129.87839129200006, 33.375073179000026 ], [ 129.870700226000054, 33.395118166000032 ], [ 129.82552730000009, 33.40985405400005 ], [ 129.801191282000104, 33.44926425400007 ], [ 129.869263400000023, 33.527209081000024 ], [ 129.921100274000082, 33.536664203000043 ], [ 129.96385418300008, 33.504991170000039 ], [ 129.952327222, 33.473564230000079 ], [ 129.982745149000039, 33.442073084000072 ], [ 130.003327248000119, 33.439427085000034 ], [ 130.027754125000115, 33.448326990000055 ], [ 130.036318251000012, 33.45750014500004 ], [ 130.060791229000074, 33.489154067000072 ], [ 130.144991302000108, 33.591382105000037 ], [ 130.207454251000058, 33.650827066000033 ], [ 130.236345162000021, 33.618045107000057 ], [ 130.283582384000056, 33.575964097000053 ], [ 130.365372325000067, 33.584018101000026 ], [ 130.399409222000031, 33.604164173000072 ], [ 130.416645265000056, 33.628464148000035 ], [ 130.468154239000114, 33.750409105000074 ], [ 130.456418234000012, 33.773391110000034 ], [ 130.451000339000075, 33.799573158000044 ], [ 130.496336209000106, 33.846100097000033 ], [ 130.534972425000092, 33.877209028000038 ], [ 130.702745269000047, 33.935891067000057 ], [ 130.806636277000052, 33.919718018000026 ], [ 130.84497242000009, 33.912073219000035 ], [ 130.982182332000093, 33.881100075000063 ], [ 130.954972327000064, 33.814300162000052 ], [ 131.027191308000056, 33.69915410200008 ], [ 131.046082274000014, 33.674164128000029 ], [ 131.098772426000096, 33.612564181000039 ], [ 131.194918220000091, 33.607109070000035 ], [ 131.214145133000102, 33.595545061000053 ], [ 131.272063413000069, 33.570273120000024 ], [ 131.351900371000056, 33.562491194000074 ], [ 131.418927265000093, 33.566664208000077 ], [ 131.463145157000099, 33.595273153000051 ], [ 131.484272415000078, 33.62915397900008 ], [ 131.505536298000038, 33.660827012000027 ], [ 131.527191280000011, 33.668882188000055 ], [ 131.586500286000046, 33.680136067000035 ], [ 131.643582388000027, 33.66360913300008 ], [ 131.669709283000088, 33.647491068000079 ], [ 131.692472353000085, 33.624164232000055 ], [ 131.730382360000021, 33.574718044000065 ], [ 131.740709200000083, 33.542627089000064 ], [ 131.729554228000097, 33.466382112000076 ], [ 131.700863308000066, 33.414718073000074 ], [ 131.583454134000021, 33.34290913500007 ], [ 131.55871830000001, 33.339991059000056 ], [ 131.531645255000058, 33.351518020000071 ], [ 131.503172433000032, 33.339927021000051 ], [ 131.501936270000101, 33.315545071000031 ], [ 131.517382274000056, 33.264664236000044 ], [ 131.539427182000054, 33.253882091000037 ], [ 131.571227285000077, 33.246936008000034 ], [ 131.593291304000104, 33.24443602100007 ], [ 131.759427163000055, 33.234164167000074 ], [ 131.800663444000065, 33.233191195000074 ], [ 131.826491273000102, 33.235273092000057 ], [ 131.847472351000079, 33.244154054000035 ], [ 131.896682337000016, 33.247182100000032 ], [ 131.869418185000086, 33.200000032000048 ], [ 131.83663622600011, 33.15832705300005 ], [ 131.816554192000012, 33.119645073000072 ], [ 131.90554519300008, 32.989718030000063 ], [ 131.985227253000062, 32.903882144000079 ], [ 131.98940932000005, 32.830554070000062 ], [ 131.897218275000114, 32.783336127000041 ], [ 131.874391336000031, 32.731273109000028 ], [ 131.873427249000088, 32.726518055000042 ], [ 131.845791276000114, 32.679018145000043 ], [ 131.817963357000053, 32.682282226000041 ], [ 131.767272289000061, 32.647627079000074 ], [ 131.702754266000056, 32.564154052000049 ], [ 131.685182276000091, 32.534927026000048 ], [ 131.689754269000105, 32.508400147000032 ], [ 131.704127221000022, 32.460273102000031 ], [ 131.649409319000029, 32.393882227000063 ], [ 131.61578229700001, 32.339991115000032 ], [ 131.576354160000051, 32.241382215000044 ], [ 131.54275412700008, 32.134164094000027 ], [ 131.47384516000011, 31.969718027000056 ], [ 131.446636161000015, 31.889027121000026 ], [ 131.451418204000106, 31.832909106000045 ], [ 131.472454267000103, 31.821945073000052 ], [ 131.490782304000049, 31.789582210000049 ], [ 131.450254126000118, 31.61805393700007 ], [ 131.397218304000035, 31.489435979000064 ], [ 131.362727275000111, 31.411945117000073 ], [ 131.334545137000077, 31.369235967000066 ], [ 131.246272297000019, 31.384927058000073 ], [ 131.241409284000042, 31.412491114000034 ], [ 131.205463325000096, 31.45971810900005 ], [ 131.150118289000034, 31.465845113000057 ], [ 131.132463318000077, 31.467354023000041 ], [ 131.071627297000077, 31.448745024000061 ], [ 131.039427210000099, 31.42250011200008 ], [ 131.026918226000021, 31.401391127000068 ], [ 131.005218316000082, 31.351709072000062 ], [ 131.029972423000117, 31.343891103000033 ], [ 131.053454158000022, 31.342773125000065 ], [ 131.106082284000081, 31.322500151000042 ], [ 131.12911826800007, 31.267354101000024 ], [ 130.978027255000029, 31.146945044000063 ], [ 130.934963383000081, 31.117082167000035 ], [ 130.899136279000118, 31.106109083000035 ], [ 130.8760634140001, 31.100827142000071 ], [ 130.84997239300003, 31.090273153000055 ], [ 130.747463394000079, 31.044164136000063 ], [ 130.721209261000013, 31.021664258000044 ], [ 130.706363402000079, 31.006382204000033 ], [ 130.668245188000014, 30.999582134000036 ], [ 130.678372371000023, 31.073818136000057 ], [ 130.731900211000038, 31.115136057000029 ], [ 130.762772437000081, 31.157909077000056 ], [ 130.796082288000093, 31.248882063000053 ], [ 130.798718229000087, 31.314300135000053 ], [ 130.771909214000061, 31.399300177000043 ], [ 130.673718236000013, 31.54290916900004 ], [ 130.630936164000104, 31.549718124000037 ], [ 130.605654164000043, 31.564373211000031 ], [ 130.602109290000044, 31.58590011800004 ], [ 130.650545291000071, 31.617082139000047 ], [ 130.68073623600003, 31.618400110000039 ], [ 130.71842730700007, 31.59530914000004 ], [ 130.722318187000042, 31.557864161000055 ], [ 130.751100301000065, 31.553327036000042 ], [ 130.774991240000077, 31.576109049000024 ], [ 130.794691227000044, 31.601382164000029 ], [ 130.807191327000055, 31.640691111000024 ], [ 130.807954248000101, 31.682491159000051 ], [ 130.774136286000044, 31.706935974000032 ], [ 130.677891250000016, 31.724991096000053 ], [ 130.644991274000063, 31.714164192000055 ], [ 130.624391238000044, 31.695000144000062 ], [ 130.610227163000104, 31.67666422700006 ], [ 130.561100326000087, 31.593891089000067 ], [ 130.53442726600008, 31.52888222200005 ], [ 130.520263358000079, 31.480273218000036 ], [ 130.515545185000065, 31.446245038000029 ], [ 130.524691350000012, 31.419445076000045 ], [ 130.56094526000004, 31.331244991000062 ], [ 130.57496332300002, 31.312635992000025 ], [ 130.607454262000033, 31.291664135000076 ], [ 130.638445175000015, 31.278609153000048 ], [ 130.663454260000094, 31.262500141000032 ], [ 130.653591275000053, 31.215273146000072 ], [ 130.6383092210001, 31.182282142000076 ], [ 130.584409225000059, 31.154991169000027 ], [ 130.520191273000023, 31.163673144000029 ], [ 130.513409308000064, 31.194853991000059 ], [ 130.486127219000082, 31.23159120300005 ], [ 130.458309191000012, 31.235827081000025 ], [ 130.338863382000113, 31.244436134000068 ], [ 130.254836144000024, 31.244991184000071 ], [ 130.231082333000018, 31.247491170000046 ], [ 130.203309232000038, 31.33916421300006 ], [ 130.233854228000041, 31.395827052000072 ], [ 130.271363413000017, 31.419445076000045 ], [ 130.304700254000068, 31.453673081000034 ], [ 130.318300227, 31.493327026000031 ], [ 130.333591333000072, 31.550973230000068 ], [ 130.336209336000024, 31.625973159000068 ], [ 130.256518224000047, 31.716318006000051 ], [ 130.217882344000031, 31.738609174000032 ], [ 130.185809327000015, 31.754691197000056 ], [ 130.17663617200003, 31.77680014300006 ], [ 130.18136339800003, 31.820273219000057 ], [ 130.199400248000074, 31.899436104000074 ], [ 130.162472432000072, 32.006945076000079 ], [ 130.177336229000048, 32.089436080000041 ], [ 130.206072410000047, 32.123454034000076 ], [ 130.257891348000044, 32.122773088000031 ], [ 130.268718252000099, 32.105273183000065 ], [ 130.287282323000113, 32.096100196000066 ], [ 130.321918192000112, 32.116936098000053 ], [ 130.345272353000041, 32.160991046000049 ], [ 130.460236190000046, 32.323053971000036 ], [ 130.514436259000036, 32.385553968000067 ], [ 130.548872302000063, 32.418882091000057 ], [ 130.564563393000071, 32.435273238000036 ], [ 130.598591237000051, 32.503609051000069 ], [ 130.60912729000006, 32.588882175000037 ], [ 130.587463423000031, 32.631935989000056 ], [ 130.450236245000042, 32.61943605700003 ], [ 130.462463430000071, 32.636518040000055 ], [ 130.564972430000012, 32.691935999000066 ], [ 130.602445237000097, 32.715544970000053 ], [ 130.606918323000059, 32.783464202000062 ], [ 130.584836199000051, 32.815409144000057 ], [ 130.554963431000033, 32.84054496300007 ], [ 130.510527274000083, 32.874991065000074 ], [ 130.456636163000098, 32.911236091000035 ], [ 130.433318211000028, 32.960273242000028 ], [ 130.422763383000074, 32.989991112000041 ], [ 130.429491370000051, 33.044227055000079 ], [ 130.415800369000067, 33.087491087000046 ], [ 130.363572395000119, 33.136664192000069 ], [ 130.211091326000087, 33.170826986000066 ], [ 130.137754200000018, 33.105827003000059 ], [ 130.16470034200006, 33.048336032000066 ], [ 130.176363425000091, 33.03054510700008 ], [ 130.218427168000062, 32.958182125000064 ], [ 130.183854164000081, 32.905409159000044 ], [ 130.159972278000055, 32.895827135000047 ], [ 130.110654165000028, 32.873464217000048 ], [ 130.096209296000097, 32.854018034000035 ], [ 130.127045145000011, 32.835964253000043 ], [ 130.167618250000032, 32.829582104000053 ], [ 130.194700347000094, 32.834991114000047 ], [ 130.219545146000087, 32.847909136000055 ], [ 130.24066335100008, 32.861245079000071 ], [ 130.273863399000106, 32.867491106000045 ], [ 130.314136265000116, 32.861936083000046 ], [ 130.342391325000108, 32.836936051000066 ], [ 130.370791225000062, 32.792218094000077 ], [ 130.376618324000106, 32.769300127000065 ], [ 130.370236175000059, 32.728873202000045 ], [ 130.339400327000021, 32.659300053000038 ], [ 130.215236177000065, 32.598327071000028 ], [ 130.176909255000055, 32.587282070000072 ], [ 130.135463425000012, 32.633809176000057 ], [ 130.144654182000068, 32.674018004000061 ], [ 130.190536217000044, 32.701653977000035 ], [ 130.201982377000036, 32.72520008500004 ], [ 130.174072316000093, 32.782982075000064 ], [ 130.08814523500007, 32.784436 ], [ 129.965791241000034, 32.73943607700005 ], [ 129.944427279000024, 32.726100133000045 ], [ 129.9274633120001, 32.692218134000029 ], [ 129.910672349000038, 32.659154040000033 ], [ 129.897491303000038, 32.643882212000051 ], [ 129.821918220000043, 32.583882202000041 ], [ 129.794145286000116, 32.570273177000047 ], [ 129.752200231000074, 32.561936033000052 ], [ 129.74606333700001, 32.561100190000047 ] ] ], [ [ [ 134.305145275000086, 33.527573191000045 ], [ 134.296509232000062, 33.519582220000075 ], [ 134.267763328000115, 33.480545014000029 ], [ 134.246763307000037, 33.445409082000026 ], [ 134.216063414000018, 33.373318009000059 ], [ 134.202745240000013, 33.333600193000052 ], [ 134.198027234000051, 33.303318053000055 ], [ 134.196782354000106, 33.272073168000077 ], [ 134.186554253000054, 33.242009125000038 ], [ 134.115100372000029, 33.282354075000057 ], [ 134.042482245000087, 33.356245078000029 ], [ 134.034209306000093, 33.388953946000072 ], [ 133.92454517900012, 33.474018026000067 ], [ 133.905245176000108, 33.482209157000057 ], [ 133.874118308000106, 33.490544960000079 ], [ 133.74760923700012, 33.516382177000025 ], [ 133.716918228000054, 33.516936053000052 ], [ 133.657472430000098, 33.514718034000055 ], [ 133.633327184000109, 33.510554072000048 ], [ 133.604263438000089, 33.503327027000068 ], [ 133.58384528900001, 33.493609049000042 ], [ 133.394436237000036, 33.38860006200008 ], [ 133.359545224000044, 33.384300146000044 ], [ 133.281509202000052, 33.362909026000068 ], [ 133.249282293000078, 33.321382228000061 ], [ 133.253018275000045, 33.277700107000044 ], [ 133.265609235000056, 33.251109022000037 ], [ 133.253327232000061, 33.217764135000039 ], [ 133.241636154000048, 33.19665397600005 ], [ 133.145263378000095, 33.083600039000032 ], [ 133.110227190000046, 33.047027114000059 ], [ 133.057327322000106, 33.024164131000077 ], [ 133.035536218000061, 33.016245077000065 ], [ 133.017345141000078, 32.99832708200006 ], [ 133.007900245000087, 32.973600133000048 ], [ 132.996063321000065, 32.855827017000024 ], [ 133.007472433000089, 32.767491145000065 ], [ 132.964418284000089, 32.743044989000055 ], [ 132.93482731600011, 32.768745077000062 ], [ 132.901782333000028, 32.774164146000032 ], [ 132.855863417000023, 32.767418055000064 ], [ 132.816709201000094, 32.74040904800006 ], [ 132.639300352000078, 32.751809107000042 ], [ 132.634709249000025, 32.774991104000037 ], [ 132.661372418000042, 32.833882188000075 ], [ 132.688445295000065, 32.859027060000074 ], [ 132.709963317000074, 32.879782161000037 ], [ 132.714009261000115, 32.906654040000035 ], [ 132.65192718600008, 32.908464195000079 ], [ 132.641536309000116, 32.907291064000049 ], [ 132.61330035900005, 32.900127052000073 ], [ 132.514218217, 32.888600091000058 ], [ 132.483018258000016, 32.895545 ], [ 132.464145230000099, 33.024991090000071 ], [ 132.492463322000049, 33.173882189000039 ], [ 132.515118265000069, 33.20123602700005 ], [ 132.534700235000059, 33.244709104000037 ], [ 132.488282261000109, 33.279718134000063 ], [ 132.461091367000108, 33.294153951000055 ], [ 132.413863366000101, 33.290691051000067 ], [ 132.377318268000067, 33.310827065000069 ], [ 132.393172303000028, 33.432773195000038 ], [ 132.366718178000042, 33.467727073000049 ], [ 132.305236247000039, 33.453044996000074 ], [ 132.173736256000097, 33.38555407900003 ], [ 132.14962722000007, 33.358673148000037 ], [ 132.127445184000067, 33.348873194000078 ], [ 132.018718321000051, 33.340473186000054 ], [ 132.110091292000106, 33.396382157000062 ], [ 132.285109286000079, 33.473045055000057 ], [ 132.308009316000039, 33.479427036000061 ], [ 132.417754245000083, 33.539164190000065 ], [ 132.563600367000049, 33.635554065000065 ], [ 132.589418305000095, 33.647491068000079 ], [ 132.617872352000063, 33.660682172000065 ], [ 132.639827239000056, 33.67373598100005 ], [ 132.671645278000028, 33.712209084000051 ], [ 132.695591370000102, 33.755554085000028 ], [ 132.699709231000043, 33.804991053000037 ], [ 132.708927313000117, 33.874927139000079 ], [ 132.777191377, 33.987773204000064 ], [ 132.896927199000061, 34.106109081000056 ], [ 132.945527318000018, 34.117764118000025 ], [ 132.979963362000035, 34.103054045000079 ], [ 133.040409289000081, 34.020691117000069 ], [ 133.054409247000081, 33.99610012200003 ], [ 133.063509311000075, 33.962282160000029 ], [ 133.113691263000078, 33.921800082000061 ], [ 133.145954214000085, 33.912344960000041 ], [ 133.168309253000075, 33.914153943000031 ], [ 133.203445185000078, 33.922773221000057 ], [ 133.248309322000068, 33.942209178000041 ], [ 133.273863398000117, 33.962209070000029 ], [ 133.315318280000042, 33.983945021000068 ], [ 133.354127162000054, 33.984164124000074 ], [ 133.420391303000088, 33.979427008000073 ], [ 133.472745174000011, 33.967209043000025 ], [ 133.523100295000063, 33.962773172000027 ], [ 133.548582287000045, 33.975818096000069 ], [ 133.587527291000015, 34.024327019000054 ], [ 133.620509242000026, 34.046591198000044 ], [ 133.643582275000085, 34.099164171000041 ], [ 133.646791370000074, 34.151100120000024 ], [ 133.679691346000027, 34.220682154000031 ], [ 133.738163335000081, 34.251109133000057 ], [ 133.893863390000092, 34.359991062000063 ], [ 134.00638239400007, 34.348600055000077 ], [ 134.082609265000087, 34.338745116000041 ], [ 134.106082282000102, 34.368327032000025 ], [ 134.131500236000079, 34.386382155000035 ], [ 134.152327254000056, 34.383882168000071 ], [ 134.223572425000043, 34.34443609300007 ], [ 134.260609206000026, 34.291591211000025 ], [ 134.336636253000052, 34.250545031000058 ], [ 134.434282408000058, 34.207627005000063 ], [ 134.471909274000041, 34.200827102000062 ], [ 134.551909343000034, 34.214153993000025 ], [ 134.579127227000072, 34.224164164000058 ], [ 134.632445184000062, 34.145827065000049 ], [ 134.619691280000097, 34.11610014200005 ], [ 134.609545154000102, 34.09110011000007 ], [ 134.591918179000118, 34.02735406000005 ], [ 134.605236185000081, 33.983954074000053 ], [ 134.642272295000112, 33.979500098000074 ], [ 134.694409241000017, 33.93277316700005 ], [ 134.744691273000058, 33.817354025000043 ], [ 134.698582256, 33.79777322800004 ], [ 134.638309331000073, 33.776382108000064 ], [ 134.588563406000048, 33.748882090000052 ], [ 134.383091275000083, 33.623045080000054 ], [ 134.33996336600012, 33.556382128000052 ], [ 134.305145275000086, 33.527573191000045 ] ] ], [ [ [ 128.287200294000058, 26.855000061000055 ], [ 128.300263322000092, 26.848053978000053 ], [ 128.311354256000072, 26.839582221000057 ], [ 128.330109268000115, 26.809582216000024 ], [ 128.333036228000083, 26.796944988000064 ], [ 128.33550922500001, 26.765000046000068 ], [ 128.33260925400009, 26.755418022000072 ], [ 128.271363358000031, 26.658327084000064 ], [ 128.252772297000092, 26.638882075000026 ], [ 128.240236155000048, 26.628609047000054 ], [ 128.146636280000052, 26.568882119000023 ], [ 127.946372328000052, 26.451109171000041 ], [ 127.874691298000016, 26.446664247000058 ], [ 127.863600364000035, 26.44416409300004 ], [ 127.849718255000084, 26.436382167000033 ], [ 127.839291335000098, 26.425900094000042 ], [ 127.778591269000117, 26.236664212000051 ], [ 127.810118289000116, 26.190273228000024 ], [ 127.818182350000029, 26.184300116000031 ], [ 127.813027312000031, 26.155554044000041 ], [ 127.787491341000077, 26.127491096000028 ], [ 127.776091282000039, 26.116391110000052 ], [ 127.728591372000096, 26.088609124000072 ], [ 127.716800214000045, 26.082636012000023 ], [ 127.702472356000044, 26.080000071000029 ], [ 127.680945282000039, 26.078744965000055 ], [ 127.652209268000092, 26.085691048000058 ], [ 127.639972360000115, 26.208609144000036 ], [ 127.671918307000055, 26.231109022000055 ], [ 127.724845164000044, 26.271527062000075 ], [ 127.744145167000056, 26.309444948000078 ], [ 127.734418304000087, 26.346664119000025 ], [ 127.725272306000079, 26.381936006000046 ], [ 127.718045262000032, 26.412773195000057 ], [ 127.717545197000049, 26.432082083000068 ], [ 127.764427194000064, 26.43860907100003 ], [ 127.797900324000011, 26.44151809400006 ], [ 127.959991244000094, 26.547354039000027 ], [ 127.965818176000084, 26.56777319300005 ], [ 127.965136224000048, 26.581800140000041 ], [ 127.945954239000116, 26.600136057000043 ], [ 127.912491334000038, 26.600273185000049 ], [ 127.884009292000087, 26.611936100000037 ], [ 127.876782247000051, 26.62374502800003 ], [ 127.883882390000053, 26.667500072000053 ], [ 127.907763438000075, 26.688882139000043 ], [ 127.943309245000023, 26.69416424700006 ], [ 127.958454171000085, 26.695553966000034 ], [ 127.995672336000098, 26.680827130000068 ], [ 127.985672390000104, 26.660000112000034 ], [ 127.9865003540001, 26.64374508700007 ], [ 127.993736284000079, 26.636244960000056 ], [ 128.023863359000075, 26.63110903300003 ], [ 128.067472389000045, 26.642491155000073 ], [ 128.105027171000074, 26.667564109000068 ], [ 128.100527263000117, 26.680964090000032 ], [ 128.10376334800003, 26.692954068000063 ], [ 128.123291338000058, 26.716109075000077 ], [ 128.247191290000046, 26.840000142000065 ], [ 128.287200294000058, 26.855000061000055 ] ] ], [ [ [ 138.511109198000099, 38.281109081000068 ], [ 138.507754258000091, 38.241382212000076 ], [ 138.500000327000066, 38.211109125000064 ], [ 138.49133628900006, 38.191373096000063 ], [ 138.471072367000033, 38.156382170000029 ], [ 138.45385426200005, 38.128044967000051 ], [ 138.447482339000089, 38.115545035000025 ], [ 138.441654234000112, 38.102491059000045 ], [ 138.42982720100008, 38.06048213300005 ], [ 138.443027190000066, 38.045753956000055 ], [ 138.52235419200008, 38.067636088000029 ], [ 138.531645196000113, 38.074991208000029 ], [ 138.542754236000064, 38.079718098000058 ], [ 138.565809331000082, 38.075964179000039 ], [ 138.578018243000088, 38.069718153000053 ], [ 138.581082332000051, 38.057209168000043 ], [ 138.578582346000076, 38.04527317000003 ], [ 138.563291240000012, 38.013327055000047 ], [ 138.510545264000029, 37.915273204000073 ], [ 138.477245136000079, 37.881727151000064 ], [ 138.375518335000038, 37.823609046000058 ], [ 138.361500273000047, 37.818191151000065 ], [ 138.278872309, 37.798882096000057 ], [ 138.251082277000023, 37.793744996000044 ], [ 138.228563456000074, 37.796527117000039 ], [ 138.218291266000051, 37.800827033000076 ], [ 138.209963342000037, 37.811936072000037 ], [ 138.21149136300005, 37.822909157000026 ], [ 138.23608235800009, 37.833600107000052 ], [ 138.256382322000036, 37.834718085000077 ], [ 138.271363465000036, 37.838318113000071 ], [ 138.282200260000081, 37.848873108000078 ], [ 138.332745148000072, 37.945827085000076 ], [ 138.337191245000099, 37.96666416100004 ], [ 138.332609361000095, 37.978600159000052 ], [ 138.313309359000073, 37.99304502800004 ], [ 138.29914528300003, 37.997909047000064 ], [ 138.286236314000121, 37.996382199000038 ], [ 138.276091361000113, 37.990273133000073 ], [ 138.266936311000109, 37.976936016000025 ], [ 138.255536253000059, 37.967073198000037 ], [ 138.239818340000056, 37.973391142000025 ], [ 138.23330928900009, 38.017773151000029 ], [ 138.235109219000037, 38.058045011000047 ], [ 138.242463333000046, 38.075000093000028 ], [ 138.308009313000071, 38.166935992000049 ], [ 138.448300245000041, 38.293882095000072 ], [ 138.466918296000017, 38.308600047000027 ], [ 138.477172381000059, 38.314709113000049 ], [ 138.49410935700007, 38.321109031000049 ], [ 138.512072447000037, 38.321382114000073 ], [ 138.519854205000115, 38.313464233000047 ], [ 138.511109198000099, 38.281109081000068 ] ] ], [ [ [ 129.690463323000017, 28.497718139000028 ], [ 129.696072325000046, 28.491382091000048 ], [ 129.704409301000055, 28.478609076000055 ], [ 129.715518340000017, 28.451109058000043 ], [ 129.71774524500006, 28.433809145000055 ], [ 129.707736246000081, 28.424164257000029 ], [ 129.662754260000042, 28.404164197000057 ], [ 129.649718221000057, 28.404164197000057 ], [ 129.621609341000067, 28.397500081000032 ], [ 129.584409281000035, 28.369991178000078 ], [ 129.511936161000108, 28.295000134000077 ], [ 129.465518187000043, 28.211382100000037 ], [ 129.373291268000116, 28.116318074000048 ], [ 129.157745263000038, 28.234991072000071 ], [ 129.143309278000061, 28.252500029000032 ], [ 129.256654235000042, 28.320827125000051 ], [ 129.326627201000065, 28.352218023000034 ], [ 129.574982322000096, 28.461664221000035 ], [ 129.621609341000067, 28.476936049000074 ], [ 129.619672283000114, 28.451382140000078 ], [ 129.667482324000048, 28.476936049000074 ], [ 129.690463323000017, 28.497718139000028 ] ] ], [ [ [ 134.762209283000061, 34.184436123000069 ], [ 134.751772305000031, 34.185964144000025 ], [ 134.737454170000092, 34.193600057000026 ], [ 134.673872405000111, 34.23790914500006 ], [ 134.662763366000036, 34.266518089000044 ], [ 134.661227298000085, 34.28262710100006 ], [ 134.666927328000043, 34.29694506800007 ], [ 134.674136267000108, 34.306653994000044 ], [ 134.79999138200003, 34.438600070000064 ], [ 134.874972368000044, 34.511664115000031 ], [ 134.982727265000108, 34.586382076000064 ], [ 135.003191347000097, 34.594164170000056 ], [ 135.019972420000045, 34.590826999000058 ], [ 135.027682262000098, 34.57617308600004 ], [ 135.024845156000083, 34.560127106000039 ], [ 134.992191272000014, 34.510273222000023 ], [ 134.973300307000045, 34.487209074000077 ], [ 134.944427165000093, 34.458045080000034 ], [ 134.919982350000055, 34.433054100000049 ], [ 134.909145219000038, 34.418054014000063 ], [ 134.90164526, 34.39804507000008 ], [ 134.893582372000083, 34.366664230000026 ], [ 134.894991370000071, 34.356100182000034 ], [ 134.920245206000118, 34.314164179000045 ], [ 134.93580922700005, 34.298609044000045 ], [ 134.946072365000077, 34.28889106500003 ], [ 134.951909354, 34.276309158000061 ], [ 134.946500344000015, 34.261382162000075 ], [ 134.934963325000012, 34.253054070000076 ], [ 134.790254125000047, 34.193318090000048 ], [ 134.762209283000061, 34.184436123000069 ] ] ], [ [ [ 130.000000303000093, 32.188318062000064 ], [ 129.98800932000006, 32.20054508000004 ], [ 129.955227193000042, 32.243609119000041 ], [ 129.97107234300006, 32.355553963000034 ], [ 129.987454270000057, 32.40942713700008 ], [ 129.992736210000089, 32.421382077000032 ], [ 130.027191364000032, 32.498327111000037 ], [ 130.046082330000104, 32.512218104000056 ], [ 130.11009123700012, 32.54208215400007 ], [ 130.153872432000071, 32.543609169000035 ], [ 130.18295411500003, 32.526309089000051 ], [ 130.198582342, 32.483609159000025 ], [ 130.201627319000067, 32.467764177000049 ], [ 130.211091326000087, 32.373318065000035 ], [ 130.207609316000116, 32.33346412700007 ], [ 130.092191347000039, 32.231935978000024 ], [ 130.074400255000114, 32.218600034000076 ], [ 130.064972290000014, 32.21249113600004 ], [ 130.029972312000041, 32.194991063000032 ], [ 130.000000303000093, 32.188318062000064 ] ] ], [ [ [ 129.473054188000106, 34.685618110000064 ], [ 129.488282263000087, 34.675000083000043 ], [ 129.505263328000069, 34.657627080000054 ], [ 129.500272407000011, 34.628044997000075 ], [ 129.480254243000104, 34.548045095000077 ], [ 129.476072344000045, 34.534436069000037 ], [ 129.396363295000015, 34.348600055000077 ], [ 129.378300293000052, 34.309991165000042 ], [ 129.370791281000038, 34.301382112000056 ], [ 129.352754264000055, 34.296664107000026 ], [ 129.336500245000025, 34.294718164000074 ], [ 129.254972322000071, 34.339709035000055 ], [ 129.245236239000064, 34.356654058000061 ], [ 129.300263433000055, 34.556936115000042 ], [ 129.333300369000085, 34.631382168000073 ], [ 129.440518322000116, 34.684991144000037 ], [ 129.459972384000025, 34.689845104000028 ], [ 129.473054188000106, 34.685618110000064 ] ] ], [ [ [ 131.07190021200006, 30.82667319400008 ], [ 131.085100368000099, 30.80319112400008 ], [ 131.0827361690001, 30.747773165000069 ], [ 131.076627270000017, 30.701382181000042 ], [ 131.074400366000077, 30.689164216000052 ], [ 131.055236150000042, 30.632773118000046 ], [ 130.969700337000063, 30.390554053000074 ], [ 130.902482335000059, 30.354164188000027 ], [ 130.879118282000036, 30.355000031000031 ], [ 130.871627208000064, 30.365409014000079 ], [ 130.861827254000104, 30.410482196000032 ], [ 130.86300927000002, 30.438045078000073 ], [ 130.866363373000013, 30.456936044000031 ], [ 130.869418241000062, 30.469718111000077 ], [ 130.883572426000114, 30.48055406800006 ], [ 130.904145137000114, 30.506664200000046 ], [ 130.931091279000043, 30.545000175000041 ], [ 130.947209344000044, 30.57027312200006 ], [ 130.951909244000035, 30.583054015000073 ], [ 130.954682313000035, 30.598473197000033 ], [ 130.947754167000085, 30.626382085000046 ], [ 130.944136203000085, 30.678536130000055 ], [ 131.008327164000093, 30.789436086000023 ], [ 131.03970029300001, 30.831109065000078 ], [ 131.051091299000063, 30.839027113000043 ], [ 131.065936153000052, 30.833745005000026 ], [ 131.07190021200006, 30.82667319400008 ] ] ], [ [ [ 130.523527271000034, 30.443100037000079 ], [ 130.546372316000088, 30.442500060000043 ], [ 130.592472280000038, 30.424718020000057 ], [ 130.633327185000098, 30.405273178000073 ], [ 130.643036279000057, 30.398882144000027 ], [ 130.668182324000099, 30.38013601800003 ], [ 130.671354204000068, 30.370273200000042 ], [ 130.661372363000055, 30.324718059000077 ], [ 130.656645137000055, 30.304164124000067 ], [ 130.647472318000041, 30.285691080000049 ], [ 130.598300218000077, 30.243609064000054 ], [ 130.561645149000014, 30.236800109000058 ], [ 130.522336203, 30.236245059000055 ], [ 130.489136154000107, 30.241100193000079 ], [ 130.444409313000051, 30.250691102000076 ], [ 130.38845424200008, 30.349582137000027 ], [ 130.383882249000067, 30.367218164000064 ], [ 130.381900264000024, 30.377491192000036 ], [ 130.384336213000097, 30.394091049000053 ], [ 130.473845216000086, 30.454991107000069 ], [ 130.486636168000018, 30.460409170000048 ], [ 130.510800357000107, 30.458882155000026 ], [ 130.519718199000067, 30.451936071000034 ], [ 130.523527271000034, 30.443100037000079 ] ] ], [ [ [ 128.652409204000037, 32.696636067000043 ], [ 128.647491373000094, 32.711936058000049 ], [ 128.647491373000094, 32.755827056000044 ], [ 128.648863323000114, 32.77457318200004 ], [ 128.660800327000061, 32.781936014000053 ], [ 128.786654268, 32.79138208300003 ], [ 128.813291286000094, 32.792500062000045 ], [ 128.844118250000065, 32.751664100000028 ], [ 128.886109238000017, 32.686100182000075 ], [ 128.901018297000064, 32.64687321100007 ], [ 128.741909322000083, 32.589154084000029 ], [ 128.669982367000102, 32.599718132000078 ], [ 128.638309334000041, 32.605273155000077 ], [ 128.610227276000046, 32.611664188000077 ], [ 128.601072393000095, 32.618600045000051 ], [ 128.619672340000079, 32.661727117000055 ], [ 128.652409204000037, 32.696636067000043 ] ] ], [ [ [ 129.330782278000015, 34.229700076000029 ], [ 129.330809268000053, 34.208882111000037 ], [ 129.293454143000076, 34.12430015800004 ], [ 129.270263428000021, 34.103327128000046 ], [ 129.236909321000098, 34.082218142000045 ], [ 129.222200254000086, 34.073609090000048 ], [ 129.185182249000036, 34.100336129000027 ], [ 129.183318282000073, 34.164436063000039 ], [ 129.187745268000072, 34.198873113000047 ], [ 129.205536192000068, 34.302218123000046 ], [ 129.210527281000054, 34.317353997000055 ], [ 129.220927211000117, 34.322082228000056 ], [ 129.282745256000112, 34.307209044000047 ], [ 129.347882366000022, 34.277700051000068 ], [ 129.330782278000015, 34.229700076000029 ] ] ], [ [ [ 123.792254164000042, 24.405245018000073 ], [ 123.902209311000092, 24.376664236000067 ], [ 123.927409336000096, 24.367217999000047 ], [ 123.936509233000038, 24.354300145000025 ], [ 123.925263401000052, 24.321382064000034 ], [ 123.901927177000061, 24.28360901800005 ], [ 123.872891258000095, 24.253891148000037 ], [ 123.861927226000034, 24.251391161000072 ], [ 123.718318234000094, 24.277218152000046 ], [ 123.678863442000079, 24.316109009000058 ], [ 123.769154142000048, 24.416245092000054 ], [ 123.781091313000047, 24.416518007000036 ], [ 123.792254164000042, 24.405245018000073 ] ] ], [ [ [ 133.2985541380001, 36.318273211000076 ], [ 133.310118314000078, 36.318882072000065 ], [ 133.321072288000096, 36.31582703600003 ], [ 133.362727162000056, 36.283609180000042 ], [ 133.385254198000098, 36.251518058000045 ], [ 133.376772382000013, 36.19818216300007 ], [ 133.335236196000096, 36.158882102000064 ], [ 133.256363325000052, 36.151936018000072 ], [ 133.246336222000082, 36.155545098000061 ], [ 133.18856345100005, 36.203045008000061 ], [ 133.182463437000024, 36.238600036000037 ], [ 133.189145155000119, 36.269718019000038 ], [ 133.197482299000058, 36.278045105000047 ], [ 133.227754213000026, 36.306654049000031 ], [ 133.247327298000073, 36.319227072000047 ], [ 133.276645184000017, 36.325000191000072 ], [ 133.291927238000085, 36.325000191000072 ], [ 133.2985541380001, 36.318273211000076 ] ] ], [ [ [ 128.933627253000054, 27.901100137000071 ], [ 128.93914522700004, 27.905136023000068 ], [ 128.950527181000098, 27.906800166000039 ], [ 128.959700336000083, 27.900691100000074 ], [ 129.029282370000033, 27.77166410600006 ], [ 129.02179129600006, 27.747500084000023 ], [ 129.006654249, 27.727218058000062 ], [ 128.985509222000019, 27.701109100000053 ], [ 128.953445257000112, 27.677082207000069 ], [ 128.94136341400008, 27.676664118000076 ], [ 128.91887242100006, 27.687636029000032 ], [ 128.897218277000093, 27.72582699700007 ], [ 128.880663348000098, 27.822082091000027 ], [ 128.881900349000034, 27.837218132000032 ], [ 128.885527198000091, 27.862217997000073 ], [ 128.890254256000048, 27.881936089000078 ], [ 128.898863309000035, 27.897773192000045 ], [ 128.933627253000054, 27.901100137000071 ] ] ], [ [ [ 130.23938226100006, 32.460345019000044 ], [ 130.240263367000011, 32.462818016000028 ], [ 130.278045131000113, 32.491382201000079 ], [ 130.331909252000059, 32.516391118000058 ], [ 130.36510024800009, 32.52221804900006 ], [ 130.44802727800004, 32.50527319400004 ], [ 130.403318206000108, 32.423609149000072 ], [ 130.381072300000028, 32.387218111000038 ], [ 130.369418269000107, 32.374709126000027 ], [ 130.358854221000115, 32.370544996000035 ], [ 130.235791286000108, 32.39707321700007 ], [ 130.208709357000089, 32.429300126000044 ], [ 130.210509287000036, 32.444154032000029 ], [ 130.223845230000052, 32.455964134000055 ], [ 130.23938226100006, 32.460345019000044 ] ] ], [ [ [ 141.17587229600008, 45.242336014000045 ], [ 141.197327286000018, 45.250273173000039 ], [ 141.211363454000093, 45.249435989000062 ], [ 141.271909293000022, 45.219982148000042 ], [ 141.28247233500008, 45.212773209000034 ], [ 141.308318269000097, 45.188882102000036 ], [ 141.320527182000092, 45.176936046000037 ], [ 141.327454154000066, 45.168600076000075 ], [ 141.333863460000089, 45.157209070000079 ], [ 141.33038228800001, 45.146100198000056 ], [ 141.310791266000024, 45.123882119000029 ], [ 141.282882378000068, 45.102773134000074 ], [ 141.259427298000105, 45.098045071000058 ], [ 141.240527280000038, 45.097218112000064 ], [ 141.218291264000072, 45.102491167000039 ], [ 141.165800266000019, 45.128045076000035 ], [ 141.149718244000042, 45.138882206000062 ], [ 141.137482341, 45.150827088000028 ], [ 141.128982253000117, 45.164153979000048 ], [ 141.133572351000112, 45.210827098000038 ], [ 141.160245244000066, 45.232764216000078 ], [ 141.170536209000034, 45.240273227000046 ], [ 141.17587229600008, 45.242336014000045 ] ] ], [ [ [ 129.123691266000037, 33.068518146000031 ], [ 129.110518267000089, 33.049573200000054 ], [ 129.107182270000067, 33.039718094000079 ], [ 129.096909242000038, 32.985545015000071 ], [ 129.10399127900007, 32.977627134000045 ], [ 129.125791268000057, 32.979991166000048 ], [ 129.136936182000113, 32.983326996000073 ], [ 129.149154147000104, 32.990273079000076 ], [ 129.177045265000061, 32.997353944000054 ], [ 129.183045199000048, 32.986109117000069 ], [ 129.179136215000085, 32.972491207000076 ], [ 129.173309283000094, 32.961382168000057 ], [ 129.06789126000001, 32.822627136000051 ], [ 129.05552728300006, 32.818673225000055 ], [ 129.005554208000035, 32.934991075000028 ], [ 129.041354155000022, 32.961382168000057 ], [ 129.100800289000063, 33.10290909500003 ], [ 129.115154130000064, 33.142418033000069 ], [ 129.12801834000004, 33.083600039000032 ], [ 129.124972356000058, 33.07054505800005 ], [ 129.123691266000037, 33.068518146000031 ] ] ], [ [ [ 124.094918318000055, 24.439491127000053 ], [ 124.148318250000102, 24.434582182000042 ], [ 124.191791326000043, 24.436109029000079 ], [ 124.21720928000002, 24.445136004000062 ], [ 124.246091307000029, 24.496109039000032 ], [ 124.285672330000011, 24.556800053000075 ], [ 124.311082237000051, 24.583473113000025 ], [ 124.325054200000068, 24.586109054000076 ], [ 124.330554237000115, 24.57360912200005 ], [ 124.326300253000113, 24.554509112000062 ], [ 124.304982391000067, 24.537636005000024 ], [ 124.296100256000045, 24.528053981000028 ], [ 124.276372273000106, 24.490691145000028 ], [ 124.261654154000098, 24.457500149000055 ], [ 124.253600319000043, 24.417500031000031 ], [ 124.252491225000085, 24.405273181000041 ], [ 124.252491225000085, 24.390409049000027 ], [ 124.239436244000103, 24.351391122000052 ], [ 124.231654149000065, 24.340136070000028 ], [ 124.2191451650001, 24.335273225000037 ], [ 124.179154266000069, 24.328327142000035 ], [ 124.163736258000085, 24.327354003000039 ], [ 124.153872435000039, 24.329436068000064 ], [ 124.141663354000116, 24.333609082000066 ], [ 124.123718203000067, 24.343191106000063 ], [ 124.076791279000076, 24.422353991000023 ], [ 124.080745191000119, 24.435753972000043 ], [ 124.094918318000055, 24.439491127000053 ] ] ], [ [ [ 129.537963312000102, 33.307491067000058 ], [ 129.538882303000037, 33.292218066000032 ], [ 129.502472322000017, 33.231653954000024 ], [ 129.49273623800002, 33.216382127000031 ], [ 129.484409320000054, 33.208600032000049 ], [ 129.471072371000105, 33.198600087000045 ], [ 129.456636219000075, 33.189991201000055 ], [ 129.441345281000054, 33.18249107400004 ], [ 129.409700244000078, 33.168882216000043 ], [ 129.395400214000119, 33.165127124000037 ], [ 129.385254255000063, 33.164709034000055 ], [ 129.361072297000078, 33.169718060000037 ], [ 129.454127180000114, 33.331664141000033 ], [ 129.539154212000085, 33.386800133000065 ], [ 129.561645206000094, 33.38832714800003 ], [ 129.568727243000012, 33.380409099000076 ], [ 129.565672375000076, 33.340264141000034 ], [ 129.537963312000102, 33.307491067000058 ] ] ], [ [ [ 139.453036299000019, 42.213609054000074 ], [ 139.454972351000038, 42.211654058000079 ], [ 139.465236159000028, 42.212491075000059 ], [ 139.531236271000012, 42.229153964000034 ], [ 139.548309202000041, 42.236800103000064 ], [ 139.561909343000025, 42.232144962000064 ], [ 139.553318227000091, 42.203882190000058 ], [ 139.517491291000056, 42.113609093000036 ], [ 139.501918217000025, 42.081109101000038 ], [ 139.454545209000116, 42.04763613800003 ], [ 139.427200256000106, 42.063464189000058 ], [ 139.407745188000035, 42.150827090000064 ], [ 139.412063377000095, 42.165691222000078 ], [ 139.425536280000074, 42.191653999000039 ], [ 139.43331820700007, 42.201936080000053 ], [ 139.441927260000057, 42.21138214900003 ], [ 139.453036299000019, 42.213609054000074 ] ] ], [ [ [ 132.427218252000102, 33.896700138000028 ], [ 132.331636225000011, 33.849164186000053 ], [ 132.21829126800003, 33.853600056000062 ], [ 132.196927306000021, 33.879153965000057 ], [ 132.191072379000047, 33.887773243000026 ], [ 132.184827190000078, 33.904854053000065 ], [ 132.192945231000067, 33.937764255000047 ], [ 132.213009328000112, 33.945545008000067 ], [ 132.246063364000065, 33.947491119000063 ], [ 132.285809343000096, 33.941236039000046 ], [ 132.297482316000014, 33.921664128000032 ], [ 132.328018260000022, 33.894853940000075 ], [ 132.353300260000083, 33.903045071000065 ], [ 132.367736244000071, 33.91193609100003 ], [ 132.420118277000029, 33.940264242000069 ], [ 132.44830024800001, 33.933600126000044 ], [ 132.451627193000036, 33.922764169000061 ], [ 132.440518321000013, 33.904018042000075 ], [ 132.431363439000052, 33.897500107000042 ], [ 132.427218252000102, 33.896700138000028 ] ] ], [ [ [ 125.288309221000077, 24.865553996000074 ], [ 125.325136286000088, 24.807500096000069 ], [ 125.34970029100009, 24.781244958000059 ], [ 125.360118327, 24.775973076000071 ], [ 125.388318234000053, 24.776945041000033 ], [ 125.402482309000106, 24.775000104000071 ], [ 125.442618215000039, 24.755000045000031 ], [ 125.45054514800006, 24.742218146000027 ], [ 125.44637230100011, 24.732773082000051 ], [ 125.34526341500009, 24.717491196000026 ], [ 125.32026338300011, 24.716382103000058 ], [ 125.304272388000072, 24.716382103000058 ], [ 125.273318187000086, 24.721109161000072 ], [ 125.259163332000071, 24.72735401400007 ], [ 125.252209202000017, 24.737773222000044 ], [ 125.266027272000088, 24.882982152000068 ], [ 125.281372358000112, 24.875273148000076 ], [ 125.288309221000077, 24.865553996000074 ] ] ], [ [ [ 134.371582251000063, 34.512409098000035 ], [ 134.362609256000042, 34.461382083000046 ], [ 134.349272307000092, 34.431518033000032 ], [ 134.193845167000063, 34.47137314400004 ], [ 134.192745294000019, 34.50999108700006 ], [ 134.277909286000067, 34.542218164000076 ], [ 134.335509222000042, 34.549164247000078 ], [ 134.364818223000043, 34.550827049000077 ], [ 134.371582251000063, 34.512409098000035 ] ] ], [ [ [ 129.720791228000053, 33.697491133000028 ], [ 129.713591341000097, 33.699718037000025 ], [ 129.663027175000025, 33.73554497300006 ], [ 129.658872433000056, 33.749164225000072 ], [ 129.682463299000119, 33.822218043000078 ], [ 129.687745239000037, 33.833882132000042 ], [ 129.699554168000077, 33.85597314100005 ], [ 129.772472367000091, 33.843327028000033 ], [ 129.794127181000022, 33.76277308300007 ], [ 129.754700218000039, 33.726936088000059 ], [ 129.720791228000053, 33.697491133000028 ] ] ], [ [ [ 132.498109204000116, 34.255082155000025 ], [ 132.498836251000057, 34.233882143000073 ], [ 132.495791273, 34.209718122000027 ], [ 132.483700210000052, 34.129991135000068 ], [ 132.446072338000022, 34.114854088000072 ], [ 132.39303618100007, 34.218600089000063 ], [ 132.38916340600008, 34.228044986000043 ], [ 132.386445155000047, 34.245345066000027 ], [ 132.403454216000114, 34.260273236000046 ], [ 132.482100272000025, 34.27720903900007 ], [ 132.498654196000075, 34.258564166000042 ], [ 132.498109204000116, 34.255082155000025 ] ] ], [ [ [ 140.994936175000021, 45.448953951000078 ], [ 141.052472409000075, 45.446936091000055 ], [ 141.068027209000093, 45.433327066000061 ], [ 141.07440030600003, 45.414153965000025 ], [ 141.059963315000118, 45.311100142000043 ], [ 141.055236257000047, 45.296391075000031 ], [ 141.04136336900001, 45.26971801500008 ], [ 141.030409228000053, 45.266518140000073 ], [ 140.991636220000032, 45.37971808900005 ], [ 140.968154150000032, 45.459854113000063 ], [ 140.981845151000016, 45.463673243000073 ], [ 140.994936175000021, 45.448953951000078 ] ] ] ] }
        }
    ]
}