{
    "type": "FeatureCollection",
    "features": [
        {
            "type": "Feature",
            "properties": {
                "WCID": "NOR",
                "COUNTRY": "Norway"
            },
            "geometry": { "type": "MultiPolygon", "coordinates": [ [ [ [ 10.495291210000062, 64.42380918200007 ], [ 10.519718087000058, 64.428891130000068 ], [ 10.588609117000033, 64.431382232000033 ], [ 10.651391248000039, 64.425282218000063 ], [ 10.672218099000077, 64.413882159000082 ], [ 10.762218114000063, 64.37999110700008 ], [ 10.808054048000031, 64.365827032000027 ], [ 10.84944506000005, 64.370554090000041 ], [ 10.806945123000048, 64.42470906300008 ], [ 10.786245174000044, 64.439436067000031 ], [ 10.747500162000051, 64.439291228000059 ], [ 10.715273253000021, 64.433463291000066 ], [ 10.688891213000034, 64.433736038000063 ], [ 10.662636075000023, 64.443118070000082 ], [ 10.695554155000025, 64.468891081000038 ], [ 10.808609098000034, 64.50693603700006 ], [ 10.834954090000053, 64.505154044000051 ], [ 10.901109100000042, 64.48999118100005 ], [ 10.936527167000065, 64.57332708000007 ], [ 10.965691161000052, 64.600963221000029 ], [ 11.035273195000059, 64.579163232000042 ], [ 11.063191135000068, 64.563745056000073 ], [ 11.060973284000056, 64.542773199000067 ], [ 11.065554161000023, 64.519573265000076 ], [ 11.273336177000033, 64.451663253000049 ], [ 11.285554142000024, 64.374436084000081 ], [ 11.221663253000031, 64.316100218000031 ], [ 11.25889114000006, 64.333600123000053 ], [ 11.344718141000044, 64.389163256000074 ], [ 11.438609203000055, 64.465000202000056 ], [ 11.446182253000075, 64.490963147000059 ], [ 11.508054110000046, 64.543873240000039 ], [ 11.531391172000042, 64.550827035000054 ], [ 11.558891191000043, 64.551373199000068 ], [ 11.580463192000025, 64.549336062000066 ], [ 11.620554003000052, 64.551936128000079 ], [ 11.728054090000057, 64.579709061000074 ], [ 11.687500096000065, 64.589718060000052 ], [ 11.590273204000027, 64.578600136000034 ], [ 11.538218065000024, 64.563518074000058 ], [ 11.508609159000059, 64.571654052000042 ], [ 11.477773143000036, 64.592209161000028 ], [ 11.460554032000061, 64.605000113000074 ], [ 11.397082237000063, 64.669645039000045 ], [ 11.417773301000068, 64.69777319700006 ], [ 11.438327068000035, 64.711109140000076 ], [ 11.551663308000059, 64.761654028000066 ], [ 11.598191253000039, 64.771800155000051 ], [ 11.642500172000041, 64.774991145000058 ], [ 11.66889126500007, 64.77165397400006 ], [ 11.738609086000054, 64.769436123000048 ], [ 11.79500018400006, 64.778045008000049 ], [ 11.83958218600003, 64.794854076000036 ], [ 11.793336041000032, 64.803182168000035 ], [ 11.742500133000021, 64.802763240000047 ], [ 11.691273293000052, 64.808818159000054 ], [ 11.643054048000067, 64.818054011000072 ], [ 11.655000104000067, 64.842763191000074 ], [ 11.733327146000022, 64.87554515000005 ], [ 11.952773250000064, 64.929991143000052 ], [ 12.066009242000064, 64.955891224000084 ], [ 12.087918196000032, 64.958463295000058 ], [ 12.146454055000049, 64.951791132000039 ], [ 12.175554012000077, 64.938191159000041 ], [ 12.217082151000056, 64.940682093000078 ], [ 12.186391142000048, 64.955554104000043 ], [ 12.156391137000071, 64.964427019000027 ], [ 12.128054101000032, 64.970273229000043 ], [ 12.088609200000064, 64.972763157000031 ], [ 12.041245077000042, 64.970973118000074 ], [ 11.913327176000053, 64.944991229000038 ], [ 11.893609084000047, 64.939709122000068 ], [ 11.74721813900004, 64.892773146000081 ], [ 11.444718102000024, 64.779436068000052 ], [ 11.386454152000056, 64.749918190000074 ], [ 11.353609161000065, 64.742218071000082 ], [ 11.301663322000024, 64.73512714900005 ], [ 11.241527190000056, 64.733600134000028 ], [ 11.292500225000026, 64.750544989000048 ], [ 11.374718146000021, 64.805545026000061 ], [ 11.329718223000043, 64.808045013000083 ], [ 11.237709233000032, 64.81950022500007 ], [ 11.272782133000021, 64.840545004000035 ], [ 11.374445064000042, 64.852218145000052 ], [ 11.434718156000031, 64.857209066000053 ], [ 11.47694517900004, 64.856109193000066 ], [ 11.549718203000054, 64.863873182000077 ], [ 11.695973194000032, 64.898882212000046 ], [ 11.674709144000076, 64.903318083000045 ], [ 11.626945036000052, 64.896382226000071 ], [ 11.310000131000038, 64.855818173000046 ], [ 11.253191111000035, 64.855545091000067 ], [ 11.301809167000044, 64.885127174000047 ], [ 11.351945018000038, 64.901382199000068 ], [ 11.427500164000037, 64.923600110000052 ], [ 11.547218217000022, 64.949436153000079 ], [ 11.631800170000076, 64.961109126000053 ], [ 11.682809080000027, 64.956045116000041 ], [ 11.713718186000051, 64.958718105000059 ], [ 11.780000097000027, 64.973600174000069 ], [ 11.803127109000059, 64.999363294000034 ], [ 11.878609165000057, 65.038609209000072 ], [ 11.943054098000061, 65.059154092000028 ], [ 11.967145029000051, 65.064209050000045 ], [ 11.975000214000033, 65.065827093000053 ], [ 12.00430016200005, 65.059718194000084 ], [ 12.009754099000077, 65.05170006600008 ], [ 12.011182208000037, 65.037354103000041 ], [ 12.02315408000004, 65.026882256000079 ], [ 12.044791125000074, 65.052845034000029 ], [ 12.148891178000042, 65.039154033000045 ], [ 12.254445155000042, 65.053054078000059 ], [ 12.420554025000058, 65.084445144000028 ], [ 12.624718076000022, 65.133609197000055 ], [ 12.939236085000061, 65.320882205000032 ], [ 12.820836170000064, 65.270827155000063 ], [ 12.702945037000063, 65.21380020600003 ], [ 12.674609175000057, 65.200382120000029 ], [ 12.479791114000022, 65.13430020100003 ], [ 12.390418065000063, 65.140682182000035 ], [ 12.368327056000055, 65.157773218000045 ], [ 12.422218168000029, 65.230545069000073 ], [ 12.510273246000054, 65.240263216000073 ], [ 12.617500251000024, 65.242763202000049 ], [ 12.675391207000075, 65.251718092000033 ], [ 12.64860918200003, 65.264436121000074 ], [ 12.43110918800005, 65.272082094000041 ], [ 12.367773180000029, 65.269436094000071 ], [ 12.339445030000036, 65.262491185000044 ], [ 12.259445128000038, 65.226109199000064 ], [ 12.249027093000052, 65.231800176000036 ], [ 12.335836117000042, 65.292218107000053 ], [ 12.478054048000047, 65.359982107000064 ], [ 12.509191142000077, 65.366609175000065 ], [ 12.538009131000024, 65.377882164000027 ], [ 12.480418080000049, 65.441244993000055 ], [ 12.551527129000021, 65.446100127000079 ], [ 12.608327096000039, 65.424436092000064 ], [ 12.634509145000038, 65.416027032000045 ], [ 12.607500138000034, 65.45915410300006 ], [ 12.561945165000054, 65.504436162000047 ], [ 12.531109149000031, 65.516936094000073 ], [ 12.505418112000029, 65.510827028000051 ], [ 12.476663323000025, 65.513045047000048 ], [ 12.421109242000057, 65.528600183000037 ], [ 12.392918219000023, 65.544153978000054 ], [ 12.355554042000051, 65.590273221000075 ], [ 12.354927075000035, 65.64075407100006 ], [ 12.434718100000055, 65.700545036000051 ], [ 12.494300188000068, 65.726718032000065 ], [ 12.531391116000066, 65.72693612900008 ], [ 12.572154155000021, 65.713818115000038 ], [ 12.611354137000035, 65.66092713300003 ], [ 12.647218121000037, 65.636936114000036 ], [ 12.754027205000057, 65.627073128000063 ], [ 12.78381816600006, 65.63470921000004 ], [ 12.666391222000073, 65.680263177000029 ], [ 12.582218139000076, 65.727491179000083 ], [ 12.553400150000073, 65.747909160000063 ], [ 12.609163275000071, 65.842773193000028 ], [ 12.647363296000037, 65.89943603200004 ], [ 12.670836145000067, 65.919154124000045 ], [ 12.695000166000057, 65.931245019000073 ], [ 12.74444518100006, 65.949154129000078 ], [ 12.782773277000047, 65.960536083000079 ], [ 12.809027075000074, 65.966663254000082 ], [ 12.83486328500004, 65.967218136000042 ], [ 12.89778220900007, 65.952773267000055 ], [ 12.917500134000022, 65.946653975000061 ], [ 13.055554103000077, 65.901382142000045 ], [ 13.169445057000075, 65.849845005000077 ], [ 13.148191232000045, 65.909154011000055 ], [ 13.117218088000072, 65.941382093000072 ], [ 13.070554022000067, 65.940273167000043 ], [ 12.987500257000022, 65.955273254000076 ], [ 12.940836191000074, 65.971518053000068 ], [ 12.925691265000069, 65.98569118000006 ], [ 12.957363292000025, 66.03916319700005 ], [ 12.905554078000023, 66.053882154000064 ], [ 12.885273225000049, 66.05028212600007 ], [ 12.742218109000021, 66.03915397600008 ], [ 12.720973170000036, 66.039436111000043 ], [ 12.673745169000028, 66.06443614300008 ], [ 12.839445169000044, 66.12762714400003 ], [ 12.89500025600006, 66.133882223000057 ], [ 12.923054151000031, 66.13499114900003 ], [ 12.955273181000052, 66.133609141000079 ], [ 12.984027132000051, 66.134845136000081 ], [ 13.068609085000048, 66.146654064000074 ], [ 13.162773229000038, 66.16692703800004 ], [ 13.227218163000032, 66.180827084000043 ], [ 13.265418183000065, 66.199091083000042 ], [ 13.304300156000068, 66.218882098000051 ], [ 13.351391197000055, 66.223600103000081 ], [ 13.55965416600003, 66.234018138000067 ], [ 13.576600195000026, 66.214363246000062 ], [ 13.527218213000026, 66.193327016000069 ], [ 13.531736059000025, 66.110473244000048 ], [ 13.549718091000045, 66.100554100000068 ], [ 13.613054098000077, 66.191653988000041 ], [ 13.66298224600007, 66.225754085000062 ], [ 13.705000224000059, 66.234163313000067 ], [ 13.74583618500003, 66.236373118000074 ], [ 13.767500220000045, 66.236654079000061 ], [ 13.806527200000062, 66.230554065000035 ], [ 13.855273163000049, 66.221100117000049 ], [ 13.877782262000039, 66.22526324100005 ], [ 13.998891207000042, 66.248882103000028 ], [ 14.138263314000028, 66.320236071000068 ], [ 14.113191198000038, 66.336654040000042 ], [ 13.967218174000038, 66.300827104000064 ], [ 13.747218194000027, 66.276654030000032 ], [ 13.720136097000022, 66.253873191000082 ], [ 13.639445023000064, 66.238873272000035 ], [ 13.61902721000007, 66.237636103000057 ], [ 13.589445127000033, 66.243609047000064 ], [ 13.482218121000074, 66.251936133000072 ], [ 13.36721807400005, 66.241382143000067 ], [ 13.195000138000069, 66.199709165000058 ], [ 13.173891153000056, 66.194718077000061 ], [ 13.141945038000074, 66.187773167000046 ], [ 13.066245053000046, 66.175691156000028 ], [ 13.028400257000044, 66.188945125000032 ], [ 13.211245105000046, 66.27360905200004 ], [ 13.34236321700007, 66.300273228000037 ], [ 13.413609226000062, 66.296391233000065 ], [ 13.491391276000058, 66.295273255000041 ], [ 13.52742709000006, 66.305127020000043 ], [ 13.474163280000027, 66.313327036000032 ], [ 13.326945041000045, 66.318054094000047 ], [ 13.254163299000027, 66.300554021000039 ], [ 13.218891245000066, 66.295000172000073 ], [ 13.192218185000058, 66.29331809200005 ], [ 13.148891121000077, 66.297482221000053 ], [ 13.043609220000064, 66.316100105000032 ], [ 13.020836092000025, 66.324436075000051 ], [ 13.006454087000066, 66.352973270000064 ], [ 13.042218160000061, 66.361373111000034 ], [ 13.076109212000063, 66.367491230000041 ], [ 13.161245041000029, 66.397136010000054 ], [ 13.15513614200006, 66.433327056000053 ], [ 13.078054148000035, 66.495063293000044 ], [ 13.027363248000029, 66.496100135000063 ], [ 12.975691162000032, 66.517282210000076 ], [ 13.085554108000053, 66.536945149000076 ], [ 13.108327068000051, 66.536945149000076 ], [ 13.130554032000077, 66.531391132000067 ], [ 13.210973196000054, 66.509436078000078 ], [ 13.283891228000073, 66.521382134000078 ], [ 13.456945174000055, 66.558882099000073 ], [ 13.488891122000041, 66.578891210000052 ], [ 13.545000253000069, 66.593600109000079 ], [ 13.566391205000059, 66.598600082000075 ], [ 13.628891201000044, 66.601382203000071 ], [ 13.660136087000069, 66.600682147000043 ], [ 13.71360910900006, 66.601527043000033 ], [ 13.646391274000052, 66.611654058000056 ], [ 13.521491194000077, 66.60567323500004 ], [ 13.472082221000051, 66.591518045000043 ], [ 13.448054154000033, 66.575544987000058 ], [ 13.417427183000029, 66.555827063000038 ], [ 13.269027096000059, 66.54055406100008 ], [ 13.234163240000044, 66.545545150000066 ], [ 13.207918160000077, 66.554154035000067 ], [ 13.173054136000076, 66.648045097000079 ], [ 13.191527181000026, 66.661109131000046 ], [ 13.390554131000044, 66.653318152000054 ], [ 13.483327215000031, 66.643600174000028 ], [ 13.535827098000027, 66.634718038000074 ], [ 13.515582287000029, 66.647463225000081 ], [ 13.490663224000059, 66.661045093000041 ], [ 13.401527216000034, 66.682209064000062 ], [ 13.321663268000066, 66.686936122000077 ], [ 13.297218118000046, 66.689573236000058 ], [ 13.229027145000032, 66.710273184000073 ], [ 13.287082218000023, 66.720963296000036 ], [ 13.402500187000044, 66.716663212000071 ], [ 13.493891263000023, 66.709582180000041 ], [ 13.544118141000069, 66.698109199000044 ], [ 13.570582157000047, 66.690745026000059 ], [ 13.699927160000072, 66.690473117000067 ], [ 13.864163345000065, 66.719436113000029 ], [ 13.887218105000045, 66.727973249000058 ], [ 13.73950013700005, 66.72665410500008 ], [ 13.689918162000026, 66.72161809000005 ], [ 13.623054044000071, 66.712491204000059 ], [ 13.585836047000043, 66.708053992000032 ], [ 13.556800128000077, 66.710336049000034 ], [ 13.543745147000038, 66.741100148000044 ], [ 13.570973256000059, 66.756518156000084 ], [ 13.602500109000061, 66.759991114000059 ], [ 13.629582206000066, 66.760836010000048 ], [ 13.680118209000057, 66.758945052000058 ], [ 13.643554168000037, 66.766991176000033 ], [ 13.598609229000033, 66.771945049000067 ], [ 13.568336142000021, 66.771382120000055 ], [ 13.539718145000052, 66.768600166000056 ], [ 13.512327091000031, 66.781418108000082 ], [ 13.56944506800005, 66.799163268000029 ], [ 13.616663346000053, 66.806382098000029 ], [ 13.746391235000033, 66.795000144000028 ], [ 13.990836198000068, 66.785273113000073 ], [ 13.959163333000049, 66.796100185000057 ], [ 13.926391265000063, 66.801800215000071 ], [ 13.844718168000043, 66.801100158000054 ], [ 13.824300187000063, 66.803045095000073 ], [ 13.692218156000024, 66.829991237000058 ], [ 13.525900242000034, 66.899782148000043 ], [ 13.551391119000073, 66.928463177000083 ], [ 13.571527132000028, 66.934153986000069 ], [ 13.597500136000065, 66.936663193000072 ], [ 13.756109214000048, 66.937482105000072 ], [ 13.92833603400004, 66.919709117000082 ], [ 13.950554113000067, 66.919718170000067 ], [ 14.122500140000056, 66.980273229000034 ], [ 14.198473207000063, 66.97262709000006 ], [ 14.222500101000037, 66.97624505400006 ], [ 14.271600116000059, 67.025545062000049 ], [ 14.304163307000067, 67.053600130000063 ], [ 14.403745179000055, 67.059991164000053 ], [ 14.532500264000078, 67.043882152000037 ], [ 14.555100222000021, 67.022453984000038 ], [ 14.594445043000064, 67.032909067000048 ], [ 14.578054064000071, 67.051518066000028 ], [ 14.425000176000026, 67.071109088000071 ], [ 14.371109233000027, 67.070544986000073 ], [ 14.297782164000068, 67.070827121000036 ], [ 14.268891253000049, 67.076654052000038 ], [ 14.325554092000061, 67.143744985000069 ], [ 14.350554124000041, 67.151109157000064 ], [ 14.448327181000025, 67.16444510000008 ], [ 14.598609173000057, 67.162218196000083 ], [ 14.676391223000053, 67.15638221200004 ], [ 14.709445090000031, 67.151100105000069 ], [ 14.725763315000052, 67.133391155000083 ], [ 14.742636086000061, 67.117836019000038 ], [ 14.751527106000026, 67.141109211000071 ], [ 14.725136181000039, 67.157773273000032 ], [ 14.704863207000074, 67.164027179000072 ], [ 14.605691210000032, 67.175273178000054 ], [ 14.527573214000029, 67.177700075000075 ], [ 14.55221818800004, 67.189991130000067 ], [ 14.580836185000067, 67.195273237000038 ], [ 14.795836193000071, 67.211382250000042 ], [ 14.933054151000022, 67.204291159000036 ], [ 14.929718154000057, 67.174709076000056 ], [ 14.893263245000071, 67.148882253000068 ], [ 14.974654040000075, 67.093182159000037 ], [ 15.006318188000023, 67.098882189000051 ], [ 14.986800256000038, 67.125409068000067 ], [ 14.960554170000023, 67.136109071000078 ], [ 14.933609201000024, 67.143744985000069 ], [ 14.964445049000062, 67.173600150000084 ], [ 15.020973275000074, 67.202773197000056 ], [ 15.059236160000069, 67.209018050000054 ], [ 15.251663200000053, 67.185818115000075 ], [ 15.354445114000043, 67.164154081000049 ], [ 15.378891270000054, 67.158873146000076 ], [ 15.395136069000046, 67.142563304000078 ], [ 15.389163293000024, 67.114718119000031 ], [ 15.453891199000054, 67.071927162000065 ], [ 15.495554120000065, 67.06527327200007 ], [ 15.472218231000056, 67.139709098000083 ], [ 15.384927079000022, 67.194091221000065 ], [ 15.41650908400004, 67.207263215000069 ], [ 15.483054020000054, 67.207491202000028 ], [ 15.533891268000048, 67.200818034000065 ], [ 15.591945168000052, 67.190473257000065 ], [ 15.618745130000036, 67.181518031000053 ], [ 15.713336081000023, 67.170273205000058 ], [ 15.735554160000049, 67.175754132000066 ], [ 15.696109091000039, 67.206663238000033 ], [ 15.413891248000027, 67.235273188000065 ], [ 15.275836106000042, 67.241382255000076 ], [ 15.255418125000062, 67.240136033000056 ], [ 15.229718204000051, 67.232354107000049 ], [ 15.196109119000027, 67.230000133000033 ], [ 15.071182216000068, 67.250891189000072 ], [ 15.09750021900004, 67.257627054000068 ], [ 15.140691160000074, 67.269718117000082 ], [ 15.15389114900006, 67.30554505300006 ], [ 15.038327167000034, 67.295545107000066 ], [ 14.859163316000036, 67.27360916400005 ], [ 14.830527214000028, 67.251682105000043 ], [ 14.712773209000034, 67.216936099000065 ], [ 14.692218100000048, 67.211382250000042 ], [ 14.66860912900006, 67.207491202000028 ], [ 14.629654066000057, 67.208882096000082 ], [ 14.539863263000029, 67.246373175000031 ], [ 14.32890014700007, 67.239209162000066 ], [ 14.46444507700005, 67.295273198000075 ], [ 14.560273197000072, 67.349154084000077 ], [ 14.575554078000039, 67.392909127000053 ], [ 14.623054155000034, 67.416245016000062 ], [ 14.65639116400007, 67.424991197000054 ], [ 14.761109130000023, 67.419709089000037 ], [ 14.798891229000048, 67.414854123000055 ], [ 14.812363295000068, 67.399573243000077 ], [ 14.883054087000062, 67.404709170000046 ], [ 14.92089117200004, 67.427409208000029 ], [ 14.884554112000046, 67.430163166000057 ], [ 14.829027189000044, 67.441663305000077 ], [ 14.731600137000044, 67.490618146000031 ], [ 14.819163198000069, 67.528045020000036 ], [ 14.917363228000056, 67.554854035000062 ], [ 14.971945176000077, 67.56332713300003 ], [ 15.035827181000059, 67.570545125000081 ], [ 15.073609113000032, 67.569163285000059 ], [ 15.146600234000061, 67.54110017000005 ], [ 15.00694515400005, 67.486663229000044 ], [ 14.986109084000077, 67.481109212000035 ], [ 14.958945180000057, 67.47627318900004 ], [ 14.934282268000061, 67.47310918900007 ], [ 14.995154163000052, 67.468636102000062 ], [ 15.035554099000024, 67.47387311500006 ], [ 15.108891225000036, 67.493045042000062 ], [ 15.326663296000049, 67.482773188000067 ], [ 15.395554159000028, 67.478336143000035 ], [ 15.435273148000022, 67.47373615500004 ], [ 15.465273153000055, 67.460963308000032 ], [ 15.530282189000047, 67.395827035000082 ], [ 15.588054121000027, 67.317218194000077 ], [ 15.625273292000031, 67.266100152000035 ], [ 15.644445051000048, 67.268053974000054 ], [ 15.69166332900005, 67.295682235000072 ], [ 15.61500026300007, 67.351654070000052 ], [ 15.516663272000073, 67.425554126000065 ], [ 15.53139111400003, 67.465000200000077 ], [ 15.547500126000045, 67.482082184000035 ], [ 15.588491153000064, 67.500691182000082 ], [ 15.619163220000075, 67.511109050000073 ], [ 15.704718144000026, 67.536373112000035 ], [ 15.761245028000076, 67.547763280000083 ], [ 15.794163277000052, 67.550827033000076 ], [ 15.852945061000071, 67.55210912900003 ], [ 15.887463247000028, 67.556445088000032 ], [ 15.839027078000072, 67.566236156000059 ], [ 15.722773266000047, 67.558318108000037 ], [ 15.700282273000028, 67.553882237000039 ], [ 15.658054077000031, 67.543045107000069 ], [ 15.638054018000048, 67.536945093000043 ], [ 15.610836134000067, 67.526382218000037 ], [ 15.546182156000043, 67.507845137000061 ], [ 15.360000137000043, 67.512209091000045 ], [ 15.278891142000077, 67.518327042000067 ], [ 15.238682146000031, 67.528463277000071 ], [ 15.182427171000029, 67.619573224000078 ], [ 15.306873288000077, 67.716727026000058 ], [ 15.357218183000043, 67.707763251000074 ], [ 15.454718158000048, 67.68581808700003 ], [ 15.508609101000047, 67.67610010900006 ], [ 15.651945178000062, 67.675282203000052 ], [ 15.603891224000051, 67.688718058000063 ], [ 15.571682252000073, 67.699009191000073 ], [ 15.540473242000076, 67.70288213300006 ], [ 15.510891158000049, 67.701291081000079 ], [ 15.485718124000073, 67.703963231000046 ], [ 15.401945025000032, 67.735691082000073 ], [ 15.480891153000073, 67.729491156000051 ], [ 15.538391177000051, 67.733654112000067 ], [ 15.576973245000033, 67.735236112000052 ], [ 15.60771823400006, 67.73157322000003 ], [ 15.645891265000046, 67.716663156000038 ], [ 15.763473273000045, 67.687627070000076 ], [ 15.788609092000058, 67.679444991000082 ], [ 15.826873151000029, 67.676591121000058 ], [ 15.781109133000029, 67.727763310000057 ], [ 15.683891126000049, 67.749709144000064 ], [ 15.631945119000022, 67.759991225000078 ], [ 15.589163214000052, 67.766663220000055 ], [ 15.372082148000061, 67.79241812600003 ], [ 15.177500120000047, 67.709854033000056 ], [ 15.072773269000038, 67.681109134000053 ], [ 15.001109170000063, 67.663054012000032 ], [ 14.918609115000038, 67.648882225000079 ], [ 14.843891153000072, 67.638609197000051 ], [ 14.812773170000071, 67.638882112000033 ], [ 14.761663342000077, 67.643054120000045 ], [ 14.733327144000043, 67.65193608800007 ], [ 14.78319125400003, 67.721245039000053 ], [ 14.899163267000063, 67.72833612900007 ], [ 14.983891232000076, 67.728045110000039 ], [ 15.036109148000037, 67.740263242000083 ], [ 15.033609162000062, 67.776109122000037 ], [ 14.985836169000038, 67.776654113000063 ], [ 14.869445061000022, 67.768873193000047 ], [ 14.842500260000065, 67.766663220000055 ], [ 14.768891224000072, 67.784018118000063 ], [ 14.756800161000058, 67.802627117000043 ], [ 14.793191200000024, 67.820409157000029 ], [ 15.002500231000056, 67.839154110000038 ], [ 15.054163265000057, 67.838882201000047 ], [ 15.076391234000027, 67.835127108000052 ], [ 15.101663343000041, 67.852209092000066 ], [ 15.057218133000049, 67.856245146000049 ], [ 15.009163341000033, 67.852763303000074 ], [ 14.943054097000072, 67.846100193000041 ], [ 14.906663226000035, 67.84027326100005 ], [ 14.872218130000022, 67.837909062000051 ], [ 14.850273302000062, 67.842218198000069 ], [ 14.889300114000037, 67.86888220600008 ], [ 14.968054129000052, 67.889163226000051 ], [ 14.992218150000042, 67.893054106000079 ], [ 15.031245130000059, 67.892909099000065 ], [ 15.182218126000066, 67.879436028000043 ], [ 15.230000171000029, 67.870963265000057 ], [ 15.261945113000024, 67.860827029000063 ], [ 15.33082709100006, 67.886654020000037 ], [ 15.525273163000065, 67.920545072000039 ], [ 15.70860919100005, 67.946927112000083 ], [ 15.735836127000027, 67.948882107000031 ], [ 15.773891141000036, 67.948463180000033 ], [ 15.804718104000074, 67.941663277000032 ], [ 15.822709189000022, 67.930063226000073 ], [ 15.871109148000073, 67.923327026000038 ], [ 15.906663337000055, 67.947218132000046 ], [ 15.955827055000043, 67.993045014000074 ], [ 15.96110916300006, 68.013045074000047 ], [ 15.847773259000064, 68.038609208000082 ], [ 15.804445022000039, 68.034718161000058 ], [ 15.76278226900007, 68.026654099000041 ], [ 15.633891229000028, 68.030818061000048 ], [ 15.59944512800007, 68.032773224000039 ], [ 15.519500211000036, 68.046491214000071 ], [ 15.442218225000033, 68.028882177000071 ], [ 15.438891280000064, 68.004582201000062 ], [ 15.407773297000062, 67.988191222000069 ], [ 15.322773255000072, 67.998809081000047 ], [ 15.288327153000068, 68.030545146000065 ], [ 15.350973163000049, 68.076236074000064 ], [ 15.432782214000042, 68.117763208000042 ], [ 15.494509232000041, 68.125682262000055 ], [ 15.526763298000049, 68.10041803200005 ], [ 15.592391253000073, 68.113936031000037 ], [ 15.617973157000051, 68.124391114000048 ], [ 15.665836171000024, 68.146654119000061 ], [ 15.721109123000076, 68.140754098000059 ], [ 15.735073206000038, 68.090963246000058 ], [ 15.699027167000054, 68.087909215000082 ], [ 15.638691210000047, 68.085127094000029 ], [ 15.622427133000031, 68.054709167000055 ], [ 15.649027102000048, 68.045127143000059 ], [ 15.859300220000023, 68.096109064000075 ], [ 15.876391256000034, 68.10846315100008 ], [ 15.897782208000024, 68.127209110000081 ], [ 15.933891279000022, 68.182491114000072 ], [ 15.951836096000022, 68.233636146000038 ], [ 16.013745168000071, 68.24346325700003 ], [ 16.040418228000021, 68.235409086000061 ], [ 16.104582200000038, 68.157627036000065 ], [ 16.092500190000067, 68.068053995000071 ], [ 16.192773233000025, 67.978336115000047 ], [ 16.209854043000064, 67.962209166000036 ], [ 16.221527184000024, 67.924436119000063 ], [ 16.212009198000032, 67.900691193000057 ], [ 16.393891133000068, 67.821382128000039 ], [ 16.423609171000066, 67.811382182000045 ], [ 16.468891229000064, 67.799163211000064 ], [ 16.495827146000067, 67.794154018000029 ], [ 16.501945097000032, 67.804991149000045 ], [ 16.453327208000076, 67.847491086000048 ], [ 16.426391124000077, 67.852491226000041 ], [ 16.372218213000053, 67.862491172000034 ], [ 16.320554006000066, 67.872773253000048 ], [ 16.258891194000057, 67.891027026000074 ], [ 16.207500237000033, 67.999991097000077 ], [ 16.245418123000036, 68.010963176000075 ], [ 16.348891209000044, 68.006654040000058 ], [ 16.408054035000077, 67.99221805600007 ], [ 16.427773300000069, 67.973873255000058 ], [ 16.450973235000049, 67.962073211000074 ], [ 16.479445051000027, 67.954573252000046 ], [ 16.52666332900003, 67.95540909500005 ], [ 16.489582292000023, 68.012836029000084 ], [ 16.422773160000077, 68.021100083000078 ], [ 16.388336110000068, 68.023327154000071 ], [ 16.367291163000061, 68.032700134000038 ], [ 16.395273309000061, 68.061936044000049 ], [ 16.466800112000044, 68.093745032000072 ], [ 16.510136060000036, 68.072491207000041 ], [ 16.542218130000037, 68.062773229000072 ], [ 16.671318215000042, 68.046718196000029 ], [ 16.715273250000052, 68.066663270000049 ], [ 16.538891185000068, 68.089718198000071 ], [ 16.513482284000077, 68.114863237000066 ], [ 16.445545114000026, 68.111391117000039 ], [ 16.409727063000048, 68.089873263000072 ], [ 16.342500176000044, 68.071654023000065 ], [ 16.300000238000052, 68.099718144000065 ], [ 16.307782165000049, 68.11999111800003 ], [ 16.409163296000031, 68.152773244000059 ], [ 16.483891148000055, 68.181245060000037 ], [ 16.458054099000037, 68.208600072000081 ], [ 16.421109184000045, 68.209991133000074 ], [ 16.34927325600006, 68.20610008500006 ], [ 16.317945055000052, 68.202763250000032 ], [ 16.292445126000075, 68.195773245000055 ], [ 16.234445038000047, 68.189163277000034 ], [ 16.190000164000026, 68.192218145000083 ], [ 16.165554008000072, 68.202282129000082 ], [ 16.178745112000058, 68.220827089000068 ], [ 16.210691227000041, 68.218745025000032 ], [ 16.249445124000033, 68.217209125000068 ], [ 16.313218164000034, 68.232273249000059 ], [ 16.288236070000039, 68.244045129000028 ], [ 16.26150014500007, 68.247491097000079 ], [ 16.105763210000077, 68.271100068000067 ], [ 16.137636068000063, 68.306100214000082 ], [ 16.183745085000055, 68.315409156000044 ], [ 16.516800176000061, 68.253463203000081 ], [ 16.543891158000065, 68.239718055000083 ], [ 16.56639120400007, 68.214573184000074 ], [ 16.632773195000027, 68.174163190000058 ], [ 16.721800238000071, 68.140682181000045 ], [ 16.76832717700006, 68.131654033000075 ], [ 16.800063242000022, 68.130336062000083 ], [ 16.73332719900003, 68.171936119000065 ], [ 16.642082136000056, 68.196663236000063 ], [ 16.592700154000056, 68.234018193000054 ], [ 16.465554058000066, 68.294153990000041 ], [ 16.413891192000051, 68.296936112000083 ], [ 16.245000201000039, 68.32513601900007 ], [ 16.222773238000059, 68.347491225000056 ], [ 16.29221814400006, 68.363054073000058 ], [ 16.31721817600004, 68.366945120000082 ], [ 16.547500238000055, 68.396382196000047 ], [ 16.589445125000054, 68.399427174000039 ], [ 16.706391115000031, 68.400836004000041 ], [ 16.731391147000068, 68.397900159000073 ], [ 16.856527095000047, 68.371100197000032 ], [ 16.876036142000032, 68.353527034000081 ], [ 16.851663244000065, 68.338882173000059 ], [ 16.830554091000067, 68.323463159000028 ], [ 16.893473183000026, 68.324582143000043 ], [ 16.986945150000054, 68.342636092000077 ], [ 17.018054081000059, 68.356236065000076 ], [ 17.053609108000046, 68.362782164000066 ], [ 17.132636039000033, 68.367491117000043 ], [ 17.158473255000047, 68.359709190000046 ], [ 17.327082279000024, 68.252909159000069 ], [ 17.330073277000054, 68.187909176000062 ], [ 17.323682244000054, 68.165754130000039 ], [ 17.358054082000024, 68.176373163000051 ], [ 17.415200221000077, 68.237009192000073 ], [ 17.395691174000035, 68.260827040000038 ], [ 17.343609213000036, 68.285827072000075 ], [ 17.320973212000069, 68.293745121000029 ], [ 17.280209167000066, 68.303254055000082 ], [ 17.217636081000023, 68.333454052000036 ], [ 17.20250020800006, 68.369573182000067 ], [ 17.252363311000067, 68.401100202000066 ], [ 17.332782141000052, 68.399845096000035 ], [ 17.38666319400005, 68.392773116000058 ], [ 17.418945088000044, 68.382853972000078 ], [ 17.483054075000041, 68.363600070000075 ], [ 17.543891269000028, 68.352354070000047 ], [ 17.571527075000063, 68.359918067000081 ], [ 17.523327108000046, 68.37277322500006 ], [ 17.482218231000047, 68.38055397800008 ], [ 17.373745172000042, 68.409009198000035 ], [ 17.402500129000032, 68.418318140000054 ], [ 17.489163309000048, 68.422209187000078 ], [ 17.570827186000031, 68.424436091000075 ], [ 17.571945164000056, 68.450273140000036 ], [ 17.548191185000064, 68.525691158000029 ], [ 17.525418225000067, 68.526100195000083 ], [ 17.353054109000027, 68.496109075000049 ], [ 17.323118142000055, 68.486454128000048 ], [ 17.296109135000052, 68.465827102000048 ], [ 17.261945168000068, 68.451109151000082 ], [ 17.225554129000045, 68.444991200000061 ], [ 17.183609242000045, 68.441936164000083 ], [ 17.113891253000077, 68.437209106000068 ], [ 17.056663306000075, 68.434154070000034 ], [ 17.016145186000074, 68.439254122000079 ], [ 17.048473181000077, 68.452500212000075 ], [ 17.087563192000061, 68.462700150000046 ], [ 17.063327087000062, 68.486373159000038 ], [ 16.998609239000075, 68.502918198000032 ], [ 16.968054016000053, 68.499709102000054 ], [ 16.942709153000067, 68.489436074000082 ], [ 16.91250010300007, 68.47290914000007 ], [ 16.868609105000075, 68.452209192000055 ], [ 16.843609241000024, 68.44860916500005 ], [ 16.659163282000065, 68.437482188000047 ], [ 16.527218211000047, 68.433882161000042 ], [ 16.504718166000032, 68.435953999000048 ], [ 16.467009157000064, 68.511727075000067 ], [ 16.539582189000043, 68.538463167000032 ], [ 16.576682169000037, 68.530882238000061 ], [ 16.607636202000037, 68.528463221000038 ], [ 16.631936178000046, 68.539709053000081 ], [ 16.58555407800003, 68.559709112000064 ], [ 16.567354117000036, 68.57102702800006 ], [ 16.566318113000023, 68.602836016000083 ], [ 16.624582231000034, 68.638736042000062 ], [ 16.77110913100006, 68.667773134000072 ], [ 16.84278228200003, 68.681109078000077 ], [ 16.972909150000078, 68.701518174000057 ], [ 17.170000216000062, 68.707491118000064 ], [ 17.257500245000074, 68.720553979000044 ], [ 17.356663189000074, 68.710682109000061 ], [ 17.382563270000048, 68.699436109000033 ], [ 17.401945080000075, 68.680963233000057 ], [ 17.430000148000033, 68.670136161000073 ], [ 17.472773167000071, 68.662773161000075 ], [ 17.66906325900004, 68.657563306000043 ], [ 17.628609176000055, 68.679853971000057 ], [ 17.597082156000056, 68.683600179000052 ], [ 17.545000195000057, 68.681927151000082 ], [ 17.487218204000044, 68.684436023000046 ], [ 17.295973180000033, 68.731245096000066 ], [ 17.239100123000071, 68.753463175000036 ], [ 17.430273230000068, 68.807491246000041 ], [ 17.450273289000052, 68.809854105000056 ], [ 17.48277328100005, 68.807636086000059 ], [ 17.522500149000052, 68.796391092000079 ], [ 17.575836043000038, 68.78582704400003 ], [ 17.767773245000058, 68.754718113000081 ], [ 17.79250019400007, 68.756945017000078 ], [ 17.780063294000058, 68.779709093000065 ], [ 17.743609224000068, 68.786373209000033 ], [ 17.699582271000054, 68.784436151000079 ], [ 17.660827201000075, 68.787763264000034 ], [ 17.633054100000038, 68.792773127000032 ], [ 17.471382274000064, 68.827773273000048 ], [ 17.491391218000047, 68.836382158000049 ], [ 17.646663293000074, 68.874709081000049 ], [ 17.715273194000076, 68.890000187000055 ], [ 17.734645113000056, 68.882491175000041 ], [ 17.754718095000044, 68.869854115000066 ], [ 17.81985403300007, 68.863327127000048 ], [ 17.844373279000024, 68.872500114000047 ], [ 17.718609191000041, 68.928600192000033 ], [ 17.685836118000054, 68.929154068000059 ], [ 17.628609176000055, 68.925554041000055 ], [ 17.572773296000037, 68.921100065000076 ], [ 17.518609102000028, 68.915545043000066 ], [ 17.494445081000038, 68.91137320200005 ], [ 17.467636067000058, 68.901518095000029 ], [ 17.431873168000038, 68.898391143000083 ], [ 17.487782139000046, 68.98999109500005 ], [ 17.636454135000065, 69.103673172000072 ], [ 17.687500261000025, 69.113327113000082 ], [ 17.716391172000044, 69.115263165000044 ], [ 17.903891162000036, 69.126936139000065 ], [ 18.117500109000048, 69.144718179000051 ], [ 18.147918203000074, 69.15012702100006 ], [ 18.020273217000067, 69.226945152000042 ], [ 17.995418192000045, 69.230000188000076 ], [ 17.996391163000055, 69.280273167000075 ], [ 18.010418111000035, 69.298045149000075 ], [ 18.030273163000061, 69.309718122000049 ], [ 18.081245025000044, 69.317491164000046 ], [ 18.131945146000078, 69.339154025000028 ], [ 18.172218179000026, 69.386382194000078 ], [ 18.176527148000048, 69.407209212000055 ], [ 18.173609240000076, 69.432218129000034 ], [ 18.204445088000057, 69.462773183000081 ], [ 18.256945139000038, 69.486373270000058 ], [ 18.276945030000036, 69.48887325700008 ], [ 18.301527141000065, 69.484018123000055 ], [ 18.349300133000042, 69.463045092000073 ], [ 18.497218094000061, 69.373318160000053 ], [ 18.51166329800003, 69.348054098000034 ], [ 18.539445116000024, 69.299163295000028 ], [ 18.693473149000056, 69.261654110000052 ], [ 18.701318107000077, 69.282491186000073 ], [ 18.675000104000048, 69.305027106000068 ], [ 18.771109186000047, 69.32470915600004 ], [ 18.869445171000052, 69.319445153000061 ], [ 18.893236198000068, 69.310400074000029 ], [ 18.946663287000035, 69.290836041000034 ], [ 18.974718187000065, 69.285263249000081 ], [ 19.006945096000038, 69.287082122000072 ], [ 18.958745130000068, 69.321382211000071 ], [ 18.916382153000029, 69.329436047000058 ], [ 18.834163226000044, 69.340273177000029 ], [ 18.792500138000037, 69.342218114000048 ], [ 18.75610910000006, 69.348600095000052 ], [ 18.675000104000048, 69.364163277000046 ], [ 18.637218173000065, 69.373318160000053 ], [ 18.616663232000064, 69.380827172000068 ], [ 18.457291233000035, 69.449573195000028 ], [ 18.465063269000041, 69.50804501600004 ], [ 18.495282209000038, 69.519436023000083 ], [ 18.668054021000046, 69.541109110000036 ], [ 18.850209206000045, 69.550336076000065 ], [ 18.913400207000052, 69.464645030000042 ], [ 19.010618214000033, 69.396173263000037 ], [ 19.096109100000035, 69.361936038000067 ], [ 19.117218085000047, 69.355273263000072 ], [ 19.145554115000039, 69.349718073000076 ], [ 19.170691275000024, 69.347218087000044 ], [ 19.247218219000047, 69.349153971000078 ], [ 19.292773192000027, 69.345554111000069 ], [ 19.325554145000069, 69.341109188000075 ], [ 19.348891208000055, 69.334718154000029 ], [ 19.376109091000046, 69.317982176000044 ], [ 19.357563292000066, 69.287982171000067 ], [ 19.315000156000053, 69.277773180000054 ], [ 19.277773274000026, 69.276109205000068 ], [ 19.203191267000022, 69.275753980000047 ], [ 19.173745138000072, 69.259118081000054 ], [ 19.311663320000036, 69.221373198000038 ], [ 19.343891235000058, 69.219163225000045 ], [ 19.44055402500004, 69.225827174000074 ], [ 19.451663232000044, 69.251663217000043 ], [ 19.451945031000037, 69.316800160000071 ], [ 19.417500103000066, 69.34887317700003 ], [ 19.358327219000046, 69.373182205000035 ], [ 19.292500110000049, 69.382073225000056 ], [ 19.259582197000043, 69.38374508000004 ], [ 19.212500208000051, 69.378327185000046 ], [ 19.161245038000061, 69.375691244000052 ], [ 19.124445130000026, 69.381382221000081 ], [ 18.998054076000074, 69.459154045000048 ], [ 19.004582238000069, 69.505545030000064 ], [ 19.091109128000028, 69.53416319400003 ], [ 19.168054161000043, 69.545545148000031 ], [ 19.190000163000036, 69.545136111000033 ], [ 19.215827153000077, 69.536373167000079 ], [ 19.251454098000067, 69.522973186000058 ], [ 19.226663278000046, 69.564436114000046 ], [ 19.206245129000024, 69.565963297000053 ], [ 19.08805409100006, 69.554991218000055 ], [ 19.055063256000039, 69.545891153000071 ], [ 19.021800176000056, 69.532354044000044 ], [ 18.995554090000041, 69.536382219000075 ], [ 18.955554139000071, 69.559154006000028 ], [ 18.945000150000055, 69.579300078000074 ], [ 18.944927059000065, 69.612563158000057 ], [ 18.995000214000072, 69.64942710400004 ], [ 19.108327065000026, 69.712218120000045 ], [ 19.177773313000046, 69.745545070000048 ], [ 19.24666333700003, 69.771945047000031 ], [ 19.272218083000041, 69.775836094000056 ], [ 19.706945158000053, 69.812209196000083 ], [ 19.73971823100004, 69.811936113000058 ], [ 19.772709235000036, 69.804845023000041 ], [ 19.772782157000051, 69.780545048000079 ], [ 19.707500207000066, 69.703891202000079 ], [ 19.679300132000037, 69.671518112000058 ], [ 19.722845125000049, 69.651173222000068 ], [ 19.716800264000028, 69.609445090000065 ], [ 19.699300191000077, 69.588045085000033 ], [ 19.627500138000073, 69.510818085000039 ], [ 19.533536153000057, 69.396654049000063 ], [ 19.683054051000056, 69.431936162000056 ], [ 19.714854154000022, 69.475273116000039 ], [ 19.716663304000065, 69.514853971000036 ], [ 19.828054103000056, 69.714427087000047 ], [ 19.939718153000058, 69.786945134000064 ], [ 19.972773194000069, 69.784718062000081 ], [ 20.046109148000028, 69.799709096000072 ], [ 20.078054089000034, 69.842773135000073 ], [ 20.154718161000062, 69.935263246000034 ], [ 20.288473220000071, 69.972909056000049 ], [ 20.311245174000078, 69.964018036000084 ], [ 20.387218074000032, 69.912218041000074 ], [ 20.420627167000077, 69.875545036000062 ], [ 20.391391256000077, 69.82527323000005 ], [ 20.351663214000041, 69.753054082000062 ], [ 20.333336183000029, 69.713327046000074 ], [ 20.317218118000028, 69.67387326000005 ], [ 20.293609147000041, 69.574709142000074 ], [ 20.281945058000076, 69.478882196000029 ], [ 20.263745096000036, 69.456936026000051 ], [ 20.190554150000025, 69.402218124000058 ], [ 20.171945152000035, 69.394163282000079 ], [ 20.09944504200007, 69.370545091000054 ], [ 20.057218187000046, 69.357500167000069 ], [ 20.004163254000048, 69.346236063000049 ], [ 19.98582717000005, 69.338045099000055 ], [ 19.91965405600007, 69.270309096000062 ], [ 19.946945030000052, 69.256100093000043 ], [ 20.032082200000048, 69.310691094000049 ], [ 20.178336185000035, 69.368609207000077 ], [ 20.204300136000029, 69.377073252000059 ], [ 20.306663291000064, 69.416382199000054 ], [ 20.323609152000074, 69.435545074000061 ], [ 20.356109143000026, 69.471373184000072 ], [ 20.466391185000077, 69.573191179000048 ], [ 20.490273239000032, 69.575273244000073 ], [ 20.521527177000053, 69.561800173000051 ], [ 20.555827098000066, 69.546391217000064 ], [ 20.611382185000025, 69.529436136000072 ], [ 20.697636160000059, 69.510273261000066 ], [ 20.849027078000063, 69.492291229000045 ], [ 20.82389125900005, 69.50555408200006 ], [ 20.671391247000031, 69.553600157000062 ], [ 20.510554092000064, 69.616945049000037 ], [ 20.484927093000067, 69.631309117000058 ], [ 20.565827211000055, 69.761382173000072 ], [ 20.620282257000042, 69.767491239000037 ], [ 20.709718170000031, 69.781391117000055 ], [ 20.770836158000066, 69.793318062000083 ], [ 20.805000125000049, 69.80540912500004 ], [ 20.824100136000027, 69.837836027000037 ], [ 20.796973279000042, 69.864091165000048 ], [ 20.901945050000052, 69.904163200000028 ], [ 21.059445034000078, 69.946109094000064 ], [ 21.084445067000047, 69.942145124000035 ], [ 21.058745146000035, 69.925691113000028 ], [ 21.02860918600004, 69.919436034000057 ], [ 21.006663352000032, 69.913054052000064 ], [ 20.988054018000071, 69.904436115000067 ], [ 20.894582219000029, 69.851800110000056 ], [ 20.945273287000077, 69.812482111000065 ], [ 21.000209119000033, 69.785618111000076 ], [ 21.048336163000045, 69.789018146000046 ], [ 21.136945117000039, 69.868882261000067 ], [ 21.227500182000028, 69.973054062000074 ], [ 21.248263330000043, 69.997763243000065 ], [ 21.313327183000069, 70.020963177000056 ], [ 21.347218235000071, 70.024991185000033 ], [ 21.377500207000026, 70.026382245000036 ], [ 21.414445122000075, 70.023327041000073 ], [ 21.442773272000068, 70.017491225000072 ], [ 21.555000251000024, 69.98331803800005 ], [ 21.600273257000026, 69.945127070000069 ], [ 21.582918191000033, 69.922073148000038 ], [ 21.624163357000043, 69.905000217000065 ], [ 21.679718109000078, 69.887773227000082 ], [ 21.702773204000039, 69.884436056000084 ], [ 21.744445177000046, 69.883327130000055 ], [ 21.784163328000034, 69.874163195000051 ], [ 21.891109204000031, 69.828045125000074 ], [ 21.922782237000035, 69.806518051000069 ], [ 21.964445158000046, 69.770263302000046 ], [ 21.979854113000044, 69.74082706400003 ], [ 22.034718196000028, 69.732773229000031 ], [ 22.06860924800003, 69.731382168000039 ], [ 22.099582224000073, 69.743745140000044 ], [ 22.015273186000059, 69.84220920100006 ], [ 21.904718230000071, 69.940273277000074 ], [ 21.808400272000029, 70.040263180000068 ], [ 21.849163311000041, 70.049709082000049 ], [ 21.890554155000075, 70.053882264000038 ], [ 21.98166326300003, 70.055263266000054 ], [ 22.018118172000072, 70.060127117000036 ], [ 22.093327145000046, 70.108253993000062 ], [ 22.052636190000044, 70.100263190000078 ], [ 21.986382275000039, 70.086109173000068 ], [ 21.961391128000059, 70.081663244000083 ], [ 21.750273282000023, 70.056109168000035 ], [ 21.725418089000073, 70.056518037000046 ], [ 21.469927118000044, 70.101727173000029 ], [ 21.433327203000033, 70.141663254000036 ], [ 21.329163280000046, 70.159436074000041 ], [ 21.302636065000058, 70.162763186000063 ], [ 21.276663229000064, 70.17166325900007 ], [ 21.212736130000053, 70.208263174000081 ], [ 21.245218184000066, 70.217800104000048 ], [ 21.300000124000064, 70.246936102000063 ], [ 21.516391193000061, 70.303882250000072 ], [ 21.586454013000036, 70.293600169000058 ], [ 21.621182250000061, 70.26277320500003 ], [ 21.730000140000072, 70.237491206000072 ], [ 21.808991196000022, 70.245091245000083 ], [ 21.840827173000037, 70.271654 ], [ 21.986736159000031, 70.318673124000043 ], [ 22.153891258000044, 70.283054058000062 ], [ 22.227773208000031, 70.287491103000036 ], [ 22.261109210000029, 70.286945106000076 ], [ 22.310418103000075, 70.277773124000078 ], [ 22.278609116000041, 70.18138224300003 ], [ 22.344163310000056, 70.144436155000051 ], [ 22.542009250000035, 70.12260012400003 ], [ 22.51889112300006, 70.137500130000035 ], [ 22.494027213000038, 70.141754114000037 ], [ 22.387773179000078, 70.157773272000043 ], [ 22.336454138000079, 70.164363292000075 ], [ 22.380891133000034, 70.251345151000066 ], [ 22.407218188000058, 70.254582242000083 ], [ 22.50971813600006, 70.250827149000031 ], [ 22.592291282000076, 70.234927182000035 ], [ 22.66750025500005, 70.222491120000029 ], [ 22.855827203000047, 70.20970905300004 ], [ 22.931109099000025, 70.207763278000073 ], [ 22.957500192000055, 70.204163250000079 ], [ 22.971036127000048, 70.189436079000075 ], [ 22.890273305000051, 70.139709097000036 ], [ 22.826945176000038, 70.112909135000052 ], [ 22.796109160000071, 70.10693602300006 ], [ 22.720836149000036, 70.098600220000037 ], [ 22.569163264000053, 70.084718112000076 ], [ 22.529718195000044, 70.084300190000079 ], [ 22.480136052000034, 70.085263271000031 ], [ 22.444718153000053, 70.082218126000043 ], [ 22.419718121000074, 70.07777320200006 ], [ 22.328609180000058, 70.053882264000038 ], [ 22.296663232000071, 70.041236151000078 ], [ 22.318191145000071, 70.036663152000074 ], [ 22.358054135000032, 70.047209095000028 ], [ 22.383054167000068, 70.05166323900005 ], [ 22.448609200000078, 70.061100088000046 ], [ 22.495136139000067, 70.065436047000048 ], [ 22.566109234000066, 70.06776319800008 ], [ 22.595273228000053, 70.069718193000028 ], [ 22.650836193000032, 70.075273216000028 ], [ 22.813609233000022, 70.094163176000052 ], [ 22.873054026000034, 70.102491100000066 ], [ 22.991663320000043, 70.088336077000065 ], [ 23.045554096000046, 70.022763275000045 ], [ 23.166663210000024, 69.957763292000038 ], [ 23.317636206000032, 69.942354001000069 ], [ 23.469718129000057, 69.983882140000048 ], [ 23.534718112000064, 70.019291155000076 ], [ 23.510000214000058, 70.025273152000068 ], [ 23.466945060000057, 70.027773138000043 ], [ 23.433891192000033, 70.028609149000033 ], [ 23.38971822700006, 70.026382245000036 ], [ 23.364445112000055, 70.027354043000059 ], [ 23.331945121000047, 70.032073222000065 ], [ 23.260273311000049, 70.049436167000067 ], [ 23.239718202000063, 70.056653992000065 ], [ 23.178745053000057, 70.09110009300008 ], [ 23.271945111000036, 70.107773207000037 ], [ 23.343663357000025, 70.11453606200007 ], [ 23.357773285000064, 70.146382098000061 ], [ 23.323891285000059, 70.190554057000043 ], [ 23.331109110000057, 70.21970916600003 ], [ 23.378327221000063, 70.220273268000028 ], [ 23.517982301000075, 70.239645020000069 ], [ 23.455418099000042, 70.250263215000075 ], [ 23.424718205000033, 70.249436089000028 ], [ 23.40916323700003, 70.273882245000038 ], [ 23.465000123000038, 70.311382209000044 ], [ 23.585554019000028, 70.383609069000045 ], [ 23.645836164000059, 70.407773258000077 ], [ 23.656109192000031, 70.417218154000068 ], [ 23.813891144000024, 70.484436156000072 ], [ 23.854163339000024, 70.495273119000046 ], [ 23.894163290000051, 70.500827135000065 ], [ 23.978609120000044, 70.509427136000056 ], [ 24.021245180000051, 70.50790917300003 ], [ 24.252218078000055, 70.481109211000046 ], [ 24.280282198000066, 70.474991092000039 ], [ 24.30333612000004, 70.468045009000036 ], [ 24.320554058000027, 70.457500072000073 ], [ 24.353400222000062, 70.457836019000069 ], [ 24.256800129000055, 70.510963203000074 ], [ 24.219445172000064, 70.521100109000031 ], [ 24.155282205000049, 70.568054022000069 ], [ 24.295827108000026, 70.668318181000075 ], [ 24.32750014100003, 70.679718072000071 ], [ 24.363054163000072, 70.688600207000036 ], [ 24.476109106000024, 70.677763244000062 ], [ 24.508327130000055, 70.666936005000082 ], [ 24.623609144000056, 70.621109123000053 ], [ 24.646663234000073, 70.614163207000047 ], [ 24.687500202000024, 70.611382259000038 ], [ 24.713745114000062, 70.61569122800006 ], [ 24.735063311000033, 70.632136019000029 ], [ 24.724300109000069, 70.656382183000062 ], [ 24.699163285000054, 70.673873203000028 ], [ 24.562218241000039, 70.738873186000035 ], [ 24.53889123700003, 70.742636158000039 ], [ 24.480000153000049, 70.743882211000084 ], [ 24.399163234000071, 70.75026318700003 ], [ 24.256382207000058, 70.770900103000031 ], [ 24.263818129000072, 70.834500140000046 ], [ 24.393327083000031, 70.865691214000037 ], [ 24.411391258000037, 70.853527061000079 ], [ 24.473054070000046, 70.815127048000079 ], [ 24.591663197000059, 70.783054030000073 ], [ 24.62624508500005, 70.776109121000047 ], [ 24.643127077000031, 70.796309172000065 ], [ 24.608054176000053, 70.85638210500008 ], [ 24.574718174000054, 70.934709146000046 ], [ 24.588473212000054, 70.960963278000065 ], [ 24.66763609700007, 70.97277321200005 ], [ 24.707500261000064, 70.973600171000044 ], [ 24.783882198000072, 70.96638217900005 ], [ 24.855654088000051, 70.928345102000037 ], [ 24.879445114000077, 70.907473157000084 ], [ 24.978054014000065, 70.910545125000056 ], [ 24.989854058000049, 70.947345033000033 ], [ 24.975482279000062, 70.964563306000059 ], [ 24.994027072000051, 70.973554070000034 ], [ 25.025273298000059, 70.966936055000076 ], [ 25.063327139000023, 70.954163208000068 ], [ 25.161109248000059, 70.915836117000083 ], [ 25.219718198000066, 70.879718161000028 ], [ 25.243054087000075, 70.856654014000071 ], [ 25.257354116000045, 70.837345126000059 ], [ 25.265273171000047, 70.812627061000057 ], [ 25.345554034000031, 70.814163296000061 ], [ 25.392354055000055, 70.879509117000055 ], [ 25.378609243000028, 70.911945070000058 ], [ 25.353473256000029, 70.929427038000028 ], [ 25.341182201000038, 70.956791102000068 ], [ 25.366109143000074, 70.969573169000057 ], [ 25.400827153000023, 70.965963251000062 ], [ 25.442773215000045, 70.953600112000061 ], [ 25.46333620200005, 70.946109205000084 ], [ 25.519445165000036, 70.922773148000033 ], [ 25.537918209000054, 70.909573159000047 ], [ 25.637773163000077, 70.891936126000076 ], [ 25.862218235000057, 70.89373605600008 ], [ 25.903327112000056, 70.888736083000083 ], [ 25.922009201000037, 70.860200229000043 ], [ 25.856800173000067, 70.82915399500007 ], [ 25.773891248000041, 70.801936111000032 ], [ 25.687218178000023, 70.77388221700005 ], [ 25.653263256000059, 70.730754139000055 ], [ 25.635136049000039, 70.715409054000077 ], [ 25.527218207000033, 70.671936145000075 ], [ 25.356391164000058, 70.606109204000063 ], [ 25.212636160000045, 70.554444997000076 ], [ 25.089854019000029, 70.506553987000075 ], [ 25.152773278000041, 70.504991097000072 ], [ 25.18832713200004, 70.513609202000055 ], [ 25.25916326600003, 70.488600118000079 ], [ 25.268609168000069, 70.408873131000064 ], [ 25.267636197000058, 70.395954104000054 ], [ 25.235973222000041, 70.386791175000042 ], [ 25.19388215400005, 70.393054133000078 ], [ 25.141663233000031, 70.381382165000048 ], [ 25.086663196000075, 70.358463192000045 ], [ 25.106391178000024, 70.317218193000031 ], [ 25.130827108000062, 70.316800104000038 ], [ 25.133891197000025, 70.279436094000062 ], [ 25.01944519400007, 70.240263269000081 ], [ 24.984027126000058, 70.226109084000029 ], [ 24.964163357000075, 70.193882175000056 ], [ 24.944863354000063, 70.146945026000083 ], [ 24.943054037000024, 70.09180015000004 ], [ 24.991663208000034, 70.06423609400008 ], [ 25.011945067000056, 70.059300158000042 ], [ 25.040000135000071, 70.061654132000058 ], [ 25.053891128000032, 70.08902708100004 ], [ 25.033473314000048, 70.111491084000079 ], [ 25.065236201000062, 70.141536016000032 ], [ 25.092500185000063, 70.14721810900005 ], [ 25.084618179000074, 70.126027149000038 ], [ 25.095891168000037, 70.092491154000072 ], [ 25.111945195000033, 70.076663271000029 ], [ 25.150691213000073, 70.076945070000079 ], [ 25.234718116000067, 70.089718085000072 ], [ 25.26027319800005, 70.099853985000038 ], [ 25.395836065000026, 70.198609066000074 ], [ 25.519300158000078, 70.270409119000078 ], [ 25.53061824200006, 70.296582115000035 ], [ 25.489163361000067, 70.307218080000041 ], [ 25.453891139000064, 70.312209168000038 ], [ 25.430000200000052, 70.323254001000066 ], [ 25.458327177000058, 70.352345073000038 ], [ 25.512218121000046, 70.374163167000063 ], [ 25.58221807700005, 70.408327134000046 ], [ 25.798054096000044, 70.517209062000063 ], [ 25.955627170000071, 70.585263243000043 ], [ 26.004582179000067, 70.607273115000055 ], [ 26.025409197000045, 70.645554105000031 ], [ 26.242500154000027, 70.789445064000063 ], [ 26.351391135000028, 70.85082708200008 ], [ 26.369718166000041, 70.861100110000052 ], [ 26.523327104000032, 70.925827178000077 ], [ 26.545554067000069, 70.933045003000075 ], [ 26.570273305000057, 70.938891213000034 ], [ 26.68666324000003, 70.953045062000058 ], [ 26.724718086000053, 70.923745114000042 ], [ 26.734445117000064, 70.896100088000082 ], [ 26.68777317100006, 70.732773172000066 ], [ 26.668054073000064, 70.718891232000033 ], [ 26.649718157000052, 70.70860009900008 ], [ 26.627782214000035, 70.701382107000029 ], [ 26.603336058000025, 70.695545117000052 ], [ 26.565827209000076, 70.688044990000037 ], [ 26.539163201000065, 70.684154110000065 ], [ 26.482218227000033, 70.678882229000067 ], [ 26.456663313000035, 70.673873203000028 ], [ 26.37082709200007, 70.655000175000055 ], [ 26.353191233000075, 70.639636146000043 ], [ 26.408054142000026, 70.641391149000071 ], [ 26.445554106000031, 70.649154132000035 ], [ 26.506109166000044, 70.657491109000034 ], [ 26.544718224000064, 70.658600202000059 ], [ 26.650627091000047, 70.636582116000056 ], [ 26.602082293000024, 70.535963235000054 ], [ 26.555554180000058, 70.498318096000048 ], [ 26.513191203000076, 70.429153984000038 ], [ 26.507636181000066, 70.363463165000041 ], [ 26.53721809700005, 70.349309148000032 ], [ 26.566527097000062, 70.350963232000083 ], [ 26.627218112000037, 70.372773280000047 ], [ 26.758054088000051, 70.421663245000047 ], [ 26.798682179000025, 70.446518102000084 ], [ 26.800973289000069, 70.472909195000057 ], [ 26.841663238000024, 70.480545109000047 ], [ 26.926391203000037, 70.476109070000064 ], [ 26.973891281000078, 70.456663223000078 ], [ 27.029445194000061, 70.474154075000058 ], [ 26.990554169000063, 70.51971810100008 ], [ 26.975000207000051, 70.565273242000046 ], [ 27.011945121000053, 70.588045029000057 ], [ 27.064863262000074, 70.610409120000043 ], [ 27.093891133000056, 70.600409174000049 ], [ 27.234718171000054, 70.582218098000055 ], [ 27.266036147000023, 70.581791123000073 ], [ 27.232218185000079, 70.598873274000084 ], [ 27.210000274000038, 70.606109204000063 ], [ 27.146382299000038, 70.623318089000065 ], [ 27.090691258000049, 70.70581814500008 ], [ 27.13950913900004, 70.740618131000076 ], [ 27.255000198000062, 70.749163313000054 ], [ 27.281800160000046, 70.771382230000029 ], [ 27.309163218000037, 70.818045123000047 ], [ 27.343473198000027, 70.824291150000079 ], [ 27.424163265000061, 70.815273228000081 ], [ 27.514718162000065, 70.806927032000033 ], [ 27.565554070000076, 70.804718065000031 ], [ 27.510273239000071, 70.861936121000042 ], [ 27.460000260000072, 70.87582711400006 ], [ 27.382773260000079, 70.87860018300006 ], [ 27.309163218000037, 70.880827087000057 ], [ 27.267354117000025, 70.882209095000064 ], [ 27.205273216000023, 70.889163225000061 ], [ 27.168891230000042, 70.897354021000069 ], [ 27.128745099000071, 70.916591159000063 ], [ 27.136109103000024, 70.958327170000075 ], [ 27.228327138000054, 71.021236036000062 ], [ 27.26569114800003, 71.029718186000082 ], [ 27.467218084000024, 71.005263313000057 ], [ 27.523191260000033, 71.075000077000084 ], [ 27.565282161000027, 71.09277323200007 ], [ 27.651663205000034, 71.113054085000044 ], [ 27.730827096000041, 71.087218042000075 ], [ 27.767500269000038, 71.051663182000084 ], [ 27.878054052000039, 71.032209120000061 ], [ 27.972082242000056, 71.04666320900003 ], [ 28.008054018000053, 71.062482208000063 ], [ 28.030827146000036, 71.069718137000052 ], [ 28.207773314000065, 71.079991165000081 ], [ 28.230000277000045, 71.075127147000046 ], [ 28.249582247000035, 71.06470911200006 ], [ 28.261245162000023, 71.047909096000069 ], [ 28.343609096000023, 71.003327094000042 ], [ 28.377782283000045, 71.001663286000053 ], [ 28.477363316000037, 70.992491137000059 ], [ 28.517500227000028, 70.984709210000062 ], [ 28.544373279000069, 70.973954055000036 ], [ 28.533882154000025, 70.941100179000046 ], [ 28.520554090000076, 70.923600107000084 ], [ 28.443609224000056, 70.860273152000048 ], [ 28.364436114000057, 70.824436157000036 ], [ 28.257918217000054, 70.789300225000034 ], [ 28.232500263000077, 70.784154071000046 ], [ 28.137773190000075, 70.78027325000005 ], [ 28.010827087000052, 70.79263605400007 ], [ 27.800282228000071, 70.791654031000064 ], [ 27.771318226000062, 70.785900189000074 ], [ 27.828327070000057, 70.767491183000061 ], [ 27.886663273000067, 70.763882103000071 ], [ 27.921663251000041, 70.761382117000039 ], [ 28.119409111000039, 70.732800162000046 ], [ 28.080554128000074, 70.70485405900007 ], [ 28.037773229000038, 70.694718158000057 ], [ 27.842500198000039, 70.650545026000032 ], [ 27.657154023000032, 70.606382119000045 ], [ 27.710827204000054, 70.602763316000051 ], [ 27.740836094000031, 70.603882132000081 ], [ 27.796663258000024, 70.609436149000032 ], [ 27.836936123000044, 70.615263248000076 ], [ 28.128054038000073, 70.666927120000082 ], [ 28.170827225000039, 70.677082131000077 ], [ 28.191109252000047, 70.686100221000061 ], [ 28.207918153000037, 70.697909149000054 ], [ 28.28791822200003, 70.713463279000052 ], [ 28.301109158000031, 70.690273235000063 ], [ 28.284300257000041, 70.650127104000035 ], [ 28.246391256000038, 70.62165411400008 ], [ 28.222773232000065, 70.608891158000063 ], [ 28.192500145000054, 70.595554041000071 ], [ 28.151109133000034, 70.578327050000041 ], [ 28.130000148000079, 70.569991248000065 ], [ 27.997218229000055, 70.525545033000071 ], [ 27.975000150000028, 70.518327040000031 ], [ 27.941945109000073, 70.509427136000056 ], [ 27.917500127000039, 70.503873119000048 ], [ 27.875273272000072, 70.492763241000034 ], [ 27.854300241000033, 70.481936169000051 ], [ 27.879054181000072, 70.448163302000069 ], [ 27.901391282000077, 70.441936051000084 ], [ 27.974163301000033, 70.476382153000031 ], [ 28.065282300000035, 70.491100104000054 ], [ 28.105554160000054, 70.496654121000063 ], [ 28.147782188000065, 70.500545 ], [ 28.17694517700005, 70.498882198000047 ], [ 28.134445072000062, 70.486100131000057 ], [ 28.110000257000024, 70.480545109000047 ], [ 28.087500211000076, 70.473327117000053 ], [ 28.048854105000032, 70.448736121000081 ], [ 28.127218195000069, 70.438109209000061 ], [ 28.152054109000062, 70.455936009000084 ], [ 28.178336070000057, 70.473327117000053 ], [ 28.231945046000078, 70.505827108000062 ], [ 28.311391239000045, 70.510963203000074 ], [ 28.33027332000006, 70.502145106000057 ], [ 28.30582716400005, 70.481382126000028 ], [ 28.254163292000044, 70.447218159000045 ], [ 28.192500145000054, 70.406391082000084 ], [ 28.169163250000054, 70.387209096000049 ], [ 28.154027209000049, 70.364300181000033 ], [ 28.15916330400006, 70.228882153000029 ], [ 28.163054184000032, 70.203327072000036 ], [ 28.183609125000032, 70.164436047000038 ], [ 28.161800251000045, 70.12735400400004 ], [ 28.132773217000079, 70.10693602300006 ], [ 28.106663254000068, 70.090818126000045 ], [ 28.088609137000049, 70.081373230000054 ], [ 28.038891208000052, 70.061936099000036 ], [ 28.073891185000036, 70.064573214000063 ], [ 28.101945080000064, 70.070827119000057 ], [ 28.128609255000072, 70.080273189000081 ], [ 28.159718186000077, 70.098873135000076 ], [ 28.198054162000062, 70.130263195000055 ], [ 28.229718142000024, 70.16394503500004 ], [ 28.215827149000063, 70.184154139000043 ], [ 28.198891178000054, 70.213045050000062 ], [ 28.190973297000028, 70.282627084000069 ], [ 28.228327081000032, 70.395000075000041 ], [ 28.331945175000044, 70.474154075000058 ], [ 28.480273178000061, 70.62971817500005 ], [ 28.509163251000075, 70.675282201000073 ], [ 28.525000186000057, 70.717209151000077 ], [ 28.543609185000037, 70.739163200000064 ], [ 28.748336165000069, 70.857354070000042 ], [ 28.803336202000025, 70.871382191000066 ], [ 28.828609149000044, 70.876663293000036 ], [ 28.85388226300006, 70.880554005000079 ], [ 28.891245100000049, 70.882218148000049 ], [ 28.949163213000077, 70.880554005000079 ], [ 29.036109198000077, 70.874163306000071 ], [ 29.250554156000078, 70.842836111000054 ], [ 29.318882257000041, 70.793318174000035 ], [ 29.347500254000067, 70.690273235000063 ], [ 29.346945037000069, 70.664154051000082 ], [ 29.578891241000065, 70.706663209000055 ], [ 29.624718124000026, 70.720827116000066 ], [ 29.660827195000024, 70.736800174000052 ], [ 29.685554145000026, 70.742627105000054 ], [ 29.773473269000078, 70.733182209000063 ], [ 29.785827188000042, 70.701100139000062 ], [ 29.779582167000058, 70.679718072000071 ], [ 29.76139125800006, 70.659154078000029 ], [ 29.740418227000077, 70.646800159000065 ], [ 29.692354048000027, 70.622836130000053 ], [ 29.79694511200006, 70.628600197000083 ], [ 29.841245147000052, 70.637354089000041 ], [ 29.86409119800004, 70.65388219600004 ], [ 29.949445124000079, 70.701663236000059 ], [ 29.980827137000063, 70.708327184000041 ], [ 30.00916333400005, 70.710827170000073 ], [ 30.079027168000039, 70.711382220000075 ], [ 30.108609251000075, 70.707354045000045 ], [ 30.19527326900004, 70.679444990000036 ], [ 30.341736131000062, 70.599709118000078 ], [ 30.297773216000053, 70.575818179000066 ], [ 30.235000137000043, 70.554444997000076 ], [ 30.066391281000051, 70.536100196000064 ], [ 30.008054073000039, 70.53644502700007 ], [ 30.046245041000077, 70.522763247000057 ], [ 30.142773218000059, 70.512773191000065 ], [ 30.165554057000065, 70.513191113000062 ], [ 30.213609185000053, 70.518600123000056 ], [ 30.272918191000031, 70.527636150000035 ], [ 30.307500247000064, 70.538318047000075 ], [ 30.33666323500006, 70.546663238000065 ], [ 30.362782251000056, 70.550827032000029 ], [ 30.405554098000039, 70.554153977000055 ], [ 30.434718092000026, 70.555827172000079 ], [ 30.473891251000055, 70.555409083000029 ], [ 30.597773266000047, 70.535191094000083 ], [ 30.637773217000074, 70.490263255000059 ], [ 30.825836135000031, 70.432491155000037 ], [ 30.938473324000029, 70.449773131000029 ], [ 31.008609234000062, 70.395827034000035 ], [ 31.040836143000035, 70.346373134000032 ], [ 31.073536127000068, 70.285544992000041 ], [ 30.911109260000046, 70.258882158000063 ], [ 30.889027136000038, 70.258191154000031 ], [ 30.733054166000045, 70.25749109800006 ], [ 30.529163365000045, 70.241800175000037 ], [ 30.356627085000071, 70.168945008000037 ], [ 30.381109115000072, 70.143182222000064 ], [ 30.348745078000036, 70.123882220000041 ], [ 30.320000179000033, 70.115554128000042 ], [ 30.115000117000079, 70.070545152000079 ], [ 30.094445176000079, 70.06860021500006 ], [ 29.933609194000041, 70.063045025000065 ], [ 29.906663219000052, 70.062773116000074 ], [ 29.876391138000031, 70.062773116000074 ], [ 29.79694511200006, 70.065827146000061 ], [ 29.771382151000068, 70.068327133000082 ], [ 29.51500018400003, 70.096936077000066 ], [ 29.263609138000049, 70.11638226000008 ], [ 29.035554148000074, 70.128327143000035 ], [ 28.816663260000041, 70.168318041000077 ], [ 28.74013614900008, 70.177082159000065 ], [ 28.700273158000073, 70.178327039000067 ], [ 28.656391213000063, 70.176373218000037 ], [ 28.61666333900007, 70.171100163000062 ], [ 28.599091182000052, 70.160754044000043 ], [ 28.656109246000028, 70.158600230000047 ], [ 28.704445167000074, 70.163182114000051 ], [ 28.748054030000048, 70.158736017000081 ], [ 28.668891145000032, 70.124982261000071 ], [ 28.644445157000064, 70.119427070000029 ], [ 28.616473237000037, 70.110163223000029 ], [ 28.832773278000047, 70.074436032000051 ], [ 29.001945063000051, 70.052763280000079 ], [ 29.201109141000074, 70.013882145000082 ], [ 29.263054088000047, 70.012773220000042 ], [ 29.394718197000032, 70.001663174000043 ], [ 29.524718163000045, 69.987209085000075 ], [ 29.640273260000072, 69.973600227000077 ], [ 29.666245090000075, 69.964163210000038 ], [ 29.587218159000031, 69.932491183000081 ], [ 29.561391169000046, 69.92721812800005 ], [ 29.501945035000062, 69.913054052000064 ], [ 29.432500129000061, 69.894436169000073 ], [ 29.371600237000052, 69.857145082000045 ], [ 29.40860919000005, 69.851654097000051 ], [ 29.428745036000066, 69.854018129000053 ], [ 29.476663203000044, 69.884845093000081 ], [ 29.534300187000042, 69.907836150000037 ], [ 29.713327078000077, 69.914300106000042 ], [ 29.734863205000067, 69.907491151000045 ], [ 29.771527158000026, 69.834582172000069 ], [ 29.741391199000077, 69.804991204000032 ], [ 29.683054158000061, 69.778045061000057 ], [ 29.642636118000041, 69.768600165000066 ], [ 29.491945089000069, 69.660200196000062 ], [ 29.532500257000038, 69.66804498700003 ], [ 29.551391223000053, 69.677763301000084 ], [ 29.567773317000047, 69.691727049000065 ], [ 29.659163220000039, 69.72985397900004 ], [ 29.689718107000033, 69.735827091000033 ], [ 29.716663243000028, 69.738600160000033 ], [ 29.948327145000064, 69.753873161000058 ], [ 30.02610919500006, 69.731936044000065 ], [ 30.141391210000052, 69.692491143000041 ], [ 30.184027102000073, 69.690745025000069 ], [ 30.143054179000046, 69.723600074000046 ], [ 30.129036117000055, 69.76181820000005 ], [ 30.190182268000058, 69.764453973000059 ], [ 30.160136163000061, 69.802936129000045 ], [ 30.158054098000036, 69.851945117000071 ], [ 30.172500141000057, 69.875409081000043 ], [ 30.301391181000042, 69.879718050000065 ], [ 30.325418241000079, 69.873045049000041 ], [ 30.401663218000067, 69.825000148000072 ], [ 30.417500154000038, 69.767773207000062 ], [ 30.419718173000035, 69.721373170000049 ], [ 30.414027196000063, 69.69360006900007 ], [ 30.391245183000024, 69.67749122400005 ], [ 30.350691188000042, 69.667491111000061 ], [ 30.417500154000038, 69.666927176000058 ], [ 30.444509160000052, 69.680618177000042 ], [ 30.46819122200003, 69.744236152000042 ], [ 30.452363339000044, 69.765845034000051 ], [ 30.453327090000073, 69.809718094000061 ], [ 30.556945183000039, 69.815554078000048 ], [ 30.587218103000055, 69.815273117000061 ], [ 30.634445098000072, 69.813045039000031 ], [ 30.716663355000037, 69.80457311400005 ], [ 30.788000224000029, 69.79057315700004 ], [ 30.854836179000074, 69.792309216000035 ], [ 30.902773289000038, 69.731936044000065 ], [ 30.943336169000077, 69.690554085000031 ], [ 30.947218163000059, 69.654436129000032 ], [ 30.950827075000063, 69.608745034000037 ], [ 30.941245051000067, 69.574018138000042 ], [ 30.912363360000029, 69.550200122000035 ], [ 30.86389114900004, 69.536654128000066 ], [ 30.824718157000063, 69.531663208000055 ], [ 30.796945056000027, 69.530273153000053 ], [ 30.767218133000029, 69.530545062000044 ], [ 30.546109226000056, 69.544154087000038 ], [ 30.520273183000029, 69.54762704500007 ], [ 30.453327090000073, 69.567218068000045 ], [ 30.393054165000024, 69.590545072000054 ], [ 30.370554120000065, 69.60304500400008 ], [ 30.340554115000032, 69.617209079000077 ], [ 30.305273175000025, 69.630554075000077 ], [ 30.195973325000068, 69.665409214000078 ], [ 30.165000181000039, 69.66804498700003 ], [ 30.129445154000052, 69.666382185000032 ], [ 30.109582222000029, 69.663845151000032 ], [ 30.076663303000032, 69.646591170000079 ], [ 30.095136180000054, 69.628191217000051 ], [ 30.137282233000064, 69.628363213000057 ], [ 30.181527115000051, 69.578036087000044 ], [ 30.097773294000035, 69.503327178000063 ], [ 30.062773316000062, 69.487782100000061 ], [ 29.898609216000068, 69.432773178000048 ], [ 29.665000209000027, 69.373882262000052 ], [ 29.603336056000046, 69.360273236000069 ], [ 29.571945158000062, 69.353882203000069 ], [ 29.538327189000029, 69.347218087000044 ], [ 29.48360911900005, 69.340818168000055 ], [ 29.408336108000071, 69.333054011000058 ], [ 29.313882284000044, 69.316182246000039 ], [ 29.295554080000045, 69.29512707300006 ], [ 29.307918225000037, 69.264445116000047 ], [ 29.318554022000058, 69.243418106000036 ], [ 29.295691208000051, 69.188327042000083 ], [ 29.25444503500006, 69.11999122900005 ], [ 29.234863233000056, 69.104718060000039 ], [ 29.200418137000042, 69.08319115300003 ], [ 29.177773252000065, 69.070545041000059 ], [ 29.129718125000068, 69.048044995000055 ], [ 29.099163238000074, 69.036373195000067 ], [ 29.056527178000067, 69.028736108000032 ], [ 29.020000185000072, 69.031391159000066 ], [ 29.00005410600005, 69.03687325900006 ], [ 28.957336071000043, 69.051618200000064 ], [ 28.890554096000074, 69.071382225000036 ], [ 28.857773311000074, 69.082218182000076 ], [ 28.827500223000072, 69.093600136000077 ], [ 28.802218224000057, 69.105545019000033 ], [ 28.785063318000027, 69.124082101000056 ], [ 28.782918221000045, 69.155136046000052 ], [ 28.796663201000058, 69.188327042000083 ], [ 28.825418158000048, 69.23616323400006 ], [ 28.902773234000051, 69.274991227000044 ], [ 28.926800127000035, 69.28638223300004 ], [ 28.99708221800006, 69.315554106000036 ], [ 29.033336129000077, 69.330554025000083 ], [ 29.064163260000043, 69.343891142000075 ], [ 29.122218165000049, 69.370818173000032 ], [ 29.269163322000054, 69.451936053000054 ], [ 29.285554134000051, 69.463609194000071 ], [ 29.298473161000061, 69.485336093000058 ], [ 29.180000156000062, 69.63068215100003 ], [ 29.127500273000066, 69.685818142000073 ], [ 29.102782208000065, 69.705973267000047 ], [ 29.000827085000026, 69.721518177000064 ], [ 28.946109182000043, 69.728609099000039 ], [ 28.909718144000067, 69.733891207000056 ], [ 28.744163318000062, 69.75971819800003 ], [ 28.694718136000063, 69.768600165000066 ], [ 28.405000166000036, 69.821654092000074 ], [ 28.379718167000078, 69.827500134000047 ], [ 28.363818200000026, 69.84103607000003 ], [ 28.341945120000048, 69.877209179000033 ], [ 28.316800249000039, 69.889163281000037 ], [ 28.276109126000051, 69.896654021000074 ], [ 28.226663274000032, 69.90221809600007 ], [ 28.197218151000072, 69.906391110000072 ], [ 28.15916330400006, 69.913882184000045 ], [ 28.10208220800007, 69.934573248000049 ], [ 27.991391130000068, 69.997909088000029 ], [ 27.976245198000072, 70.011518113000079 ], [ 27.971145146000026, 70.045509078000066 ], [ 27.937745105000033, 70.083036032000052 ], [ 27.910691172000043, 70.088609159000043 ], [ 27.873054079000042, 70.088045057000045 ], [ 27.599445122000077, 70.072491095000032 ], [ 27.570409203000054, 70.066382196000063 ], [ 27.421391202000052, 70.016663261000076 ], [ 27.298263223000049, 69.986244999000064 ], [ 27.30603609800005, 69.964918084000033 ], [ 27.28624508300004, 69.94860908000004 ], [ 27.20610922700007, 69.933318142000076 ], [ 27.074854155000025, 69.909573216000069 ], [ 27.045827121000059, 69.90777311800008 ], [ 26.894300249000025, 69.925418198000045 ], [ 26.865209177000054, 69.939373229000068 ], [ 26.806582291000041, 69.952054042000043 ], [ 26.609163324000065, 69.950963221000052 ], [ 26.476800165000043, 69.936382230000049 ], [ 26.442918165000037, 69.92082709400006 ], [ 26.420136152000055, 69.895963184000038 ], [ 26.398609246000035, 69.868745133000061 ], [ 26.373745168000028, 69.852209147000053 ], [ 26.174163336000049, 69.751663189000055 ], [ 26.155827084000066, 69.742491207000057 ], [ 26.134445184000072, 69.734982195000043 ], [ 26.10055413200007, 69.726382195000042 ], [ 26.004445051000062, 69.711936153000067 ], [ 25.98332718100005, 69.704300071000034 ], [ 25.959300120000023, 69.685682188000044 ], [ 25.944509246000052, 69.665200169000059 ], [ 25.969445073000031, 69.642491246000077 ], [ 25.970691127000066, 69.618809185000032 ], [ 25.953327176000073, 69.584163258000046 ], [ 25.874163285000066, 69.486373270000058 ], [ 25.833745078000049, 69.385273268000049 ], [ 25.811663289000023, 69.368609207000077 ], [ 25.770554077000043, 69.353882203000069 ], [ 25.752363335000041, 69.339154025000028 ], [ 25.739436094000041, 69.318327175000036 ], [ 25.713336188000028, 69.255263244000048 ], [ 25.708054081000057, 69.209018105000041 ], [ 25.732218102000047, 69.109163151000075 ], [ 25.768327173000046, 69.045273267000084 ], [ 25.761109181000052, 68.98916329900004 ], [ 25.692218151000077, 68.933882132000065 ], [ 25.661391187000049, 68.911653996000041 ], [ 25.652773250000052, 68.906391166000049 ], [ 25.639863275000039, 68.894300103000035 ], [ 25.617773272000079, 68.882763252000075 ], [ 25.585554074000072, 68.878873210000052 ], [ 25.562773235000066, 68.879436139000063 ], [ 25.508054159000039, 68.888318107000032 ], [ 25.481800194000073, 68.891518150000081 ], [ 25.437773242000048, 68.891109113000084 ], [ 25.406945105000034, 68.886382222000066 ], [ 25.384718141000064, 68.880554117000031 ], [ 25.363891124000077, 68.873882122000055 ], [ 25.23416323400005, 68.82527311900003 ], [ 25.214445142000045, 68.817491192000034 ], [ 25.18832713200004, 68.803327117000038 ], [ 25.169854088000022, 68.789027087000079 ], [ 25.154718215000059, 68.767773263000038 ], [ 25.105000118000078, 68.669782109000039 ], [ 25.105073208000078, 68.637909084000057 ], [ 25.076382288000048, 68.621382150000045 ], [ 24.934918226000036, 68.580809212000077 ], [ 24.854473245000065, 68.593182243000058 ], [ 24.831663237000043, 68.617209136000042 ], [ 24.804718100000059, 68.636653978000083 ], [ 24.773327202000075, 68.652773216000071 ], [ 24.75444512100006, 68.660263284000052 ], [ 24.690282155000034, 68.676373135000063 ], [ 24.628891252000074, 68.687209092000046 ], [ 24.578891188000057, 68.691373221000049 ], [ 24.513336155000047, 68.695827029000043 ], [ 24.45027323000005, 68.698882233000063 ], [ 24.41694510700006, 68.701663181000072 ], [ 24.354100111000037, 68.710200149000059 ], [ 24.206109228000059, 68.749027136000052 ], [ 24.120554137000056, 68.783600140000033 ], [ 24.09041817700006, 68.802418183000043 ], [ 24.060827209000024, 68.818736073000082 ], [ 24.036945155000069, 68.82527311900003 ], [ 23.976391269000032, 68.832491111000081 ], [ 23.899436177000041, 68.833882172000074 ], [ 23.856391249000069, 68.832491111000081 ], [ 23.824509171000045, 68.826309122000055 ], [ 23.796109104000038, 68.789291117000062 ], [ 23.762500187000057, 68.759427067000047 ], [ 23.740836152000043, 68.742491096000037 ], [ 23.705063195000037, 68.716863259000036 ], [ 23.671945122000068, 68.711109083000053 ], [ 23.583054033000053, 68.705273266000063 ], [ 23.517500174000077, 68.698609150000038 ], [ 23.467218142000036, 68.691663235000078 ], [ 23.407773182000028, 68.680827110000052 ], [ 23.333054047000076, 68.659436158000062 ], [ 23.286663230000045, 68.644427019000034 ], [ 23.26055410400005, 68.636382236000031 ], [ 23.196391138000024, 68.629854075000083 ], [ 23.164718106000066, 68.637500215000046 ], [ 23.139445159000047, 68.649154078000038 ], [ 23.099163241000042, 68.674709159000031 ], [ 23.068191270000057, 68.693600125000046 ], [ 22.863609130000043, 68.693054128000028 ], [ 22.802773276000039, 68.691373221000049 ], [ 22.550000221000062, 68.737782143000061 ], [ 22.500000157000045, 68.728991203000078 ], [ 22.398327168000037, 68.711109083000053 ], [ 22.366800148000038, 68.795409068000083 ], [ 22.347636100000045, 68.843609203000028 ], [ 22.278891250000072, 68.881653991000064 ], [ 22.19899126100006, 68.937700089000032 ], [ 22.041382144000067, 69.052218177000043 ], [ 21.994600228000024, 69.078373235000072 ], [ 21.681945180000071, 69.284718090000069 ], [ 21.320827142000041, 69.326109102000032 ], [ 21.047082230000058, 69.223745109000049 ], [ 21.030273161000025, 69.210545120000063 ], [ 21.042218212000023, 69.160827023000081 ], [ 21.053609218000076, 69.140544997000063 ], [ 21.072636138000064, 69.122082178000028 ], [ 21.109163299000045, 69.097418093000044 ], [ 21.07944509400005, 69.051518121000072 ], [ 21.063473209000051, 69.03680016900006 ], [ 21.033054109000034, 69.033327044000032 ], [ 20.980554059000042, 69.045273267000084 ], [ 20.935554135000075, 69.058609211000032 ], [ 20.829027186000076, 69.084991083000034 ], [ 20.773891194000043, 69.093600136000077 ], [ 20.731109122000078, 69.096100123000042 ], [ 20.69750020500004, 69.092773177000083 ], [ 20.675000159000035, 69.087218155000073 ], [ 20.609445127000072, 69.069445 ], [ 20.580927210000027, 69.060300176000055 ], [ 20.535273163000056, 69.05638213900005 ], [ 20.096945055000049, 69.042218064000053 ], [ 20.238891245000048, 68.96860014300006 ], [ 20.314718132000053, 68.928327110000055 ], [ 20.350273160000029, 68.786654003000081 ], [ 20.313891173000059, 68.754718113000081 ], [ 20.238327143000049, 68.691373221000049 ], [ 20.202500206000025, 68.662218112000062 ], [ 20.177218207000067, 68.646945111000036 ], [ 20.063054171000033, 68.583054054000058 ], [ 19.956391267000072, 68.543882235000069 ], [ 20.088054035000027, 68.501663259000054 ], [ 20.204236098000024, 68.47089111300005 ], [ 20.171527062000052, 68.44596316500008 ], [ 20.075836070000037, 68.41471811200006 ], [ 20.039163232000078, 68.39915409200006 ], [ 20.006663241000069, 68.381100143000083 ], [ 19.970418215000052, 68.355545061000043 ], [ 19.952363260000027, 68.34276316100005 ], [ 19.930827133000037, 68.337073190000069 ], [ 19.898327142000028, 68.341382159000034 ], [ 19.860554095000055, 68.349991212000077 ], [ 19.717218186000025, 68.37277322500006 ], [ 19.543891156000029, 68.399718194000059 ], [ 19.413327089000063, 68.419436118000078 ], [ 18.952218142000049, 68.487782157000083 ], [ 18.61194505800006, 68.475263281000082 ], [ 18.358054025000058, 68.539154003000078 ], [ 18.149436166000044, 68.515273123000043 ], [ 18.099536182000065, 68.508927184000072 ], [ 18.086245165000037, 68.499300065000057 ], [ 18.058054143000049, 68.439991227000064 ], [ 18.049582218000069, 68.400273243000072 ], [ 18.069445149000046, 68.354427083000076 ], [ 18.085827076000044, 68.317763297000056 ], [ 18.103882199000054, 68.280818047000082 ], [ 18.155282208000074, 68.166109187000075 ], [ 18.135554058000025, 68.150273257000038 ], [ 17.939718098000071, 67.997773246000065 ], [ 17.884163347000026, 67.945545104000075 ], [ 17.858054054000036, 67.948609193000038 ], [ 17.825554062000037, 67.955273141000077 ], [ 17.801936038000065, 67.964154103000055 ], [ 17.743327089000047, 67.984709212000041 ], [ 17.680273216000046, 68.00443602100006 ], [ 17.648891203000062, 68.014163219000068 ], [ 17.592500105000056, 68.029709135000076 ], [ 17.273609089000047, 68.09054498900008 ], [ 17.252582247000078, 68.074573272000066 ], [ 17.234545062000052, 68.062100162000036 ], [ 17.188327080000022, 68.030273237000074 ], [ 16.72694505100003, 67.899154120000048 ], [ 16.684718196000063, 67.832218085000079 ], [ 16.620282147000069, 67.732209072000046 ], [ 16.588054065000051, 67.682218060000082 ], [ 16.573609196000064, 67.661236144000043 ], [ 16.508327078000036, 67.609163236000029 ], [ 16.403327144000059, 67.530000183000084 ], [ 16.382500126000025, 67.515545088000067 ], [ 16.199163261000024, 67.500827137000044 ], [ 16.088054093000039, 67.405400175000068 ], [ 16.107636063000029, 67.385691135000059 ], [ 16.138609207000059, 67.367491173000076 ], [ 16.161663296000029, 67.355818032000059 ], [ 16.21263616400006, 67.333736076000037 ], [ 16.261945057000048, 67.30554505300006 ], [ 16.337500203000047, 67.260818044000075 ], [ 16.361382257000059, 67.237782227000082 ], [ 16.402500186000054, 67.170545114000049 ], [ 16.353882297000041, 67.017773194000029 ], [ 16.010000134000052, 66.890827091000062 ], [ 15.731109236000066, 66.685000070000058 ], [ 15.625827168000058, 66.605818074000069 ], [ 15.52777315000003, 66.558045082000035 ], [ 15.362782258000038, 66.480000175000043 ], [ 15.371391143000039, 66.461654033000059 ], [ 15.400554132000025, 66.406936131000066 ], [ 15.446854089000055, 66.321382213000049 ], [ 15.468054101000064, 66.283873196000059 ], [ 15.025273191000053, 66.149991235000073 ], [ 14.981391246000044, 66.149154051000039 ], [ 14.717782234000026, 66.140544998000053 ], [ 14.507082143000048, 66.123600142000043 ], [ 14.519163315000071, 66.07889123800004 ], [ 14.537636191000047, 66.016382190000058 ], [ 14.56944517900007, 65.949436096000056 ], [ 14.580273257000044, 65.931109065000044 ], [ 14.608891253000024, 65.876391163000051 ], [ 14.633191229000033, 65.821800162000045 ], [ 14.621391186000039, 65.797209167000062 ], [ 14.603891281000074, 65.77332711300005 ], [ 14.588054010000064, 65.756945019000057 ], [ 14.565282223000054, 65.736373146000062 ], [ 14.534718116000022, 65.700963293000029 ], [ 14.500554149000038, 65.585827124000048 ], [ 14.497218151000027, 65.516100083000083 ], [ 14.49528226700005, 65.446382094000057 ], [ 14.494027161000076, 65.367636125000047 ], [ 14.493054022000024, 65.313600175000033 ], [ 14.36889121300004, 65.246654081000031 ], [ 14.356109146000051, 65.208600073000071 ], [ 14.329163339000047, 65.149718042000075 ], [ 14.31944502500005, 65.129991232000066 ], [ 14.308836050000025, 65.115236065000033 ], [ 14.296436198000038, 65.102127104000033 ], [ 14.235282168000026, 65.048873185000048 ], [ 14.091391209000051, 64.949154018000058 ], [ 13.955827168000042, 64.835536146000038 ], [ 13.879163264000056, 64.771100098000034 ], [ 13.83278217000003, 64.733318166000061 ], [ 13.725573270000041, 64.652263151000056 ], [ 13.702218102000074, 64.634573144000058 ], [ 13.676945155000055, 64.607773182000074 ], [ 13.668263348000039, 64.580200073000071 ], [ 13.820273185000076, 64.529436082000075 ], [ 13.900836183000024, 64.507491086000073 ], [ 14.03250012500007, 64.48805412300004 ], [ 14.116391241000031, 64.470554051000079 ], [ 14.150554034000038, 64.339291100000082 ], [ 14.150691162000044, 64.179845005000061 ], [ 13.985000214000024, 64.015545118000034 ], [ 13.291391187000045, 64.086653999000077 ], [ 13.230000116000042, 64.093045033000067 ], [ 13.193609245000061, 64.090000223000061 ], [ 13.135554004000028, 64.083600137000076 ], [ 13.032218214000068, 64.071109089000061 ], [ 12.988336101000073, 64.064436089000083 ], [ 12.938054069000032, 64.053327049000075 ], [ 12.846945128000073, 64.025273155000036 ], [ 12.794445078000024, 64.007218032000083 ], [ 12.681945185000075, 63.967218081000055 ], [ 12.633891231000064, 63.942773267000064 ], [ 12.530836066000063, 63.872773143000074 ], [ 12.47305407500005, 63.833327068000074 ], [ 12.346663189000026, 63.728882184000042 ], [ 12.146663268000054, 63.589573109000071 ], [ 12.178609215000051, 63.512218033000067 ], [ 12.195000195000034, 63.485273232000054 ], [ 12.137218204000021, 63.436663223000039 ], [ 12.078336172000036, 63.388327134000065 ], [ 11.998891152000056, 63.323882200000071 ], [ 11.93639115600007, 63.272218161000069 ], [ 12.027491212000029, 63.18244512800004 ], [ 12.036945161000062, 63.173882175000074 ], [ 12.144163281000033, 63.045273270000052 ], [ 12.168609102000062, 63.015827141000045 ], [ 12.151109197000039, 62.999445047000052 ], [ 12.113336150000066, 62.967218138000078 ], [ 12.058336113000053, 62.918609134000064 ], [ 12.028891157000032, 62.89249112400006 ], [ 12.050282277000065, 62.838882147000049 ], [ 12.066663198000072, 62.803054037000038 ], [ 12.089445044000058, 62.749445061000074 ], [ 12.072773271000074, 62.715827091000051 ], [ 12.046663307000074, 62.665273151000065 ], [ 12.047500156000069, 62.590000140000029 ], [ 12.08471815300004, 62.529163280000034 ], [ 12.14916325400003, 62.46027325600005 ], [ 12.178336133000073, 62.430827127000043 ], [ 12.20486334800006, 62.397353997000039 ], [ 12.245345090000058, 62.337982127000032 ], [ 12.256391265000047, 62.327218087000062 ], [ 12.271391184000038, 62.30805403800008 ], [ 12.293745049000051, 62.267082122000033 ], [ 12.294618108000066, 62.25821809200005 ], [ 12.258609117000049, 62.14249116600007 ], [ 12.215000254000074, 62.006100167000056 ], [ 12.200282135000066, 61.963336032000029 ], [ 12.181663246000028, 61.912500124000076 ], [ 12.170000163000054, 61.878609072000074 ], [ 12.159445167000058, 61.844445105000034 ], [ 12.124445022000032, 61.728609047000077 ], [ 12.144445081000072, 61.717500175000055 ], [ 12.399718122000024, 61.576936162000038 ], [ 12.43750022100005, 61.569018113000027 ], [ 12.474863225000036, 61.569582215000082 ], [ 12.526527097000042, 61.566663301000062 ], [ 12.773891142000025, 61.41471817200005 ], [ 12.856109231000062, 61.362500088000047 ], [ 12.831109199000025, 61.312218057000052 ], [ 12.796663265000063, 61.244991170000048 ], [ 12.772218114000054, 61.200827089000029 ], [ 12.670273217000044, 61.087773152000068 ], [ 12.637827205000065, 61.057536107000033 ], [ 12.621945175000064, 61.053053968000029 ], [ 12.60221819800006, 61.04971813800006 ], [ 12.567218220000029, 61.048045111000079 ], [ 12.50027330000006, 61.050827064000032 ], [ 12.458054157000049, 61.053891153000052 ], [ 12.432500248000053, 61.054445029000078 ], [ 12.407773299000041, 61.053891153000052 ], [ 12.38805403300006, 61.050553982000054 ], [ 12.29416330600003, 61.029444997000041 ], [ 12.247773160000065, 61.018609208000044 ], [ 12.216218144000038, 60.998745103000033 ], [ 12.239582197000061, 60.97693606100006 ], [ 12.271945060000064, 60.946109098000079 ], [ 12.308609181000065, 60.887218181000037 ], [ 12.336109200000067, 60.835827056000028 ], [ 12.35236321900004, 60.802218139000047 ], [ 12.364718144000051, 60.779445011000064 ], [ 12.382500184000037, 60.755554072000052 ], [ 12.425000121000039, 60.710273187000041 ], [ 12.505836034000026, 60.630000203000066 ], [ 12.590973204000022, 60.521800059000043 ], [ 12.607218171000056, 60.468400127000052 ], [ 12.600136133000035, 60.433882108000034 ], [ 12.589718098000048, 60.39916326000008 ], [ 12.571945110000058, 60.378054107000082 ], [ 12.532773292000059, 60.339027127000065 ], [ 12.506109116000061, 60.20207319900004 ], [ 12.507845176000046, 60.174091221000083 ], [ 12.502782171000035, 60.144718183000066 ], [ 12.494509233000031, 60.113044982000076 ], [ 12.469445163000046, 60.070000221000043 ], [ 12.316945152000073, 59.972636034000061 ], [ 12.191945159000056, 59.910273165000035 ], [ 12.163054079000062, 59.896945101000028 ], [ 12.134863224000071, 59.887636159000067 ], [ 12.107218199000044, 59.885827009000081 ], [ 12.034163207000063, 59.886109144000045 ], [ 12.003191236000077, 59.889582102000077 ], [ 11.965482227000052, 59.896945101000028 ], [ 11.875827211000058, 59.869991079000044 ], [ 11.852773290000073, 59.861382194000043 ], [ 11.815963324000052, 59.846100141000079 ], [ 11.882082291000074, 59.802353982000056 ], [ 11.896391205000043, 59.784718123000061 ], [ 11.898845091000055, 59.772473168000033 ], [ 11.90319127600003, 59.729300164000051 ], [ 11.899100236000038, 59.699718080000082 ], [ 11.818054105000044, 59.648682181000027 ], [ 11.764654006000058, 59.638045043000034 ], [ 11.667009192000023, 59.593573179000032 ], [ 11.739163297000061, 59.429718035000064 ], [ 11.78305412800006, 59.324718102000077 ], [ 11.790836054000067, 59.30332714900004 ], [ 11.797918092000032, 59.266527074000066 ], [ 11.792654089000052, 59.237836154000036 ], [ 11.769545182000059, 59.217536023000036 ], [ 11.761945143000048, 59.206245097000078 ], [ 11.752636033000044, 59.181245064000052 ], [ 11.741873167000051, 59.119991122000044 ], [ 11.75180019000004, 59.095136097000079 ], [ 11.624027128000023, 58.906936051000059 ], [ 11.599963187000071, 58.899182120000035 ], [ 11.585836160000042, 58.896663190000027 ], [ 11.496663271000045, 58.884718140000075 ], [ 11.456945120000057, 58.883745001000079 ], [ 11.43124503100006, 58.891036083000074 ], [ 11.42347316300004, 58.919163236000031 ], [ 11.42919112900006, 58.987636009000028 ], [ 11.432773219000069, 58.995136136000042 ], [ 11.385827185000039, 59.076109176000045 ], [ 11.354927132000057, 59.106727095000053 ], [ 11.298336042000074, 59.113882223000076 ], [ 11.203336054000033, 59.106945025000073 ], [ 11.064163268000073, 59.116663171000027 ], [ 11.033891187000052, 59.125545138000064 ], [ 10.94083613600003, 59.164991213000064 ], [ 10.900273256000048, 59.14249116700006 ], [ 10.797500226000068, 59.186382165000055 ], [ 10.764718100000039, 59.220273217000056 ], [ 10.659163284000044, 59.363882209000053 ], [ 10.662082198000064, 59.435582182000076 ], [ 10.691391199000066, 59.464227169000083 ], [ 10.691463284000065, 59.479263297000045 ], [ 10.673891127000047, 59.49528212000007 ], [ 10.657636102000026, 59.513609152000072 ], [ 10.642163276000076, 59.556327018000047 ], [ 10.639591205000045, 59.610709142000076 ], [ 10.619900103000077, 59.641109131000064 ], [ 10.559582251000052, 59.724791203000052 ], [ 10.584445155000026, 59.789991178000037 ], [ 10.600554167000041, 59.811382130000027 ], [ 10.639445025000043, 59.854582124000046 ], [ 10.664582185000029, 59.845973239000045 ], [ 10.696245159000057, 59.796527051000055 ], [ 10.738645017000067, 59.803773206000074 ], [ 10.760782126000038, 59.836573270000031 ], [ 10.741182219000052, 59.890345023000066 ], [ 10.688609246000055, 59.903045115000054 ], [ 10.670554123000045, 59.88716325200005 ], [ 10.660273216000064, 59.882500064000055 ], [ 10.583054095000023, 59.877491206000059 ], [ 10.55971820600007, 59.878053967000028 ], [ 10.532500154000047, 59.875973244000079 ], [ 10.499027191000039, 59.865827118000027 ], [ 10.473263233000068, 59.844091166000055 ], [ 10.482082168000034, 59.799718041000062 ], [ 10.492500203000077, 59.780291137000063 ], [ 10.491663187000029, 59.763054088000047 ], [ 10.492636158000039, 59.732500207000044 ], [ 10.52284504000005, 59.677918091000038 ], [ 10.55557318700005, 59.666891195000062 ], [ 10.582218084000033, 59.654854111000077 ], [ 10.601527139000041, 59.634718097000075 ], [ 10.609863277000045, 59.59187316100008 ], [ 10.589300121000065, 59.562218155000039 ], [ 10.558054062000053, 59.543054107000046 ], [ 10.513054139000076, 59.524991106000073 ], [ 10.478745165000021, 59.51569121600005 ], [ 10.451527114000044, 59.513473197000053 ], [ 10.422154075000037, 59.526527173000034 ], [ 10.426036070000066, 59.573118150000028 ], [ 10.413327093000021, 59.667082134000054 ], [ 10.377636111000072, 59.70082717400004 ], [ 10.278336039000067, 59.735000193000076 ], [ 10.230900166000026, 59.729091119000032 ], [ 10.266036099000075, 59.694645017000028 ], [ 10.305509163000067, 59.685263153000051 ], [ 10.323891180000032, 59.681518119000032 ], [ 10.38097328200007, 59.654091190000031 ], [ 10.397636170000055, 59.595763202000057 ], [ 10.379163293000033, 59.531173262000038 ], [ 10.334027080000055, 59.527636099000063 ], [ 10.297636041000032, 59.541518039000039 ], [ 10.245273286000042, 59.553254045000074 ], [ 10.263336120000076, 59.525836001000073 ], [ 10.347500151000077, 59.475827052000056 ], [ 10.423609173000045, 59.444445039000072 ], [ 10.479163254000071, 59.419718089000071 ], [ 10.515691253000057, 59.306245057000069 ], [ 10.460000212000068, 59.245136122000076 ], [ 10.437082245000056, 59.250973111000064 ], [ 10.369654024000056, 59.265482186000042 ], [ 10.327218125000059, 59.205273131000069 ], [ 10.231109211000046, 59.038609044000054 ], [ 10.154163340000025, 59.022218065000061 ], [ 10.167427199000031, 59.039436003000048 ], [ 10.142500257000052, 59.045691082000076 ], [ 10.026663193000047, 59.006736019000073 ], [ 10.025036098000044, 58.977836055000068 ], [ 9.954718132000039, 58.951945027000079 ], [ 9.877500184000041, 58.954991178000057 ], [ 9.838891127000068, 58.966873196000051 ], [ 9.846945130000051, 58.991318179000075 ], [ 9.825554010000076, 59.014445023000064 ], [ 9.821609151000075, 59.017063194000059 ], [ 9.786945120000041, 59.036109058000079 ], [ 9.614163249000057, 59.117773103000047 ], [ 9.551600221000058, 59.114018178000038 ], [ 9.626391273000024, 59.057782145000033 ], [ 9.684163205000061, 59.031945096000072 ], [ 9.69305405800003, 58.983054125000081 ], [ 9.605691157000024, 58.925136012000053 ], [ 9.507500178000043, 58.891936132000069 ], [ 9.409445154000025, 58.841382191000037 ], [ 9.348709213000063, 58.758691196000029 ], [ 9.340000248000024, 58.750827127000036 ], [ 9.183891157000062, 58.655282148000083 ], [ 9.064163213000029, 58.616391122000039 ], [ 9.030554128000063, 58.607218135000039 ], [ 8.999445030000061, 58.599853963000044 ], [ 8.951663320000023, 58.57305400100006 ], [ 8.831109089000051, 58.480827082000076 ], [ 8.796945122000068, 58.46471807000006 ], [ 8.739263211000036, 58.448745012000074 ], [ 8.712645136000049, 58.441936057000078 ], [ 8.713536133000048, 58.417973201000052 ], [ 8.691945021000038, 58.377218041000049 ], [ 8.510273304000066, 58.270273170000053 ], [ 8.402773216000071, 58.254436067000029 ], [ 8.24639121000007, 58.200000132000071 ], [ 8.243891223000048, 58.167218173000037 ], [ 8.21357320900006, 58.120345062000069 ], [ 8.155191241000068, 58.140009175000046 ], [ 8.127500115000032, 58.098882193000065 ], [ 7.934718186000055, 58.079436010000052 ], [ 7.80944511000007, 58.067500180000081 ], [ 7.660554011000045, 58.044163285000081 ], [ 7.621663321000028, 58.019436 ], [ 7.55971820700006, 58.010827115000041 ], [ 7.528336194000076, 58.008044994000045 ], [ 7.483891152000069, 58.005554060000065 ], [ 7.362782206000077, 58.012773225000046 ], [ 7.251109104000022, 58.034718054000052 ], [ 7.223609085000021, 58.043882156000052 ], [ 7.151391110000077, 58.047773203000077 ], [ 7.077954071000022, 58.019336088000045 ], [ 7.049163240000041, 57.996109163000028 ], [ 7.007918073000042, 57.987918032000039 ], [ 6.936109135000038, 58.039163144000042 ], [ 6.902782185000035, 58.056109173000038 ], [ 6.781663181000056, 58.111382125000034 ], [ 6.731391208000048, 58.116391151000073 ], [ 6.72833617200007, 58.064163177000069 ], [ 6.60291808900007, 58.069436064000058 ], [ 6.558891137000046, 58.097500185000058 ], [ 6.556391151000071, 58.120827021000082 ], [ 6.587218114000052, 58.153609148000044 ], [ 6.61278224800003, 58.175000100000034 ], [ 6.68416320700004, 58.207218124000065 ], [ 6.760000152000032, 58.244018032000042 ], [ 6.616663237000068, 58.258609082000078 ], [ 6.360282276000021, 58.270827047000068 ], [ 6.347591236000028, 58.270782120000035 ], [ 6.284163196000065, 58.306663203000028 ], [ 6.224163186000055, 58.324027154000078 ], [ 6.143054023000047, 58.337773140000081 ], [ 6.011945131000061, 58.379718027000081 ], [ 5.99305399800005, 58.390273190000073 ], [ 5.978191207000066, 58.406245075000072 ], [ 5.969718109000041, 58.428473211000039 ], [ 5.962500117000047, 58.466036040000063 ], [ 5.931109219000064, 58.47569115400006 ], [ 5.895554023000045, 58.474445101000072 ], [ 5.853336053000021, 58.473327122000057 ], [ 5.778054157000042, 58.483327068000051 ], [ 5.75333609300003, 58.488054126000065 ], [ 5.644718194000063, 58.544718139000054 ], [ 5.623336127000073, 58.557635993000076 ], [ 5.508473208000055, 58.667636067000046 ], [ 5.460391258000072, 58.750053980000075 ], [ 5.518336193000039, 58.825827056000037 ], [ 5.543336057000033, 58.874718026000039 ], [ 5.553891221000072, 58.909163290000038 ], [ 5.551945110000077, 58.967500163000068 ], [ 5.540136182000026, 58.990409078000027 ], [ 5.558609226000044, 59.030273242000078 ], [ 5.712309191000031, 58.972882183000081 ], [ 5.705827130000046, 58.941963186000066 ], [ 5.744418083000028, 58.928200101000073 ], [ 5.793745080000065, 58.924173267000072 ], [ 5.816736138000067, 58.93801815900008 ], [ 5.842918186000077, 58.962636144000044 ], [ 5.882782182000028, 58.954027091000057 ], [ 5.938745132000065, 58.931245079000064 ], [ 6.00889126900006, 58.888609187000043 ], [ 6.06124513900005, 58.857354076000036 ], [ 6.110554031000049, 58.837773112000036 ], [ 6.13028218200003, 58.833882232000065 ], [ 6.16860910500003, 58.832218089000037 ], [ 6.227218222000033, 58.837145139000029 ], [ 6.200282138000034, 58.842500170000051 ], [ 6.170136120000052, 58.84221803500003 ], [ 6.138745054000026, 58.84721817500008 ], [ 6.102363236000031, 58.859509063000075 ], [ 6.070554081000068, 58.877491095000039 ], [ 6.058336116000021, 58.894027081000047 ], [ 6.090554140000052, 58.935273254000037 ], [ 6.119163252000021, 58.957009205000077 ], [ 6.191945161000035, 58.978882117000069 ], [ 6.218054119000044, 58.98583607900008 ], [ 6.256109133000052, 58.993045018000032 ], [ 6.404163216000029, 59.017218092000064 ], [ 6.485554010000044, 59.028882181000029 ], [ 6.588891142000023, 59.042500091000079 ], [ 6.617082165000056, 59.053463285000078 ], [ 6.503891268000075, 59.048882240000069 ], [ 6.399445042000025, 59.036109058000079 ], [ 6.377782181000043, 59.033054022000044 ], [ 6.210554160000072, 59.005273209000052 ], [ 6.163609132000033, 58.995827140000074 ], [ 6.124163225000075, 58.981945032000056 ], [ 6.100000210000076, 58.96666314600003 ], [ 6.036391120000076, 58.904509154000039 ], [ 5.974618169000053, 58.961927035000031 ], [ 5.963882125000055, 59.01293611300008 ], [ 5.936363331000052, 59.012600166000027 ], [ 5.869863323000061, 59.065554013000053 ], [ 5.875691260000053, 59.086663166000051 ], [ 5.895554023000045, 59.098882137000032 ], [ 5.955836168000076, 59.11555407700007 ], [ 6.006982206000032, 59.149436077000075 ], [ 6.064718097000025, 59.204436114000032 ], [ 6.146663270000033, 59.244991115000062 ], [ 6.167782146000036, 59.254718146000073 ], [ 6.310273159000076, 59.305545001000041 ], [ 6.336527124000042, 59.31235412400008 ], [ 6.367773183000054, 59.316382131000069 ], [ 6.404445015000022, 59.317500109000036 ], [ 6.430000097000061, 59.316109049000033 ], [ 6.45979122500006, 59.320482223000056 ], [ 6.406663202000061, 59.326382245000048 ], [ 6.375836071000037, 59.326382245000048 ], [ 6.322363217000031, 59.320136050000031 ], [ 6.289027046000058, 59.310136105000026 ], [ 6.251109160000055, 59.287636059000079 ], [ 6.127082139000038, 59.259163237000053 ], [ 5.996527123000021, 59.332909065000081 ], [ 6.031182270000045, 59.373054023000066 ], [ 6.073054067000044, 59.394718057000034 ], [ 6.102782163000029, 59.407218157000045 ], [ 6.214718122000022, 59.473053984000046 ], [ 6.232427072000064, 59.501318096000034 ], [ 6.391109240000048, 59.540836088000049 ], [ 6.418891225000039, 59.546944986000028 ], [ 6.446663321000074, 59.553054053000039 ], [ 6.468891122000059, 59.55527324600007 ], [ 6.427500111000029, 59.563327081000068 ], [ 6.253191225000023, 59.574027083000033 ], [ 6.227636143000041, 59.534718137000027 ], [ 6.169163316000038, 59.471245001000057 ], [ 6.150418195000043, 59.452773131000072 ], [ 6.128891121000038, 59.43943601400008 ], [ 6.10889123000004, 59.42889107700006 ], [ 6.081945087000065, 59.415273166000077 ], [ 5.940173241000025, 59.353227134000065 ], [ 5.880836072000022, 59.407145067000044 ], [ 5.88347318600006, 59.436382151000032 ], [ 5.902982234000035, 59.445063288000028 ], [ 5.94221809000004, 59.441936 ], [ 5.987218182000049, 59.445545080000045 ], [ 6.145554009000023, 59.479300178000074 ], [ 6.123745135000036, 59.486518170000068 ], [ 5.895282282000039, 59.476663231000032 ], [ 5.807782254000074, 59.46916327200006 ], [ 5.713054007000039, 59.436663280000062 ], [ 5.66765409900006, 59.409063182000068 ], [ 5.70055407500007, 59.418473209000069 ], [ 5.732363230000033, 59.425973169000031 ], [ 5.771391215000051, 59.429582248000031 ], [ 5.793473171000073, 59.427354003000062 ], [ 5.85910012100004, 59.378954044000068 ], [ 5.852500210000073, 59.344163279000043 ], [ 5.687500099000033, 59.308609089000072 ], [ 5.626527117000023, 59.32888223100008 ], [ 5.612336052000046, 59.352391123000075 ], [ 5.601836042000059, 59.370591084000068 ], [ 5.582082243000059, 59.376027084000043 ], [ 5.572918141000059, 59.321454021000079 ], [ 5.536109181000029, 59.282773214000031 ], [ 5.516527043000053, 59.27555404800006 ], [ 5.485554067000066, 59.276382180000041 ], [ 5.464445082000054, 59.279445095000028 ], [ 5.389027064000061, 59.290827049000029 ], [ 5.282082193000065, 59.350963182000044 ], [ 5.203891106000071, 59.430827129000079 ], [ 5.186645173000045, 59.491891138000028 ], [ 5.17889124200002, 59.506800196000029 ], [ 5.304163311000025, 59.623600173000057 ], [ 5.430836164000027, 59.699718080000082 ], [ 5.481182234000073, 59.727909103000059 ], [ 5.511663192000071, 59.703745082000069 ], [ 5.506800180000027, 59.667773139000076 ], [ 5.482500204000075, 59.607218079000063 ], [ 5.453609125000071, 59.548609130000045 ], [ 5.459736128000031, 59.519218154000043 ], [ 5.499654104000058, 59.530273213000044 ], [ 5.517800254000065, 59.542763255000068 ], [ 5.525836152000068, 59.553327135000075 ], [ 5.538818212000024, 59.582491129000061 ], [ 5.52534514000007, 59.616382181000063 ], [ 5.541527075000033, 59.658053987000073 ], [ 5.568473218000065, 59.67561809700004 ], [ 5.67778228800006, 59.668054100000063 ], [ 5.743609229000072, 59.680136111000081 ], [ 5.812082170000053, 59.723327052000059 ], [ 5.890273257000047, 59.740554042000042 ], [ 5.94069124300006, 59.736382201000083 ], [ 6.061809241000049, 59.742918074000045 ], [ 6.303645086000074, 59.844473213000072 ], [ 6.206663280000043, 59.831936065000036 ], [ 6.165000192000036, 59.819018044000074 ], [ 6.129718080000032, 59.802363202000038 ], [ 6.106391243000076, 59.787773159000039 ], [ 6.048609085000066, 59.761936110000079 ], [ 5.980136144000028, 59.752918188000081 ], [ 5.840554154000074, 59.766936083000076 ], [ 5.798054049000029, 59.780273199000078 ], [ 5.698336055000027, 59.832773250000059 ], [ 5.705282139000076, 59.866391220000082 ], [ 5.735000176000028, 59.909163234000061 ], [ 5.770836165000048, 59.925554045000069 ], [ 5.824163342000077, 59.939436153000031 ], [ 5.875836099000026, 59.947218080000027 ], [ 5.898054010000067, 59.949718066000059 ], [ 5.956945094000048, 59.951518164000049 ], [ 5.97965401700003, 59.970482220000065 ], [ 5.953609097000026, 60.002773167000043 ], [ 5.98250017600003, 60.030273185000055 ], [ 6.003336078000075, 60.047773258000063 ], [ 6.030554130000041, 60.065273163000029 ], [ 6.108336180000038, 60.106382207000081 ], [ 6.073545079000041, 60.181000089000065 ], [ 6.204718176000029, 60.295554051000067 ], [ 6.331945073000043, 60.355827144000045 ], [ 6.474582267000073, 60.416518158000031 ], [ 6.504163177000066, 60.42582709900006 ], [ 6.524163236000049, 60.429445064000049 ], [ 6.564718069000037, 60.42889118800008 ], [ 6.608473280000055, 60.422082233000083 ], [ 6.634927069000071, 60.40610917500004 ], [ 6.60750014100006, 60.377491178000071 ], [ 6.584863302000031, 60.349718077000034 ], [ 6.531663195000021, 60.258891104000043 ], [ 6.508891240000025, 60.153327068000067 ], [ 6.505973165000057, 60.107636140000068 ], [ 6.521945049000067, 60.083463234000078 ], [ 6.523336110000059, 60.120553994000034 ], [ 6.525554129000056, 60.141109103000076 ], [ 6.533891273000052, 60.165836053000078 ], [ 6.578336147000073, 60.255000057000075 ], [ 6.615418189000025, 60.324018156000079 ], [ 6.652363272000059, 60.373053966000043 ], [ 6.741663230000029, 60.436945024000067 ], [ 6.771945035000044, 60.456936030000065 ], [ 6.793336155000077, 60.466945029000044 ], [ 6.83389115500006, 60.473609144000079 ], [ 6.93402707000007, 60.484853971000064 ], [ 6.979163284000037, 60.48221803000007 ], [ 7.016945048000025, 60.475963286000081 ], [ 7.049863296000069, 60.471527080000044 ], [ 7.077363315000071, 60.478327150000041 ], [ 7.10200912800002, 60.496109190000027 ], [ 6.97944508300003, 60.505827169000042 ], [ 6.973336185000051, 60.546109087000048 ], [ 7.009927048000065, 60.583809043000031 ], [ 6.976109086000065, 60.580273221000027 ], [ 6.952500115000021, 60.570827152000049 ], [ 6.908336034000058, 60.543882183000051 ], [ 6.890000118000046, 60.531945011000062 ], [ 6.875836043000049, 60.517773225000042 ], [ 6.811945153000067, 60.488609063000069 ], [ 6.688891271000045, 60.439991175000046 ], [ 6.664027193000038, 60.431663251000032 ], [ 6.621945177000043, 60.430063146000066 ], [ 6.592709099000047, 60.446173164000072 ], [ 6.568054066000059, 60.45971815200005 ], [ 6.466945012000053, 60.441936112000064 ], [ 6.375000228000033, 60.419445118000056 ], [ 6.344445173000054, 60.407218101000069 ], [ 6.307918180000058, 60.390973134000035 ], [ 6.285000212000057, 60.385963271000037 ], [ 6.253191225000023, 60.392427059000056 ], [ 6.221318200000042, 60.407354055000042 ], [ 6.187782205000076, 60.347773140000072 ], [ 6.155282214000067, 60.272773212000061 ], [ 6.125345073000062, 60.241245018000029 ], [ 5.982218209000052, 60.23610909100006 ], [ 5.899718153000038, 60.151382131000048 ], [ 5.879582139000036, 60.044718054000043 ], [ 5.85916332000005, 60.023463224000068 ], [ 5.806945069000051, 60.00151806000008 ], [ 5.756663205000052, 59.985836022000058 ], [ 5.747218141000076, 59.986663149000037 ], [ 5.708054034000043, 60.00513602500007 ], [ 5.684927190000053, 60.044654017000028 ], [ 5.641809171000034, 60.145827109000038 ], [ 5.604163194000023, 60.141109103000076 ], [ 5.573054095000032, 60.140691181000079 ], [ 5.548745067000027, 60.149091189000046 ], [ 5.633336073000066, 60.31194503100005 ], [ 5.677218186000061, 60.35971819100007 ], [ 5.711109238000063, 60.366391192000037 ], [ 5.72809114100005, 60.383745084000054 ], [ 5.62534510100005, 60.35791809300008 ], [ 5.544445151000048, 60.258045034000077 ], [ 5.450836056000071, 60.179163279000079 ], [ 5.411109188000069, 60.129718096000033 ], [ 5.40166328600003, 60.131945 ], [ 5.361109123000062, 60.146382158000051 ], [ 5.306100201000049, 60.189482240000075 ], [ 5.222745024000062, 60.206691125000077 ], [ 5.311836105000054, 60.261245077000069 ], [ 5.164309077000041, 60.282082153000033 ], [ 5.144927099000029, 60.361036161000072 ], [ 5.203891106000071, 60.392218182000079 ], [ 5.252500110000028, 60.428054004000046 ], [ 5.231109157000049, 60.478054068000063 ], [ 5.259445019000054, 60.506944979000082 ], [ 5.285554145000049, 60.521663266000076 ], [ 5.312363327000071, 60.521945066000058 ], [ 5.347500098000069, 60.504718075000028 ], [ 5.364718203000052, 60.492773193000062 ], [ 5.390000203000056, 60.477773106000029 ], [ 5.459445109000058, 60.436663224000029 ], [ 5.487082255000075, 60.422636109000052 ], [ 5.52639120200007, 60.415618109000036 ], [ 5.607218062000072, 60.414991143000066 ], [ 5.637218067000049, 60.41694513200008 ], [ 5.706454096000073, 60.459509107000031 ], [ 5.715554161000057, 60.490827082000067 ], [ 5.720000090000042, 60.674436025000034 ], [ 5.700836042000049, 60.694163169000035 ], [ 5.661109173000057, 60.70944505500006 ], [ 5.627782223000054, 60.713053967000064 ], [ 5.562500106000073, 60.690273128000058 ], [ 5.534445037000069, 60.639163300000064 ], [ 5.360282165000058, 60.564991168000063 ], [ 5.319163230000072, 60.558327052000038 ], [ 5.268336039000076, 60.552918042000044 ], [ 5.241391238000062, 60.557218126000066 ], [ 5.19860916600004, 60.577500152000027 ], [ 5.096009139000046, 60.654645010000081 ], [ 5.135418165000033, 60.65846330200003 ], [ 5.177082259000031, 60.630963284000075 ], [ 5.216800243000023, 60.617291226000077 ], [ 5.136109170000054, 60.710827063000067 ], [ 5.110282179000023, 60.723609130000057 ], [ 5.086663317000045, 60.729718029000082 ], [ 5.026945106000028, 60.743609190000029 ], [ 4.931109107000054, 60.800545111000076 ], [ 5.004718143000048, 60.801527135000072 ], [ 5.101945035000028, 60.768609054000081 ], [ 5.218054008000024, 60.734991084000058 ], [ 5.283818085000064, 60.71840011300003 ], [ 5.307918069000038, 60.69242710900005 ], [ 5.335282133000021, 60.644718155000078 ], [ 5.359718063000059, 60.63263614400006 ], [ 5.428054043000031, 60.62721808200007 ], [ 5.436945063000053, 60.659854028000041 ], [ 5.408473247000074, 60.699863199000049 ], [ 5.364163321000035, 60.728336021000075 ], [ 5.326245100000051, 60.738891184000067 ], [ 5.254718129000025, 60.754645139000047 ], [ 5.237500191000038, 60.770618029000047 ], [ 5.350554128000056, 60.848327156000039 ], [ 5.370282278000047, 60.855973128000073 ], [ 5.438745161000043, 60.864654098000074 ], [ 5.478054107000048, 60.859582208000063 ], [ 5.505136037000057, 60.86166326700004 ], [ 5.532082179000042, 60.871109169000079 ], [ 5.46055403500003, 60.898045086000081 ], [ 5.344027140000037, 60.87332702100008 ], [ 5.323473205000028, 60.85540919400006 ], [ 5.310691137000049, 60.829991072000041 ], [ 5.253891170000031, 60.810554109000066 ], [ 5.145554066000045, 60.807782214000042 ], [ 5.117773253000053, 60.815273121000075 ], [ 5.119827155000053, 60.83456323300004 ], [ 5.104100190000054, 60.829854112000078 ], [ 5.070136048000052, 60.829718158000048 ], [ 5.045763317000024, 60.841309156000079 ], [ 4.983473204000063, 60.950691149000079 ], [ 5.003973159000054, 61.000000209000063 ], [ 5.012291193000067, 61.040273242000069 ], [ 5.055418096000039, 61.062500206000038 ], [ 5.104163222000068, 61.073054028000058 ], [ 5.128336128000058, 61.071936049000044 ], [ 5.169300165000038, 61.068463259000055 ], [ 5.24278213100007, 61.054645021000056 ], [ 5.267218061000051, 61.034163170000056 ], [ 5.296663184000067, 61.027354047000074 ], [ 5.41944515800003, 61.02555411700007 ], [ 5.459027187000061, 61.040691164000066 ], [ 5.478745111000023, 61.055409115000032 ], [ 5.625282237000022, 61.08916320700007 ], [ 5.725836074000028, 61.097500183000079 ], [ 5.79194515000006, 61.103054033000035 ], [ 5.829445115000055, 61.107773212000041 ], [ 5.920836190000045, 61.123054092000075 ], [ 6.116391189000069, 61.116109182000059 ], [ 6.248891141000058, 61.094718062000027 ], [ 6.267218172000071, 61.086173215000031 ], [ 6.321391251000023, 61.066109118000043 ], [ 6.372218106000048, 61.06194498800005 ], [ 6.406945169000039, 61.066663162000054 ], [ 6.513054029000045, 61.096936081000081 ], [ 6.590554112000063, 61.151382242000068 ], [ 6.655000218000055, 61.151663204000045 ], [ 6.818191180000042, 61.141663258000051 ], [ 6.837636189000023, 61.136800078000078 ], [ 6.958745135000072, 61.07874500500003 ], [ 7.009163289000071, 61.015827086000058 ], [ 7.128473143000065, 60.915200159000051 ], [ 7.119309208000061, 60.881518152000069 ], [ 7.103891200000021, 60.859991077000075 ], [ 7.113891146000071, 60.860273212000038 ], [ 7.13624517900007, 60.869854063000048 ], [ 7.157500177000031, 60.891245015000038 ], [ 7.167918212000075, 60.915136121000046 ], [ 7.160763252000038, 60.944573198000057 ], [ 7.104791249000073, 60.956244998000045 ], [ 7.071945085000038, 60.974718042000063 ], [ 7.018891158000031, 61.036382195000044 ], [ 6.998054082000067, 61.087836017000029 ], [ 7.025836068000046, 61.100973141000054 ], [ 7.058609142000023, 61.100000170000044 ], [ 7.083054124000057, 61.101391231000036 ], [ 7.172500095000032, 61.108054005000042 ], [ 7.313054051000051, 61.123600089000035 ], [ 7.428609148000021, 61.181391132000044 ], [ 7.403054066000038, 61.19388218000006 ], [ 7.37097317000007, 61.199718164000046 ], [ 7.353336137000042, 61.211800174000075 ], [ 7.304163199000072, 61.29124502600007 ], [ 7.364163209000026, 61.365000075000069 ], [ 7.455282208000028, 61.426109178000047 ], [ 7.475691136000023, 61.437082095000051 ], [ 7.52687321600007, 61.451727124000058 ], [ 7.562463280000031, 61.470336123000038 ], [ 7.455836084000055, 61.445000144000062 ], [ 7.424445018000029, 61.432782179000071 ], [ 7.328336104000073, 61.375827147000052 ], [ 7.309163339000065, 61.362500088000047 ], [ 7.279445134000071, 61.325554 ], [ 7.273054100000024, 61.27888222200005 ], [ 7.29778222300007, 61.250545019000072 ], [ 7.353891186000055, 61.189991133000035 ], [ 7.278054073000021, 61.158609119000062 ], [ 7.148609157000067, 61.142773190000071 ], [ 6.961245122000037, 61.109854103000032 ], [ 6.930691241000034, 61.115553965000061 ], [ 6.91868215300002, 61.134509136000077 ], [ 6.906391265000025, 61.161663150000038 ], [ 6.845273277000047, 61.174718131000077 ], [ 6.814445140000032, 61.181109165000066 ], [ 6.774445021000076, 61.180827030000046 ], [ 6.730000147000055, 61.177636040000039 ], [ 6.579027151000048, 61.211663214000055 ], [ 6.565582243000051, 61.227118102000077 ], [ 6.58374515600002, 61.245554098000071 ], [ 6.620836084000075, 61.262218160000032 ], [ 6.639445083000055, 61.27416321000004 ], [ 6.695000169000025, 61.343054073000076 ], [ 6.712636029000066, 61.394791203000068 ], [ 6.591391129000044, 61.268609194000078 ], [ 6.520409149000045, 61.24620017500007 ], [ 6.538573236000047, 61.204318152000042 ], [ 6.501391114000057, 61.132353981000051 ], [ 6.428473250000025, 61.113191106000045 ], [ 6.346109148000039, 61.110273198000073 ], [ 6.318745084000057, 61.114718121000067 ], [ 6.237500135000062, 61.134991095000032 ], [ 5.965282238000043, 61.156391100000064 ], [ 5.749163246000023, 61.152773135000075 ], [ 5.558336144000066, 61.131527022000057 ], [ 5.523609081000075, 61.117218108000031 ], [ 5.50555412600005, 61.105273225000076 ], [ 5.468609211000057, 61.088609163000058 ], [ 5.407218140000055, 61.070544989000041 ], [ 5.39721819500005, 61.068600219000075 ], [ 5.325282187000028, 61.096109123000076 ], [ 5.277782277000028, 61.110836127000027 ], [ 5.159445059000063, 61.132773244000077 ], [ 5.115836028000047, 61.141663258000051 ], [ 5.048954140000035, 61.164954052000041 ], [ 5.091245033000064, 61.18916316800005 ], [ 5.123336155000061, 61.187773113000048 ], [ 5.16624512900006, 61.17708216300008 ], [ 5.197500240000068, 61.164445103000048 ], [ 5.218745012000056, 61.161945117000073 ], [ 5.243054040000061, 61.182354045000068 ], [ 5.206527047000066, 61.202636072000075 ], [ 5.13583608700003, 61.22416314600008 ], [ 5.113054074000047, 61.224445113000058 ], [ 5.08860909200007, 61.222773259000064 ], [ 5.019445147000056, 61.214718082000047 ], [ 4.991527207000047, 61.217636158000062 ], [ 4.95250022700003, 61.256109094000067 ], [ 5.17083606500006, 61.333609176000039 ], [ 5.415000235000036, 61.370827174000055 ], [ 5.451109138000049, 61.37360007500007 ], [ 5.489718196000069, 61.370827174000055 ], [ 5.522500155000046, 61.365554118000034 ], [ 5.562218138000048, 61.360545093000042 ], [ 5.627082167000026, 61.361309187000074 ], [ 5.596109191000039, 61.370282182000039 ], [ 5.446945177000032, 61.375827147000052 ], [ 5.406663258000037, 61.376391081000065 ], [ 5.257782217000056, 61.365273157000047 ], [ 5.166391142000066, 61.351663293000058 ], [ 5.145836033000023, 61.347773252000081 ], [ 5.120136112000068, 61.339718075000064 ], [ 5.078054096000074, 61.322082216000069 ], [ 5.046945166000057, 61.317353984000079 ], [ 5.003609217000076, 61.348054046000073 ], [ 4.949445024000056, 61.410409203000029 ], [ 4.968054022000047, 61.42082707000003 ], [ 5.070900142000028, 61.444991091000077 ], [ 5.183609080000053, 61.453327062000028 ], [ 5.336391226000046, 61.452218136000056 ], [ 5.533336112000029, 61.429300169000044 ], [ 5.621663266000041, 61.451663254000039 ], [ 5.768054044000053, 61.450409154000056 ], [ 5.796245067000029, 61.447982090000039 ], [ 5.767782135000061, 61.479582200000038 ], [ 5.73916330000003, 61.49000006700004 ], [ 5.711391205000041, 61.49444499100008 ], [ 5.680273222000039, 61.494718073000058 ], [ 5.643891236000059, 61.491945004000058 ], [ 5.621527144000027, 61.483818079000059 ], [ 5.583891226000048, 61.465554079000071 ], [ 5.562636060000045, 61.458745124000075 ], [ 5.458054048000065, 61.450409154000056 ], [ 5.188336138000068, 61.498882203000051 ], [ 5.13958212700004, 61.518845046000081 ], [ 5.142782170000032, 61.551936130000058 ], [ 5.250000123000063, 61.551382253000043 ], [ 5.273891230000061, 61.557773119000046 ], [ 5.248554077000051, 61.568936138000083 ], [ 5.212782126000036, 61.577500096000051 ], [ 5.153400198000043, 61.588818180000032 ], [ 5.206945136000058, 61.599163293000061 ], [ 5.27360909500004, 61.598054031000061 ], [ 5.332291134000059, 61.592709059000072 ], [ 5.285309226000038, 61.58953600600006 ], [ 5.340582178000034, 61.58658222300005 ], [ 5.338673283000048, 61.592482245000042 ], [ 5.32033619300006, 61.598327114000028 ], [ 5.296336122000071, 61.603663201000074 ], [ 5.274836038000046, 61.606163188000039 ], [ 5.235000205000063, 61.608500062000076 ], [ 5.194836136000049, 61.607500101000028 ], [ 5.118054047000044, 61.60999120300005 ], [ 5.233473189000051, 61.624718039000072 ], [ 5.191663250000033, 61.626936058000069 ], [ 5.117773253000053, 61.627218193000033 ], [ 4.997500151000054, 61.627773243000036 ], [ 4.971945069000071, 61.632145076000029 ], [ 4.939445078000062, 61.67520911500003 ], [ 4.965554036000071, 61.719163145000039 ], [ 4.98291815400006, 61.739991169000064 ], [ 5.067782242000021, 61.76805411600003 ], [ 5.281109222000055, 61.855553977000056 ], [ 5.359582276000026, 61.90458224300005 ], [ 5.417218086000048, 61.911245018000045 ], [ 5.595836108000071, 61.895273134000035 ], [ 5.676527182000029, 61.880691137000042 ], [ 5.701663336000024, 61.868609126000081 ], [ 5.744718155000044, 61.842218033000051 ], [ 5.987500149000027, 61.830273151000029 ], [ 6.061945028000025, 61.830554112000073 ], [ 6.23221819500003, 61.836936093000077 ], [ 6.253191225000023, 61.836109135000072 ], [ 6.299300242000072, 61.829436134000048 ], [ 6.328054026000075, 61.818882144000042 ], [ 6.348336052000036, 61.811109103000035 ], [ 6.400836103000074, 61.803891111000041 ], [ 6.469163199000036, 61.800827022000078 ], [ 6.513745033000021, 61.807218056000067 ], [ 6.543191162000028, 61.825963176000073 ], [ 6.552573194000047, 61.849573154000041 ], [ 6.588745129000074, 61.867636155000071 ], [ 6.62416319700003, 61.870963268000082 ], [ 6.658336048000024, 61.869718052000053 ], [ 6.683054113000026, 61.866944983000053 ], [ 6.71750021500003, 61.861936125000057 ], [ 6.738891167000077, 61.857773169000041 ], [ 6.763609232000022, 61.868045024000082 ], [ 6.687782177000031, 61.881945069000039 ], [ 6.651663215000042, 61.884991221000064 ], [ 6.604445105000025, 61.882218152000064 ], [ 6.567500190000032, 61.879718165000043 ], [ 6.545418066000025, 61.873054049000075 ], [ 6.526454010000066, 61.857491202000062 ], [ 6.50430013700003, 61.830691240000078 ], [ 6.422782273000053, 61.828891143000078 ], [ 6.383609113000034, 61.83193612000008 ], [ 6.349163179000072, 61.836936093000077 ], [ 6.219445012000051, 61.853882122000073 ], [ 5.942945137000038, 61.869518060000075 ], [ 5.905863261000036, 61.862609192000036 ], [ 5.802573236000057, 61.856382109000037 ], [ 5.757363262000069, 61.868882209000049 ], [ 5.728473188000066, 61.888609185000064 ], [ 5.761391269000057, 61.89555409500008 ], [ 5.80271807500003, 61.901191093000079 ], [ 5.836527152000031, 61.903718069000035 ], [ 5.879591192000021, 61.906173128000034 ], [ 5.834282143000053, 61.911882210000044 ], [ 5.782218119000049, 61.915273193000075 ], [ 5.534163238000076, 61.926936108000064 ], [ 5.433609233000027, 61.93500017000008 ], [ 5.393054065000058, 61.93041811900008 ], [ 5.320836090000057, 61.913609050000048 ], [ 5.289718107000056, 61.907773234000047 ], [ 5.154582214000072, 61.892500065000036 ], [ 5.103473224000027, 61.914227131000075 ], [ 5.145836033000023, 61.969409056000075 ], [ 5.187782262000042, 61.956382237000071 ], [ 5.220273201000055, 61.961391095000067 ], [ 5.399100100000055, 62.018818028000055 ], [ 5.278891203000057, 62.074718114000063 ], [ 5.206663337000066, 62.096663278000051 ], [ 5.186391201000049, 62.101109207000036 ], [ 5.115836028000047, 62.103609193000068 ], [ 5.095836136000059, 62.110136014000034 ], [ 5.073609173000023, 62.153054040000029 ], [ 5.080136161000041, 62.176663180000048 ], [ 5.15847326100004, 62.212491122000074 ], [ 5.193891160000021, 62.201663212000028 ], [ 5.247773219000067, 62.171663207000051 ], [ 5.446663209000064, 62.05749112400008 ], [ 5.467082196000035, 62.038118031000067 ], [ 5.462718074000065, 62.009373132000064 ], [ 5.468891178000035, 62.006800223000027 ], [ 5.496400249000033, 62.025263209000059 ], [ 5.54833603000003, 62.078327026000068 ], [ 5.51110914800006, 62.090000168000074 ], [ 5.463054021000062, 62.095836152000061 ], [ 5.422500194000065, 62.10471811900004 ], [ 5.387218081000071, 62.12096325300007 ], [ 5.421045096000057, 62.178118110000071 ], [ 5.455554062000033, 62.184163307000063 ], [ 5.483609130000048, 62.184163307000063 ], [ 5.683336137000026, 62.172218089000069 ], [ 5.851945160000071, 62.198191092000059 ], [ 5.886245082000073, 62.193609208000055 ], [ 5.914445157000046, 62.179300126000044 ], [ 5.92368218200005, 62.160063156000035 ], [ 5.920000179000056, 62.113609139000062 ], [ 5.950282152000057, 62.106663224000044 ], [ 6.042218219000063, 62.098609053000075 ], [ 6.268263228000023, 62.073118177000083 ], [ 6.292500172000075, 62.05916314600006 ], [ 6.360418063000054, 62.060900212000035 ], [ 6.266736045000073, 62.086391088000028 ], [ 6.175836149000077, 62.094163291000029 ], [ 6.12305413100006, 62.096663278000051 ], [ 6.092573173000062, 62.103818070000045 ], [ 5.920136134000074, 62.206727055000044 ], [ 5.949163335000037, 62.254027140000062 ], [ 5.976945153000031, 62.27250018400008 ], [ 6.016391228000032, 62.29569123400006 ], [ 6.05166328200005, 62.306663145000073 ], [ 6.292427082000074, 62.370063191000042 ], [ 6.320418112000027, 62.367636127000083 ], [ 6.470691220000049, 62.240554069000041 ], [ 6.549718150000047, 62.165553973000044 ], [ 6.561800160000075, 62.141663202000075 ], [ 6.533263300000044, 62.110409096000069 ], [ 6.58673615500004, 62.134373125000081 ], [ 6.572218196000051, 62.167218116000072 ], [ 6.48013611600004, 62.264718090000031 ], [ 6.445836194000037, 62.289718122000068 ], [ 6.418336176000025, 62.305063208000036 ], [ 6.386454098000058, 62.354018049000047 ], [ 6.39513607400005, 62.377218151000079 ], [ 6.420282286000031, 62.389718083000048 ], [ 6.703336140000033, 62.44485407500008 ], [ 6.877982145000033, 62.41256329600003 ], [ 6.874791155000025, 62.381873125000027 ], [ 6.875418121000052, 62.352218119000042 ], [ 6.93305409900006, 62.304300119000061 ], [ 6.967218066000044, 62.292218109000032 ], [ 6.985418195000022, 62.280418065000049 ], [ 6.998336049000045, 62.259718117000034 ], [ 7.007573242000035, 62.189991076000069 ], [ 6.981109227000047, 62.164300208000043 ], [ 6.941454107000027, 62.135200084000076 ], [ 6.944654150000076, 62.108953998000061 ], [ 6.974163311000041, 62.089853987000083 ], [ 7.003054055000064, 62.085545019000051 ], [ 7.017782232000059, 62.085000195000077 ], [ 7.043054006000034, 62.086391088000028 ], [ 7.068745042000046, 62.091245048000076 ], [ 7.087500221000028, 62.104445037000062 ], [ 7.064582254000072, 62.103191104000075 ], [ 7.038891217000071, 62.09832708600004 ], [ 7.010836149000056, 62.09832708600004 ], [ 6.98221815200003, 62.106109180000033 ], [ 6.970136142000058, 62.122982119000028 ], [ 6.99860913200007, 62.144718070000067 ], [ 7.026809207000042, 62.162773192000031 ], [ 7.037363196000058, 62.186800086000062 ], [ 7.034163321000051, 62.217918069000063 ], [ 7.027782178000052, 62.266527072000031 ], [ 7.104163277000055, 62.27389107700003 ], [ 7.299718108000036, 62.277773240000045 ], [ 7.332427144000064, 62.270063230000062 ], [ 7.362500239000042, 62.254718144000037 ], [ 7.392363284000055, 62.231527095000047 ], [ 7.415136076000067, 62.229718112000057 ], [ 7.396527078000076, 62.253745005000042 ], [ 7.362500239000042, 62.276109097000074 ], [ 7.338609133000034, 62.28443601400005 ], [ 7.316945098000076, 62.288609196000039 ], [ 7.282918091000056, 62.289718122000068 ], [ 7.234445042000061, 62.282218163000039 ], [ 7.211663197000064, 62.279445094000039 ], [ 7.178336079000076, 62.279445094000039 ], [ 6.967709078000041, 62.314373155000055 ], [ 6.922573200000045, 62.362773114000049 ], [ 6.967782168000042, 62.372845144000053 ], [ 6.908054067000023, 62.418882245000077 ], [ 6.855282275000036, 62.44943612600008 ], [ 6.786527199000034, 62.47721811200006 ], [ 6.67766320800007, 62.469027148000066 ], [ 6.656000180000035, 62.460527060000061 ], [ 6.54778226600007, 62.435554018000062 ], [ 6.515836150000041, 62.429991116000053 ], [ 6.383891248000054, 62.419445006000046 ], [ 6.255691212000045, 62.456109127000047 ], [ 6.370000255000036, 62.484163189000071 ], [ 6.436663207000038, 62.493327124000075 ], [ 6.505136148000076, 62.497082216000081 ], [ 6.588891142000023, 62.492491113000028 ], [ 6.618836162000036, 62.494218120000028 ], [ 6.646836077000046, 62.495754020000049 ], [ 6.631945123000037, 62.512773139000046 ], [ 6.549445067000022, 62.530273212000054 ], [ 6.499445171000048, 62.531109055000059 ], [ 6.458891176000066, 62.530273212000054 ], [ 6.314718083000059, 62.524163307000038 ], [ 6.267500140000038, 62.529445080000073 ], [ 6.25298218000006, 62.577773122000053 ], [ 6.297636099000044, 62.599718118000055 ], [ 6.332363330000021, 62.60777312700003 ], [ 6.552427181000041, 62.610973170000079 ], [ 6.601663319000068, 62.583882188000075 ], [ 6.704163266000023, 62.636382239000056 ], [ 6.735836131000042, 62.649436048000041 ], [ 6.757218199000022, 62.65277321800005 ], [ 6.964163198000051, 62.649991097000054 ], [ 7.09000020700006, 62.647773246000042 ], [ 7.363336082000046, 62.586109093000061 ], [ 7.516873271000065, 62.537282159000029 ], [ 7.53916326600006, 62.499163275000058 ], [ 7.580973205000021, 62.547427112000037 ], [ 7.681391255000051, 62.557218181000053 ], [ 7.772636150000039, 62.574854041000037 ], [ 7.73069126300004, 62.579300137000075 ], [ 7.606663235000042, 62.568600135000054 ], [ 7.58389111300005, 62.566109201000074 ], [ 7.551663198000028, 62.560827093000057 ], [ 7.524445147000051, 62.560273217000031 ], [ 7.497773260000031, 62.562491236000028 ], [ 7.474445082000045, 62.566109201000074 ], [ 7.45374513400003, 62.574027082000043 ], [ 7.418891169000062, 62.595553989000052 ], [ 7.41194508600006, 62.617009146000044 ], [ 7.522782177000067, 62.666663206000067 ], [ 7.601945062000027, 62.691936152000039 ], [ 7.630282265000062, 62.699163197000075 ], [ 7.785691132000068, 62.724718111000072 ], [ 7.825000246000059, 62.729718084000069 ], [ 7.863054087000023, 62.731944988000066 ], [ 7.996800093000047, 62.736036027000068 ], [ 8.075691236000068, 62.714163283000062 ], [ 8.115000183000063, 62.697491175000039 ], [ 8.137982188000024, 62.693645055000047 ], [ 8.12180913800006, 62.719300217000068 ], [ 8.046391120000067, 62.753882105000059 ], [ 7.999718169000062, 62.763882219000038 ], [ 7.692500126000027, 62.731663188000027 ], [ 7.669445031000066, 62.728882241000065 ], [ 7.556391262000034, 62.699436112000058 ], [ 7.531663306000041, 62.690273183000045 ], [ 7.484863285000074, 62.679645097000048 ], [ 7.390000258000043, 62.683327100000042 ], [ 7.367773294000074, 62.726109172000065 ], [ 7.453609180000058, 62.755273166000052 ], [ 7.491109144000063, 62.765273112000045 ], [ 7.541109208000023, 62.775836154000046 ], [ 7.590000179000072, 62.780000115000064 ], [ 7.645973188000028, 62.783882110000036 ], [ 7.681109120000031, 62.79138223700005 ], [ 7.640836087000025, 62.794718067000076 ], [ 7.61971821700007, 62.794854021000049 ], [ 7.458054103000052, 62.775973114000067 ], [ 7.429309204000049, 62.765136151000036 ], [ 7.405282143000022, 62.755554127000039 ], [ 7.326663244000031, 62.744718170000056 ], [ 7.203336111000056, 62.735545015000071 ], [ 6.979027162000023, 62.721527121000065 ], [ 6.954582179000056, 62.72402710700004 ], [ 6.974345031000041, 62.798891081000079 ], [ 6.991991116000065, 62.856544997000071 ], [ 6.938336039000035, 62.906109202000039 ], [ 6.949445078000053, 62.931391201000054 ], [ 7.036391231000039, 62.967500105000056 ], [ 7.090282175000027, 62.983891084000049 ], [ 7.110554143000059, 62.988054040000065 ], [ 7.26513605100007, 63.011382218000051 ], [ 7.298054132000061, 63.001936148000027 ], [ 7.381109238000022, 62.957218192000028 ], [ 7.445136081000044, 62.91471808700004 ], [ 7.467363212000066, 62.911245129000065 ], [ 7.520836067000062, 62.917500208000035 ], [ 7.57555413700004, 62.933327086000077 ], [ 7.605900147000057, 62.954645115000062 ], [ 7.648891263000053, 62.969163242000036 ], [ 7.681663331000038, 62.974445015000072 ], [ 7.718609084000036, 62.977218083000082 ], [ 7.74750016400003, 62.976945001000047 ], [ 7.777954133000037, 62.965200111000058 ], [ 7.740418126000066, 62.93888210800003 ], [ 7.704445177000025, 62.928054030000055 ], [ 7.673682251000059, 62.913327026000047 ], [ 7.730000258000075, 62.917500208000035 ], [ 7.895418124000059, 62.953473158000065 ], [ 7.943609206000076, 62.968891166000049 ], [ 7.964163309000071, 62.973054122000065 ], [ 7.984582128000056, 62.972636032000082 ], [ 8.010973221000029, 62.966945055000053 ], [ 8.056391234000046, 62.951663169000028 ], [ 8.083891252000058, 62.94069109000003 ], [ 8.109373244000039, 62.904018085000075 ], [ 8.149791116000074, 62.821036070000048 ], [ 8.17986320600005, 62.800691179000069 ], [ 8.214445094000041, 62.791936113000077 ], [ 8.286663237000027, 62.781663253000033 ], [ 8.306945096000049, 62.776663280000037 ], [ 8.492773231000058, 62.715273215000082 ], [ 8.526245020000033, 62.693191091000074 ], [ 8.541109152000047, 62.679718187000049 ], [ 8.548336197000026, 62.653882144000079 ], [ 8.569718096000031, 62.67554500500006 ], [ 8.560073208000063, 62.70926322300005 ], [ 8.327082283000038, 62.803463242000078 ], [ 8.300836030000028, 62.809436018000042 ], [ 8.245418071000074, 62.816527109000049 ], [ 8.183682169000065, 62.843882120000046 ], [ 8.172982166000054, 62.896591216000047 ], [ 8.153609241000026, 62.944091126000046 ], [ 8.006109202000061, 62.995827082000062 ], [ 7.967782279000062, 63.004163220000066 ], [ 7.946109192000051, 62.996936008000034 ], [ 7.900836186000049, 62.994718156000033 ], [ 7.880900165000071, 63.00256328200004 ], [ 7.974863311000036, 63.080554042000074 ], [ 8.038327059000039, 63.103191215000038 ], [ 8.070554136000055, 63.108463265000069 ], [ 8.098054154000067, 63.103745092000054 ], [ 8.130073192000054, 63.07770017100006 ], [ 8.129100221000044, 63.048191178000081 ], [ 8.307500145000063, 62.937773182000058 ], [ 8.333336189000022, 62.896663300000057 ], [ 8.357773292000047, 62.880554120000056 ], [ 8.496945072000074, 62.846109192000029 ], [ 8.531773221000037, 62.847218118000058 ], [ 8.510554097000067, 62.870554007000067 ], [ 8.417573142000037, 62.95130911800004 ], [ 8.445273153000073, 62.959445096000081 ], [ 8.471391163000021, 62.960545137000054 ], [ 8.516663331000075, 62.958609085000035 ], [ 8.571663201000035, 62.959445096000081 ], [ 8.597500250000053, 62.960273228000062 ], [ 8.656836078000026, 62.97169122400004 ], [ 8.515273277000063, 62.983054067000069 ], [ 8.430554028000074, 62.978609144000075 ], [ 8.38194502500005, 62.970827050000082 ], [ 8.22639115000004, 63.027773197000045 ], [ 8.160973246000026, 63.11804512100008 ], [ 8.245554025000047, 63.146382157000062 ], [ 8.308336156000053, 63.150553998000078 ], [ 8.531945050000047, 63.135827161000066 ], [ 8.569027092000056, 63.141663145000052 ], [ 8.576391265000041, 63.165000208000038 ], [ 8.631391134000069, 63.18249122800006 ], [ 8.722773158000052, 63.186382108000032 ], [ 8.767845166000029, 63.192845058000046 ], [ 8.804163282000047, 63.195545037000045 ], [ 8.940136192000068, 63.207909182000037 ], [ 8.871391174000053, 63.209445082000059 ], [ 8.824609090000024, 63.20750014500004 ], [ 8.618400190000045, 63.200000186000068 ], [ 8.479718081000044, 63.291800131000059 ], [ 8.540000226000075, 63.30943615800004 ], [ 8.584445100000039, 63.312218112000039 ], [ 8.626109194000037, 63.312773161000052 ], [ 8.651109226000074, 63.314436131000036 ], [ 8.671945129000051, 63.318327178000061 ], [ 8.758536056000025, 63.342918173000044 ], [ 8.708745037000028, 63.35061812500004 ], [ 8.641182203000028, 63.395582174000083 ], [ 8.672218211000029, 63.413891100000058 ], [ 8.737300169000036, 63.415918180000062 ], [ 8.745973260000028, 63.419163150000031 ], [ 8.967782223000029, 63.444718064000028 ], [ 9.000973219000059, 63.464645033000068 ], [ 9.068891110000038, 63.440409095000064 ], [ 9.114163278000035, 63.412918129000047 ], [ 9.146109225000032, 63.374163226000064 ], [ 9.231391235000046, 63.353882205000048 ], [ 9.373336083000027, 63.368327074000035 ], [ 9.418054040000072, 63.374718108000081 ], [ 9.46854511600003, 63.395973273000038 ], [ 9.395000118000041, 63.382773117000056 ], [ 9.216600193000033, 63.368400165000082 ], [ 9.164863231000027, 63.389300105000075 ], [ 9.152809216000037, 63.485763238000061 ], [ 9.247636034000038, 63.535273129000075 ], [ 9.327773231000037, 63.53944513700003 ], [ 9.416663314000061, 63.533882236000068 ], [ 9.469163197000057, 63.566936103000046 ], [ 9.495000246000075, 63.588327055000036 ], [ 9.534582275000048, 63.604582248000042 ], [ 9.647500258000036, 63.623882251000055 ], [ 9.71750021400004, 63.630273116000069 ], [ 9.958154042000047, 63.433745147000081 ], [ 9.943336178000038, 63.393054024000037 ], [ 9.976109085000076, 63.356109109000045 ], [ 10.040554018000023, 63.34805410000007 ], [ 10.152500202000056, 63.319718071000068 ], [ 10.254718183000023, 63.290273116000037 ], [ 10.263191113000062, 63.264818114000036 ], [ 10.278327154000067, 63.316663202000029 ], [ 10.260836134000044, 63.335273207000057 ], [ 10.228473270000052, 63.34263603800008 ], [ 10.164718167000046, 63.343891144000054 ], [ 10.122500197000022, 63.347500224000044 ], [ 10.07486332700006, 63.361518119000038 ], [ 10.045900163000056, 63.383536038000045 ], [ 10.064445124000031, 63.419718032000048 ], [ 10.087363259000028, 63.430273195000041 ], [ 10.125273266000022, 63.440273141000034 ], [ 10.146391136000034, 63.444163182000068 ], [ 10.273054099000035, 63.462918193000064 ], [ 10.30027315600006, 63.463327062000076 ], [ 10.44333615000005, 63.452500158000078 ], [ 10.525554071000045, 63.434163236000074 ], [ 10.550836070000059, 63.430827071000067 ], [ 10.577500246000056, 63.431663250000042 ], [ 10.737782184000025, 63.438891132000037 ], [ 10.855373245000067, 63.443700166000042 ], [ 10.889163211000039, 63.44721805000006 ], [ 10.911800217000064, 63.458045122000044 ], [ 10.876600247000056, 63.471036066000067 ], [ 10.812082223000061, 63.475409073000037 ], [ 10.778336178000075, 63.482218028000034 ], [ 10.761663232000046, 63.505763297000044 ], [ 10.779791277000072, 63.532218092000051 ], [ 10.808473144000061, 63.541527034000069 ], [ 10.890000228000076, 63.546391220000032 ], [ 10.917082157000038, 63.552427029000057 ], [ 10.913127072000066, 63.599927106000052 ], [ 10.878891189000058, 63.60138220500005 ], [ 10.726945053000065, 63.565136006000046 ], [ 10.687773235000066, 63.54777322800004 ], [ 10.666245154000023, 63.545409196000037 ], [ 10.720554020000066, 63.605000170000039 ], [ 10.742500189000054, 63.616391176000036 ], [ 10.924445156000047, 63.686945008000066 ], [ 10.965973296000072, 63.700544981000064 ], [ 11.046800156000074, 63.712082168000052 ], [ 11.077636172000041, 63.699582236000083 ], [ 11.15555400900007, 63.705827089000081 ], [ 11.183054027000026, 63.714163227000029 ], [ 11.222773184000062, 63.744300192000082 ], [ 11.253609200000028, 63.76777320900004 ], [ 11.279445076000059, 63.772909137000056 ], [ 11.33750014900005, 63.775554130000046 ], [ 11.421663342000045, 63.783054089000075 ], [ 11.459927065000045, 63.798263220000081 ], [ 11.427563196000051, 63.840973208000037 ], [ 11.295000212000048, 63.865553977000047 ], [ 11.275000153000065, 63.86790912500004 ], [ 11.233609141000045, 63.863744995000047 ], [ 11.192918186000043, 63.85110910800006 ], [ 11.136945178000076, 63.843191227000034 ], [ 11.104509224000026, 63.84930012600006 ], [ 11.095482250000032, 63.886245041000052 ], [ 11.264718072000051, 63.960827048000056 ], [ 11.347218128000065, 63.97277327200004 ], [ 11.42090025400006, 63.976800105000052 ], [ 11.487918096000044, 64.005545004000055 ], [ 11.423609117000069, 64.026927072000035 ], [ 11.318891151000059, 64.032209179000063 ], [ 11.357636163000052, 64.108463209000035 ], [ 11.313054161000025, 64.116245135000042 ], [ 11.212773239000057, 64.043882153000084 ], [ 11.204163348000066, 64.022354073000031 ], [ 11.180273247000059, 64.008044991000077 ], [ 11.130282235000038, 63.988609201000031 ], [ 11.092500136000069, 63.978336005000074 ], [ 11.051945136000029, 63.969444985000052 ], [ 11.006663245000027, 63.955273199000032 ], [ 10.945273180000072, 63.934436123000069 ], [ 10.91305415000005, 63.914853985000036 ], [ 10.806391246000032, 63.878054077000058 ], [ 10.765000235000059, 63.86971810700004 ], [ 10.73221810900003, 63.86610014200005 ], [ 10.69562707800003, 63.857009130000051 ], [ 10.579927142000031, 63.804791214000034 ], [ 10.639445025000043, 63.814163188000066 ], [ 10.751945085000045, 63.84555408600005 ], [ 10.859718088000022, 63.879582098000071 ], [ 10.902009148000047, 63.893473259000075 ], [ 11.022218213000031, 63.875754083000061 ], [ 11.074718096000026, 63.839718102000063 ], [ 10.941945061000069, 63.738053998000055 ], [ 10.919718098000033, 63.730827121000061 ], [ 10.880554158000052, 63.725554066000029 ], [ 10.847773205000067, 63.720273132000045 ], [ 10.807500172000061, 63.711391164000077 ], [ 10.633745163000071, 63.662427103000027 ], [ 10.615836053000066, 63.639718180000045 ], [ 10.546945023000035, 63.615553992000059 ], [ 10.392773157000022, 63.568882213000052 ], [ 10.315000160000068, 63.557491207000055 ], [ 10.252773246000061, 63.557218125000077 ], [ 10.216663336000067, 63.550000132000037 ], [ 10.168763274000071, 63.527282157000059 ], [ 10.09278216000007, 63.502218087000074 ], [ 10.047782236000046, 63.496109189000038 ], [ 10.000000191000026, 63.495254067000076 ], [ 9.922154103000025, 63.506727048000073 ], [ 9.808336072000031, 63.622218108000027 ], [ 9.789163307000024, 63.662500193000028 ], [ 9.808263317000069, 63.688609151000037 ], [ 9.857363333000023, 63.689300155000069 ], [ 9.915282284000057, 63.70000015800008 ], [ 10.005000164000023, 63.720554093000032 ], [ 10.063891248000061, 63.74332705300003 ], [ 10.09458225700007, 63.759645110000065 ], [ 10.005282131000058, 63.772500100000059 ], [ 9.905554079000069, 63.749718087000076 ], [ 9.732773215000066, 63.701109083000063 ], [ 9.570273257000053, 63.66138221500006 ], [ 9.546663280000075, 63.662354013000083 ], [ 9.545273225000074, 63.76610906600007 ], [ 9.57889119500004, 63.785691204000045 ], [ 9.630973156000039, 63.807500078000032 ], [ 9.700836152000022, 63.823609090000048 ], [ 9.82528226900007, 63.864435999000079 ], [ 9.861945048000052, 63.886109086000033 ], [ 10.136945066000067, 63.939436096000065 ], [ 10.164445085000068, 63.934854044000076 ], [ 10.192782288000046, 63.932909108000047 ], [ 10.173336105000033, 63.952218163000055 ], [ 10.120000211000047, 63.985273204000066 ], [ 10.054445178000037, 63.981663286000071 ], [ 9.982218151000041, 63.990553970000065 ], [ 10.020282217000045, 64.066373146000046 ], [ 10.166109228000039, 64.189709164000078 ], [ 10.254163301000062, 64.228882156000054 ], [ 10.349163288000057, 64.274153989000069 ], [ 10.447218145000022, 64.324154053000029 ], [ 10.46194514900003, 64.342773110000053 ], [ 10.478054161000045, 64.355818033000048 ], [ 10.512500095000064, 64.367491175000055 ], [ 10.558400235000022, 64.362073113000065 ], [ 10.590136132000055, 64.34499112900005 ], [ 10.65208225300006, 64.355545119000055 ], [ 10.566182162000075, 64.389745128000072 ], [ 10.489491268000052, 64.40108215500004 ], [ 10.460736143000076, 64.402818047000039 ], [ 10.495291210000062, 64.42380918200007 ] ] ], [ [ [ 16.501145128000076, 68.552463292000084 ], [ 16.364718086000039, 68.555827117000035 ], [ 16.34944508500007, 68.555545150000057 ], [ 16.23305414500004, 68.549991134000038 ], [ 16.221945106000078, 68.547209180000038 ], [ 16.133609234000062, 68.516936092000037 ], [ 16.082773159000055, 68.497500135000053 ], [ 16.072218163000059, 68.485827162000078 ], [ 16.050000252000075, 68.463045149000038 ], [ 15.956245145000025, 68.37874499600008 ], [ 15.933054095000045, 68.369427169000062 ], [ 15.911109099000043, 68.364163166000083 ], [ 15.883336166000049, 68.362209177000068 ], [ 15.869445173000031, 68.364436081000065 ], [ 15.869718087000024, 68.399427174000039 ], [ 15.855554012000027, 68.431927165000047 ], [ 15.788609092000058, 68.390273130000082 ], [ 15.697218184000064, 68.341109077000056 ], [ 15.588891138000065, 68.304991121000057 ], [ 15.532500208000044, 68.330827164000084 ], [ 15.520836119000023, 68.333600065000041 ], [ 15.426109213000075, 68.333600065000041 ], [ 15.364163261000044, 68.324153995000074 ], [ 15.348891265000077, 68.323609172000033 ], [ 15.331391193000059, 68.328191223000033 ], [ 15.321527201000038, 68.34318225700008 ], [ 15.387782290000075, 68.378873239000029 ], [ 15.439445157000023, 68.394163171000059 ], [ 15.501109142000075, 68.413327052000056 ], [ 15.516945072000055, 68.421936105000043 ], [ 15.570273255000075, 68.460827130000041 ], [ 15.589163214000052, 68.478336087000059 ], [ 15.567782153000053, 68.502209089000075 ], [ 15.558336083000029, 68.505827053000075 ], [ 15.541454092000038, 68.503600149000079 ], [ 15.551109206000035, 68.490545 ], [ 15.558609166000053, 68.47374515100006 ], [ 15.511109088000069, 68.446109178000029 ], [ 15.441109132000065, 68.414991195000084 ], [ 15.431663230000026, 68.411373230000038 ], [ 15.420554023000022, 68.408600161000038 ], [ 15.343336075000025, 68.395263212000032 ], [ 15.256945140000028, 68.364718048000043 ], [ 15.227709229000027, 68.342354125000043 ], [ 15.197218212000053, 68.319154022000077 ], [ 15.111391212000058, 68.281391202000066 ], [ 15.101945142000034, 68.277773237000076 ], [ 15.027218128000072, 68.249436034000041 ], [ 15.015000163000025, 68.247500149000075 ], [ 15.001109170000063, 68.24638217100005 ], [ 14.986663295000028, 68.247500149000075 ], [ 14.985000158000048, 68.263045059000035 ], [ 14.997500258000059, 68.300136155000075 ], [ 15.084163270000033, 68.364163166000083 ], [ 15.243609197000069, 68.473053979000042 ], [ 15.332218151000063, 68.483891110000059 ], [ 15.262500163000027, 68.519991129000061 ], [ 15.248609170000066, 68.522218033000058 ], [ 15.217782206000038, 68.521654098000056 ], [ 15.187773149000066, 68.521863310000072 ], [ 15.213336109000068, 68.556927158000065 ], [ 15.222773294000035, 68.560545123000054 ], [ 15.349163342000054, 68.585827122000069 ], [ 15.361663274000023, 68.587773233000064 ], [ 15.458336122000048, 68.656936004000045 ], [ 15.446109105000062, 68.677218198000048 ], [ 15.43721808500004, 68.692763276000051 ], [ 15.435554110000055, 68.70389109100006 ], [ 15.449027181000076, 68.72707325600004 ], [ 15.461945035000042, 68.731382224000072 ], [ 15.590000231000033, 68.729153979000046 ], [ 15.606945087000042, 68.728609155000072 ], [ 15.623336066000036, 68.726945012000044 ], [ 15.635000155000057, 68.723873212000058 ], [ 15.652218093000045, 68.716382138000029 ], [ 15.674445056000025, 68.704163167000047 ], [ 15.696663302000047, 68.699153974000069 ], [ 15.713609164000047, 68.698609150000038 ], [ 15.658745081000063, 68.733745083000031 ], [ 15.645554145000062, 68.739163313000063 ], [ 15.613609203000067, 68.740827120000063 ], [ 15.565282166000031, 68.740827120000063 ], [ 15.549718146000032, 68.740554038000028 ], [ 15.537218213000074, 68.738600216000066 ], [ 15.526109174000055, 68.735827148000055 ], [ 15.509163313000045, 68.736373145000073 ], [ 15.497218095000051, 68.73943606000006 ], [ 15.462218117000077, 68.753053970000053 ], [ 15.453191143000026, 68.759573247000048 ], [ 15.457218144000024, 68.806100186000037 ], [ 15.63278213600006, 68.944163207000031 ], [ 15.658609127000034, 68.952209164000067 ], [ 15.684163202000036, 68.955827128000067 ], [ 15.869718087000024, 68.964154046000033 ], [ 15.886945078000053, 68.963609055000063 ], [ 15.898891134000053, 68.960536082000033 ], [ 15.908754119000037, 68.95670018800007 ], [ 15.928473217000032, 68.889163170000074 ], [ 15.873191213000041, 68.789300170000047 ], [ 15.93971821100007, 68.785554129000047 ], [ 15.956663234000075, 68.784991201000082 ], [ 15.981800226000075, 68.776382148000039 ], [ 15.987773171000072, 68.754718113000081 ], [ 15.96569121400006, 68.708736166000051 ], [ 15.953609204000031, 68.694154001000072 ], [ 15.936245085000053, 68.681800082000052 ], [ 15.863891156000022, 68.646945111000036 ], [ 15.854163287000063, 68.643600228000082 ], [ 15.811945149000053, 68.64027311600006 ], [ 15.800836110000034, 68.637500215000046 ], [ 15.777636175000055, 68.628473240000062 ], [ 15.764300232000039, 68.618191159000048 ], [ 15.742500243000052, 68.529163278000055 ], [ 15.801945036000063, 68.549436084000035 ], [ 15.811245093000025, 68.557491093000067 ], [ 15.818191176000028, 68.570263269000066 ], [ 15.813054075000025, 68.583600218000072 ], [ 15.809163195000053, 68.597218129000055 ], [ 15.815836196000078, 68.609163179000063 ], [ 15.836945181000033, 68.61971817500006 ], [ 15.846663327000044, 68.623045120000029 ], [ 15.976391217000071, 68.665836077000051 ], [ 16.090827162000039, 68.732209183000066 ], [ 16.112636203000022, 68.782082177000063 ], [ 16.096382184000049, 68.792773127000032 ], [ 16.088609143000042, 68.802491106000048 ], [ 16.087218082000049, 68.81389116500003 ], [ 16.099445099000036, 68.824709184000028 ], [ 16.118891115000054, 68.831663314000082 ], [ 16.178891125000064, 68.851653986000031 ], [ 16.204163233000031, 68.855273124000064 ], [ 16.354718141000035, 68.857209176000083 ], [ 16.436391238000056, 68.847491197000068 ], [ 16.446109216000025, 68.843891170000063 ], [ 16.490273297000044, 68.810545109000032 ], [ 16.544445034000034, 68.764163177000057 ], [ 16.568054173000064, 68.696382246000042 ], [ 16.564027172000067, 68.648745041000041 ], [ 16.556527212000049, 68.635963309000033 ], [ 16.537218157000041, 68.624436013000036 ], [ 16.527500179000072, 68.621109068000067 ], [ 16.509445056000061, 68.61332714100007 ], [ 16.493054077000068, 68.604718088000084 ], [ 16.486945178000042, 68.595827068000062 ], [ 16.501145128000076, 68.552463292000084 ] ] ], [ [ [ 16.875827097000069, 69.221373198000038 ], [ 16.885827211000048, 69.224991163000084 ], [ 16.911663254000075, 69.228336045000049 ], [ 16.940554166000027, 69.23054501200005 ], [ 17.001391192000028, 69.232773257000076 ], [ 17.039163233000068, 69.229718053000056 ], [ 17.072218107000026, 69.225554091000049 ], [ 17.108327178000025, 69.223600102000034 ], [ 17.12208221700007, 69.229436086000078 ], [ 17.142773280000029, 69.249436145000061 ], [ 17.07031809700004, 69.275863280000067 ], [ 17.03927320400004, 69.268491229000063 ], [ 16.913609197000028, 69.292218050000031 ], [ 16.900409208000042, 69.297627059000035 ], [ 16.899027200000035, 69.308327062000046 ], [ 16.913327062000064, 69.313891137000041 ], [ 16.928054066000072, 69.314991178000071 ], [ 17.014445168000066, 69.313600117000078 ], [ 17.083627218000061, 69.314827060000084 ], [ 17.098709112000051, 69.315082205000067 ], [ 17.089109151000059, 69.34265397300004 ], [ 17.077609179000035, 69.345236102000058 ], [ 17.044273177000036, 69.349153971000078 ], [ 17.030273219000037, 69.348736049000081 ], [ 17.018191209000065, 69.344654062000075 ], [ 16.977773169000045, 69.350263232000032 ], [ 16.963336178000077, 69.349153971000078 ], [ 16.909445067000036, 69.351945145000059 ], [ 16.890554101000077, 69.353609120000044 ], [ 16.875418228000058, 69.358191171000044 ], [ 16.935136103000048, 69.394573158000071 ], [ 17.043827092000072, 69.398818089000031 ], [ 17.20305408400003, 69.404163228000073 ], [ 17.291109162000055, 69.407482127000037 ], [ 17.390000197000063, 69.41249115200003 ], [ 17.480827171000044, 69.41970914400008 ], [ 17.490827116000048, 69.42430008000008 ], [ 17.48166334900003, 69.430263301000082 ], [ 17.453054070000064, 69.435273165000069 ], [ 17.406273159000023, 69.436100123000074 ], [ 17.385691228000042, 69.433854109000038 ], [ 17.320000241000059, 69.436936134000064 ], [ 17.261109157000078, 69.444445146000078 ], [ 17.237918107000041, 69.453609081000081 ], [ 17.186663272000033, 69.493745154000067 ], [ 17.196663218000026, 69.500000065000052 ], [ 17.212773236000032, 69.500273148000076 ], [ 17.224718118000055, 69.497209059000056 ], [ 17.254163241000072, 69.483463241000038 ], [ 17.283882285000061, 69.464427101000069 ], [ 17.295827168000073, 69.461382123000078 ], [ 17.313327073000039, 69.460536054000045 ], [ 17.36121808200005, 69.478109216000064 ], [ 17.343609213000036, 69.501100106000081 ], [ 17.305273237000051, 69.52450908600008 ], [ 17.323609153000064, 69.531936122000047 ], [ 17.339718166000068, 69.532209205000072 ], [ 17.414163212000062, 69.519991240000081 ], [ 17.457218199000067, 69.512209146000032 ], [ 17.545418117000054, 69.484845082000049 ], [ 17.571945164000056, 69.462627171000065 ], [ 17.590000119000024, 69.455273224000052 ], [ 17.606036041000038, 69.474282207000044 ], [ 17.561500139000032, 69.511163252000074 ], [ 17.552663266000025, 69.516000113000075 ], [ 17.520000163000077, 69.534718076000047 ], [ 17.502500258000055, 69.535263235000059 ], [ 17.485836196000037, 69.537491145000047 ], [ 17.473609178000061, 69.540545008000038 ], [ 17.459300264000035, 69.567627104000053 ], [ 17.469163249000076, 69.597763232000034 ], [ 17.485273267000025, 69.597763232000034 ], [ 17.528891183000042, 69.584445058000028 ], [ 17.538609161000068, 69.580827093000039 ], [ 17.553336165000076, 69.572773258000041 ], [ 17.567773155000054, 69.564436114000046 ], [ 17.594445042000075, 69.550718123000081 ], [ 17.616945088000023, 69.528218078000066 ], [ 17.636609200000066, 69.516045040000051 ], [ 17.686109200000033, 69.509154110000054 ], [ 17.695554096000023, 69.516800082000032 ], [ 17.668609127000025, 69.546391217000064 ], [ 17.652082193000069, 69.591382256000031 ], [ 17.662500229000045, 69.597491155000057 ], [ 17.84416322800007, 69.589154011000062 ], [ 17.859718197000063, 69.584018084000036 ], [ 17.964445048000073, 69.52303605000003 ], [ 18.07416332300005, 69.430827068000042 ], [ 18.085136072000068, 69.418882186000076 ], [ 18.099927114000025, 69.359509142000036 ], [ 18.086936170000058, 69.349444991000041 ], [ 18.056391173000065, 69.348327180000069 ], [ 17.968891145000043, 69.343045072000052 ], [ 17.957218171000022, 69.340545086000077 ], [ 17.91750018700003, 69.325545 ], [ 17.906800185000066, 69.318736044000048 ], [ 17.875827209000022, 69.239718166000046 ], [ 17.952218198000025, 69.199436081000044 ], [ 17.968054128000063, 69.19970916300008 ], [ 17.981109110000034, 69.20138219100005 ], [ 18.002082140000027, 69.19846327700003 ], [ 17.999163226000064, 69.188191087000064 ], [ 17.901391175000072, 69.168045015000075 ], [ 17.862500150000074, 69.162763243000029 ], [ 17.583882168000059, 69.156936144000042 ], [ 17.522218182000074, 69.190273152000032 ], [ 17.406945052000026, 69.161653982000075 ], [ 17.211936051000066, 69.090273191000051 ], [ 17.194718113000022, 69.081936047000056 ], [ 17.173336046000031, 69.066663214000073 ], [ 17.165691247000041, 69.057491232000075 ], [ 17.164163226000028, 69.045682137000028 ], [ 17.182363188000068, 69.043600072000061 ], [ 17.201663191000023, 69.044436083000051 ], [ 17.214300251000054, 69.036373195000067 ], [ 17.205691198000068, 69.025963206000029 ], [ 17.167218095000067, 69.016100221000045 ], [ 17.092782268000065, 69.003600121000034 ], [ 17.045554099000071, 69.003327039000055 ], [ 17.041945187000067, 69.006945003000055 ], [ 17.038818234000075, 69.020963233000032 ], [ 17.082218220000073, 69.049436056000047 ], [ 17.128891172000067, 69.064709057000073 ], [ 17.135827197000026, 69.072491151000065 ], [ 17.126109218000067, 69.07889123700005 ], [ 17.109718071000032, 69.081100204000052 ], [ 16.95610913400003, 69.067763255000045 ], [ 16.900554047000071, 69.054154061000077 ], [ 16.88916320800007, 69.051373114000057 ], [ 16.811663293000038, 69.049709138000082 ], [ 16.774027207000074, 69.067082141000071 ], [ 16.767500219000055, 69.090273191000051 ], [ 16.775136132000057, 69.099582133000069 ], [ 16.79708213400005, 69.114300084000035 ], [ 16.814163280000059, 69.118327086000079 ], [ 16.830000215000041, 69.118609053000057 ], [ 16.919163213000047, 69.122773183000049 ], [ 17.004445055000076, 69.129991175000043 ], [ 17.14124509100003, 69.173473136000041 ], [ 17.164718108000045, 69.187491198000032 ], [ 17.16944516600006, 69.196527058000072 ], [ 17.153609237000069, 69.194718075000083 ], [ 17.123336149000068, 69.184436162000054 ], [ 17.111945143000071, 69.181927123000037 ], [ 17.085827133000066, 69.178327096000032 ], [ 17.070000255000025, 69.178054013000065 ], [ 17.032500123000034, 69.181109049000042 ], [ 16.940282257000035, 69.194718075000083 ], [ 16.875827097000069, 69.221373198000038 ] ] ], [ [ [ 14.501109198000051, 68.601945019000084 ], [ 14.44860914800006, 68.604153986000028 ], [ 14.432918225000037, 68.609018172000049 ], [ 14.418336060000058, 68.619991089000052 ], [ 14.38305411500005, 68.657209087000069 ], [ 14.373609219000059, 68.686663262000081 ], [ 14.442500249000034, 68.765545018000068 ], [ 14.483609126000033, 68.786373209000033 ], [ 14.520000164000066, 68.80137312800008 ], [ 14.529445060000057, 68.80499109200008 ], [ 14.632773307000036, 68.826109130000077 ], [ 14.645282292000047, 68.828045014000054 ], [ 14.662500230000035, 68.82750019000008 ], [ 14.679445085000054, 68.823054094000042 ], [ 14.689445031000048, 68.80499109200008 ], [ 14.886663335000037, 68.754163231000064 ], [ 14.906245137000042, 68.756518043000028 ], [ 14.939163218000033, 68.788054116000069 ], [ 14.94694514400004, 68.79943607000007 ], [ 14.950000180000075, 68.809018094000066 ], [ 14.943745101000047, 68.819163214000071 ], [ 14.908054119000042, 68.83971815600006 ], [ 14.942218086000025, 68.856936093000058 ], [ 14.951663317000055, 68.860545006000052 ], [ 15.050836152000045, 68.850263260000077 ], [ 15.067218079000043, 68.848327041000061 ], [ 15.088891166000053, 68.841936007000072 ], [ 15.106391239000061, 68.834445100000039 ], [ 15.119445047000056, 68.822009206000075 ], [ 15.133609123000042, 68.813045096000053 ], [ 15.151800199000036, 68.814709071000038 ], [ 15.154863282000065, 68.825954065000076 ], [ 15.142363350000039, 68.840409160000036 ], [ 15.07889122000006, 68.892209154000057 ], [ 15.03110917500004, 68.924853984000038 ], [ 15.014163314000029, 68.938736093000045 ], [ 15.004863257000068, 68.954436068000064 ], [ 15.011663327000065, 68.970827047000057 ], [ 15.021663273000058, 68.982500188000074 ], [ 15.035000222000065, 68.993045126000084 ], [ 15.044718201000023, 68.99638212900004 ], [ 15.087773188000028, 69.008045044000028 ], [ 15.132218230000035, 69.011382215000083 ], [ 15.144445079000036, 69.008327179000048 ], [ 15.165836199000069, 68.990263172000084 ], [ 15.170136116000037, 68.976663199000029 ], [ 15.206663276000029, 68.89942714600005 ], [ 15.292773250000039, 68.879436139000063 ], [ 15.37902705700003, 68.847354069000062 ], [ 15.403054118000057, 68.707763195000041 ], [ 15.402218107000067, 68.695827029000043 ], [ 15.397636056000067, 68.680136106000077 ], [ 15.385418091000076, 68.669444989000056 ], [ 15.36221815600004, 68.660263284000052 ], [ 15.322500173000037, 68.646945111000036 ], [ 15.070273283000063, 68.575273133000053 ], [ 15.059163238000053, 68.572491179000053 ], [ 15.043891242000029, 68.572218097000075 ], [ 14.90139117700005, 68.581373147000079 ], [ 14.864445088000025, 68.583882186000039 ], [ 14.850273302000062, 68.586382172000071 ], [ 14.804027157000064, 68.615263193000033 ], [ 14.818327187000023, 68.635827019000033 ], [ 14.856109118000063, 68.645827133000068 ], [ 14.916945139000063, 68.656391180000071 ], [ 15.058336111000074, 68.680827110000052 ], [ 15.143609236000032, 68.693882260000066 ], [ 15.161109141000054, 68.69749117200007 ], [ 15.150000102000035, 68.749163258000067 ], [ 15.135827142000039, 68.751663245000032 ], [ 15.059163238000053, 68.759718086000078 ], [ 15.009163341000033, 68.76388221600007 ], [ 14.996663241000022, 68.761936105000075 ], [ 15.006391278000024, 68.758327026000075 ], [ 15.046663305000038, 68.750827066000056 ], [ 15.065000227000041, 68.73971819500008 ], [ 15.039445146000048, 68.718318190000048 ], [ 14.996391165000034, 68.698318131000065 ], [ 14.906663226000035, 68.677218198000048 ], [ 14.894163294000066, 68.675282146000029 ], [ 14.82277328300006, 68.666927065000039 ], [ 14.743891192000035, 68.65916324300008 ], [ 14.731945136000036, 68.661945029000037 ], [ 14.663609156000064, 68.66665398300006 ], [ 14.549718202000065, 68.619154073000061 ], [ 14.501109198000051, 68.601945019000084 ] ] ], [ [ [ 22.163891203000048, 70.463609138000038 ], [ 22.144854057000032, 70.466236027000036 ], [ 22.138473249000072, 70.475545136000051 ], [ 22.155282151000051, 70.51250010900003 ], [ 22.164863336000053, 70.521653985000057 ], [ 22.225827098000025, 70.539991243000031 ], [ 22.252218190000065, 70.554444997000076 ], [ 22.263400152000031, 70.59317324500006 ], [ 22.226354152000056, 70.599045104000083 ], [ 22.142445098000053, 70.592882225000039 ], [ 22.095836184000063, 70.599154068000075 ], [ 22.084445178000067, 70.596100206000074 ], [ 22.014718137000045, 70.60442712400004 ], [ 21.950554165000028, 70.643463155000063 ], [ 21.95680019200006, 70.655000175000055 ], [ 21.977500140000075, 70.657482224000034 ], [ 22.14810925300003, 70.652709065000067 ], [ 22.163445118000027, 70.645545053000035 ], [ 22.174445193000054, 70.644882212000084 ], [ 22.210273303000065, 70.646045117000028 ], [ 22.272445064000067, 70.65288223500005 ], [ 22.378054027000076, 70.675282201000073 ], [ 22.373054054000022, 70.690827111000033 ], [ 22.384027139000068, 70.705691243000047 ], [ 22.399163347000069, 70.711654129000067 ], [ 22.520836060000079, 70.711927044000049 ], [ 22.53388215700005, 70.711927044000049 ], [ 22.550827180000056, 70.709444995000069 ], [ 22.617773273000068, 70.693327098000054 ], [ 22.65985411500003, 70.677982180000072 ], [ 22.611663201000056, 70.659718180000084 ], [ 22.593336170000043, 70.647218080000073 ], [ 22.601527133000047, 70.637763294000081 ], [ 22.624445100000059, 70.634718148000047 ], [ 22.707773288000055, 70.635818189000076 ], [ 22.805273263000061, 70.640545080000038 ], [ 22.819445049000024, 70.641936140000041 ], [ 22.828327184000045, 70.646653978000074 ], [ 22.795973206000042, 70.692909176000057 ], [ 22.76221810800007, 70.706100112000058 ], [ 22.729300195000064, 70.724854118000053 ], [ 22.718536155000038, 70.739573243000052 ], [ 22.783609228000046, 70.755263160000084 ], [ 22.864436088000048, 70.728882125000041 ], [ 22.896527210000045, 70.691518115000065 ], [ 22.945000259000039, 70.666654038000047 ], [ 22.963609090000034, 70.658873117000041 ], [ 22.980554114000029, 70.658600202000059 ], [ 22.992218202000061, 70.66165406500005 ], [ 23.106391123000037, 70.734163227000067 ], [ 23.160000267000044, 70.788609053000073 ], [ 23.282773189000068, 70.771944991000055 ], [ 23.298609118000059, 70.77026324600007 ], [ 23.344163254000023, 70.786373264000076 ], [ 23.339582208000024, 70.795827045000067 ], [ 23.322082303000059, 70.814573171000063 ], [ 23.316109191000066, 70.856936148000045 ], [ 23.330000184000028, 70.863054100000056 ], [ 23.343054160000065, 70.863054100000056 ], [ 23.356391277000057, 70.860827028000074 ], [ 23.368054025000049, 70.857500083000048 ], [ 23.377500262000069, 70.853609203000076 ], [ 23.441109184000027, 70.812209139000061 ], [ 23.451663341000028, 70.783600195000076 ], [ 23.400000140000031, 70.73637320000006 ], [ 23.38694515800006, 70.734163227000067 ], [ 23.373609215000045, 70.736100117000035 ], [ 23.300827138000045, 70.708882234000043 ], [ 23.180827118000025, 70.650836045000062 ], [ 23.088891218000072, 70.581100119000041 ], [ 22.898891242000047, 70.536100196000064 ], [ 22.784163272000058, 70.51971810100008 ], [ 22.764854049000064, 70.523673186000053 ], [ 22.769863242000042, 70.543600155000036 ], [ 22.746391231000075, 70.556654131000073 ], [ 22.731945188000054, 70.559709167000051 ], [ 22.640827195000043, 70.565554036000037 ], [ 22.628745184000024, 70.559709167000051 ], [ 22.630273205000037, 70.540836139000078 ], [ 22.633191281000052, 70.52249117000008 ], [ 22.621109103000038, 70.515273178000029 ], [ 22.465554055000041, 70.495818110000073 ], [ 22.451382269000078, 70.49442704900008 ], [ 22.340554062000024, 70.490263255000059 ], [ 22.325000268000053, 70.489991178000082 ], [ 22.309445132000064, 70.491382239000075 ], [ 22.294163246000039, 70.496936088000041 ], [ 22.250000171000067, 70.50610019100003 ], [ 22.163891203000048, 70.463609138000038 ] ] ], [ [ [ 18.314500148000036, 69.703382253000029 ], [ 18.396109207000052, 69.700000155000055 ], [ 18.589163213000063, 69.691936093000038 ], [ 18.626873228000022, 69.69270018800006 ], [ 18.610836133000078, 69.701936039000032 ], [ 18.522218126000041, 69.711654018000047 ], [ 18.483891203000042, 69.715000073000056 ], [ 18.436391125000057, 69.714154004000079 ], [ 18.363609215000054, 69.720273129000077 ], [ 18.348054080000054, 69.725409056000046 ], [ 18.323191175000034, 69.765545129000031 ], [ 18.32819114800003, 69.776654001000054 ], [ 18.353054052000061, 69.786100070000032 ], [ 18.38721818700003, 69.79443604100004 ], [ 18.399436152000078, 69.791109096000071 ], [ 18.481945092000046, 69.760818071000074 ], [ 18.634445104000065, 69.763318057000049 ], [ 18.647636040000066, 69.723873156000082 ], [ 18.656109139000023, 69.711382109000056 ], [ 18.670554008000067, 69.703327100000081 ], [ 18.709718115000044, 69.684153999000046 ], [ 18.721663333000038, 69.68110918900004 ], [ 18.739436153000042, 69.680263287000059 ], [ 18.755836185000078, 69.684854056000063 ], [ 18.766391180000028, 69.765545129000031 ], [ 18.753327146000061, 69.801100157000064 ], [ 18.734163265000063, 69.808318149000058 ], [ 18.685973189000038, 69.82943601900007 ], [ 18.660691190000023, 69.863736108000069 ], [ 18.668054021000046, 69.875273127000071 ], [ 18.693054053000026, 69.884427171000084 ], [ 18.804445188000045, 69.882763195000052 ], [ 18.821391217000041, 69.880554061000055 ], [ 18.833609182000032, 69.877491146000068 ], [ 18.995827172000077, 69.825000148000072 ], [ 19.01500010500007, 69.817763212000045 ], [ 19.043609217000039, 69.801100157000064 ], [ 19.057782178000025, 69.787218048000057 ], [ 19.064718202000051, 69.768873247000045 ], [ 19.059718230000044, 69.759427178000067 ], [ 19.044163261000051, 69.749709199000051 ], [ 19.018054136000046, 69.736373256000036 ], [ 18.933609143000069, 69.704163278000067 ], [ 18.912500158000057, 69.697491116000037 ], [ 18.890000112000052, 69.691936093000038 ], [ 18.794163275000074, 69.671936034000055 ], [ 18.774582144000078, 69.650418180000031 ], [ 18.770973231000028, 69.634091238000053 ], [ 18.789718184000037, 69.629436097000053 ], [ 18.806109164000077, 69.629436097000053 ], [ 18.823891204000063, 69.624582137000061 ], [ 18.846382197000025, 69.601109120000046 ], [ 18.783054068000069, 69.569154120000064 ], [ 18.762218166000025, 69.562773144000062 ], [ 18.738327060000074, 69.557773171000065 ], [ 18.723609108000062, 69.556927102000031 ], [ 18.704445060000069, 69.558609182000055 ], [ 18.610836133000078, 69.56027315800003 ], [ 18.537218212000028, 69.556109196000079 ], [ 18.409163351000075, 69.54581806300007 ], [ 18.397218133000024, 69.543318076000048 ], [ 18.344163200000025, 69.536654128000066 ], [ 18.241391176000036, 69.530545062000044 ], [ 18.226663334000023, 69.529709051000054 ], [ 18.190554095000039, 69.530000070000028 ], [ 18.159718079000072, 69.534718076000047 ], [ 18.045273249000047, 69.564709196000081 ], [ 18.025836119000076, 69.571927021000079 ], [ 17.999791198000025, 69.590409117000036 ], [ 18.031945185000041, 69.622209052000073 ], [ 18.146382136000057, 69.638609084000052 ], [ 18.162773283000035, 69.638609084000052 ], [ 18.268609228000059, 69.619154016000039 ], [ 18.280000234000056, 69.635818078000057 ], [ 18.186527094000041, 69.703882149000037 ], [ 18.197218211000063, 69.708882122000034 ], [ 18.298336150000068, 69.70527321000003 ], [ 18.314500148000036, 69.703382253000029 ] ] ], [ [ [ 19.135000125000033, 69.789445120000039 ], [ 19.11889128100006, 69.789445120000039 ], [ 19.099718180000025, 69.791382178000049 ], [ 19.090000202000056, 69.795000143000038 ], [ 19.064300113000058, 69.822209142000077 ], [ 19.041663275000076, 69.837218113000063 ], [ 19.032218211000043, 69.84110916000003 ], [ 18.955273178000027, 69.870273154000074 ], [ 18.931391124000072, 69.876663182000073 ], [ 18.888054170000032, 69.884718191000047 ], [ 18.848891236000043, 69.89305399300008 ], [ 18.769445043000076, 69.910263214000054 ], [ 18.757500160000063, 69.913609102000066 ], [ 18.734445065000045, 69.922909159000028 ], [ 18.723054058000059, 69.941173158000083 ], [ 18.835554119000051, 70.006100219000075 ], [ 18.855554011000038, 70.013609063000047 ], [ 18.87694513100007, 70.020263288000081 ], [ 18.946391210000058, 70.027773138000043 ], [ 19.010000133000062, 70.02721808900003 ], [ 19.054445174000023, 70.020263288000081 ], [ 19.111109187000068, 70.060000215000059 ], [ 19.157500171000038, 70.08444503000004 ], [ 19.219163318000028, 70.096373149000044 ], [ 19.231391174000066, 70.093045030000042 ], [ 19.301663206000057, 70.060000215000059 ], [ 19.290136078000046, 70.043882150000059 ], [ 19.297082161000048, 70.028327182000055 ], [ 19.334163198000056, 70.010545142000069 ], [ 19.363054110000064, 69.99943610300005 ], [ 19.394163208000066, 69.988873228000045 ], [ 19.40860925000004, 69.986100160000035 ], [ 19.422500243000059, 69.989582170000062 ], [ 19.412082208000072, 70.004300121000028 ], [ 19.418745151000053, 70.015827082000044 ], [ 19.449445045000061, 70.031391103000033 ], [ 19.486945177000052, 70.047773197000083 ], [ 19.499163309000039, 70.050282236000044 ], [ 19.512773173000028, 70.051936153000042 ], [ 19.52777326000006, 70.052491203000045 ], [ 19.547218101000055, 70.050827060000074 ], [ 19.561663306000071, 70.048045106000075 ], [ 19.65194512000005, 70.020263288000081 ], [ 19.661391190000074, 70.016391184000042 ], [ 19.678054078000059, 70.00860909000005 ], [ 19.690836145000048, 69.997218084000053 ], [ 19.684027190000052, 69.979163296000081 ], [ 19.509445055000072, 69.90221809600007 ], [ 19.411109237000062, 69.83553603200005 ], [ 19.395000225000047, 69.827773217000072 ], [ 19.349445084000024, 69.816373158000033 ], [ 19.28777321900003, 69.804991204000032 ], [ 19.179718082000022, 69.791927169000076 ], [ 19.135000125000033, 69.789445120000039 ] ] ], [ [ [ 23.156391188000043, 70.27442706800008 ], [ 23.120282284000041, 70.278882218000035 ], [ 23.087354145000063, 70.286936053000034 ], [ 22.851109197000028, 70.405818095000029 ], [ 22.896109121000052, 70.448318200000074 ], [ 22.906391202000066, 70.452209079000056 ], [ 23.178609098000038, 70.544709081000065 ], [ 23.190000273000066, 70.547773169000038 ], [ 23.204445142000054, 70.54916322400004 ], [ 23.223891157000025, 70.54720906700004 ], [ 23.23555407200007, 70.543609207000031 ], [ 23.257218107000028, 70.533745048000071 ], [ 23.406663250000065, 70.555263238000066 ], [ 23.400836151000078, 70.60165405500004 ], [ 23.387982167000075, 70.616591109000069 ], [ 23.403327085000058, 70.62165411400008 ], [ 23.468327068000065, 70.62165411400008 ], [ 23.487782303000074, 70.619718062000061 ], [ 23.538609159000032, 70.611936135000064 ], [ 23.593891163000023, 70.58055412200008 ], [ 23.653054156000053, 70.501391237000064 ], [ 23.659445190000042, 70.46249116000007 ], [ 23.656945036000025, 70.451109206000069 ], [ 23.64389122700004, 70.43832713900008 ], [ 23.539718084000071, 70.389436168000032 ], [ 23.345273185000053, 70.308882223000069 ], [ 23.230554099000074, 70.278318115000047 ], [ 23.217782258000057, 70.276109149000035 ], [ 23.156391188000043, 70.27442706800008 ] ] ], [ [ [ 14.205827154000076, 68.149154106000083 ], [ 14.199718088000054, 68.152218194000056 ], [ 14.204300139000054, 68.203182177000031 ], [ 14.304718189000027, 68.304991121000057 ], [ 14.321800172000053, 68.317082184000071 ], [ 14.341663271000073, 68.319154022000077 ], [ 14.355554097000038, 68.31693600300008 ], [ 14.370900188000064, 68.307553971000061 ], [ 14.413609170000029, 68.292773156000067 ], [ 14.48305407600003, 68.295818133000068 ], [ 14.500627071000054, 68.304791128000033 ], [ 14.472218119000047, 68.33915408200005 ], [ 14.431109243000037, 68.355818143000079 ], [ 14.48528215400006, 68.381382110000061 ], [ 14.542218075000051, 68.400836004000041 ], [ 14.605554083000072, 68.418045057000029 ], [ 14.627500252000061, 68.423600080000028 ], [ 14.639718217000052, 68.425554069000043 ], [ 14.758891279000068, 68.428600220000078 ], [ 14.775000123000041, 68.42693607700005 ], [ 14.785273151000069, 68.424709173000053 ], [ 14.804718161000039, 68.417773148000038 ], [ 14.807300122000072, 68.391109141000072 ], [ 14.798554109000065, 68.381718057000057 ], [ 14.77605406400005, 68.373218136000048 ], [ 14.766554014000064, 68.367882217000044 ], [ 14.752782212000056, 68.348736106000047 ], [ 14.794663230000026, 68.363345092000031 ], [ 14.860582205000071, 68.381936154000073 ], [ 14.855000192000034, 68.398273154000037 ], [ 14.895836154000051, 68.428882188000046 ], [ 14.918336200000056, 68.432218185000067 ], [ 15.144718162000061, 68.451382233000061 ], [ 15.158609155000022, 68.452500212000075 ], [ 15.168891235000046, 68.450545049000084 ], [ 15.156109168000057, 68.440273194000042 ], [ 15.114163275000067, 68.41110014800006 ], [ 15.030418171000065, 68.357218089000071 ], [ 14.842500260000065, 68.279163292000078 ], [ 14.813054131000058, 68.269163178000042 ], [ 14.781945033000056, 68.260273164000068 ], [ 14.771391211000036, 68.257491210000069 ], [ 14.532500264000078, 68.20054506300005 ], [ 14.508054108000067, 68.196654016000082 ], [ 14.392773267000052, 68.183318073000066 ], [ 14.240836184000045, 68.155818054000065 ], [ 14.205827154000076, 68.149154106000083 ] ] ], [ [ [ 15.468054101000064, 68.874163251000084 ], [ 15.453336150000041, 68.875273183000047 ], [ 15.439863246000073, 68.880682193000041 ], [ 15.41680010400006, 68.899154063000083 ], [ 15.421945084000072, 68.976245109000047 ], [ 15.56444515000004, 69.096791127000074 ], [ 15.613054153000064, 69.118882135000035 ], [ 15.622773305000067, 69.122209080000061 ], [ 15.645282236000071, 69.127773155000057 ], [ 15.69055406800004, 69.13860911200004 ], [ 15.736663253000074, 69.140000173000033 ], [ 15.751109128000053, 69.141100214000062 ], [ 15.763891195000042, 69.143054035000034 ], [ 15.77778218800006, 69.148609058000034 ], [ 15.788891227000022, 69.155818165000028 ], [ 15.810000212000034, 69.179445074000057 ], [ 15.848327135000034, 69.222218094000084 ], [ 15.863609189000044, 69.238600188000078 ], [ 15.974718189000043, 69.280818158000045 ], [ 15.994445166000048, 69.287763236000046 ], [ 16.111945032000051, 69.312773158000084 ], [ 16.126391242000068, 69.310273172000052 ], [ 16.14805410300005, 69.286373181000044 ], [ 16.153891260000023, 69.276109205000068 ], [ 16.155000186000052, 69.26500016600005 ], [ 16.085136185000067, 69.155273174000058 ], [ 16.058054088000063, 69.139163156000052 ], [ 16.028609132000042, 69.128600114000051 ], [ 16.017218126000046, 69.126100128000076 ], [ 15.997500202000026, 69.119154044000084 ], [ 15.969445133000022, 69.107773264000059 ], [ 15.944445101000042, 69.094982144000028 ], [ 15.872082287000069, 69.050545149000072 ], [ 15.873473180000076, 69.039300155000035 ], [ 15.868054112000038, 69.028191116000073 ], [ 15.854163287000063, 69.022491087000049 ], [ 15.735554160000049, 68.998882115000072 ], [ 15.711391144000061, 68.994427134000034 ], [ 15.638054018000048, 68.981654119000041 ], [ 15.522500262000051, 68.906100147000075 ], [ 15.468054101000064, 68.874163251000084 ] ] ], [ [ [ 8.455273267000052, 63.426382148000073 ], [ 8.426109105000023, 63.426936024000042 ], [ 8.412218112000062, 63.428054002000067 ], [ 8.295273296000062, 63.438609165000059 ], [ 8.281800224000051, 63.449582250000049 ], [ 8.280000127000051, 63.464718123000068 ], [ 8.286245148000035, 63.486382158000083 ], [ 8.294445164000024, 63.497082160000048 ], [ 8.334718197000029, 63.517491089000032 ], [ 8.365273251000076, 63.531391134000046 ], [ 8.431945089000067, 63.55666324300006 ], [ 8.451663181000072, 63.56138225400008 ], [ 8.462773226000024, 63.563045056000078 ], [ 8.489445112000055, 63.564163202000032 ], [ 8.614445105000073, 63.568327164000038 ], [ 8.61471818800004, 63.609163293000051 ], [ 8.815282212000056, 63.639163298000028 ], [ 8.944718075000026, 63.653882256000031 ], [ 8.957218175000037, 63.654718099000036 ], [ 8.971109168000055, 63.653609173000063 ], [ 9.174863344000073, 63.561663215000067 ], [ 9.165000191000047, 63.555545097000049 ], [ 9.089163245000066, 63.528327045000083 ], [ 9.051391205000073, 63.518054017000054 ], [ 8.961663266000073, 63.497500082000045 ], [ 8.931109217000028, 63.491100163000056 ], [ 8.875000254000042, 63.483327122000048 ], [ 8.786945176000074, 63.476945141000044 ], [ 8.774445076000063, 63.476109130000054 ], [ 8.718609196000045, 63.475554080000052 ], [ 8.706109096000034, 63.474718069000062 ], [ 8.660000246000038, 63.468891137000071 ], [ 8.604163192000044, 63.460827076000044 ], [ 8.573609144000045, 63.454436042000054 ], [ 8.545136154000033, 63.443054088000054 ], [ 8.525000140000031, 63.434718118000035 ], [ 8.505554124000071, 63.429991228000063 ], [ 8.49416328600006, 63.428327085000035 ], [ 8.455273267000052, 63.426382148000073 ] ] ], [ [ [ 25.585282165000024, 70.922209214000077 ], [ 25.551936104000049, 70.923873189000062 ], [ 25.538891181000054, 70.926100093000059 ], [ 25.522773284000039, 70.931800123000073 ], [ 25.416663251000045, 70.982209056000045 ], [ 25.427773296000055, 70.985827021000034 ], [ 25.44110923900007, 70.988054092000084 ], [ 25.521663352000076, 71.000273231000051 ], [ 25.549718085000052, 71.003327094000042 ], [ 25.560273248000044, 71.009709075000046 ], [ 25.548336077000044, 71.015827026000068 ], [ 25.531391221000035, 71.018600095000068 ], [ 25.462773274000028, 71.025273263000031 ], [ 25.43471820600007, 71.022218059000068 ], [ 25.394445172000076, 71.016100108000046 ], [ 25.370000190000042, 71.010273177000045 ], [ 25.343327130000034, 71.006100162000052 ], [ 25.307500193000067, 71.008045099000071 ], [ 25.289509109000051, 71.017344988000048 ], [ 25.294445044000042, 71.04221811900004 ], [ 25.317363347000025, 71.071800202000077 ], [ 25.334163195000031, 71.076109171000041 ], [ 25.390554125000051, 71.082491152000046 ], [ 25.511109195000074, 71.09000016400006 ], [ 25.583427082000071, 71.092491098000039 ], [ 25.615836046000027, 71.107209217000047 ], [ 25.67360915200004, 71.138318147000064 ], [ 25.784718152000039, 71.154709127000046 ], [ 25.803609118000054, 71.150554050000039 ], [ 25.796663203000037, 71.123045146000038 ], [ 25.828054101000077, 71.098600164000061 ], [ 25.886527096000066, 71.090963244000079 ], [ 25.903609247000077, 71.093891211000084 ], [ 25.946109184000079, 71.105545074000077 ], [ 25.979163219000043, 71.114718061000076 ], [ 25.988891256000045, 71.11915409900007 ], [ 26.003609207000068, 71.120273251000071 ], [ 26.023891234000075, 71.116391089000047 ], [ 26.038054136000028, 71.105273165000028 ], [ 26.042982192000068, 71.08874505700004 ], [ 26.032218152000041, 71.078891124000052 ], [ 26.022500173000026, 71.074436143000071 ], [ 26.011391134000064, 71.070545096000046 ], [ 25.962218196000038, 71.05915408900006 ], [ 25.924163350000072, 71.051373169000044 ], [ 25.928336196000032, 71.004436019000082 ], [ 25.939718150000033, 71.000827107000077 ], [ 25.956663341000024, 70.998045153000078 ], [ 26.024163310000063, 70.996382184000083 ], [ 26.056109258000049, 70.996654093000075 ], [ 26.06833610800004, 70.999709129000053 ], [ 26.078054087000055, 71.004163272000028 ], [ 26.091391203000057, 71.015827026000068 ], [ 26.100000256000044, 71.021382216000063 ], [ 26.109718235000059, 71.025836024000057 ], [ 26.143054069000073, 71.037218146000043 ], [ 26.167500225000026, 71.042773168000053 ], [ 26.181109251000066, 71.044709053000076 ], [ 26.197218096000029, 71.04500007200005 ], [ 26.21708220000005, 71.037136171000043 ], [ 26.211245043000076, 71.013736076000043 ], [ 26.20027329900006, 71.005263313000057 ], [ 26.176936069000078, 70.99860020300008 ], [ 26.083882191000043, 70.974445067000033 ], [ 26.071663221000051, 70.971663281000076 ], [ 25.91971809100005, 70.961654115000044 ], [ 25.903891214000055, 70.961382206000053 ], [ 25.843054019000078, 70.963045008000051 ], [ 25.720554180000079, 70.955273140000031 ], [ 25.625554025000042, 70.928054082000074 ], [ 25.613327175000052, 70.92528218700005 ], [ 25.600000117000036, 70.923327024000059 ], [ 25.585282165000024, 70.922209214000077 ] ] ], [ [ [ 13.521109146000072, 68.03944505100003 ], [ 13.503054024000051, 68.040545092000059 ], [ 13.489445166000053, 68.043609181000079 ], [ 13.473609236000073, 68.049991162000083 ], [ 13.452773166000043, 68.063873270000045 ], [ 13.466245064000077, 68.088182130000064 ], [ 13.529445117000023, 68.126100184000052 ], [ 13.536109233000047, 68.203600099000028 ], [ 13.534445090000077, 68.229154007000034 ], [ 13.517082145000074, 68.232491178000032 ], [ 13.568191135000063, 68.262627138000028 ], [ 13.659718165000072, 68.286373237000078 ], [ 13.676391279000029, 68.285827072000075 ], [ 13.803891259000068, 68.26887316400007 ], [ 13.888609166000037, 68.253053998000041 ], [ 13.910273201000052, 68.246936047000077 ], [ 13.952218088000052, 68.23999113800005 ], [ 13.968336153000052, 68.238327162000076 ], [ 14.003336131000026, 68.236663187000033 ], [ 14.026663303000078, 68.245136117000072 ], [ 14.034027140000035, 68.258463176000078 ], [ 14.048609137000028, 68.261653999000032 ], [ 14.063891190000049, 68.262209048000045 ], [ 14.09416327200006, 68.258045087000028 ], [ 14.130000099000029, 68.246654080000042 ], [ 14.135418161000075, 68.236245097000051 ], [ 14.128609206000021, 68.228045082000051 ], [ 14.039163235000046, 68.17721805900004 ], [ 14.028609245000041, 68.174436105000041 ], [ 14.010273161000043, 68.175554083000065 ], [ 13.937500137000029, 68.171936119000065 ], [ 13.860282189000031, 68.158873258000028 ], [ 13.836663327000053, 68.136109182000041 ], [ 13.848054165000065, 68.124163294000084 ], [ 13.846245183000065, 68.111653974000035 ], [ 13.835554066000043, 68.104718116000072 ], [ 13.708336053000039, 68.066936017000046 ], [ 13.697773179000023, 68.064163284000074 ], [ 13.685554041000046, 68.061936044000049 ], [ 13.644718079000029, 68.066663270000049 ], [ 13.624718187000042, 68.083882214000027 ], [ 13.561945108000032, 68.073318166000035 ], [ 13.521109146000072, 68.03944505100003 ] ] ], [ [ [ 23.840000269000029, 70.511382131000062 ], [ 23.80500012400006, 70.513045100000056 ], [ 23.771382154000037, 70.516100136000034 ], [ 23.753336084000068, 70.520691240000076 ], [ 23.727500209000027, 70.534718187000067 ], [ 23.707709194000074, 70.549018050000029 ], [ 23.633473192000054, 70.693463220000069 ], [ 23.688891151000064, 70.739718082000081 ], [ 23.702636131000077, 70.745963270000061 ], [ 23.740000141000053, 70.747209157000043 ], [ 23.808054154000047, 70.745273272000077 ], [ 23.82638219100005, 70.744154120000076 ], [ 23.836936181000056, 70.741382225000052 ], [ 23.973609148000037, 70.702500085000054 ], [ 24.030827204000047, 70.686100221000061 ], [ 24.040000191000047, 70.681927039000072 ], [ 24.123891140000069, 70.617627112000037 ], [ 24.122218112000041, 70.601382146000049 ], [ 24.115000120000047, 70.592209159000049 ], [ 24.105554050000023, 70.587218070000063 ], [ 23.95277324500006, 70.52249117000008 ], [ 23.939718095000046, 70.520263260000036 ], [ 23.899718145000065, 70.514709076000031 ], [ 23.871109200000035, 70.512209089000066 ], [ 23.840000269000029, 70.511382131000062 ] ] ], [ [ [ 12.063054119000071, 65.209991134000063 ], [ 12.080273230000046, 65.231109171000071 ], [ 12.096109160000026, 65.253327082000055 ], [ 12.112500139000076, 65.276654087000054 ], [ 12.122500252000066, 65.296936113000072 ], [ 12.174163286000066, 65.403045140000074 ], [ 12.199718200000063, 65.471663255000067 ], [ 12.222500213000046, 65.541927074000057 ], [ 12.247363285000063, 65.56958215700007 ], [ 12.258054067000046, 65.576109145000032 ], [ 12.271663261000072, 65.576663189000044 ], [ 12.28694514700004, 65.572209046000069 ], [ 12.396109210000077, 65.50555397200003 ], [ 12.441945144000044, 65.469436016000031 ], [ 12.502782171000035, 65.391936101000056 ], [ 12.488473257000066, 65.379582181000046 ], [ 12.373609164000072, 65.338044990000071 ], [ 12.242773187000068, 65.276100210000038 ], [ 12.188054111000042, 65.245544988000063 ], [ 12.149027132000072, 65.230963159000055 ], [ 12.085836131000065, 65.213609099000053 ], [ 12.075282142000049, 65.211382195000056 ], [ 12.063054119000071, 65.209991134000063 ] ] ], [ [ [ 20.609445127000072, 70.042218175000073 ], [ 20.562773181000068, 70.076382142000057 ], [ 20.526945071000057, 70.060545039000033 ], [ 20.515827147000039, 70.057491176000042 ], [ 20.499445053000045, 70.057491176000042 ], [ 20.467500111000049, 70.05915397800004 ], [ 20.450554082000053, 70.061382223000066 ], [ 20.436109213000066, 70.064163171000075 ], [ 20.424445124000044, 70.067491122000035 ], [ 20.39832711300005, 70.079163257000062 ], [ 20.389445146000071, 70.088609159000043 ], [ 20.385554099000046, 70.101654083000028 ], [ 20.401109235000035, 70.146382098000061 ], [ 20.406945051000037, 70.158600230000047 ], [ 20.426663311000027, 70.181245115000081 ], [ 20.554163290000076, 70.225554035000073 ], [ 20.577773267000055, 70.231109057000083 ], [ 20.684718138000051, 70.235827063000045 ], [ 20.716391171000055, 70.236373228000048 ], [ 20.752500242000053, 70.234163255000055 ], [ 20.766945111000041, 70.231382140000051 ], [ 20.77889116700004, 70.228336156000069 ], [ 20.807218144000046, 70.21693609700003 ], [ 20.820136166000054, 70.21096315300008 ], [ 20.832218177000073, 70.196654071000069 ], [ 20.794718212000078, 70.059709195000039 ], [ 20.783882255000037, 70.05638225000007 ], [ 20.738327114000072, 70.054445025000064 ], [ 20.650554171000067, 70.046663266000053 ], [ 20.609445127000072, 70.042218175000073 ] ] ], [ [ [ 22.976109190000045, 70.245818124000039 ], [ 22.922218079000061, 70.249709171000063 ], [ 22.869718196000065, 70.252491125000063 ], [ 22.841663295000046, 70.249709171000063 ], [ 22.795554111000058, 70.248318110000071 ], [ 22.778891222000027, 70.248600078000038 ], [ 22.638882258000024, 70.262209103000032 ], [ 22.573327058000075, 70.269163233000029 ], [ 22.468609091000076, 70.286654086000055 ], [ 22.437773243000038, 70.291927141000031 ], [ 22.419163239000056, 70.299709068000084 ], [ 22.370554067000057, 70.332073272000059 ], [ 22.379445087000079, 70.346100220000039 ], [ 22.472218171000065, 70.374982246000059 ], [ 22.486382247000051, 70.376391244000047 ], [ 22.66444505100003, 70.391391163000037 ], [ 22.684445111000059, 70.388736111000071 ], [ 22.693336131000024, 70.376663153000038 ], [ 22.698054136000053, 70.36110013800004 ], [ 22.834718218000035, 70.332218112000078 ], [ 22.891391283000075, 70.322491248000063 ], [ 22.906945078000035, 70.323045124000032 ], [ 22.94805412200003, 70.319154077000064 ], [ 23.01360915500004, 70.274153986000044 ], [ 23.020618102000071, 70.257700142000033 ], [ 23.009163226000055, 70.249436089000028 ], [ 22.976109190000045, 70.245818124000039 ] ] ], [ [ [ 5.527500128000042, 60.429163265000057 ], [ 5.510136177000049, 60.431109207000077 ], [ 5.483609130000048, 60.442218079000043 ], [ 5.465000131000068, 60.453609085000039 ], [ 5.453054075000068, 60.461391179000032 ], [ 5.360000198000023, 60.523891176000063 ], [ 5.395836186000054, 60.552218153000069 ], [ 5.453609125000071, 60.575827125000046 ], [ 5.530282249000038, 60.605273253000064 ], [ 5.559718152000073, 60.614718150000044 ], [ 5.582918087000053, 60.631109129000038 ], [ 5.588336149000042, 60.646109048000028 ], [ 5.590836135000075, 60.659163191000061 ], [ 5.591109218000042, 60.679509088000032 ], [ 5.608609123000065, 60.688609152000083 ], [ 5.618891203000032, 60.690273128000058 ], [ 5.63000024300004, 60.688891120000051 ], [ 5.679163290000076, 60.681244980000031 ], [ 5.68916323600007, 60.674436025000034 ], [ 5.693609165000055, 60.643327094000028 ], [ 5.679445090000058, 60.47040910100003 ], [ 5.606109136000043, 60.437218106000046 ], [ 5.550000173000058, 60.431391174000055 ], [ 5.527500128000042, 60.429163265000057 ] ] ], [ [ [ 12.797218147000024, 67.806927033000079 ], [ 12.785282149000068, 67.811518137000064 ], [ 12.895554132000029, 67.951936138000065 ], [ 12.940973151000037, 68.003463217000046 ], [ 13.05471809200003, 68.101945048000061 ], [ 13.068336170000066, 68.103045089000034 ], [ 13.103891197000053, 68.094709118000083 ], [ 13.151663184000029, 68.082491153000035 ], [ 13.135827087000052, 67.955827017000047 ], [ 13.010000135000041, 67.876663294000082 ], [ 12.841945155000076, 67.808609113000045 ], [ 12.797218147000024, 67.806927033000079 ] ] ], [ [ [ 19.932218194000029, 70.052491203000045 ], [ 19.915273171000024, 70.054991190000067 ], [ 19.834163337000064, 70.062482264000039 ], [ 19.80250019500005, 70.061663185000043 ], [ 19.784445073000029, 70.062482264000039 ], [ 19.770000204000041, 70.065273270000034 ], [ 19.751182160000042, 70.079782177000084 ], [ 19.746945108000034, 70.094436091000034 ], [ 19.747918080000034, 70.114154015000054 ], [ 19.749927222000053, 70.129853990000072 ], [ 19.706945158000053, 70.175827053000035 ], [ 19.680827147000059, 70.193054043000075 ], [ 19.65916328000003, 70.205553976000033 ], [ 19.640000238000027, 70.212773141000071 ], [ 19.627782273000037, 70.216109139000082 ], [ 19.569445065000025, 70.226945096000065 ], [ 19.545273165000026, 70.23331819200007 ], [ 19.53597327500006, 70.24554504200006 ], [ 19.580000228000074, 70.266936161000046 ], [ 19.590827132000072, 70.270263274000058 ], [ 19.673609155000065, 70.287763179000081 ], [ 19.683327134000024, 70.283873138000047 ], [ 19.790136050000058, 70.207073279000042 ], [ 19.796663205000073, 70.194445104000067 ], [ 19.846382141000049, 70.173045099000035 ], [ 19.984445162000043, 70.141936169000076 ], [ 20.068882276000068, 70.124982261000071 ], [ 20.119718183000032, 70.118045062000078 ], [ 20.112782158000073, 70.104718171000059 ], [ 20.014445167000076, 70.061936099000036 ], [ 19.988327157000072, 70.058045052000068 ], [ 19.932218194000029, 70.052491203000045 ] ] ], [ [ [ 7.985282185000074, 63.308882114000028 ], [ 7.993191181000043, 63.342082162000054 ], [ 7.982782198000052, 63.347500224000044 ], [ 7.924163190000058, 63.357218035000074 ], [ 7.877782264000075, 63.35527326600004 ], [ 7.803336044000048, 63.362782110000069 ], [ 7.794163225000034, 63.371936154000082 ], [ 7.783891202000063, 63.384163172000058 ], [ 7.779445105000036, 63.408191238000029 ], [ 7.98805408000004, 63.466945027000065 ], [ 8.015836066000077, 63.467500077000068 ], [ 8.076109158000065, 63.467218110000033 ], [ 8.095136078000053, 63.46485407800003 ], [ 8.176800123000021, 63.399436005000041 ], [ 8.183609078000075, 63.386109114000078 ], [ 8.159582185000033, 63.359027018000063 ], [ 8.131109195000022, 63.341663235000055 ], [ 8.093054014000074, 63.32721803000004 ], [ 8.083336035000059, 63.324718044000065 ], [ 7.985282185000074, 63.308882114000028 ] ] ], [ [ [ 5.400554025000076, 59.751391173000059 ], [ 5.371391204000076, 59.752773181000066 ], [ 5.35860913700003, 59.756945022000082 ], [ 5.308400196000036, 59.789509051000039 ], [ 5.263609149000047, 59.881100119000052 ], [ 5.251663261000033, 59.908882104000043 ], [ 5.274863195000023, 59.964163271000075 ], [ 5.287773170000037, 59.971527108000032 ], [ 5.335282133000021, 59.971109186000035 ], [ 5.411945031000073, 59.940273170000069 ], [ 5.425282148000065, 59.933327087000066 ], [ 5.439582177000034, 59.923327141000073 ], [ 5.466527146000033, 59.889163174000032 ], [ 5.484163341000055, 59.860545010000067 ], [ 5.492363190000049, 59.842782248000049 ], [ 5.494718169000066, 59.819163218000028 ], [ 5.495000136000044, 59.805827108000074 ], [ 5.490554040000063, 59.791809045000036 ], [ 5.469163255000069, 59.771382179000057 ], [ 5.428054043000031, 59.754300196000031 ], [ 5.413054124000041, 59.751663249000046 ], [ 5.400554025000076, 59.751391173000059 ] ] ], [ [ [ 16.121109134000051, 68.37639118900006 ], [ 16.113054125000076, 68.378873239000029 ], [ 16.095273258000077, 68.399709141000073 ], [ 16.144027101000063, 68.481100104000063 ], [ 16.180000218000032, 68.500827080000079 ], [ 16.215554072000032, 68.516100081000047 ], [ 16.235000255000045, 68.523036106000063 ], [ 16.326945040000055, 68.533600154000055 ], [ 16.342500176000044, 68.53387323700008 ], [ 16.372500181000078, 68.529436025000052 ], [ 16.384163264000051, 68.526382162000061 ], [ 16.400000199000033, 68.520827140000051 ], [ 16.414445068000077, 68.512773136000078 ], [ 16.464582260000043, 68.465409181000041 ], [ 16.405554048000056, 68.41110014800006 ], [ 16.394445177000023, 68.408600161000038 ], [ 16.380554016000076, 68.40748218300007 ], [ 16.349718168000038, 68.406936018000067 ], [ 16.314718190000065, 68.409163258000035 ], [ 16.299445021000054, 68.408873244000063 ], [ 16.27166320300006, 68.406936018000067 ], [ 16.203327055000045, 68.400836004000041 ], [ 16.191109090000054, 68.398882183000069 ], [ 16.121109134000051, 68.37639118900006 ] ] ], [ [ [ 7.510282245000042, 62.938609193000048 ], [ 7.480418194000038, 62.955691177000062 ], [ 7.468054049000045, 62.960545137000054 ], [ 7.45778219400006, 62.963054008000029 ], [ 7.446109220000039, 62.964718151000056 ], [ 7.418891169000062, 62.966945055000053 ], [ 7.404300120000073, 62.970973230000027 ], [ 7.372218218000057, 62.984027039000068 ], [ 7.365136180000036, 62.993609063000065 ], [ 7.399163186000067, 63.057491235000043 ], [ 7.604445048000059, 63.093045089000043 ], [ 7.650000189000025, 63.08110909100003 ], [ 7.710136154000054, 63.000409133000062 ], [ 7.700000253000042, 62.995282091000036 ], [ 7.548336085000074, 62.948327172000063 ], [ 7.510282245000042, 62.938609193000048 ] ] ], [ [ [ 5.148891237000043, 59.581109121000054 ], [ 5.11166318100004, 59.636663202000079 ], [ 5.070209138000052, 59.781454042000064 ], [ 5.10902707300005, 59.86721817800003 ], [ 5.118891232000067, 59.872500118000062 ], [ 5.131391164000036, 59.873053995000078 ], [ 5.147636130000024, 59.870409169000027 ], [ 5.260691241000075, 59.800691180000058 ], [ 5.314445057000057, 59.749445062000063 ], [ 5.321945016000029, 59.739718031000052 ], [ 5.343054001000041, 59.70180014500005 ], [ 5.311391194000066, 59.686945066000078 ], [ 5.289718107000056, 59.680691160000038 ], [ 5.273891230000061, 59.684227150000027 ], [ 5.286945038000056, 59.691382110000063 ], [ 5.30944508400006, 59.700554091000072 ], [ 5.291736134000075, 59.747082204000037 ], [ 5.219582197000022, 59.751518075000035 ], [ 5.187082205000024, 59.735209070000053 ], [ 5.172218073000067, 59.68804510700005 ], [ 5.182036132000064, 59.670363147000046 ], [ 5.19528222100007, 59.664163221000081 ], [ 5.200691231000064, 59.634153995000077 ], [ 5.197154068000032, 59.607218079000063 ], [ 5.182500154000024, 59.595553990000042 ], [ 5.169718087000035, 59.588335998000048 ], [ 5.155554012000039, 59.581663165000066 ], [ 5.148891237000043, 59.581109121000054 ] ] ], [ [ [ 12.300282263000042, 66.010273123000047 ], [ 12.29250016900005, 66.012773110000069 ], [ 12.34333607700006, 66.077773260000072 ], [ 12.481391219000045, 66.131653978000031 ], [ 12.431945031000055, 66.163463301000036 ], [ 12.485836142000039, 66.19040910800004 ], [ 12.553609194000046, 66.214718136000045 ], [ 12.563327173000062, 66.217773172000079 ], [ 12.576109240000051, 66.215545094000049 ], [ 12.60389122600003, 66.190554115000054 ], [ 12.655836059000023, 66.101391116000059 ], [ 12.643336127000055, 66.086245017000067 ], [ 12.531945160000078, 66.054718165000054 ], [ 12.457500113000037, 66.038327018000075 ], [ 12.407500216000074, 66.033054130000039 ], [ 12.35250017900006, 66.022491088000038 ], [ 12.300282263000042, 66.010273123000047 ] ] ], [ [ [ 5.51278217600003, 59.893054054000061 ], [ 5.503336107000052, 59.895273246000045 ], [ 5.360209075000057, 59.988327124000079 ], [ 5.449309208000045, 60.042500203000031 ], [ 5.506109176000052, 60.055545126000027 ], [ 5.525836152000068, 60.059436006000055 ], [ 5.645554038000057, 60.074718059000077 ], [ 5.658054137000022, 60.075273109000079 ], [ 5.660836091000021, 60.058053998000048 ], [ 5.663609160000021, 60.026382138000031 ], [ 5.663891127000056, 60.013054074000081 ], [ 5.661245128000076, 59.996663262000027 ], [ 5.595000097000025, 59.92721818800004 ], [ 5.529300225000043, 59.894718029000046 ], [ 5.51278217600003, 59.893054054000061 ] ] ], [ [ [ 8.319445028000075, 63.660273121000046 ], [ 8.306945096000049, 63.660827165000057 ], [ 8.273263256000064, 63.680409135000048 ], [ 8.283891174000075, 63.686663208000027 ], [ 8.325836062000064, 63.694718050000063 ], [ 8.348327055000027, 63.698054047000028 ], [ 8.361109122000073, 63.698882179000066 ], [ 8.400273229000049, 63.700827116000028 ], [ 8.454445134000025, 63.705827089000081 ], [ 8.528891187000056, 63.719444999000075 ], [ 8.538609166000072, 63.72193610100004 ], [ 8.673891239000056, 63.756945131000066 ], [ 8.680727184000034, 63.769645056000059 ], [ 8.733745069000065, 63.801800216000061 ], [ 8.786663209000039, 63.811100105000037 ], [ 8.797782139000049, 63.812773133000064 ], [ 8.808336128000064, 63.810273147000032 ], [ 8.827636131000077, 63.725554066000029 ], [ 8.824718223000048, 63.714854063000075 ], [ 8.816945181000051, 63.708327075000057 ], [ 8.798745052000072, 63.699027019000027 ], [ 8.774718159000031, 63.692773113000044 ], [ 8.752218113000026, 63.689436110000031 ], [ 8.656663243000025, 63.679445049000037 ], [ 8.47416322600003, 63.662218058000065 ], [ 8.459300100000064, 63.666109105000032 ], [ 8.453609123000035, 63.677500112000075 ], [ 8.36971817500006, 63.671663290000083 ], [ 8.358609136000041, 63.670000153000046 ], [ 8.339163288000066, 63.665273262000028 ], [ 8.319445028000075, 63.660273121000046 ] ] ], [ [ [ 11.418054095000059, 64.471936059000029 ], [ 11.407218138000076, 64.478045125000051 ], [ 11.282773194000072, 64.509427138000035 ], [ 11.270554056000037, 64.51138213400003 ], [ 11.255836104000025, 64.511654042000032 ], [ 11.232500215000073, 64.50860906500003 ], [ 11.211663307000038, 64.504163303000041 ], [ 11.198609163000071, 64.503600207000034 ], [ 11.186109231000046, 64.504163303000041 ], [ 11.175554068000054, 64.506945089000055 ], [ 11.039863293000053, 64.600127042000054 ], [ 11.038054143000068, 64.61638223500006 ], [ 11.040973224000027, 64.63151810800008 ], [ 11.073891138000022, 64.649153968000064 ], [ 11.086945114000059, 64.649991152000041 ], [ 11.250000120000038, 64.599445091000064 ], [ 11.452500196000074, 64.518463165000071 ], [ 11.418054095000059, 64.471936059000029 ] ] ], [ [ [ 12.129718077000064, 65.050282183000036 ], [ 12.012218211000061, 65.069154038000079 ], [ 11.984445110000024, 65.074854067000047 ], [ 12.095418156000051, 65.180545005000056 ], [ 12.157636185000058, 65.202636014000063 ], [ 12.171663300000034, 65.206936098000028 ], [ 12.183609188000048, 65.208327159000078 ], [ 12.196109120000074, 65.206100087000038 ], [ 12.210000113000035, 65.198318160000042 ], [ 12.250000232000048, 65.17443610600003 ], [ 12.261945114000071, 65.166109189000053 ], [ 12.313682244000063, 65.102973173000066 ], [ 12.300836139000069, 65.091936051000062 ], [ 12.285000210000021, 65.084445144000028 ], [ 12.266391211000041, 65.078891127000077 ], [ 12.218891133000056, 65.064991082000063 ], [ 12.198891242000059, 65.060000161000062 ], [ 12.156391137000071, 65.05137317100008 ], [ 12.129718077000064, 65.050282183000036 ] ] ], [ [ [ 5.160554152000032, 59.142773135000027 ], [ 5.155282270000043, 59.146945143000039 ], [ 5.13221812200004, 59.204436114000032 ], [ 5.131945040000062, 59.220836146000067 ], [ 5.138336074000051, 59.266527074000066 ], [ 5.18083617800005, 59.409854098000039 ], [ 5.194445037000037, 59.413053974000036 ], [ 5.208473157000071, 59.407636079000042 ], [ 5.221945055000049, 59.397500179000076 ], [ 5.286663238000074, 59.318609203000051 ], [ 5.293054104000021, 59.257218132000048 ], [ 5.293336072000045, 59.240691198000036 ], [ 5.287773170000037, 59.218891209000049 ], [ 5.255973235000056, 59.147218058000078 ], [ 5.233336062000035, 59.151109105000046 ], [ 5.222782240000072, 59.151109105000046 ], [ 5.190282248000074, 59.147773108000081 ], [ 5.160554152000032, 59.142773135000027 ] ] ], [ [ [ 19.473891201000072, 69.839718099000038 ], [ 19.461800138000058, 69.846800137000059 ], [ 19.522218237000061, 69.884154088000059 ], [ 19.540836120000051, 69.892491232000054 ], [ 19.798054098000023, 70.000545029000079 ], [ 19.814445078000062, 70.000545029000079 ], [ 19.833609126000056, 69.998600092000061 ], [ 19.845554009000068, 69.995545056000083 ], [ 19.864718224000057, 69.988053981000064 ], [ 19.895482156000071, 69.96540909600003 ], [ 19.78736331600004, 69.870545063000066 ], [ 19.772500190000073, 69.864718131000075 ], [ 19.72750026600005, 69.862491227000078 ], [ 19.567218161000028, 69.851654097000051 ], [ 19.473891201000072, 69.839718099000038 ] ] ], [ [ [ 17.241663309000046, 68.788609165000082 ], [ 17.226109179000048, 68.788609165000082 ], [ 17.209718200000054, 68.790545050000048 ], [ 17.194300192000071, 68.795273114000054 ], [ 17.080827160000069, 68.901109059000078 ], [ 17.087218193000069, 68.912763257000051 ], [ 17.100554136000028, 68.918882214000064 ], [ 17.296663346000059, 68.919709172000069 ], [ 17.331391248000045, 68.916382227000042 ], [ 17.355000219000033, 68.909991194000042 ], [ 17.364436063000028, 68.906663243000082 ], [ 17.43166328500007, 68.872627184000066 ], [ 17.436109214000055, 68.86262707000003 ], [ 17.417363255000055, 68.84707327600006 ], [ 17.308327100000042, 68.80499109200008 ], [ 17.254445041000054, 68.790545050000048 ], [ 17.241663309000046, 68.788609165000082 ] ] ], [ [ [ 12.438609147000022, 65.864163307000069 ], [ 12.479654154000059, 65.889436086000046 ], [ 12.453609233000066, 65.89665407800004 ], [ 12.440000208000072, 65.896100202000071 ], [ 12.415000176000035, 65.893600216000038 ], [ 12.424445072000026, 65.924163149000037 ], [ 12.462082164000037, 65.971236085000044 ], [ 12.47305407500005, 65.97749116500006 ], [ 12.506663328000059, 65.990263173000073 ], [ 12.534163346000071, 65.999709075000055 ], [ 12.553336112000068, 66.005554112000084 ], [ 12.573891221000054, 66.010545032000039 ], [ 12.596109131000048, 66.014709162000031 ], [ 12.621109164000075, 66.017209148000063 ], [ 12.635000156000046, 66.017773250000062 ], [ 12.867218102000038, 66.020827113000053 ], [ 12.882500156000049, 66.020554030000028 ], [ 12.898682258000065, 66.011109134000037 ], [ 12.879163320000032, 65.998318182000048 ], [ 12.83500024600005, 65.989991097000029 ], [ 12.81000021400007, 65.987491110000065 ], [ 12.788054044000035, 65.983318096000062 ], [ 12.68444517100005, 65.957763182000065 ], [ 12.674718140000039, 65.954709152000078 ], [ 12.588609172000076, 65.920545017000052 ], [ 12.564163184000051, 65.909436146000075 ], [ 12.545836152000049, 65.899163285000043 ], [ 12.531663192000053, 65.886382224000045 ], [ 12.486663269000076, 65.870273212000029 ], [ 12.464718105000031, 65.866100197000037 ], [ 12.438609147000022, 65.864163307000069 ] ] ], [ [ [ 4.922500222000053, 61.773045036000042 ], [ 4.885418180000045, 61.785136099000056 ], [ 4.80750017500003, 61.841873202000045 ], [ 4.868054061000066, 61.885273188000042 ], [ 4.88333611500002, 61.891936130000033 ], [ 4.914163246000044, 61.897773120000068 ], [ 4.926109134000058, 61.898891098000036 ], [ 4.937782276000064, 61.897500205000028 ], [ 4.949163224000074, 61.895827178000047 ], [ 5.202218078000044, 61.854163251000045 ], [ 5.221109212000044, 61.839163165000059 ], [ 5.175000195000052, 61.822218142000054 ], [ 4.996109090000061, 61.785554021000053 ], [ 4.934163305000027, 61.774163182000052 ], [ 4.922500222000053, 61.773045036000042 ] ] ], [ [ [ 24.046109257000069, 70.908327106000058 ], [ 24.026391165000064, 70.910554010000055 ], [ 23.909445176000077, 70.950818158000061 ], [ 23.880136175000075, 70.990827161000084 ], [ 23.923336169000038, 71.015545059000033 ], [ 23.934163241000078, 71.019436106000057 ], [ 23.973891282000068, 71.025836024000057 ], [ 23.988609234000023, 71.02692718000003 ], [ 24.06277331900003, 71.023882202000038 ], [ 24.078609249000067, 71.022218059000068 ], [ 24.222500208000042, 70.994718041000056 ], [ 24.243891160000032, 70.951936136000029 ], [ 24.167773253000064, 70.925827178000077 ], [ 24.092218107000065, 70.912491235000061 ], [ 24.061945187000049, 70.908873270000072 ], [ 24.046109257000069, 70.908327106000058 ] ] ], [ [ [ 29.79332714700007, 69.75443609000007 ], [ 29.73055406900005, 69.759427178000067 ], [ 29.716245154000035, 69.764436036000063 ], [ 29.770063343000061, 69.801354128000071 ], [ 29.808545163000076, 69.821918122000056 ], [ 29.81012716400005, 69.865136053000072 ], [ 29.821663345000047, 69.901382252000076 ], [ 29.830827112000065, 69.906663187000049 ], [ 29.841945036000027, 69.910263214000054 ], [ 29.875273159000074, 69.907209184000067 ], [ 29.893327108000051, 69.904436115000067 ], [ 29.978054068000063, 69.890827089000084 ], [ 30.002782191000051, 69.884718191000047 ], [ 30.048054024000066, 69.827500134000047 ], [ 30.042500175000043, 69.808318149000058 ], [ 29.960000119000028, 69.788054060000036 ], [ 29.838609206000058, 69.759427178000067 ], [ 29.826663318000044, 69.75694512900003 ], [ 29.79332714700007, 69.75443609000007 ] ] ], [ [ [ 5.103609178000056, 60.183327073000044 ], [ 4.995000164000032, 60.218045084000039 ], [ 4.961391247000051, 60.235836008000035 ], [ 4.94889114700004, 60.246663248000061 ], [ 4.932500168000047, 60.284027090000052 ], [ 4.94250011400004, 60.42750012700003 ], [ 4.970000132000052, 60.44110915300007 ], [ 5.07250024700005, 60.344991187000062 ], [ 5.087500166000041, 60.328473138000049 ], [ 5.098609205000059, 60.306945058000053 ], [ 5.101109192000024, 60.291382210000052 ], [ 5.111391105000052, 60.216109199000073 ], [ 5.112782165000056, 60.19832715900003 ], [ 5.111945148000075, 60.185827059000076 ], [ 5.103609178000056, 60.183327073000044 ] ] ], [ [ [ 13.23916321300004, 67.985273146000054 ], [ 13.22527322600007, 68.01720920300005 ], [ 13.213609137000049, 68.033882150000068 ], [ 13.194163289000073, 68.03401810400004 ], [ 13.190554042000031, 68.018600096000057 ], [ 13.180554096000037, 68.003882145000034 ], [ 13.163891207000063, 68.012982209000029 ], [ 13.162218180000025, 68.044018050000034 ], [ 13.295418188000042, 68.147491136000042 ], [ 13.309718218000057, 68.152500161000034 ], [ 13.323327076000055, 68.153882170000031 ], [ 13.357500263000077, 68.151109101000031 ], [ 13.385554158000048, 68.146654119000061 ], [ 13.397500214000047, 68.143873171000052 ], [ 13.420273175000034, 68.131945053000038 ], [ 13.437363205000054, 68.115691201000061 ], [ 13.382500128000061, 68.028609094000046 ], [ 13.340554067000028, 68.013882258000081 ], [ 13.261663258000056, 67.989991152000073 ], [ 13.251109101000054, 67.987209198000073 ], [ 13.23916321300004, 67.985273146000054 ] ] ], [ [ [ 8.39110912700005, 63.15916321800006 ], [ 8.377218134000032, 63.15916321800006 ], [ 8.359300140000073, 63.161800165000045 ], [ 8.348054140000045, 63.167218059000049 ], [ 8.269027210000047, 63.229445141000042 ], [ 8.269163332000062, 63.263327141000048 ], [ 8.425282146000029, 63.28443612600006 ], [ 8.437500111000077, 63.283882250000033 ], [ 8.451391272000023, 63.276663252000048 ], [ 8.557782266000061, 63.21443600200007 ], [ 8.572218083000053, 63.200554062000037 ], [ 8.575418126000045, 63.185963180000044 ], [ 8.567500245000076, 63.176663291000068 ], [ 8.552500158000043, 63.171109106000074 ], [ 8.523609079000039, 63.16389111400008 ], [ 8.487782143000061, 63.16027315000008 ], [ 8.39110912700005, 63.15916321800006 ] ] ], [ [ [ 5.609163334000073, 62.185273238000036 ], [ 5.551663311000027, 62.185827114000062 ], [ 5.535691259000032, 62.18888215000004 ], [ 5.505836093000028, 62.221800064000035 ], [ 5.516945132000046, 62.246382174000075 ], [ 5.545691205000026, 62.279991091000056 ], [ 5.565000092000048, 62.288327062000064 ], [ 5.576945142000056, 62.289445040000032 ], [ 5.68694504900003, 62.294163213000047 ], [ 5.701663336000024, 62.29388225200006 ], [ 5.808609212000022, 62.27069120200008 ], [ 5.792154027000038, 62.213191178000045 ], [ 5.77333615200007, 62.202773143000059 ], [ 5.755282203000036, 62.197773170000062 ], [ 5.744718155000044, 62.195827060000056 ], [ 5.698336055000027, 62.190554005000081 ], [ 5.647782283000026, 62.187491090000037 ], [ 5.609163334000073, 62.185273238000036 ] ] ], [ [ [ 5.827218211000059, 62.239718058000051 ], [ 5.851391117000048, 62.276527018000081 ], [ 5.835691141000041, 62.330554084000028 ], [ 5.802573236000057, 62.339791109000032 ], [ 5.804027161000022, 62.363891092000074 ], [ 5.828054054000063, 62.391391111000075 ], [ 5.845973222000055, 62.407491238000034 ], [ 5.864718175000064, 62.416109176000077 ], [ 5.892218194000066, 62.423882218000074 ], [ 5.913609146000056, 62.427500182000074 ], [ 5.926945089000071, 62.428054058000043 ], [ 5.937218117000043, 62.426936080000075 ], [ 5.957782279000071, 62.422491157000081 ], [ 5.974718082000038, 62.413191100000063 ], [ 6.02666325000007, 62.352773168000056 ], [ 6.023891187000061, 62.327218087000062 ], [ 5.94221809000004, 62.282218163000039 ], [ 5.928336150000064, 62.274718036000081 ], [ 5.900282255000036, 62.260273167000037 ], [ 5.866245023000033, 62.245136120000041 ], [ 5.840554154000074, 62.240000193000071 ], [ 5.827218211000059, 62.239718058000051 ] ] ], [ [ [ 18.708609189000072, 69.990263283000047 ], [ 18.688054081000075, 69.994573258000059 ], [ 18.680827204000025, 70.003327150000075 ], [ 18.658882208000023, 70.043882150000059 ], [ 18.712363276000076, 70.128191188000073 ], [ 18.728054031000056, 70.132491105000042 ], [ 18.743609167000045, 70.131100212000035 ], [ 18.753327146000061, 70.127491132000046 ], [ 18.785000179000065, 70.11137323500003 ], [ 18.797218144000055, 70.102491100000066 ], [ 18.940691181000034, 70.118882247000045 ], [ 19.000418108000076, 70.08651804200008 ], [ 18.99708227900004, 70.075136088000079 ], [ 18.970554058000062, 70.057218094000064 ], [ 18.958336093000071, 70.054991190000067 ], [ 18.943336174000024, 70.054154005000044 ], [ 18.908882193000068, 70.054991190000067 ], [ 18.880000167000048, 70.052491203000045 ], [ 18.839163199000041, 70.047482178000052 ], [ 18.828609209000035, 70.04415405900005 ], [ 18.789163302000077, 70.024300180000068 ], [ 18.768609199000025, 70.007763188000069 ], [ 18.746391121000045, 69.996936116000029 ], [ 18.73555415800007, 69.99360917100006 ], [ 18.708609189000072, 69.990263283000047 ] ] ], [ [ [ 16.521382227000061, 68.879436139000063 ], [ 16.508054163000054, 68.879991189000066 ], [ 16.491663351000057, 68.881945010000038 ], [ 16.418891165000048, 68.89360021400006 ], [ 16.376109093000025, 68.906663243000082 ], [ 16.267636201000073, 68.95943604100006 ], [ 16.263054150000073, 68.969991204000053 ], [ 16.284445102000063, 68.984718040000075 ], [ 16.298336095000025, 68.990263172000084 ], [ 16.312773253000046, 68.991382156000043 ], [ 16.330000243000029, 68.99082710600004 ], [ 16.548609164000027, 68.967773185000055 ], [ 16.562773239000023, 68.965273198000034 ], [ 16.572500102000049, 68.961654060000058 ], [ 16.598054011000045, 68.947627113000067 ], [ 16.607218113000044, 68.935273193000057 ], [ 16.589027204000047, 68.889991135000059 ], [ 16.562773239000023, 68.883327019000035 ], [ 16.537218157000041, 68.879718106000041 ], [ 16.521382227000061, 68.879436139000063 ] ] ], [ [ [ 11.128891175000035, 64.829436133000058 ], [ 11.062773213000071, 64.848327098000027 ], [ 10.951391131000037, 64.869718051000063 ], [ 10.906109240000035, 64.854718132000073 ], [ 10.895836044000021, 64.852491228000076 ], [ 10.839445114000057, 64.843600208000055 ], [ 10.824863285000049, 64.847491087000037 ], [ 10.841391224000063, 64.85665401600005 ], [ 10.909445070000061, 64.883045109000079 ], [ 11.11097318000003, 64.949991202000035 ], [ 11.263400101000059, 64.887773173000028 ], [ 11.217363336000062, 64.857354073000067 ], [ 11.186109231000046, 64.845827112000052 ], [ 11.140836057000058, 64.831100108000044 ], [ 11.128891175000035, 64.829436133000058 ] ] ], [ [ [ 16.825273157000026, 68.719709083000055 ], [ 16.813327101000027, 68.725545067000041 ], [ 16.839445111000032, 68.765545018000068 ], [ 16.970836138000038, 68.844163246000051 ], [ 16.987782167000034, 68.852763247000041 ], [ 17.000554008000051, 68.854427055000031 ], [ 17.013054108000063, 68.852763247000041 ], [ 17.144654011000057, 68.768463261000079 ], [ 17.116391240000041, 68.752491209000084 ], [ 17.095273202000044, 68.746382143000062 ], [ 17.082500187000051, 68.744718168000077 ], [ 17.030000137000059, 68.74750012100003 ], [ 17.014445168000066, 68.74750012100003 ], [ 16.95916333200006, 68.742763172000082 ], [ 16.933891223000046, 68.739163313000063 ], [ 16.825273157000026, 68.719709083000055 ] ] ], [ [ [ 19.141391159000023, 70.119427070000029 ], [ 19.038609245000032, 70.162973237000074 ], [ 19.135273208000058, 70.246109144000059 ], [ 19.202218128000027, 70.257218183000077 ], [ 19.218891242000041, 70.257218183000077 ], [ 19.233609193000063, 70.254436062000082 ], [ 19.248054062000051, 70.246109144000059 ], [ 19.259445069000037, 70.17500009400004 ], [ 19.235282221000034, 70.13651810600004 ], [ 19.223327113000039, 70.129163154000082 ], [ 19.212500208000051, 70.125827156000071 ], [ 19.185273272000074, 70.122500211000045 ], [ 19.141391159000023, 70.119427070000029 ] ] ], [ [ [ 20.872218127000053, 69.935545046000072 ], [ 20.839163254000027, 69.935818128000051 ], [ 20.82389125900005, 69.937482104000082 ], [ 20.800000152000052, 69.946109094000064 ], [ 20.772782269000061, 69.970827158000077 ], [ 20.758745095000052, 69.987491220000038 ], [ 20.759582280000075, 69.998882227000081 ], [ 20.777500107000037, 70.021654014000035 ], [ 20.794027208000045, 70.036373139000034 ], [ 20.807782247000034, 70.042773225000076 ], [ 20.821391272000028, 70.04415405900005 ], [ 20.838054161000059, 70.04415405900005 ], [ 20.892563353000071, 70.030818116000034 ], [ 20.947500191000074, 70.001836009000044 ], [ 21.043473318000053, 70.005463194000072 ], [ 21.100273285000071, 70.007073190000028 ], [ 20.952773246000049, 69.945544991000077 ], [ 20.928336143000024, 69.940827153000043 ], [ 20.887218214000029, 69.936100095000029 ], [ 20.872218127000053, 69.935545046000072 ] ] ], [ [ [ 11.900554161000059, 65.583054055000048 ], [ 11.899718150000069, 65.598045089000038 ], [ 11.863054029000068, 65.611663167000074 ], [ 11.804163280000068, 65.609163181000042 ], [ 11.791391271000066, 65.603882246000069 ], [ 11.778327069000056, 65.604718090000063 ], [ 11.761182222000059, 65.61319118800003 ], [ 11.769718184000055, 65.634991177000074 ], [ 11.778609204000077, 65.646382184000061 ], [ 11.792500197000038, 65.663054124000041 ], [ 11.802773225000067, 65.673600067000052 ], [ 11.814718108000022, 65.683318046000068 ], [ 11.830554038000059, 65.690827058000082 ], [ 11.894445095000037, 65.704436083000076 ], [ 11.908054121000077, 65.704991133000078 ], [ 11.997218125000074, 65.696663209000064 ], [ 12.006736111000066, 65.677418192000061 ], [ 11.974163197000053, 65.626936 ], [ 11.900554161000059, 65.583054055000048 ] ] ], [ [ [ 14.164445027000056, 66.997773135000045 ], [ 14.149582237000061, 67.026245119000066 ], [ 14.125973265000027, 67.049427116000061 ], [ 14.089718181000023, 67.066373145000057 ], [ 14.080273285000033, 67.069718195000064 ], [ 14.063054006000073, 67.070827121000036 ], [ 14.035554155000057, 67.069154093000066 ], [ 14.019445143000041, 67.069718195000064 ], [ 13.99930024400004, 67.072345083000073 ], [ 13.994163311000023, 67.081100149000065 ], [ 14.058609083000022, 67.117218105000063 ], [ 14.208054058000073, 67.137773214000049 ], [ 14.257773161000046, 67.133045150000044 ], [ 14.204300139000054, 67.005000179000035 ], [ 14.191945046000058, 66.99943610400004 ], [ 14.178891237000073, 66.998045044000037 ], [ 14.164445027000056, 66.997773135000045 ] ] ], [ [ [ 4.80471822100003, 61.044445083000028 ], [ 4.79590012400007, 61.055336025000031 ], [ 4.789582181000071, 61.14916321700008 ], [ 4.850000112000032, 61.179991187000041 ], [ 4.927782162000028, 61.189991133000035 ], [ 4.942363321000073, 61.186663182000075 ], [ 4.960973158000058, 61.173609206000037 ], [ 4.986391112000035, 61.109436014000039 ], [ 4.980000246000031, 61.093609136000055 ], [ 4.968054022000047, 61.085545075000027 ], [ 4.953609153000059, 61.078891185000032 ], [ 4.910000122000042, 61.06555406800004 ], [ 4.875000144000069, 61.087773152000068 ], [ 4.86750018500004, 61.094444980000048 ], [ 4.852500099000054, 61.093054087000041 ], [ 4.81624501500005, 61.068882187000042 ], [ 4.80471822100003, 61.044445083000028 ] ] ], [ [ [ 8.005282244000057, 63.140827134000062 ], [ 7.979163228000061, 63.14110910100004 ], [ 7.927363233000051, 63.169163164000054 ], [ 7.935136108000052, 63.178609066000035 ], [ 8.047782181000059, 63.227773119000062 ], [ 8.06277321500005, 63.233609103000049 ], [ 8.073609172000033, 63.235273246000077 ], [ 8.086109104000059, 63.236109089000081 ], [ 8.09832706900005, 63.235836007000046 ], [ 8.111945147000029, 63.234445114000039 ], [ 8.122218175000057, 63.232218042000056 ], [ 8.141945152000062, 63.221663215000035 ], [ 8.171245101000068, 63.192636013000083 ], [ 8.185973278000063, 63.155418184000041 ], [ 8.176663330000054, 63.150553998000078 ], [ 8.136109168000075, 63.146663286000035 ], [ 8.086663315000067, 63.142773245000058 ], [ 8.060273228000028, 63.141663145000052 ], [ 8.005282244000057, 63.140827134000062 ] ] ], [ [ [ 20.604445154000075, 69.796100184000068 ], [ 20.573327171000074, 69.798327088000065 ], [ 20.563473238000029, 69.810409098000036 ], [ 20.557845125000028, 69.852763190000076 ], [ 20.590000117000045, 69.890827089000084 ], [ 20.601391124000031, 69.898609183000076 ], [ 20.611109102000057, 69.902773145000083 ], [ 20.623336120000033, 69.905000217000065 ], [ 20.737845155000059, 69.903536066000072 ], [ 20.732218216000035, 69.820273257000053 ], [ 20.717218129000059, 69.815554078000048 ], [ 20.680273215000057, 69.808609168000032 ], [ 20.604445154000075, 69.796100184000068 ] ] ], [ [ [ 5.159163259000024, 60.576945103000071 ], [ 5.14805405200002, 60.577218185000049 ], [ 5.07221811200003, 60.595554101000062 ], [ 5.062500134000061, 60.598327170000061 ], [ 5.007782232000068, 60.619991205000076 ], [ 4.994163315000037, 60.626936115000035 ], [ 4.916945032000058, 60.671663291000073 ], [ 4.906109075000074, 60.67999121500003 ], [ 4.876945081000031, 60.706663269000046 ], [ 4.857363279000026, 60.734436035000044 ], [ 4.871663309000041, 60.734991084000058 ], [ 4.951109167000027, 60.72138222600006 ], [ 4.983473204000063, 60.712918181000077 ], [ 5.129718136000065, 60.615827075000027 ], [ 5.140273299000057, 60.606945108000048 ], [ 5.157082200000048, 60.584445062000043 ], [ 5.159163259000024, 60.576945103000071 ] ] ], [ [ [ 10.739718068000059, 64.849445077000041 ], [ 10.730836100000033, 64.863745106000067 ], [ 10.745554052000045, 64.900827149000065 ], [ 10.753336146000038, 64.908327108000037 ], [ 10.777773250000052, 64.918882104000033 ], [ 10.794163223000055, 64.919582160000061 ], [ 10.866945133000058, 64.927491157000077 ], [ 10.970273212000052, 64.950545078000061 ], [ 11.000273217000029, 64.957763238000041 ], [ 11.02055407000006, 64.965273256000046 ], [ 11.027545080000039, 64.981845117000034 ], [ 11.04194502200005, 64.987782186000061 ], [ 11.055000172000064, 64.986936117000027 ], [ 11.092782271000033, 64.98220905900007 ], [ 11.107082133000063, 64.977491221000037 ], [ 11.113336039000046, 64.968463241000052 ], [ 10.815554008000049, 64.863600099000053 ], [ 10.763609174000067, 64.852491228000076 ], [ 10.739718068000059, 64.849445077000041 ] ] ], [ [ [ 6.677782231000037, 62.653609062000044 ], [ 6.66750015100007, 62.656109048000076 ], [ 6.650000246000047, 62.678191172000083 ], [ 6.677218129000039, 62.721936157000073 ], [ 6.689582275000021, 62.730273134000072 ], [ 6.705836126000065, 62.732773120000047 ], [ 6.875836043000049, 62.743609077000031 ], [ 6.892773187000046, 62.740691169000058 ], [ 6.901663201000076, 62.734445142000027 ], [ 6.919863330000055, 62.705963267000072 ], [ 6.911391238000022, 62.694163224000079 ], [ 6.892782239000041, 62.689163251000082 ], [ 6.860554157000024, 62.683882149000056 ], [ 6.790282124000043, 62.676109108000048 ], [ 6.747218085000043, 62.669163192000042 ], [ 6.736663257000032, 62.667218088000027 ], [ 6.677782231000037, 62.653609062000044 ] ] ], [ [ [ 15.143609236000032, 67.898327161000054 ], [ 15.011109116000057, 67.904163313000083 ], [ 14.976663350000024, 67.905818068000031 ], [ 14.960836137000058, 67.907773231000078 ], [ 14.934863301000064, 67.925473128000078 ], [ 14.963336123000033, 67.951936138000065 ], [ 15.038327167000034, 67.958054089000029 ], [ 15.090000260000068, 67.95360011300005 ], [ 15.301109220000058, 67.919018057000073 ], [ 15.266391210000052, 67.90971816800004 ], [ 15.227773267000032, 67.903318082000055 ], [ 15.202218185000049, 67.900273272000049 ], [ 15.143609236000032, 67.898327161000054 ] ] ], [ [ [ 15.613891170000045, 67.975553994000052 ], [ 15.515554011000063, 67.980000091000079 ], [ 15.50263615700004, 67.989509192000071 ], [ 15.518327080000063, 68.003054013000053 ], [ 15.528891128000055, 68.005827081000064 ], [ 15.55500025300006, 68.008609203000049 ], [ 15.608054013000071, 68.013882258000081 ], [ 15.621663206000051, 68.015000069000052 ], [ 15.651945178000062, 68.015545060000079 ], [ 15.711663221000038, 68.015273151000031 ], [ 15.743327201000056, 68.015000069000052 ], [ 15.851109089000033, 68.013609176000045 ], [ 15.864718115000073, 68.011382104000063 ], [ 15.89916321000004, 68.002491084000042 ], [ 15.921800216000065, 67.989018180000073 ], [ 15.903327172000047, 67.978882112000065 ], [ 15.862218128000052, 67.97582707600003 ], [ 15.671391194000023, 67.978336115000047 ], [ 15.613891170000045, 67.975553994000052 ] ] ], [ [ [ 5.13860915600003, 60.39610906200005 ], [ 5.111945148000075, 60.415836038000066 ], [ 5.020836040000063, 60.492218143000059 ], [ 5.000836148000076, 60.531109168000057 ], [ 5.086391240000069, 60.513327128000071 ], [ 5.156391196000072, 60.492218143000059 ], [ 5.176109120000035, 60.484582229000068 ], [ 5.190000113000053, 60.474444988000073 ], [ 5.20041814800004, 60.462491220000061 ], [ 5.207918108000058, 60.420136122000031 ], [ 5.19528222100007, 60.40888224400004 ], [ 5.13860915600003, 60.39610906200005 ] ] ], [ [ [ 21.750273282000023, 70.260273219000055 ], [ 21.73221815900007, 70.261382145000084 ], [ 21.714163205000034, 70.269718115000046 ], [ 21.697218182000029, 70.288609081000061 ], [ 21.691109115000074, 70.298327060000076 ], [ 21.684163200000057, 70.319154077000064 ], [ 21.686391277000041, 70.335827024000082 ], [ 21.702082200000063, 70.384300073000077 ], [ 21.720273277000047, 70.388045107000039 ], [ 21.735836124000059, 70.386654047000036 ], [ 21.747773295000059, 70.383327102000067 ], [ 21.831945038000072, 70.354154055000038 ], [ 21.841391275000035, 70.350263176000055 ], [ 21.843054077000033, 70.33693611700005 ], [ 21.829718134000075, 70.320827105000035 ], [ 21.776391125000032, 70.269436148000068 ], [ 21.750273282000023, 70.260273219000055 ] ] ], [ [ [ 19.581663197000069, 70.098054055000034 ], [ 19.53194510000003, 70.098327138000059 ], [ 19.501945095000053, 70.102218185000083 ], [ 19.364163203000032, 70.123045035000075 ], [ 19.352082198000062, 70.129018147000068 ], [ 19.355691278000052, 70.140409153000064 ], [ 19.365554096000039, 70.149153993000084 ], [ 19.396945162000065, 70.173882116000073 ], [ 19.413327089000063, 70.178600122000034 ], [ 19.431391263000023, 70.177763273000039 ], [ 19.443336146000036, 70.174709075000067 ], [ 19.59471817900004, 70.130827129000068 ], [ 19.607773161000068, 70.124854017000075 ], [ 19.617218225000045, 70.115691089000052 ], [ 19.61152708000003, 70.104436037000028 ], [ 19.581663197000069, 70.098054055000034 ] ] ], [ [ [ 7.778336180000053, 63.017491117000077 ], [ 7.759445046000053, 63.023045133000039 ], [ 7.70750021300006, 63.041382223000028 ], [ 7.686800097000059, 63.049300104000054 ], [ 7.679445145000045, 63.05610905900005 ], [ 7.711809182000025, 63.086109064000027 ], [ 7.72610921100005, 63.089718144000074 ], [ 7.820000106000066, 63.094163235000053 ], [ 7.846109231000071, 63.095273167000073 ], [ 7.902082240000027, 63.088191129000052 ], [ 7.914718127000071, 63.076382201000058 ], [ 7.902218194000056, 63.056663271000048 ], [ 7.888609169000063, 63.048882182000057 ], [ 7.838336190000064, 63.030545093000057 ], [ 7.809718193000037, 63.023327101000064 ], [ 7.778336180000053, 63.017491117000077 ] ] ], [ [ [ 24.768891164000024, 71.022218059000068 ], [ 24.73750026600004, 71.028044991000058 ], [ 24.667773225000076, 71.043882262000068 ], [ 24.651527085000055, 71.049427058000049 ], [ 24.640000124000039, 71.058327131000055 ], [ 24.644582175000039, 71.069709085000056 ], [ 24.726391227000079, 71.099991225000053 ], [ 24.738609192000069, 71.103045087000055 ], [ 24.753327143000035, 71.104427095000062 ], [ 24.770554133000076, 71.103882104000036 ], [ 24.851109252000072, 71.091645028000073 ], [ 24.847500172000025, 71.073863156000073 ], [ 24.811245088000078, 71.030409190000057 ], [ 24.799445045000027, 71.023882202000038 ], [ 24.768891164000024, 71.022218059000068 ] ] ], [ [ [ 8.562773187000062, 63.319163189000051 ], [ 8.51194515800006, 63.319163189000051 ], [ 8.498054165000042, 63.319163189000051 ], [ 8.470836114000065, 63.321391099000039 ], [ 8.435345124000037, 63.33381810800006 ], [ 8.488473147000036, 63.373327047000032 ], [ 8.50833607800007, 63.381663185000036 ], [ 8.529163264000033, 63.385554065000065 ], [ 8.541945163000037, 63.386382197000046 ], [ 8.591945060000057, 63.382500202000074 ], [ 8.620282263000036, 63.377082140000027 ], [ 8.672709223000027, 63.350273126000047 ], [ 8.668336049000061, 63.334854112000073 ], [ 8.646109086000024, 63.327773248000028 ], [ 8.635000214000058, 63.326109104000068 ], [ 8.562773187000062, 63.319163189000051 ] ] ], [ [ [ 6.228336032000072, 62.390273133000051 ], [ 6.21360919600005, 62.390545042000042 ], [ 6.148053996000044, 62.390545042000042 ], [ 6.119718134000038, 62.390545042000042 ], [ 6.096391130000029, 62.39388221300004 ], [ 6.077500164000071, 62.399163147000081 ], [ 6.060273173000041, 62.405000137000059 ], [ 6.025136068000052, 62.43305403100004 ], [ 6.177500125000051, 62.442500101000064 ], [ 6.189163208000025, 62.442218134000029 ], [ 6.318054080000024, 62.419718088000081 ], [ 6.330345135000073, 62.410553986000082 ], [ 6.308336102000055, 62.399991111000077 ], [ 6.286945149000076, 62.396382199000072 ], [ 6.253891114000055, 62.391663188000052 ], [ 6.228336032000072, 62.390273133000051 ] ] ], [ [ [ 5.172500208000031, 60.505827169000042 ], [ 5.101663235000046, 60.533054105000076 ], [ 5.077218085000027, 60.541663158000063 ], [ 5.029718175000028, 60.546663298000055 ], [ 4.98721807000004, 60.561100121000038 ], [ 4.92750019500005, 60.602909054000065 ], [ 5.010836094000069, 60.600554074000058 ], [ 5.021945133000031, 60.599163181000051 ], [ 5.108473197000023, 60.582218158000046 ], [ 5.121663295000076, 60.578045144000043 ], [ 5.163609188000066, 60.557491208000044 ], [ 5.186527155000022, 60.544853981000074 ], [ 5.198054116000037, 60.530000075000032 ], [ 5.196109180000064, 60.511245063000047 ], [ 5.185273223000024, 60.506100083000035 ], [ 5.172500208000031, 60.505827169000042 ] ] ], [ [ [ 17.372773207000023, 68.984709155000075 ], [ 17.356318190000025, 68.993463215000077 ], [ 17.35277314700005, 69.024154056000043 ], [ 17.360273274000065, 69.036100112000042 ], [ 17.388882219000038, 69.05638213900005 ], [ 17.41458214000005, 69.073600077000037 ], [ 17.562636055000041, 69.092354082000043 ], [ 17.526391196000077, 69.049991105000061 ], [ 17.442773162000037, 69.008327179000048 ], [ 17.416945166000062, 68.995818194000037 ], [ 17.372773207000023, 68.984709155000075 ] ] ], [ [ [ 14.188327081000068, 68.238600077000058 ], [ 14.170554094000067, 68.241382198000053 ], [ 14.16110919700003, 68.244718196000065 ], [ 14.052363224000032, 68.289300198000035 ], [ 14.049027058000036, 68.300273115000039 ], [ 14.068891163000046, 68.320263283000031 ], [ 14.11471821300006, 68.321654009000042 ], [ 14.132773168000028, 68.320263283000031 ], [ 14.214163292000023, 68.301100073000043 ], [ 14.229163211000071, 68.293045064000069 ], [ 14.239445124000042, 68.281109067000045 ], [ 14.242636114000049, 68.266109148000055 ], [ 14.218054004000066, 68.244163314000048 ], [ 14.203609135000022, 68.239163173000065 ], [ 14.188327081000068, 68.238600077000058 ] ] ], [ [ [ 18.920809139000028, 69.623873195000044 ], [ 18.933754150000027, 69.68598226000006 ], [ 19.025882163000063, 69.707209094000063 ], [ 18.956009109000036, 69.639918170000044 ], [ 18.920809139000028, 69.623873195000044 ] ] ] ] }
        }
    ]
}