{
    "type": "FeatureCollection",
    "features": [
        {
            "type": "Feature",
            "properties": {
                "WCID": "USR",
                "COUNTRY": "USSR"
            },
            "geometry": { "type": "MultiPolygon", "coordinates": [ [ [ [ 143.138865503874996, 52.856246553376955 ], [ 143.143290552703121, 52.511237703279299 ], [ 143.033412012664058, 52.312186799958987 ], [ 142.944880518523433, 51.961112581208987 ], [ 142.943919214812496, 51.617305360750002 ], [ 143.074183497039058, 51.267627321199221 ], [ 143.340708765593746, 50.885776124910159 ], [ 143.633143457976558, 50.234977327302737 ], [ 144.038203272429683, 49.508838258699221 ], [ 144.539881739226558, 48.753322206453127 ], [ 143.972941431609371, 49.058078371003909 ], [ 143.598353418914058, 49.233619295076174 ], [ 143.152827295867183, 49.258872590974612 ], [ 143.032572779265621, 49.219466768220705 ], [ 142.853999170867183, 49.127696596101565 ], [ 142.646143946257808, 48.657523714021487 ], [ 142.526621851531246, 48.16206320376758 ], [ 142.489909205046871, 47.901603303865237 ], [ 142.614634546843746, 47.459598146394534 ], [ 142.696955713835933, 47.362262330964846 ], [ 142.993327173796871, 46.953662477449221 ], [ 143.236475977507808, 46.86326178164844 ], [ 143.444804224578121, 46.571742616609377 ], [ 143.303416285124996, 46.011199556306643 ], [ 143.004298243132808, 46.577350221589846 ], [ 142.614771875945308, 46.71281012149219 ], [ 142.513789209929683, 46.699622713044924 ], [ 142.327342066374996, 46.563056550935549 ], [ 142.187663111296871, 46.322913728669924 ], [ 141.898341211882808, 45.914783082917971 ], [ 141.708384546843746, 46.139793001130862 ], [ 141.622828516570308, 46.558040224031252 ], [ 141.909388575164058, 47.073432527498049 ], [ 141.731806788054683, 47.471191011384768 ], [ 141.810648951140621, 47.675616823152346 ], [ 142.036463770476558, 47.959281526521487 ], [ 141.977519068328121, 48.284747682527346 ], [ 141.889170679656246, 48.453971467927737 ], [ 141.767817530242183, 48.701469026521487 ], [ 141.739588770476558, 48.807288728669924 ], [ 141.921351465789058, 48.943133912996096 ], [ 142.049113306609371, 49.354709230378909 ], [ 142.082819971648433, 49.70768316836719 ], [ 142.085078272429683, 50.304267488435549 ], [ 142.152873072234371, 50.890044771150393 ], [ 142.112391504851558, 51.219592653230471 ], [ 142.016581568328121, 51.430591188386721 ], [ 141.643214258757808, 51.813087068513674 ], [ 141.598170313445308, 52.216674409822268 ], [ 141.649653467742183, 52.302901826814455 ], [ 141.811457666960933, 52.628043733552737 ], [ 141.840998682585933, 52.960021577791018 ], [ 141.689646753874996, 53.165721498445315 ], [ 141.767039332, 53.272265993074221 ], [ 141.935221705046871, 53.285892091707034 ], [ 142.214121851531246, 53.299705110505862 ], [ 142.674860987273433, 53.540172182039065 ], [ 142.863886866179683, 53.340869508699221 ], [ 143.056910547820308, 53.061984621003909 ], [ 143.138865503874996, 52.856246553376955 ] ] ], [ [ [ 49.115881952849605, 41.431689821199221 ], [ 49.243529352751949, 41.293403230623049 ], [ 49.28607848605273, 41.059382997468752 ], [ 49.349902186003902, 40.953010164216799 ], [ 49.477549585906246, 40.836001954988284 ], [ 49.60519698580859, 40.761539064363284 ], [ 49.60519698580859, 40.687076173738284 ], [ 49.807303461638668, 40.58070334048633 ], [ 50.02005294283984, 40.601977907136721 ], [ 50.190249476042965, 40.570067964509768 ], [ 50.317896875945308, 40.495605073884768 ], [ 50.424269709197262, 40.410506807283205 ], [ 50.466818842498043, 40.325408540681643 ], [ 50.466818842498043, 40.261584840730471 ], [ 50.30725768527148, 40.325408540681643 ], [ 50.126425776091793, 40.346683107332034 ], [ 50.030688318816402, 40.346683107332034 ], [ 49.913680109587887, 40.325408540681643 ], [ 49.849856409636715, 40.272224031404299 ], [ 49.669020685759762, 40.24031027408008 ], [ 49.573283228484371, 40.176486574128909 ], [ 49.55200866183398, 40.091388307527346 ], [ 49.541373285857418, 39.87864264102344 ], [ 49.488184961882808, 39.761630617097659 ], [ 49.445635828582027, 39.655257783845705 ], [ 49.403086695281246, 39.48506125064258 ], [ 49.498824152556637, 39.378688417390627 ], [ 49.488184961882808, 39.293590150789065 ], [ 49.381812128630855, 39.325500093416018 ], [ 49.339262995330074, 39.282950960115237 ], [ 49.307353052703121, 39.134028993562502 ], [ 49.275439295378902, 39.017020784333987 ], [ 49.222254786101558, 39.038295350984377 ], [ 49.179705652800777, 39.14466818423633 ], [ 49.115881952849605, 39.187217317537112 ], [ 49.041419062224605, 39.14466818423633 ], [ 49.020144495574215, 39.006381593660159 ], [ 49.052058252898433, 38.931922517732424 ], [ 48.998869928923824, 38.878734193757815 ], [ 48.945681604949215, 38.836185060457034 ], [ 48.988230738249996, 38.719176851228518 ], [ 48.824954065886715, 38.309577547029299 ], [ 48.501048121062496, 38.452010713533205 ], [ 48.380415949431637, 38.444751344636721 ], [ 48.220225367156246, 38.63969000430469 ], [ 48.051756891814449, 38.687110506013674 ], [ 47.99317077120898, 38.850463472322268 ], [ 48.232863459197262, 38.971675477937502 ], [ 48.275473627654293, 39.071803651765627 ], [ 48.08212569674609, 39.150863252595705 ], [ 48.069750818816402, 39.235190950349612 ], [ 48.35318282565234, 39.293178163484377 ], [ 48.39548018893359, 39.363002382234377 ], [ 48.368262323943355, 39.413867555574221 ], [ 48.148745569792965, 39.508300386384768 ], [ 47.990996393767574, 39.634982667878909 ], [ 47.853774103728512, 39.709655366853518 ], [ 47.648604425994137, 39.604205690339846 ], [ 47.172472986785152, 39.38279303164844 ], [ 47.004351648894527, 39.182494722322268 ], [ 46.71552184542773, 39.09815939517383 ], [ 46.601050409880855, 38.983321748689455 ], [ 46.454062494841793, 38.835860811189455 ], [ 46.28439620455859, 38.822452150300784 ], [ 46.280539545623043, 38.822146974519534 ], [ 46.166674646941402, 38.882079683259768 ], [ 45.979506525603512, 38.865104280427737 ], [ 45.749243769255855, 38.876578889802737 ], [ 45.559458765593746, 38.932906709626955 ], [ 45.408782038298824, 39.027701936677737 ], [ 45.276450190154293, 39.20884283633594 ], [ 45.028735193816402, 39.308993898347659 ], [ 44.902117762175777, 39.496772371248049 ], [ 44.78302672824023, 39.668307863191409 ], [ 44.669585260955074, 39.756988130525393 ], [ 44.448081049529293, 39.959891878083987 ], [ 43.812392267791012, 40.013881288484377 ], [ 43.684531244841793, 40.109115205720705 ], [ 43.669718775359371, 40.294551454500002 ], [ 43.85885909518359, 40.660392366365237 ], [ 43.847270044890621, 40.749965272859377 ], [ 43.489268335906246, 41.074729524568362 ], [ 43.475337061492183, 41.087367616609377 ], [ 42.87842467745898, 41.545505128816409 ], [ 42.693778071013668, 41.563716493562502 ], [ 42.351519617644527, 41.401580415681643 ], [ 42.250109705535152, 41.368968568757815 ], [ 42.029036554900387, 41.399810396150393 ], [ 41.483962092009762, 41.436542116121096 ], [ 41.521113428679683, 41.46583517642383 ], [ 41.666113886443355, 41.729152284578127 ], [ 41.680468592253902, 41.793338380769534 ], [ 41.651835474578121, 42.120643220857424 ], [ 41.502722773162105, 42.608478151277346 ], [ 41.409743342009762, 42.788241945222659 ], [ 41.122553858367183, 43.019088350251955 ], [ 40.969336542693355, 43.076659761384768 ], [ 40.557093653289058, 43.14658697696094 ], [ 40.251616510955074, 43.268184267 ], [ 40.098063501921871, 43.377551637605471 ], [ 39.458689722624996, 43.832931123689455 ], [ 38.92371276339648, 44.211860261873049 ], [ 38.556090387908199, 44.385097108796877 ], [ 38.277003321257808, 44.423205934480471 ], [ 38.109183344451168, 44.493774019197268 ], [ 37.880373987761715, 44.71894796939258 ], [ 37.774050745574215, 44.744540773347659 ], [ 37.621745142546871, 44.673308931306643 ], [ 37.473891291228512, 44.692359529451174 ], [ 37.31793883761523, 44.92420919986133 ], [ 36.959868464080074, 45.227355562166018 ], [ 37.227747950164058, 45.312018953279299 ], [ 37.46097091158984, 45.312476716951174 ], [ 37.661265406218746, 45.345233522371096 ], [ 37.706095728484371, 45.578403078035159 ], [ 37.867877039519527, 45.792514406160159 ], [ 37.989943537322262, 46.006660066560549 ], [ 38.227152857390621, 46.020091615632815 ], [ 38.458979639617183, 46.078914247468752 ], [ 38.264914545623043, 46.31855734439258 ], [ 37.970171961394527, 46.441283784822268 ], [ 37.757098230925777, 46.60319098086719 ], [ 37.866599115935543, 46.655356965974612 ], [ 38.031863245574215, 46.66868170352344 ], [ 38.401091608611324, 46.721351228669924 ], [ 38.722739252654293, 46.877921663240237 ], [ 39.282359156218746, 47.074031434968752 ], [ 39.194094690886715, 47.242950044587893 ], [ 39.159853968230465, 47.268893800691409 ], [ 38.800246271697262, 47.22916754336719 ], [ 38.209727320281246, 47.150458894685549 ], [ 37.859252009001949, 47.103744111970705 ], [ 37.422144922820308, 47.076881013826174 ], [ 37.19263366183398, 46.894420228914065 ], [ 36.864558252898433, 46.809291444734377 ], [ 36.353968653289058, 46.77579840274219 ], [ 35.85055831393359, 46.664390169099612 ], [ 35.624331507292965, 46.521060548738284 ], [ 35.416102442351558, 46.494689546541018 ], [ 35.21237472018359, 46.637141786531252 ], [ 35.046366724578121, 46.357650361970705 ], [ 34.906809839812496, 46.273021303132815 ], [ 34.692347559539058, 46.25312765689258 ], [ 34.495654139128902, 46.27870138736133 ], [ 34.06421569308398, 46.26487310977344 ], [ 33.83908370455859, 46.193053804353518 ], [ 34.127257380095699, 46.063899599031252 ], [ 35.008051905242183, 45.611945711091799 ], [ 35.031897577849605, 45.534274660066409 ], [ 34.990012201873043, 45.450015626863284 ], [ 35.063418421355465, 45.340098939851565 ], [ 35.316676172820308, 45.32118185611133 ], [ 35.546217951384762, 45.379893861726565 ], [ 35.84976485690234, 45.445228181794924 ], [ 36.323164972869137, 45.439696870759768 ], [ 36.521048578826168, 45.38828619571094 ], [ 36.41513350924609, 45.271571718171877 ], [ 36.367114100066402, 45.161483369783205 ], [ 36.264754328337887, 45.096587739900393 ], [ 36.004698786345699, 45.044334016755862 ], [ 35.865454706755855, 45.031119905427737 ], [ 35.59955504855273, 45.101741395906252 ], [ 35.386660608855465, 45.08192404361133 ], [ 35.067320856658199, 44.861724458650393 ], [ 34.614161524382808, 44.841468416169924 ], [ 34.372241053191402, 44.757175050691409 ], [ 34.13495543917773, 44.537498079255862 ], [ 34.013724360076168, 44.492122255281252 ], [ 33.660155329314449, 44.523658357576174 ], [ 33.395495447722652, 44.600490175203127 ], [ 33.559378656951168, 44.93613775821094 ], [ 33.516673121062496, 45.123508058503909 ], [ 33.397872004119137, 45.252681337312502 ], [ 33.013491663542965, 45.381370149568362 ], [ 32.926287684050777, 45.387672029451174 ], [ 32.643446955291012, 45.380633912996096 ], [ 32.575301203337887, 45.361083589509768 ], [ 32.50324157199023, 45.445102296785159 ], [ 32.902258905974605, 45.672580324128909 ], [ 33.191649469939449, 45.78977545352344 ], [ 33.539458307830074, 45.874713502839846 ], [ 33.638838800994137, 45.92677267642383 ], [ 33.527945551482418, 46.134063325837893 ], [ 33.332533869353512, 46.166110597566409 ], [ 32.97293380221484, 46.14594992251758 ], [ 32.516444239226558, 46.125583253816409 ], [ 32.202166590300777, 46.170360170320315 ], [ 32.114104303923824, 46.215621553376955 ], [ 31.925940546599609, 46.409930787996096 ], [ 32.188792261687496, 46.59223898501758 ], [ 31.951270136443359, 46.864627443269534 ], [ 31.781046900359375, 46.701861940339846 ], [ 31.537734064666015, 46.701381288484377 ], [ 31.087231669036132, 46.635535798982424 ], [ 30.83285621127246, 46.576591096833987 ], [ 30.520461115447265, 46.251407228425784 ], [ 30.068821940032226, 45.861400209382815 ], [ 29.729748758879882, 45.769992433503909 ], [ 29.629511866179687, 45.750358186677737 ], [ 29.500430140105468, 45.523368440583987 ], [ 29.536093744841796, 45.452197633699221 ], [ 29.615916285125, 45.410205446199221 ], [ 29.298096689788085, 45.469363771394534 ], [ 28.998829874602539, 45.352000795320315 ], [ 28.793421778289062, 45.352000795320315 ], [ 28.778475794402343, 45.266669832185549 ], [ 28.504021677581054, 45.287993989900393 ], [ 28.324814829436523, 45.362670503572268 ], [ 28.271248850432617, 45.474704347566409 ], [ 28.203480753508789, 45.465812288240237 ], [ 28.189839396086914, 45.464023195222659 ], [ 28.161816629973632, 45.57075461001758 ], [ 28.063923868743164, 45.618781648591799 ], [ 28.135829004851562, 45.650817476228518 ], [ 28.126700434294921, 45.770675264314455 ], [ 28.079728159514648, 46.02317389102344 ], [ 28.224814447966796, 46.463069520906252 ], [ 28.237135920134765, 46.644996248201174 ], [ 28.078686747161132, 47.030536256746096 ], [ 27.806952509490234, 47.159148775056643 ], [ 27.340176615325195, 47.662879548982424 ], [ 26.995348963347656, 48.189536653474612 ], [ 26.713696512786132, 48.275531373933596 ], [ 26.612799677458984, 48.262900911287112 ], [ 26.327334436980468, 48.227161012605471 ], [ 26.259524378386718, 48.087035737947268 ], [ 26.13426116427539, 48.006866060212893 ], [ 25.237456354705078, 47.92094000430469 ], [ 25.154223475066406, 47.824287019685549 ], [ 25.044512781707031, 47.770606599763674 ], [ 24.892163309661132, 47.743762575105471 ], [ 24.80777076205371, 47.845763765291018 ], [ 24.660698923674804, 47.843864046052737 ], [ 24.649226221648437, 47.947784028962893 ], [ 24.485638651458007, 47.927615724519534 ], [ 23.983685526458007, 47.957503877595705 ], [ 23.552920374480468, 48.044471345857424 ], [ 23.444392237273437, 47.996123872712893 ], [ 23.090203318206054, 48.050483308748049 ], [ 23.02892783602832, 48.012225709871096 ], [ 22.723942789641601, 48.186141572908205 ], [ 22.474713358489257, 48.276118837312502 ], [ 22.174159082976562, 48.411490999177737 ], [ 22.09947112521289, 48.404590211824221 ], [ 22.570443186370117, 49.066680513337893 ], [ 22.864460978118164, 49.05842550845508 ], [ 22.707772287932617, 49.230838380769534 ], [ 22.687956842986328, 49.479304872468752 ], [ 22.724635157195312, 49.616916261628909 ], [ 23.40380576571582, 50.164840303376955 ], [ 23.673172983733398, 50.343944154695315 ], [ 23.801730188933593, 50.425262056306643 ], [ 23.994698557463867, 50.431232057527346 ], [ 24.109295878020507, 50.539264284089846 ], [ 24.113539728728515, 50.680476747468752 ], [ 23.965849909392578, 50.816333375886721 ], [ 24.003870997039062, 50.876132570222659 ], [ 24.138281855193359, 50.897880159333987 ], [ 23.995629343596679, 50.984893403962893 ], [ 23.628373179045898, 51.360507570222659 ], [ 23.661520990935546, 51.469489656404299 ], [ 23.589262995330078, 51.548434816316409 ], [ 23.532662424651367, 51.61027105899219 ], [ 23.674384150115234, 51.94868429751758 ], [ 23.668629679290039, 52.06129416079883 ], [ 23.570685419646484, 52.127063356355471 ], [ 23.503378901091796, 52.20634039492969 ], [ 23.313965830413085, 52.271957002595705 ], [ 23.184138331023437, 52.27756842227344 ], [ 23.241427454558593, 52.408683381990237 ], [ 23.372628244963867, 52.556445680574221 ], [ 23.629492792693359, 52.665942750886721 ], [ 23.827858957854492, 52.679324708894534 ], [ 23.946064982024414, 52.772998414949221 ], [ 23.956805262175781, 52.87940939517383 ], [ 23.87919524630664, 53.105212770417971 ], [ 23.602585825530273, 53.780200563386721 ], [ 23.53050139865039, 53.916293703035159 ], [ 23.489806208220703, 53.993125520662112 ], [ 23.48289397677539, 54.00617941470508 ], [ 23.438540491667968, 54.089915834382815 ], [ 23.3106184335625, 54.308894716218752 ], [ 23.005084070769531, 54.418258272126955 ], [ 22.98705771884082, 54.424708925203127 ], [ 22.699036631194335, 54.414901338533205 ], [ 21.366742167083007, 54.369544588044924 ], [ 20.356268915740234, 54.421458803132815 ], [ 19.977538141814453, 54.423942171052737 ], [ 20.188645395842773, 54.521976076082034 ], [ 20.326712641326171, 54.56400641055469 ], [ 20.194232019988281, 54.575046144441409 ], [ 20.005703959075195, 54.547458253816409 ], [ 19.938118967620117, 54.608172975496096 ], [ 19.881810221282226, 54.525378786042971 ], [ 19.833247217742187, 54.53089865298633 ], [ 19.86316970309375, 54.751731477693362 ], [ 19.942570719329101, 54.849856935457034 ], [ 20.127097162810546, 54.845641694978518 ], [ 20.79715064486621, 54.817977510408205 ], [ 20.985203775969726, 54.811641298250002 ], [ 21.137343439666015, 54.845458589509768 ], [ 21.191943201628906, 54.959579072908205 ], [ 21.113345179167968, 55.089244447664065 ], [ 21.223853144255859, 55.111449800447268 ], [ 21.193121943083984, 55.166350923494143 ], [ 21.162322077361328, 55.221381746248049 ], [ 21.143034967986328, 55.25583990664844 ], [ 21.200932535735351, 55.26139410586719 ], [ 21.216296228972656, 55.343665681794924 ], [ 21.018450769988281, 55.634009920076174 ], [ 21.01481536349414, 55.697055421785159 ], [ 20.995957407561523, 56.024127565339846 ], [ 20.945448908416015, 56.069957338289065 ], [ 20.916007074919921, 56.096671663240237 ], [ 20.9490461679375, 56.473189912751955 ], [ 20.96482757052539, 56.60902365298633 ], [ 21.022051844207031, 56.683875642732424 ], [ 21.324379953948242, 56.854415498689455 ], [ 21.339747461882812, 57.177070222810549 ], [ 21.459588083831054, 57.249606691316409 ], [ 21.579514536467773, 57.37260016055469 ], [ 21.677331003752929, 57.463656984285159 ], [ 21.810254129973632, 57.475379548982424 ], [ 22.285403284636718, 57.565040193513674 ], [ 22.359927210417968, 57.585666261628909 ], [ 22.432965311614257, 57.615558229402346 ], [ 22.563637766448242, 57.615558229402346 ], [ 22.585421595183593, 57.508651338533205 ], [ 22.881373438445312, 57.334144197419924 ], [ 23.070889505950195, 57.261317811921877 ], [ 23.174664530364257, 57.048492036775393 ], [ 23.215449366179687, 56.98066671939258 ], [ 23.414469751921875, 56.892413698152346 ], [ 23.767813715544921, 56.865882478669924 ], [ 24.15838340243457, 56.975486360505862 ], [ 24.266305002776367, 57.030147157625002 ], [ 24.346499476042968, 57.159720979646487 ], [ 24.322939905730468, 57.336890779451174 ], [ 24.236186060515625, 57.728160463289065 ], [ 24.325442347136718, 57.837470613435549 ], [ 24.345648798552734, 57.862216554597659 ], [ 24.415644678679687, 57.947932802156252 ], [ 24.414401087371093, 58.105887971833987 ], [ 24.496785196868164, 58.213153444246096 ], [ 24.331091913787109, 58.307933412507815 ], [ 24.058350596038085, 58.111529909089846 ], [ 23.908068689910156, 58.224448762849612 ], [ 23.670859369841796, 58.241389833406252 ], [ 23.690465006438476, 58.665484987214846 ], [ 23.511870417205078, 58.580875001863284 ], [ 23.360819849578125, 58.767421327546877 ], [ 23.431979212371093, 58.858081422761721 ], [ 23.337885889617187, 58.97239264102344 ], [ 23.456978830901367, 59.005492769197268 ], [ 23.415757212249023, 59.118964754060549 ], [ 23.570183786956054, 59.138072572664065 ], [ 24.032107386199218, 59.175742708162112 ], [ 24.029559168425781, 59.235416017488284 ], [ 24.281945261565429, 59.284141145662112 ], [ 24.341567072478515, 59.368880830720705 ], [ 24.53756812533496, 59.323409639314455 ], [ 24.570923838225585, 59.374328218416018 ], [ 24.713812861052734, 59.351832948640627 ], [ 24.751221689788085, 59.448463045076174 ], [ 25.248290094939453, 59.36179693789844 ], [ 25.448794397917968, 59.493960939363284 ], [ 25.489993128386718, 59.420043550447268 ], [ 25.721121821013671, 59.459842287019534 ], [ 26.34325889071582, 59.446647249177737 ], [ 26.861901316252929, 59.371749483064455 ], [ 26.999016794768554, 59.31772955508594 ], [ 27.265091929045898, 59.338042818025393 ], [ 27.702038797942382, 59.297504030183596 ], [ 27.893597635833007, 59.34611090274219 ], [ 28.015851053801757, 59.454154573396487 ], [ 28.01309302767871, 59.458221040681643 ], [ 27.973393473235351, 59.516711793855471 ], [ 27.896657023040039, 59.533782564119143 ], [ 27.941687616912109, 59.64759787173633 ], [ 28.094189676848632, 59.664676271394534 ], [ 28.163104090300781, 59.590682588533205 ], [ 28.266337427703125, 59.562228761628909 ], [ 28.35098365267871, 59.602061830476565 ], [ 28.309100184050781, 59.664401613191409 ], [ 28.444363627043945, 59.733741365388674 ], [ 28.662732157317382, 59.644340120271487 ], [ 28.795933756438476, 59.67222174258594 ], [ 28.936268839446289, 59.824550233796877 ], [ 29.076066050139648, 59.907794557527346 ], [ 29.413628611174804, 59.860030733064455 ], [ 29.7654524179375, 59.736243806794924 ], [ 29.963156733123046, 59.736617647126955 ], [ 30.126639399138671, 59.80604513736133 ], [ 29.952874216643554, 59.985583864167971 ], [ 29.687296900359375, 60.131000123933596 ], [ 29.510743174163085, 60.144565187410159 ], [ 28.968979868499023, 60.108787141755862 ], [ 28.69163421115039, 60.14997824283008 ], [ 28.569397959319335, 60.198421083406252 ], [ 28.435231241790039, 60.337337099031252 ], [ 28.551247629729492, 60.532641969636721 ], [ 28.521508249846679, 60.623263917878909 ], [ 28.431775126067382, 60.60346945376758 ], [ 28.510039362517578, 60.731811128572268 ], [ 29.386113199797851, 61.246642671541018 ], [ 30.278626474944335, 61.784450136140627 ], [ 30.901846918669921, 62.12546881289844 ], [ 31.167542490569335, 62.366603456453127 ], [ 31.360919031707031, 62.607776246980471 ], [ 31.408301386443359, 62.791965089753909 ], [ 31.335927042571289, 62.947433076814455 ], [ 31.13995078524707, 63.123740755037112 ], [ 30.823624643889648, 63.242797456697268 ], [ 30.212641748992187, 63.467124544099612 ], [ 30.014929804412109, 63.615577302888674 ], [ 30.162203821746093, 63.701835237458987 ], [ 30.405825647917968, 63.88850363345508 ], [ 30.431523356047851, 64.002856813386728 ], [ 30.363450083342773, 64.116824708894541 ], [ 29.784417185393554, 64.744281373933603 ], [ 29.61822226962207, 64.973414979890634 ], [ 29.631157908049804, 65.139766298250009 ], [ 29.715321573821289, 65.321239076570322 ], [ 29.91344932040332, 65.561725221589853 ], [ 30.001729044524414, 65.722125612214853 ], [ 29.654259714690429, 66.260036073640634 ], [ 29.022913965789062, 66.887416444734384 ], [ 29.170870813933593, 67.020633302644541 ], [ 29.756976160613281, 67.370296083406259 ], [ 29.946114573088867, 67.533908449128916 ], [ 29.701823267546875, 67.710391603425791 ], [ 29.268128428069335, 67.938151918367197 ], [ 28.87572959384082, 68.025287233308603 ], [ 28.622220072356445, 68.120669923738291 ], [ 28.570120844451171, 68.358760438875009 ], [ 28.685952219573242, 68.568347536042978 ], [ 28.69715407809375, 68.695529542878916 ], [ 29.00741675814746, 68.831828676179697 ], [ 29.462780985442382, 69.134189210847666 ], [ 29.923598322478515, 69.354602418855478 ], [ 30.269936594573242, 69.409068666414072 ], [ 30.640799555388671, 69.418490968660166 ], [ 30.871699366179687, 69.510089479402353 ], [ 31.0537824960625, 69.639590822175791 ], [ 31.331275019255859, 69.662761293367197 ], [ 31.782200846282226, 69.777019105867197 ], [ 32.071558985320308, 69.883494935945322 ], [ 32.076010737029293, 69.815356813386728 ], [ 32.190562281218746, 69.641711793855478 ], [ 32.351725611296871, 69.513675294832041 ], [ 32.596308741179683, 69.423617921785166 ], [ 33.009631189910152, 69.386691652253916 ], [ 33.280566248503902, 69.342013917878916 ], [ 33.315600428191402, 69.071284852937509 ], [ 33.628375086394527, 69.214686952546884 ], [ 33.818045649138668, 69.192477785066416 ], [ 34.30514815768359, 69.170825563386728 ], [ 34.698889765349605, 69.164050661042978 ], [ 34.934138331023433, 69.149440370515634 ], [ 35.436553034392574, 69.150355897859384 ], [ 36.018279108611324, 69.023707948640634 ], [ 37.245863947478512, 68.793498598054697 ], [ 37.688578638640621, 68.629611574128916 ], [ 38.406443628874996, 68.242694459871103 ], [ 38.668452295867183, 68.146342836335947 ], [ 39.334708246794918, 68.035937868074228 ], [ 39.918070826140621, 67.940379701570322 ], [ 40.826052698699215, 67.660045228914072 ], [ 40.973391565886715, 67.534373842195322 ], [ 40.950827631560543, 67.334659181550791 ], [ 41.016871485320308, 67.201861940339853 ], [ 41.208827051726558, 67.069461427644541 ], [ 41.255297693816402, 66.936976991609384 ], [ 41.146971735564449, 66.782268129304697 ], [ 40.836379084197262, 66.561397157625009 ], [ 40.345149073210933, 66.318645082429697 ], [ 39.977522883025387, 66.200915895417978 ], [ 39.190028223601558, 66.038707338289072 ], [ 38.78211120089648, 66.001453004792978 ], [ 38.047869715300777, 66.007373414949228 ], [ 37.42243102511523, 66.093822084382822 ], [ 36.505225214568355, 66.172488771394541 ], [ 35.771746668425777, 66.258868776277353 ], [ 35.167723688689449, 66.411502443269541 ], [ 34.152953180876949, 66.629634462312509 ], [ 33.65127852877734, 66.680102907136728 ], [ 33.437491449919918, 66.701739870027353 ], [ 33.157725367156246, 66.914477907136728 ], [ 32.990950617400387, 66.987819276765634 ], [ 32.644339594451168, 67.046100221589853 ], [ 32.219435724822262, 66.993747316316416 ], [ 32.35782149752734, 66.920329652742197 ], [ 32.424727472869137, 66.891025148347666 ], [ 32.753539118376949, 66.649043642 ], [ 32.970862421599605, 66.583385072664072 ], [ 33.469668421355465, 66.313098512605478 ], [ 33.844214472380855, 66.182139955476572 ], [ 34.258494410124996, 66.109828554109384 ], [ 34.543696436492183, 66.000835023835947 ], [ 34.726172480193355, 65.796977601960947 ], [ 34.725588831511715, 65.614993654207041 ], [ 34.601187738982418, 65.483928285554697 ], [ 34.293414148894527, 65.396243654207041 ], [ 34.332015070525387, 65.345508180574228 ], [ 34.425662073699215, 65.106525026277353 ], [ 34.772864374724605, 64.682223878816416 ], [ 34.814768824187496, 64.459819398835947 ], [ 34.884612116423824, 64.366771303132822 ], [ 35.081763300505855, 64.288333497957041 ], [ 35.623271021453121, 64.253566347078134 ], [ 36.015471491423824, 64.197024904207041 ], [ 36.239970240203121, 63.91862066836719 ], [ 36.420622858611324, 63.876102052644534 ], [ 36.987540278044918, 63.841483674958987 ], [ 37.246508631316402, 63.784877382234377 ], [ 37.410540613738277, 63.749496065095705 ], [ 37.591460260955074, 63.806937776521487 ], [ 37.94491866549609, 63.850394807771487 ], [ 38.054080042449215, 63.986316286042971 ], [ 38.053858790007808, 64.129275880769541 ], [ 37.87985518893359, 64.307895265535166 ], [ 37.668128046599605, 64.343310914949228 ], [ 37.463286432830074, 64.299960695222666 ], [ 37.261950525847652, 64.313891969636728 ], [ 36.996741327849605, 64.406558595613291 ], [ 36.568507227507808, 64.764575563386728 ], [ 36.883906397429683, 65.067699037507822 ], [ 37.101943049041012, 65.068126283601572 ], [ 37.604094538298824, 64.852771364167978 ], [ 38.252921137419918, 64.703067384675791 ], [ 39.193442377654293, 64.511035524324228 ], [ 39.621596369353512, 64.475963197664072 ], [ 39.997050318328121, 64.541217409089853 ], [ 40.322173151580074, 64.462932191804697 ], [ 40.43979171237109, 64.563563905671884 ], [ 40.462061915007808, 64.750278078035166 ], [ 40.365950617400387, 64.857928834871103 ], [ 39.979388269988277, 65.153140626863291 ], [ 39.823103937712887, 65.435611329988291 ], [ 39.95132735690234, 65.581164918855478 ], [ 40.036868128386715, 65.603137575105478 ], [ 40.681407007781246, 65.793559633210947 ], [ 41.354247126189449, 65.955173097566416 ], [ 41.623282465544918, 66.065166078523447 ], [ 42.133444819060543, 66.387889467195322 ], [ 42.21078780612109, 66.410007081941416 ], [ 42.41852477511523, 66.381099306062509 ], [ 43.241431269255855, 66.250896058992197 ], [ 43.876219782439449, 66.010966859773447 ], [ 44.029433283416012, 66.011249147371103 ], [ 44.052840265837887, 66.040500246003916 ], [ 44.122111353484371, 66.267161928132822 ], [ 44.383608851042965, 66.612018190339853 ], [ 44.361952814666012, 66.905963502839853 ], [ 44.219164881316402, 67.089824281648447 ], [ 43.83810714205859, 67.162852846101572 ], [ 43.703597101775387, 67.265933595613291 ], [ 44.215834650603512, 67.718265138582041 ], [ 44.261073145476558, 67.829639039949228 ], [ 44.168749842253902, 68.097026430085947 ], [ 43.822165522185543, 68.327319704011728 ], [ 43.85324386080859, 68.469203554109384 ], [ 44.012026819792965, 68.491908632234384 ], [ 44.667811426726558, 68.388591371492197 ], [ 45.579642328826168, 68.442538820222666 ], [ 45.86343673190234, 68.383349977449228 ], [ 46.161952051726558, 68.108195863679697 ], [ 46.439368280974605, 67.907939516023447 ], [ 46.63406661471484, 67.700511537507822 ], [ 46.164114985076168, 67.677424989656259 ], [ 45.462580713835933, 67.639064393953134 ], [ 45.092505488005855, 67.542079530671884 ], [ 44.871207270232418, 67.312419496492197 ], [ 44.957140955535152, 67.231357179597666 ], [ 45.385634455291012, 67.099376283601572 ], [ 45.715350184050777, 66.849628053621103 ], [ 46.076777491179683, 66.762080751375009 ], [ 46.402052912322262, 66.718600831941416 ], [ 46.972640070525387, 66.778461061433603 ], [ 47.571188959685543, 66.816310487703134 ], [ 47.706187281218746, 66.890109621003916 ], [ 47.822127375212887, 67.111293397859384 ], [ 47.952918085662105, 67.377292238191416 ], [ 48.08066085299609, 67.562457643464853 ], [ 48.63532165011523, 67.652385316804697 ], [ 49.185629877654293, 67.838824830964853 ], [ 49.630122217742183, 67.936191163972666 ], [ 50.495898279753902, 68.153468690828134 ], [ 51.138957056609371, 68.266398988679697 ], [ 51.830809626189449, 68.409381471589853 ], [ 52.244875940886715, 68.544559083894541 ], [ 52.337382349578121, 68.335727296785166 ], [ 52.462668451873043, 68.298671327546884 ], [ 52.719729456511715, 68.351382814363291 ], [ 52.938769373503902, 68.471179567292978 ], [ 53.005751642791012, 68.680568300203134 ], [ 53.179434809294918, 68.755748353914072 ], [ 53.502432856169918, 68.816257081941416 ], [ 53.889117273894527, 68.786998353914072 ], [ 53.808394465056637, 68.607265077546884 ], [ 53.78207686862109, 68.338420473054697 ], [ 53.39590743502734, 68.300426088289072 ], [ 53.316184076873043, 68.233203493074228 ], [ 53.316844019499996, 68.136386476472666 ], [ 53.62573913058398, 68.047687135652353 ], [ 53.853991541472652, 68.085300050691416 ], [ 54.379748377410152, 68.160708986238291 ], [ 54.575957331267574, 68.161090455964853 ], [ 54.648467096892574, 68.071918092683603 ], [ 54.752295527068355, 68.049785219148447 ], [ 54.877196344939449, 68.109546266511728 ], [ 54.995986017791012, 68.206531129792978 ], [ 55.12649825533984, 68.400607667878916 ], [ 55.335391077605465, 68.483096681550791 ], [ 55.722891840544918, 68.536105714753916 ], [ 56.19510177096484, 68.566867433503916 ], [ 56.540263208953121, 68.552569948152353 ], [ 57.024226221648433, 68.448909364656259 ], [ 57.363692316619137, 68.457019411042978 ], [ 57.525866541472652, 68.494639955476572 ], [ 57.959197077361324, 68.704761110261728 ], [ 58.409289393035152, 68.832858644441416 ], [ 58.770381006804683, 68.856006227449228 ], [ 59.199049982634762, 68.774409852937509 ], [ 59.345873865691402, 68.699863038972666 ], [ 59.06195739230273, 68.497485719636728 ], [ 59.119788202849605, 68.393092714265634 ], [ 59.217661890593746, 68.348544679597666 ], [ 59.501860651580074, 68.289424501375009 ], [ 59.762347254363277, 68.297389589265634 ], [ 59.892046961394527, 68.402003847078134 ], [ 59.925375971404293, 68.581271730378916 ], [ 60.079089197722652, 68.618953309968759 ], [ 60.512084040251949, 68.589854799226572 ], [ 60.756274256316402, 68.672549806550791 ], [ 60.934123072234371, 68.815082155183603 ], [ 60.985957178679683, 69.002597413972666 ], [ 60.36923507174609, 69.467692933992197 ], [ 60.551714930144527, 69.543422304109384 ], [ 60.848734888640621, 69.710040651277353 ], [ 61.030039820281246, 69.740604005769541 ], [ 61.304347071257808, 69.733523927644541 ], [ 62.281271967498043, 69.705127321199228 ], [ 62.85394957980273, 69.615604005769541 ], [ 63.412318262664058, 69.548739992097666 ], [ 63.923243555632808, 69.459216676667978 ], [ 64.872996363249996, 69.227664552644541 ], [ 65.355364832488277, 69.183444581941416 ], [ 66.125498804656246, 68.997157655671884 ], [ 66.584254297820308, 68.885539613679697 ], [ 67.171687159148433, 68.647098146394541 ], [ 67.826533350554683, 68.372050844148447 ], [ 68.215403589812496, 68.201350770906259 ], [ 68.384631189910152, 68.179339967683603 ], [ 68.48788741549609, 68.224216066316416 ], [ 69.002612146941402, 68.695369325593759 ], [ 69.108950647917965, 68.830310426667978 ], [ 68.691836390105465, 68.814548097566416 ], [ 68.511767420378902, 68.836680971101572 ], [ 68.257655176726558, 68.941119752839853 ], [ 68.093546900359371, 69.135943971589853 ], [ 68.10592940768359, 69.429324708894541 ], [ 67.778704676238277, 69.556850038484384 ], [ 66.884440455046871, 69.623080812410166 ], [ 66.798968348113277, 69.743747316316416 ], [ 66.82803634127734, 69.819377504304697 ], [ 66.964854273406246, 69.955821596101572 ], [ 67.277201685515621, 70.070552431062509 ], [ 67.383288416472652, 70.139400087312509 ], [ 67.421755823699215, 70.223430238679697 ], [ 67.398242029753902, 70.598506532625009 ], [ 67.285304102507808, 70.705806337312509 ], [ 66.77481368502734, 70.735576234773447 ], [ 66.670207056609371, 70.866130433992197 ], [ 66.817973169890621, 71.105380617097666 ], [ 66.97964766940234, 71.213840089753916 ], [ 67.155451807585933, 71.229648195222666 ], [ 67.82254317721484, 71.416652284578134 ], [ 68.316248926726558, 71.634852968171884 ], [ 68.550761255828121, 71.821963869050791 ], [ 68.812113794890621, 72.095462404207041 ], [ 69.056689295378902, 72.644717775300791 ], [ 69.34311202487109, 72.834262453035166 ], [ 69.511561426726558, 72.803042970613291 ], [ 70.214358362761715, 72.733462892488291 ], [ 70.940333399382808, 72.789950929597666 ], [ 71.662920984832027, 72.830707155183603 ], [ 71.975779566374996, 72.799762330964853 ], [ 72.455302271453121, 72.824275575593759 ], [ 72.713999781218746, 72.769588075593759 ], [ 72.852725061980465, 72.643931947664072 ], [ 72.844805750457027, 72.494609437898447 ], [ 72.654566797820308, 72.118259035066416 ], [ 72.49832442721484, 71.961810670808603 ], [ 71.897814783660152, 71.587161622957041 ], [ 71.797556910124996, 71.431804262117197 ], [ 72.136233362761715, 71.277591310457041 ], [ 72.554980311003902, 70.977244935945322 ], [ 72.679705652800777, 70.823512636140634 ], [ 72.77420333346484, 70.455234132722666 ], [ 72.695887598601558, 70.355578981355478 ], [ 72.436892542449215, 70.186969362214853 ], [ 72.55148604830859, 69.656261049226572 ], [ 72.525530848113277, 69.069079957917978 ], [ 72.643496546355465, 68.806911073640634 ], [ 72.84616378268359, 68.635234437898447 ], [ 73.308611902800777, 68.516551576570322 ], [ 73.394122156707027, 68.442050538972666 ], [ 73.39364913424609, 68.382388673738291 ], [ 73.175242457, 68.165927492097666 ], [ 72.98776534518359, 67.794147096589853 ], [ 72.837695154753902, 67.645648561433603 ], [ 72.485026392546871, 67.437823854402353 ], [ 71.930476221648433, 67.156276308015634 ], [ 71.647143396941402, 67.067325197175791 ], [ 71.399500879851558, 66.949069581941416 ], [ 71.544055018035152, 66.714122377351572 ], [ 71.349513086882808, 66.662395082429697 ], [ 70.839930567351558, 66.551402650789072 ], [ 70.120745691863277, 66.718822084382822 ], [ 69.791522059050777, 66.754932008699228 ], [ 69.355372461882808, 66.739436708406259 ], [ 69.084765467253902, 66.687533937410166 ], [ 69.172610315886715, 66.548289857820322 ], [ 69.435122522917965, 66.424235902742197 ], [ 69.767298731414058, 66.329715333894541 ], [ 70.473567041960933, 66.235972963289072 ], [ 70.983424219695308, 66.200389467195322 ], [ 71.259532007781246, 66.222812257722666 ], [ 71.794337305632808, 66.158061586335947 ], [ 72.208811792937496, 66.173457704500009 ], [ 72.421076807585933, 66.334666810945322 ], [ 72.557414087859371, 66.495990358308603 ], [ 73.165453943816402, 66.643756471589853 ], [ 73.690165552703121, 66.865069948152353 ], [ 73.810809168425777, 66.990352235750009 ], [ 73.984507593718746, 67.263362489656259 ], [ 74.352526697722652, 67.404353700593759 ], [ 74.741717371550777, 67.686221681550791 ], [ 74.770648035613277, 67.849368654207041 ], [ 74.669360193816402, 68.101749025300791 ], [ 74.395129236785152, 68.346988283113291 ], [ 74.50497725924609, 68.593478761628916 ], [ 74.612109217253902, 68.638515077546884 ], [ 74.916300806609371, 68.706386171296884 ], [ 75.53720382174609, 68.774867616609384 ], [ 76.327754053679683, 68.776340089753916 ], [ 76.660876307097652, 68.672221742585947 ], [ 77.039820704070308, 68.463771425203134 ], [ 77.10788253268359, 68.113750062898447 ], [ 76.954936060515621, 67.653316102937509 ], [ 77.090693506804683, 67.527743898347666 ], [ 77.504778894988277, 67.432399354890634 ], [ 78.089045557585933, 67.411311708406259 ], [ 78.477862391082027, 67.478541933015634 ], [ 78.535746607390621, 67.611835084871103 ], [ 78.304575953093746, 67.692866884187509 ], [ 77.94601729830859, 67.773715578035166 ], [ 77.688860926238277, 67.758403383210947 ], [ 77.483225855437496, 67.802516542390634 ], [ 77.514185938445308, 67.973254762605478 ], [ 77.977519068328121, 68.145122133210947 ], [ 78.007182154265621, 68.256839357332041 ], [ 77.909060511199215, 68.323695741609384 ], [ 77.83420089205859, 68.472705446199228 ], [ 77.635829004851558, 68.816196046785166 ], [ 77.40597823580859, 68.935618959382822 ], [ 77.029948267546871, 68.979915224031259 ], [ 76.537989649382808, 69.084056459382822 ], [ 76.177516016570308, 69.135943971589853 ], [ 75.598025354949215, 69.210002504304697 ], [ 75.188647303191402, 69.126597963289072 ], [ 74.90170577487109, 69.081004701570322 ], [ 74.317957911101558, 69.162540040925791 ], [ 73.91452315768359, 69.154277406648447 ], [ 73.907923731414058, 69.274524293855478 ], [ 73.654078516570308, 69.756465517 ], [ 73.790995630828121, 70.052211366609384 ], [ 74.12222579440234, 70.365878663972666 ], [ 74.249575647917965, 70.572948060945322 ], [ 74.189188990203121, 70.672603212312509 ], [ 73.69797042330859, 71.141398988679697 ], [ 73.27066329440234, 71.372584901765634 ], [ 73.216853174773433, 71.457736574128916 ], [ 73.591364893523433, 71.706859193757822 ], [ 74.137156519499996, 71.754527650789072 ], [ 74.586550745574215, 71.872172914460947 ], [ 74.921153101531246, 72.028743349031259 ], [ 74.998736414519527, 72.130435548738291 ], [ 75.074595484343746, 72.420291505769541 ], [ 75.016108545867183, 72.718768678621103 ], [ 75.119875940886715, 72.687480531648447 ], [ 75.407572779265621, 72.664416871980478 ], [ 75.61734298190234, 72.625491701082041 ], [ 75.666178736296871, 72.413539491609384 ], [ 75.582537684050777, 72.170619569734384 ], [ 75.296580347624996, 71.896869264558603 ], [ 75.221270594207027, 71.647708497957041 ], [ 75.284289393035152, 71.446086488679697 ], [ 75.452029261199215, 71.322482667878916 ], [ 75.670588526335933, 71.199122987703134 ], [ 76.29318526705859, 71.138530336335947 ], [ 77.001643213835933, 71.062640748933603 ], [ 77.736193689910152, 71.025477968171884 ], [ 78.104731592742183, 70.841304384187509 ], [ 78.249209436980465, 70.833873353914072 ], [ 78.608523401824215, 70.849925600007822 ], [ 78.371600184050777, 71.250545106843759 ], [ 78.136904749480465, 71.373927675203134 ], [ 77.284899744597652, 71.418803773835947 ], [ 76.866129908171871, 71.449023805574228 ], [ 76.60715011080859, 71.518336854890634 ], [ 76.33285811862109, 71.719745241121103 ], [ 76.45669845065234, 71.867854677156259 ], [ 77.074900660124996, 71.892383180574228 ], [ 77.274928125945308, 71.814883790925791 ], [ 77.789919886199215, 71.776912294343759 ], [ 78.126368555632808, 71.847598634675791 ], [ 78.085734400359371, 72.175273500398447 ], [ 78.269557032195308, 72.214747987703134 ], [ 78.647257837859371, 72.262378297761728 ], [ 79.222559961882808, 72.271289430574228 ], [ 79.70315841158984, 72.178279481843759 ], [ 80.338725123015621, 72.007640443757822 ], [ 80.828265223113277, 71.767024599031259 ], [ 81.42526534518359, 71.612681947664072 ], [ 81.671366724578121, 71.574306093171884 ], [ 82.491351160613277, 71.568095766023447 ], [ 82.818354639617183, 71.646327577546884 ], [ 82.880122217742183, 71.491267763093759 ], [ 82.528872522917965, 71.320201478914072 ], [ 82.215327295867183, 71.203616701082041 ], [ 82.103571924773433, 70.856441102937509 ], [ 82.045611414519527, 70.418933473542978 ], [ 82.195719751921871, 70.357982240632822 ], [ 82.501528772917965, 70.711131654695322 ], [ 82.675463709441402, 70.842128358796884 ], [ 82.803736719695308, 70.819278322175791 ], [ 83.075907740203121, 70.581752382234384 ], [ 83.036334070769527, 70.244929872468759 ], [ 83.370722803679683, 70.337260805085947 ], [ 83.67697432955859, 70.460261903718759 ], [ 83.657115015593746, 70.598170839265634 ], [ 83.570933374968746, 70.651706300691416 ], [ 83.504702601042965, 70.812923036531259 ], [ 83.168047937957027, 71.182231508210947 ], [ 83.252619776335933, 71.282855592683603 ], [ 83.561091456023433, 71.624423585847666 ], [ 83.20242598971484, 71.825908266023447 ], [ 82.85464766940234, 71.942149721101572 ], [ 82.436259302703121, 72.050586305574228 ], [ 82.320620569792965, 72.222278200105478 ], [ 82.026026758757808, 72.245227418855478 ], [ 81.585253748503902, 72.354007326082041 ], [ 80.982317957488277, 72.446979127839853 ], [ 80.844195398894527, 72.580195985750009 ], [ 80.871706995574215, 72.839992128328134 ], [ 80.828867945281246, 73.013515077546884 ], [ 80.464015040007808, 73.313579164460947 ], [ 80.500514063445308, 73.424747072175791 ], [ 80.620135340300777, 73.496471010164072 ], [ 80.83822921237109, 73.552554689363291 ], [ 81.877467188445308, 73.602222047761728 ], [ 83.020442041960933, 73.612292848542978 ], [ 83.976565394011715, 73.669787965730478 ], [ 84.616053614226558, 73.742686830476572 ], [ 84.829455408660152, 73.599734865144541 ], [ 85.00149825533984, 73.576190553621103 ], [ 85.381182703582027, 73.696322999910166 ], [ 85.856196436492183, 73.824763856843759 ], [ 86.492053064910152, 73.873828493074228 ], [ 86.756945643035152, 73.786571107820322 ], [ 86.326350245085933, 73.634357057527353 ], [ 86.123522791472652, 73.451121889070322 ], [ 86.904971155730465, 73.555888734773447 ], [ 87.13968184908984, 73.604053102449228 ], [ 87.569628748503902, 73.772128663972666 ], [ 87.690791163054683, 73.900012575105478 ], [ 87.54062179049609, 74.099673829988291 ], [ 87.393969568816402, 74.179492555574228 ], [ 86.977625879851558, 74.299007020906259 ], [ 86.813532862273433, 74.435290895417978 ], [ 86.812617334929683, 74.539882265046884 ], [ 86.958323511687496, 74.782062135652353 ], [ 87.487452540007808, 74.960918031648447 ], [ 87.922266993132808, 75.059886537507822 ], [ 89.284686121550777, 75.466121278718759 ], [ 89.684565577117183, 75.508205018953134 ], [ 89.796328577605465, 75.524432741121103 ], [ 90.0, 75.558528505281259 ], [ 90.0, 75.601543031648447 ], [ 91.63467696627734, 75.652728639558603 ], [ 92.670542749968746, 75.762614808992197 ], [ 93.592059168425777, 75.880847536042978 ], [ 94.309550318328121, 76.074069581941416 ], [ 94.694338831511715, 76.183581911042978 ], [ 95.487681421843746, 76.168330751375009 ], [ 95.967265162078121, 76.169238649324228 ], [ 96.139369043914058, 76.085902772859384 ], [ 95.981822046843746, 75.902011476472666 ], [ 96.658228907195308, 75.853305421785166 ], [ 97.116412195769527, 75.870830141023447 ], [ 97.683726343718746, 75.955218873933603 ], [ 98.288653406707027, 76.056537233308603 ], [ 98.716242823210933, 76.074039064363291 ], [ 99.158556971160152, 75.999713502839853 ], [ 99.467234644499996, 75.966922365144541 ], [ 99.779429468718746, 76.059314332917978 ], [ 99.83340743502734, 76.210033021882822 ], [ 99.773608240691402, 76.285350404695322 ], [ 99.983233484832027, 76.436969362214853 ], [ 100.407397303191402, 76.471438966707041 ], [ 100.830317530242183, 76.455409608796884 ], [ 101.389460596648433, 76.624995790437509 ], [ 101.111514124480465, 76.852855287507822 ], [ 101.166461023894527, 77.005763612703134 ], [ 101.69046309908984, 77.202586732820322 ], [ 102.389666590300777, 77.374820314363291 ], [ 103.393305811492183, 77.557788454011728 ], [ 103.946597132292965, 77.592166505769541 ], [ 104.393740686980465, 77.567218385652353 ], [ 105.062510523406246, 77.568507753328134 ], [ 105.449542078582027, 77.449138246492197 ], [ 105.469729456511715, 77.329318605378916 ], [ 104.782290491667965, 77.148768983796884 ], [ 104.48514083346484, 76.995029054597666 ], [ 104.704607996550777, 76.927501283601572 ], [ 105.528147730437496, 76.980014406160166 ], [ 106.242938074675777, 76.913463197664072 ], [ 107.160258326140621, 76.949130617097666 ], [ 107.240130457488277, 76.898372255281259 ], [ 107.071375879851558, 76.770976625398447 ], [ 106.537440332976558, 76.567226015046884 ], [ 106.404032740203121, 76.432277284578134 ], [ 107.290751490203121, 76.433948121980478 ], [ 107.665957483855465, 76.443072877839853 ], [ 107.771487269011715, 76.401225648835947 ], [ 108.244471582976558, 76.646419130281259 ], [ 108.859522852507808, 76.647548280671884 ], [ 109.65640548190234, 76.691287599519541 ], [ 109.940249476042965, 76.632731996492197 ], [ 110.547724756804683, 76.642299257234384 ], [ 111.427287134734371, 76.568072877839853 ], [ 112.05716231783984, 76.451358400300791 ], [ 112.588549646941402, 76.259242616609384 ], [ 112.822314295378902, 76.058887086824228 ], [ 113.148875269499996, 76.059489808992197 ], [ 113.533007654753902, 76.093654237703134 ], [ 113.723032984343746, 75.868838869050791 ], [ 113.113406214324215, 75.494449220613291 ], [ 113.221636805144527, 75.436809144929697 ], [ 113.625048670378902, 75.272670350984384 ], [ 112.577128443328121, 74.886211000398447 ], [ 112.111346277800777, 74.780376039460947 ], [ 111.586619410124996, 74.730960451082041 ], [ 110.054705652800777, 74.253688417390634 ], [ 108.696902308074215, 73.819408021882822 ], [ 108.339861902800777, 73.691241823152353 ], [ 107.265543970671871, 73.522227846101572 ], [ 106.208308252898433, 73.258502565339853 ], [ 105.278819117156246, 72.751536928132822 ], [ 105.600222620574215, 72.744266115144541 ], [ 106.086985621062496, 72.855395875886728 ], [ 106.501544031707027, 73.061313234285166 ], [ 107.249941858855465, 73.133822999910166 ], [ 107.804286036101558, 73.142772279695322 ], [ 108.749629053679683, 73.263225160554697 ], [ 109.59518722018359, 73.391597352937509 ], [ 109.990588221160152, 73.439952455476572 ], [ 110.442286524382808, 73.567866884187509 ], [ 110.400019678679683, 73.742877565339853 ], [ 110.178446802703121, 73.798221193269541 ], [ 110.163233790007808, 73.830089174226572 ], [ 110.289637598601558, 73.942065797761728 ], [ 110.551272425261715, 74.038447938875009 ], [ 110.944132837859371, 73.943271242097666 ], [ 111.215312037078121, 73.768298707917978 ], [ 111.494853052703121, 73.744876466707041 ], [ 111.761652979460933, 73.657794557527353 ], [ 112.093386683074215, 73.634555421785166 ], [ 112.476801905242183, 73.659144960359384 ], [ 112.996974024382808, 73.779567323640634 ], [ 113.221583399382808, 73.748103700593759 ], [ 113.307734522429683, 73.612956605867197 ], [ 113.31173995455859, 73.382663331941416 ], [ 113.546992334929683, 73.200931154207041 ], [ 114.18667891940234, 73.550998292878916 ], [ 114.93411544283984, 73.560321412996103 ], [ 115.611491236296871, 73.625201784089853 ], [ 116.671137842742183, 73.619227968171884 ], [ 117.534647974578121, 73.549274049714853 ], [ 117.918849024382808, 73.534091554597666 ], [ 118.460383448210933, 73.519229494050791 ], [ 118.338465723601558, 73.186114870027353 ], [ 118.497797998992183, 73.036243043855478 ], [ 119.417445215789058, 72.966929994539072 ], [ 119.798563990203121, 72.912463746980478 ], [ 120.112772974578121, 72.881526552156259 ], [ 120.578516993132808, 72.835116945222666 ], [ 121.699503931609371, 72.900218568757822 ], [ 122.243281397429683, 72.909122072175791 ], [ 122.882433924285152, 72.752811037019541 ], [ 123.514750513640621, 73.172008119539072 ], [ 123.442202601042965, 73.330188356355478 ], [ 123.424975428191402, 73.433223329500009 ], [ 123.409853968230465, 73.480777345613291 ], [ 124.222155603972652, 73.696910463289072 ], [ 124.456667933074215, 73.705295167878916 ], [ 124.81766036471484, 73.658229433015634 ], [ 125.33462813815234, 73.524074159578134 ], [ 125.717326197234371, 73.397800050691416 ], [ 126.487017664519527, 73.383403383210947 ], [ 127.09683516940234, 73.416255556062509 ], [ 127.719561609832027, 73.401538454011728 ], [ 128.314784082976558, 73.207515321687509 ], [ 128.498881373015621, 73.125941835359384 ], [ 128.524928125945308, 72.952342592195322 ], [ 128.291041407195308, 72.912479005769541 ], [ 128.170558008757808, 72.896525941804697 ], [ 127.313502344695308, 72.713885866121103 ], [ 126.216441187468746, 72.382312379792978 ], [ 126.11130050143359, 72.280376039460947 ], [ 126.225298914519527, 72.249347291902353 ], [ 126.690005335417965, 72.218928895906259 ], [ 127.120905909148433, 72.211932741121103 ], [ 127.417544397917965, 72.142184816316416 ], [ 127.714098963347652, 72.010112367585947 ], [ 128.170130762664058, 71.831874452546884 ], [ 128.432490381804683, 71.754626832917978 ], [ 128.783534082976558, 71.538043580964853 ], [ 129.355204615203121, 71.175685487703134 ], [ 130.171717676726558, 70.815349183992197 ], [ 130.779276880828121, 70.678340517 ], [ 131.054804834929683, 70.686503969148447 ], [ 131.412684473601558, 70.863765321687509 ], [ 131.791667017546871, 71.187923036531259 ], [ 132.283610376921871, 71.660876832917978 ], [ 132.553751978484371, 71.808971010164072 ], [ 132.684260401335933, 71.801410280183603 ], [ 132.790614161101558, 71.592013917878916 ], [ 133.138407740203121, 71.453212343171884 ], [ 133.743907007781246, 71.322848878816416 ], [ 134.241358790007808, 71.261943422273447 ], [ 134.622904810515621, 71.301311098054697 ], [ 135.510615381804683, 71.511821351960947 ], [ 135.860636744109371, 71.543445192292978 ], [ 136.226618799773433, 71.513156496003916 ], [ 136.765025171843746, 71.405780397371103 ], [ 137.629679712859371, 71.075419984773447 ], [ 137.771266016570308, 71.098826967195322 ], [ 137.854945215789058, 71.129802308992197 ], [ 138.075785669890621, 71.245952211335947 ], [ 138.175440821257808, 71.362010560945322 ], [ 138.113810572234371, 71.385104738191416 ], [ 138.119395289031246, 71.470203004792978 ], [ 138.446116480437496, 71.610271058992197 ], [ 138.674876246062496, 71.618449769929697 ], [ 138.899851832, 71.502643190339853 ], [ 139.158762964812496, 71.417964540437509 ], [ 139.744471582976558, 71.403598390535166 ], [ 139.825694117156246, 71.628360353425791 ], [ 139.738566431609371, 71.837894044832041 ], [ 139.805979761687496, 72.001475892976572 ], [ 139.847895655242183, 72.235606752351572 ], [ 139.338770899382808, 72.164355836824228 ], [ 139.049952540007808, 72.163821779207041 ], [ 138.969340357390621, 72.210521303132822 ], [ 139.168314966765621, 72.343791566804697 ], [ 139.311793360320308, 72.383197389558603 ], [ 139.755610498992183, 72.423175416902353 ], [ 140.215022120085933, 72.431850038484384 ], [ 140.589076075164058, 72.495235048250009 ], [ 141.293971094695308, 72.787074647859384 ], [ 141.408396753874996, 72.787295900300791 ], [ 142.200236353484371, 72.678721986726572 ], [ 142.902522120085933, 72.617213808015634 ], [ 143.818827662078121, 72.532626710847666 ], [ 144.267436060515621, 72.502078615144541 ], [ 144.561839136687496, 72.455623231843759 ], [ 145.599955591765621, 72.426227174714853 ], [ 144.820368799773433, 72.143344484285166 ], [ 145.209559473601558, 72.120677553132822 ], [ 145.664622339812496, 72.160525880769541 ], [ 145.814997706023433, 72.098399721101572 ], [ 145.678187403289058, 71.926723085359384 ], [ 145.261408838835933, 71.840381227449228 ], [ 144.880778345671871, 71.723147951082041 ], [ 144.801264795867183, 71.591113649324228 ], [ 145.100382837859371, 71.576182924226572 ], [ 145.333781275359371, 71.630855165437509 ], [ 145.746241602507808, 71.693713746980478 ], [ 146.186060938445308, 71.842097841218759 ], [ 146.915125879851558, 72.201900087312509 ], [ 148.159464869109371, 72.196399293855478 ], [ 148.697962793914058, 72.166186891511728 ], [ 149.104472193328121, 72.088924013093759 ], [ 149.530329737273433, 72.027362428621103 ], [ 149.622538599578121, 71.941859804109384 ], [ 149.721980127898433, 71.895206056550791 ], [ 148.710856470671871, 71.629397951082041 ], [ 148.962168726531246, 71.567859254792978 ], [ 149.715418848601558, 71.437648378328134 ], [ 150.693705591765621, 71.346683107332041 ], [ 151.119471582976558, 71.254764162019541 ], [ 151.479960474578121, 71.085811220125009 ], [ 151.644846949187496, 70.893779359773447 ], [ 151.899073633757808, 70.733012758210947 ], [ 152.134013208953121, 70.664432130769541 ], [ 152.790583643523433, 70.680987916902353 ], [ 153.404429468718746, 70.728152833894541 ], [ 153.916499170867183, 70.790469728425791 ], [ 155.049235376921871, 70.938548646882822 ], [ 156.043177637664058, 70.986552797273447 ], [ 157.396418604460933, 70.927516542390634 ], [ 158.077952417937496, 70.867312990144541 ], [ 158.408671412078121, 70.814189516023447 ], [ 158.934138331023433, 70.623469911531259 ], [ 159.229212793914058, 70.547450624421884 ], [ 159.465571436492183, 70.394984804109384 ], [ 159.627909693328121, 70.219806276277353 ], [ 159.572672876921871, 69.998965822175791 ], [ 159.443812403289058, 69.764560304597666 ], [ 159.672953638640621, 69.651927553132822 ], [ 160.016612085906246, 69.622432313875009 ], [ 160.392390284148433, 69.615604005769541 ], [ 160.681605372039058, 69.578479371980478 ], [ 160.674037012664058, 69.270267091707041 ], [ 160.862345728484371, 69.083118043855478 ], [ 161.170817408171871, 69.158649049714853 ], [ 161.416102442351558, 69.354236207917978 ], [ 161.960993799773433, 69.528163515046884 ], [ 162.117762598601558, 69.558559022859384 ], [ 162.274851832, 69.536281190828134 ], [ 163.038233790007808, 69.545207582429697 ], [ 163.722407373992183, 69.674487672761728 ], [ 164.053690943328121, 69.660037599519541 ], [ 164.318171534148433, 69.464854799226572 ], [ 164.636469873992183, 69.412822328523447 ], [ 165.330149683562496, 69.406573854402353 ], [ 166.309245142546871, 69.378329835847666 ], [ 166.700358423796871, 69.431659303621103 ], [ 167.320078882781246, 69.658572755769541 ], [ 167.503230127898433, 69.568561159089853 ], [ 167.921610865203121, 69.328738771394541 ], [ 168.099970850554683, 69.231502138093759 ], [ 168.592417749968746, 69.112460695222666 ], [ 168.986063990203121, 68.963397584871103 ], [ 169.113215479460933, 68.784205995515634 ], [ 169.388606104460933, 68.717486940339853 ], [ 170.088892969695308, 68.778544984773447 ], [ 170.832804712859371, 68.921947084382822 ], [ 170.904871973601558, 69.034320436433603 ], [ 170.793208155242183, 69.184001527742197 ], [ 170.431300196257808, 69.558917604402353 ], [ 170.056269678679683, 69.610919557527353 ], [ 170.236292872039058, 69.761951051667978 ], [ 170.451701197234371, 70.019214235261728 ], [ 171.302241358367183, 69.975230775789072 ], [ 171.848383936492183, 69.938479982332041 ], [ 172.359248194304683, 69.909228883699228 ], [ 172.908167872039058, 69.834765993074228 ], [ 173.008280787078121, 69.691707216218759 ], [ 173.636652979460933, 69.760707460359384 ], [ 174.574458155242183, 69.785060487703134 ], [ 175.610972437468746, 69.779429994539072 ], [ 176.192179712859371, 69.712657533601572 ], [ 176.546015772429683, 69.622943483308603 ], [ 177.079157862273433, 69.533603273347666 ], [ 177.704997095671871, 69.489642702058603 ], [ 178.042841944304683, 69.407611452058603 ], [ 178.628855738249996, 69.258517824128916 ], [ 178.964961084929683, 69.229137025789072 ], [ 179.281489405242183, 69.147258363679697 ], [ 180.0, 68.919894777253916 ], [ 180.0, 67.963130556062509 ], [ 180.0, 66.963130556062509 ], [ 180.0, 65.963130556062509 ], [ 180.0, 65.381633363679697 ], [ 180.0, 65.311030946687509 ], [ 180.0, 65.051936708406259 ], [ 180.0, 64.953479371980478 ], [ 179.309107813445308, 64.786471925691416 ], [ 179.015971216765621, 64.772929750398447 ], [ 178.726023707, 64.606326662019541 ], [ 178.473841700164058, 64.577212892488291 ], [ 178.004389795867183, 64.547740541414072 ], [ 177.844126734343746, 64.583209596589853 ], [ 177.426661524382808, 64.606738649324228 ], [ 177.373530420867183, 64.761355958894541 ], [ 177.251460108367183, 64.856105409578134 ], [ 177.026255640593746, 64.844218812898447 ], [ 177.134654078093746, 64.927440248445322 ], [ 176.712458643523433, 64.781657777742197 ], [ 176.331706080046871, 64.772929750398447 ], [ 176.180171045867183, 64.867992006257822 ], [ 175.965052637664058, 64.903659425691416 ], [ 176.155955347624996, 64.677928529695322 ], [ 175.899775538054683, 64.547427736238291 ], [ 176.044047388640621, 64.501155458406259 ], [ 176.467783960906246, 64.408984743074228 ], [ 176.753230127898433, 64.571147523835947 ], [ 176.930521998015621, 64.552882753328134 ], [ 177.081599268523433, 64.517398439363291 ], [ 177.081584009734371, 64.302974306062509 ], [ 177.193232569304683, 64.210353456453134 ], [ 177.534724268523433, 64.089686952546884 ], [ 178.011134180632808, 64.192111574128916 ], [ 177.813410791960933, 64.047435365632822 ], [ 178.147257837859371, 64.156634889558603 ], [ 178.176508936492183, 64.005321107820322 ], [ 178.287760767546871, 63.912913881257815 ], [ 178.371623072234371, 63.749381624177737 ], [ 178.402613672820308, 63.664092622712893 ], [ 178.077677759734371, 63.429050050691409 ], [ 178.344370874968746, 63.457957826570315 ], [ 178.501124415007808, 63.380187593416018 ], [ 178.713954004851558, 63.153731904939455 ], [ 178.939494165984371, 63.083335481599612 ], [ 179.004282984343746, 62.970199190095705 ], [ 178.931635889617183, 62.765067659333987 ], [ 179.287699732390621, 62.81507834048633 ], [ 179.231776270476558, 62.638537965730471 ], [ 179.242167505828121, 62.525699220613284 ], [ 179.048762354460933, 62.391395173982424 ], [ 178.737666163054683, 62.29927023501758 ], [ 178.451869043914058, 62.319854341462893 ], [ 178.250269922820308, 62.382873140291018 ], [ 177.690974268523433, 62.452266298250002 ], [ 177.290843042937496, 62.486785493806643 ], [ 177.134867701140621, 62.549964509919924 ], [ 177.190348658171871, 62.670013032869143 ], [ 176.968348536101558, 62.690784059480471 ], [ 176.831980738249996, 62.676410280183596 ], [ 176.580500635710933, 62.429050050691409 ], [ 176.549113306609371, 62.379687868074221 ], [ 175.172633204070308, 61.969085298494143 ], [ 174.652674707976558, 61.890864931062502 ], [ 174.542307886687496, 61.890655122712893 ], [ 174.348719629851558, 61.799033723787112 ], [ 174.250437769499996, 61.714683137849612 ], [ 173.926768335906246, 61.615962587312502 ], [ 173.480906519499996, 61.601100526765627 ], [ 173.342585596648433, 61.551822267488284 ], [ 173.126338038054683, 61.369414888337893 ], [ 172.918284449187496, 61.278129182771487 ], [ 172.492442164031246, 61.263324342683596 ], [ 172.108164820281246, 60.983283601716799 ], [ 172.000086817351558, 60.857574068025393 ], [ 171.248408350554683, 60.654178224519534 ], [ 171.072382959929683, 60.452144227937502 ], [ 170.519694361296871, 60.339942537263674 ], [ 170.336802515593746, 60.277103029207034 ], [ 170.268427881804683, 60.145137392 ], [ 170.273051294890621, 60.013431154207034 ], [ 170.060130152312496, 59.881801210359377 ], [ 169.877497706023433, 59.874560914949221 ], [ 169.613642725554683, 60.012202821687502 ], [ 169.531611475554683, 60.129893861726565 ], [ 169.455714258757808, 60.296268068269534 ], [ 169.154124292937496, 60.434642396882815 ], [ 168.670756373015621, 60.454578004792971 ], [ 168.210902247039058, 60.432860933259768 ], [ 167.689616236296871, 60.35544928164844 ], [ 167.103983912078121, 60.271026216462893 ], [ 166.868418726531246, 60.17341574283008 ], [ 166.268519434539058, 59.833278261140627 ], [ 166.027216944304683, 59.70872076602344 ], [ 165.944972071257808, 59.77061041446094 ], [ 166.203425440398433, 60.352637849763674 ], [ 165.956339869109371, 60.310515962556643 ], [ 165.779994043914058, 60.354114137605471 ], [ 165.415385279265621, 60.11518820376758 ], [ 165.113596949187496, 60.031440339998049 ], [ 164.932963404265621, 59.961875520662112 ], [ 164.881571802703121, 59.734138093904299 ], [ 164.584605249968746, 59.66465338321094 ], [ 164.441905054656246, 59.74018820376758 ], [ 164.328059229460933, 59.960727296785159 ], [ 164.110529932585933, 60.078208528474612 ], [ 163.649699244109371, 59.792022310212893 ], [ 163.766825708953121, 59.883758150056643 ], [ 163.516276392546871, 59.85569342227344 ], [ 163.388682398406246, 59.814063631013674 ], [ 163.106394800749996, 59.579173646882815 ], [ 163.042902979460933, 59.462001405671877 ], [ 163.099772486296871, 59.35886725039844 ], [ 163.254511866179683, 59.290374360994143 ], [ 162.835215601531246, 59.055907808259768 ], [ 162.753443750945308, 58.966464601472659 ], [ 162.907404932585933, 58.891280733064455 ], [ 162.615901026335933, 58.732963167146487 ], [ 162.220011744109371, 58.485530458406252 ], [ 161.938410791960933, 58.259185396150393 ], [ 161.804362330046871, 58.101722322419924 ], [ 161.799937281218746, 57.862735353425784 ], [ 161.989222559539058, 57.719852052644534 ], [ 162.203654322234371, 57.67936285586719 ], [ 162.825663599578121, 57.700980745271487 ], [ 163.078379664031246, 57.626498781160159 ], [ 163.127833399382808, 57.551623903230471 ], [ 162.932032618132808, 57.374240480378909 ], [ 162.593272242156246, 57.169540010408205 ], [ 162.512400660124996, 57.033492647126955 ], [ 162.612818750945308, 56.802882753328127 ], [ 162.744303736296871, 56.599708162263674 ], [ 163.097971949187496, 56.559726320222659 ], [ 163.172266993132808, 56.383815370515627 ], [ 163.165995630828121, 56.106498323396487 ], [ 163.009074244109371, 55.944068513826174 ], [ 162.771281275359371, 55.916595064119143 ], [ 162.554636988249996, 56.01072271914844 ], [ 162.547190699187496, 56.105315767244143 ], [ 162.721873316374996, 56.342349611238284 ], [ 162.521815332976558, 56.34873541446094 ], [ 162.317576441374996, 56.240100465730471 ], [ 161.861323389617183, 55.860873781160159 ], [ 161.609431299773433, 55.556914888337893 ], [ 161.502741846648433, 55.287372194246096 ], [ 161.647379908171871, 54.985091768220705 ], [ 161.938532862273433, 54.845100007966799 ], [ 162.008204493132808, 54.738223634675784 ], [ 161.875865015593746, 54.56412848086719 ], [ 161.566615137664058, 54.423240266755862 ], [ 161.136363062468746, 54.409068666414065 ], [ 160.837595972624996, 54.448566041902346 ], [ 160.682917627898433, 54.448279939607424 ], [ 160.404307398406246, 54.367587648347659 ], [ 160.027384790984371, 54.153266511873049 ], [ 159.931147608367183, 54.086356721833987 ], [ 159.695063623992183, 53.859225831941409 ], [ 159.633219751921871, 53.705844484285159 ], [ 159.683497461882808, 53.579433046296877 ], [ 159.904765162078121, 53.400180421785159 ], [ 159.922083887664058, 53.300468049958987 ], [ 159.896861109343746, 53.240577302888674 ], [ 159.591761622039058, 53.133624635652346 ], [ 159.319819483367183, 53.126472078279299 ], [ 158.788142237273433, 52.95936544986133 ], [ 158.461360010710933, 52.825961671785159 ], [ 158.431666407195308, 52.713084779695315 ], [ 158.462367090789058, 52.58713873477344 ], [ 158.389506373015621, 52.202685914949221 ], [ 158.258021387664058, 52.017123781160159 ], [ 157.897776636687496, 51.666022859529299 ], [ 157.209528956023433, 51.229003511384768 ], [ 156.824641260710933, 51.004119478181643 ], [ 156.696375879851558, 50.957748018220705 ], [ 156.563731226531246, 51.234359346345705 ], [ 156.474696192351558, 51.603820405916018 ], [ 156.361857447234371, 51.914237581208987 ], [ 156.333231958953121, 52.271556459382815 ], [ 156.175242457, 52.609256349519534 ], [ 156.038096460906246, 52.781489931062502 ], [ 155.941844019499996, 53.193080507234377 ], [ 155.710795435515621, 53.804938875154299 ], [ 155.707469019499996, 54.064952455476565 ], [ 155.638072046843746, 54.318408571199221 ], [ 155.630183252898433, 54.465350709871096 ], [ 155.583064112273433, 54.552074037507815 ], [ 155.465205225554683, 54.919772706941409 ], [ 155.453471216765621, 55.275813661531252 ], [ 155.505686792937496, 55.639621339753909 ], [ 155.627573999968746, 56.267917238191409 ], [ 155.702998194304683, 56.369597993806643 ], [ 156.235835108367183, 56.756827913240237 ], [ 156.557871851531246, 56.947471223787112 ], [ 156.814677271453121, 57.260570131257815 ], [ 156.877650293914058, 57.362742982820315 ], [ 156.839488062468746, 57.50565680117969 ], [ 156.776850733367183, 57.580455385164065 ], [ 157.511164698210933, 57.745452485994143 ], [ 157.961695704070308, 57.882758699373049 ], [ 158.326258692351558, 58.026820741609377 ], [ 159.104289087859371, 58.424884401277346 ], [ 159.392695459929683, 58.610351167634768 ], [ 159.586283716765621, 58.802676759675784 ], [ 159.649119410124996, 58.953746400789065 ], [ 160.451930079070308, 59.353889070466799 ], [ 160.844248804656246, 59.554244600251955 ], [ 161.535243067351558, 59.941688142732424 ], [ 161.700846705046871, 60.073508821443362 ], [ 161.817927393523433, 60.267993532136721 ], [ 162.381129297820308, 60.463573060945315 ], [ 163.329295191374996, 60.694949708894534 ], [ 163.444804224578121, 60.890266023591799 ], [ 163.792658838835933, 61.128192506746096 ], [ 163.831370386687496, 61.233089052156252 ], [ 163.575724634734371, 61.330470643953127 ], [ 163.942286524382808, 61.737414918855471 ], [ 163.925883326140621, 61.955001436189455 ], [ 164.008296045867183, 62.130897127107424 ], [ 164.277201685515621, 62.22288092227344 ], [ 165.054789576140621, 62.259543977693362 ], [ 165.285716089812496, 62.288135133699221 ], [ 165.067164454070308, 62.435687623933596 ], [ 164.137675318328121, 62.532653413728518 ], [ 163.818415674773433, 62.489738069490237 ], [ 163.340251001921871, 62.411300264314455 ], [ 162.990244898406246, 62.326083742097659 ], [ 163.009150538054683, 62.178279481843752 ], [ 162.710566553679683, 61.763187013582034 ], [ 162.766856226531246, 61.67209967227344 ], [ 162.748774561492183, 61.608985506013674 ], [ 162.450617823210933, 61.559379182771487 ], [ 162.235240015593746, 61.509925447419924 ], [ 161.535777124968746, 61.186816774324221 ], [ 160.644984278289058, 60.71775396914844 ], [ 160.118845972624996, 60.563624940828127 ], [ 160.007105860320308, 60.591250978425784 ], [ 160.076991114226558, 60.737586580232424 ], [ 160.235590967742183, 60.947009645417971 ], [ 159.815516504851558, 60.981082521394534 ], [ 159.743510279265621, 61.099635683015627 ], [ 159.856867823210933, 61.302497468904299 ], [ 160.056239161101558, 61.512851320222659 ], [ 160.149348291960933, 61.660167299226565 ], [ 160.118250879851558, 61.751277528718752 ], [ 159.965800318328121, 61.765040956453127 ], [ 159.454630884734371, 61.560752473787112 ], [ 159.231059107390621, 61.546310029939455 ], [ 159.106425318328121, 61.70729025454883 ], [ 158.841258082, 61.783969484285159 ], [ 158.118357691374996, 61.719474397615237 ], [ 157.528269800749996, 61.669272981599612 ], [ 157.097987207976558, 61.633399568513674 ], [ 156.825236353484371, 61.562812410310549 ], [ 156.423152002898433, 61.401004396394534 ], [ 156.381175074187496, 61.205081544832034 ], [ 156.418437037078121, 61.121329866365237 ], [ 155.850764307585933, 60.882968507722659 ], [ 155.666682276335933, 60.778041444734377 ], [ 155.733897242156246, 60.555366121248049 ], [ 155.151804957, 60.394351564363284 ], [ 154.693324122039058, 60.199019990876955 ], [ 154.315653833953121, 59.983348451570315 ], [ 154.092158350554683, 59.775878511384768 ], [ 153.942973169890621, 59.56882818789844 ], [ 153.944468531218746, 59.396678529695315 ], [ 154.181788477507808, 59.300777040437502 ], [ 154.752802881804683, 59.281219087556643 ], [ 154.878047022429683, 59.157703004792971 ], [ 154.905894312468746, 59.102767549470705 ], [ 154.387080225554683, 59.039950929597659 ], [ 153.924433741179683, 58.922347627595705 ], [ 153.454142603484371, 58.948916994050784 ], [ 153.139887842742183, 59.010123811677737 ], [ 152.968241724578121, 58.996066652253909 ], [ 152.828333887664058, 58.947738252595705 ], [ 152.504206690398433, 58.76871832461719 ], [ 152.191248926726558, 58.925941072419924 ], [ 151.690653833953121, 58.75345953555469 ], [ 151.354487452117183, 58.691119752839846 ], [ 151.135401758757808, 58.73182638736133 ], [ 151.007487330046871, 58.793342195466799 ], [ 151.056178125945308, 58.923812471345705 ], [ 151.392680201140621, 58.979373537019534 ], [ 151.783305201140621, 59.03504904361133 ], [ 151.857264551726558, 59.055812440828127 ], [ 151.523600611296871, 59.343944154695315 ], [ 151.140208277312496, 59.439570985750002 ], [ 150.663416895476558, 59.431800447419924 ], [ 150.278651270476558, 59.362247072175784 ], [ 150.120066675749996, 59.389453493074221 ], [ 149.729579004851558, 59.595328889802737 ], [ 149.380305323210933, 59.608455263093752 ], [ 149.045283350554683, 59.587153993562502 ], [ 148.728449854460933, 59.476337037996096 ], [ 148.747202906218746, 59.297431550935549 ], [ 148.630290064421871, 59.194026552156252 ], [ 148.416087183562496, 59.09739264102344 ], [ 148.102824244109371, 59.206798158601565 ], [ 147.919184717742183, 59.261474214509768 ], [ 147.352229151335933, 59.232886873201174 ], [ 146.999629053679683, 59.19095953555469 ], [ 146.706400904265621, 59.224795900300784 ], [ 146.307353052703121, 59.285953126863284 ], [ 146.053965601531246, 59.251071535066409 ], [ 146.023478540984371, 59.195994935945315 ], [ 145.956965479460933, 58.982856355623049 ], [ 145.652583155242183, 58.975406251863284 ], [ 145.512797388640621, 59.036948762849612 ], [ 145.495661768523433, 59.208751283601565 ], [ 145.404139551726558, 59.325503908113284 ], [ 144.845698389617183, 59.283195100740237 ], [ 144.389811548796871, 59.309859834626955 ], [ 143.824091944304683, 59.295013032869143 ], [ 143.302851709929683, 59.266528688386721 ], [ 142.926814112273433, 59.279571138337893 ], [ 142.845850977507808, 59.272525392488284 ], [ 142.357768091765621, 59.140956483796877 ], [ 141.923838648406246, 58.940894685701174 ], [ 141.590830835906246, 58.727531038240237 ], [ 141.349558863249996, 58.500865541414065 ], [ 140.994257959929683, 58.390632234529299 ], [ 140.587397608367183, 58.239310823396487 ], [ 140.499842676726558, 58.17075689883594 ], [ 140.028742823210933, 57.644126497224612 ], [ 139.293833765593746, 57.336177431062502 ], [ 138.866755518523433, 57.12446554751758 ], [ 138.345927271453121, 56.804206453279299 ], [ 137.601939234343746, 56.240348421052737 ], [ 137.229090723601558, 55.982722841218752 ], [ 136.521266016570308, 55.589892946199221 ], [ 136.119395289031246, 55.420646272615237 ], [ 135.269541773406246, 55.028743349031252 ], [ 134.985224756804683, 54.853934846833987 ], [ 134.893733057585933, 54.71992453189258 ], [ 134.902003321257808, 54.559417329744143 ], [ 135.094508204070308, 54.432784639314455 ], [ 135.312556299773433, 54.413165651277346 ], [ 135.725825342742183, 54.407264314607424 ], [ 136.196421656218746, 54.474998079255862 ], [ 136.491602930632808, 54.455493532136721 ], [ 136.343531641570308, 53.887828432039065 ], [ 136.350657496062496, 53.70121344180469 ], [ 136.487055811492183, 53.654841981843752 ], [ 136.770213160124996, 53.695357881501955 ], [ 137.040659937468746, 53.862479768708987 ], [ 137.382868799773433, 53.809806428865237 ], [ 137.325755152312496, 53.74305685611133 ], [ 137.121729883757808, 53.589438997224612 ], [ 137.071314844695308, 53.489471040681643 ], [ 137.239237818328121, 53.456515871003909 ], [ 137.979395899382808, 53.464583955720705 ], [ 138.234034571257808, 53.571586214021487 ], [ 138.409464869109371, 53.805121980623049 ], [ 138.416804346648433, 54.091910921052737 ], [ 138.760417017546871, 54.08589132876758 ], [ 139.051661524382808, 54.086459718660159 ], [ 139.378047022429683, 54.080394350007815 ], [ 139.805918726531246, 53.961146913484377 ], [ 140.102458033171871, 53.801704011873049 ], [ 140.321299585906246, 53.535647951082034 ], [ 140.702326807585933, 53.276862703279299 ], [ 140.893656763640621, 53.197433076814455 ], [ 141.121195826140621, 53.051631532625002 ], [ 141.089671167937496, 52.98512228579883 ], [ 140.828196558562496, 52.825248323396487 ], [ 141.031977686492183, 52.726073823884768 ], [ 141.090540918914058, 52.586864076570315 ], [ 140.939494165984371, 52.261771760896487 ], [ 141.160624537078121, 52.209205232576174 ], [ 141.257060083953121, 52.103461824373049 ], [ 141.126322779265621, 51.871619783357424 ], [ 140.969889673796871, 51.692798219636721 ], [ 140.730280909148433, 51.441302858308596 ], [ 140.404536280242183, 50.827384553865237 ], [ 140.323496851531246, 50.51783712954883 ], [ 140.348841700164058, 50.419219575837893 ], [ 140.456995997039058, 50.103988252595705 ], [ 140.372202906218746, 49.691279970125002 ], [ 140.328227076140621, 49.357879243806643 ], [ 140.146586451140621, 48.724395357087893 ], [ 140.081004175749996, 48.50260504336719 ], [ 139.213709864226558, 47.810615144685549 ], [ 139.046687159148433, 47.615150056794924 ], [ 138.949290308562496, 47.322425447419924 ], [ 138.684992823210933, 47.133514009431643 ], [ 138.351573023406246, 46.873160921052737 ], [ 138.242884668914058, 46.710704408601565 ], [ 137.984629664031246, 46.269290529207034 ], [ 137.720515284148433, 45.996680818513674 ], [ 137.296916040984371, 45.64631613345508 ], [ 136.494105372039058, 44.966029725984377 ], [ 136.285059961882808, 44.753043733552737 ], [ 136.179240259734371, 44.54676779361133 ], [ 136.033976587859371, 44.398406587556643 ], [ 135.692805323210933, 44.223968110994143 ], [ 135.414759668914058, 44.036830507234377 ], [ 135.156062159148433, 43.721164308503909 ], [ 134.962428125945308, 43.515044771150393 ], [ 134.568583521453121, 43.212215028718752 ], [ 134.138941797820308, 42.992953859285159 ], [ 133.312006983367183, 42.779391847566409 ], [ 132.952799830046871, 42.669540010408205 ], [ 132.827357325164058, 42.861899934724612 ], [ 132.594431910124996, 42.899974428132815 ], [ 132.484736475554683, 42.880492769197268 ], [ 132.333094629851558, 42.963683687166018 ], [ 132.181788477507808, 43.194636903718752 ], [ 131.883097681609371, 43.071979127839846 ], [ 131.674601587859371, 43.026603303865237 ], [ 131.865153345671871, 43.290381990388674 ], [ 131.584208521453121, 43.21272238345508 ], [ 131.356791529265621, 42.99385031314258 ], [ 131.064616236296871, 42.749240480378909 ], [ 130.660657276727846, 42.289422027444068 ], [ 130.467616114226558, 42.298785768464846 ], [ 130.435099634734371, 42.276759706453127 ], [ 130.359919581023433, 42.45350607486133 ], [ 130.225886377898433, 42.651301942781252 ], [ 130.276270899382808, 42.67719992251758 ], [ 130.839655909148433, 42.88526877017383 ], [ 131.069483790007808, 43.078757844880862 ], [ 131.139643702117183, 43.226562105134768 ], [ 131.089213404265621, 43.360919557527346 ], [ 131.132685694304683, 43.418868623689455 ], [ 131.143961939421871, 43.59208258242969 ], [ 131.146739039031246, 43.867957673982424 ], [ 131.118357691374996, 44.163028322175784 ], [ 130.969233545867183, 44.566768251375002 ], [ 130.990534815398433, 44.817428194001955 ], [ 131.739542994109371, 45.259299837068362 ], [ 131.917826685515621, 45.240932069734377 ], [ 132.226176294890621, 45.132987581208987 ], [ 132.531397852507808, 45.031528078035159 ], [ 132.777613672820308, 44.987739168123049 ], [ 132.988993677703121, 45.143565736726565 ], [ 133.236659082976558, 45.454429231599612 ], [ 133.384837183562496, 45.648803316072268 ], [ 133.666743311492183, 46.13465841861133 ], [ 133.908976587859371, 46.614429079011721 ], [ 134.034419092742183, 47.016440950349612 ], [ 134.165278467742183, 47.334601961091799 ], [ 134.462443384734371, 47.511230073884768 ], [ 134.717371973601558, 47.694205842927737 ], [ 134.709666285124996, 47.921298585847659 ], [ 134.657450708953121, 48.09629400821094 ], [ 134.628397974578121, 48.213050447419924 ], [ 134.517832789031246, 48.26444586367969 ], [ 134.111674341765621, 48.249267183259768 ], [ 133.580256495085933, 48.155482850984377 ], [ 132.969401392546871, 48.015861116365237 ], [ 132.540461573210933, 47.877219758943362 ], [ 132.268748316374996, 47.778411470369143 ], [ 131.522791895476558, 47.754962526277346 ], [ 131.230464014617183, 47.746894441560549 ], [ 130.924540552703121, 47.732287965730471 ], [ 130.807353052703121, 47.932880006746096 ], [ 130.609416040984371, 48.51002462954883 ], [ 130.475825342742183, 48.899623475984377 ], [ 130.383570704070308, 48.964210115388674 ], [ 129.186594996062496, 49.342067323640627 ], [ 128.501185450164058, 49.455745302156252 ], [ 127.940012964812496, 49.609195314363284 ], [ 127.711993250457027, 49.69929464908008 ], [ 127.515894922820308, 49.874385438875002 ], [ 127.099009546843746, 50.730643831208987 ], [ 126.675608667937496, 51.445148073152346 ], [ 126.186389002410152, 52.518146120027346 ], [ 125.852671656218746, 52.946544252351565 ], [ 125.509181055632808, 53.156787477449221 ], [ 125.266612085906246, 53.168761812166018 ], [ 124.643198999968746, 53.112456880525393 ], [ 124.336001429167965, 53.197024904207034 ], [ 123.869395289031246, 53.413447938875002 ], [ 123.352610621062496, 53.510299287751955 ], [ 122.939829859343746, 53.488231264070315 ], [ 122.398684534636715, 53.438926301912112 ], [ 122.022364649382808, 53.383838258699221 ], [ 121.187754664031246, 53.319728456453127 ], [ 120.917056116667965, 53.258617006257815 ], [ 120.70224288424609, 53.184520326570315 ], [ 120.165286097136715, 52.830501161531252 ], [ 119.996546778289058, 52.703815065339846 ], [ 119.942690882292965, 52.59101828189258 ], [ 120.312876734343746, 52.626060090974612 ], [ 120.56357100924609, 52.614162050203127 ], [ 120.773112330046871, 52.476344667390627 ], [ 120.821093592253902, 52.364204011873049 ], [ 120.745951685515621, 52.007129274324221 ], [ 120.128977808562496, 51.733359895662112 ], [ 119.85977462252734, 51.488074861482424 ], [ 119.55948165377734, 51.137565217927737 ], [ 119.372210535613277, 50.893287263826174 ], [ 119.18234542330859, 50.701720796541018 ], [ 119.136614832488277, 50.589854799226565 ], [ 119.163935694304683, 50.524356447175784 ], [ 119.321665796843746, 50.367709718660159 ], [ 119.346461329070308, 50.230132661775393 ], [ 119.291201624480465, 50.124984346345705 ], [ 118.940310511199215, 49.972457490876955 ], [ 117.842021021453121, 49.633800111726565 ], [ 117.64499190768359, 49.593623720125002 ], [ 117.490527186003902, 49.586276613191409 ], [ 116.984080347624996, 49.844562135652346 ], [ 116.780535730925777, 49.921821199373049 ], [ 116.759776148406246, 49.929893098787112 ], [ 116.56601241549609, 50.005626283601565 ], [ 116.286181482878902, 49.997592531160159 ], [ 115.733691248503902, 49.864032350496096 ], [ 115.346583399382808, 49.94032248111133 ], [ 115.193659815398433, 49.998336397126955 ], [ 114.855540308562496, 50.225925050691409 ], [ 114.522639307585933, 50.296275697664065 ], [ 114.248332056609371, 50.275149904207034 ], [ 114.098338160124996, 50.274348817781252 ], [ 113.574404749480465, 50.055224977449221 ], [ 113.234690699187496, 49.83119162173633 ], [ 113.033137354460933, 49.653899751619143 ], [ 112.76120284518359, 49.535022340730471 ], [ 112.524493250457027, 49.462020479158205 ], [ 112.008120569792965, 49.400584779695315 ], [ 111.617838892546871, 49.352862916902346 ], [ 111.378291163054683, 49.319003663972659 ], [ 110.920290979949215, 49.290465913728518 ], [ 110.199908289519527, 49.241015993074221 ], [ 109.866900477019527, 49.258781038240237 ], [ 109.42404464205859, 49.295539461091799 ], [ 109.016902002898433, 49.404231630281252 ], [ 108.423518213835933, 49.518477998689455 ], [ 108.05832198580859, 49.686191163972659 ], [ 107.549075159636715, 49.827098451570315 ], [ 107.268366846648433, 49.975795350984377 ], [ 106.668498072234371, 50.313521944001955 ], [ 106.322947535124996, 50.416690431550784 ], [ 105.682421717253902, 50.426417909578127 ], [ 105.155100855437496, 50.443309389070315 ], [ 104.796938929167965, 50.408576570466799 ], [ 103.68075850924609, 50.166434846833987 ], [ 103.377871546355465, 50.217307649568362 ], [ 102.639033350554683, 50.456183992341799 ], [ 102.449603113738277, 50.60624273867969 ], [ 102.265688929167965, 50.808997713044924 ], [ 102.18423751315234, 51.025642000154299 ], [ 102.182246241179683, 51.269225679353518 ], [ 102.117434534636715, 51.361110292390627 ], [ 101.772364649382808, 51.425170503572268 ], [ 101.326975855437496, 51.567840181306643 ], [ 101.011210474578121, 51.671710573152346 ], [ 100.224604639617183, 51.819331727937502 ], [ 99.758204493132808, 51.902694307283205 ], [ 99.295420679656246, 51.946490846589846 ], [ 98.917559656707027, 52.036956392244143 ], [ 98.346888575164058, 51.604816041902346 ], [ 97.939631495085933, 51.226935945466799 ], [ 97.895434412566402, 51.095004640535159 ], [ 98.079539332, 50.707854829744143 ], [ 98.257739100066402, 50.570792756990237 ], [ 98.309893641082027, 50.47910650821094 ], [ 98.236331019011715, 50.242396913484377 ], [ 97.901576075164058, 49.984855256990237 ], [ 97.762331995574215, 49.912234865144534 ], [ 97.422785791960933, 49.786338411287112 ], [ 97.169558558074215, 49.778449617341799 ], [ 96.910014185515621, 49.861991487458987 ], [ 96.769984278289058, 49.913501344636721 ], [ 96.37613204440234, 49.944068513826174 ], [ 95.994013819304683, 49.942035280183596 ], [ 95.67062667330859, 49.979522310212893 ], [ 95.014277491179683, 49.976039491609377 ], [ 94.699969324675777, 50.026797853425784 ], [ 94.522936853972652, 50.209525667146487 ], [ 94.210459742156246, 50.549285493806643 ], [ 93.836466822234371, 50.58671148867969 ], [ 93.007975611296871, 50.64146002383594 ], [ 92.58859542330859, 50.711543642 ], [ 92.159724268523433, 50.755286775544924 ], [ 91.78171065768359, 50.674377046541018 ], [ 91.101679834929683, 50.460475526765627 ], [ 90.0, 50.306701265291018 ], [ 90.0, 50.127593599275393 ], [ 89.796336207, 49.816444002107424 ], [ 89.788775477019527, 49.811057649568362 ], [ 89.462100061980465, 49.639499269441409 ], [ 89.190852198210933, 49.572780214265627 ], [ 88.566737207976558, 49.536792360261721 ], [ 88.297266993132808, 49.443980775789065 ], [ 87.93771651705859, 49.25282248111133 ], [ 87.868403467742183, 49.232886873201174 ], [ 87.758418116179683, 49.199668489412112 ], [ 87.502299341765621, 49.198302827791018 ], [ 87.399882349578121, 49.19203146548633 ], [ 87.152216944304683, 49.176868043855471 ], [ 86.908061060515621, 49.110362611726565 ], [ 86.782732996550777, 48.992305360750002 ], [ 86.777674707976558, 48.868415437654299 ], [ 86.762087854949215, 48.653323732332034 ], [ 86.624339136687496, 48.554881654695315 ], [ 86.494486841765621, 48.528144441560549 ], [ 85.954417261687496, 48.486182771638674 ], [ 85.76193526705859, 48.361449800447268 ], [ 85.609248194304683, 48.100337587312502 ], [ 85.652567896453121, 47.76246603579883 ], [ 85.748553309050777, 47.44462164492969 ], [ 85.67801192721484, 47.268951021150393 ], [ 85.477648768035152, 47.092662416414065 ], [ 85.290408167449215, 47.046237550691409 ], [ 84.96707442721484, 47.018542848542971 ], [ 84.336192164031246, 47.054076753572268 ], [ 84.06906417330859, 47.117515169099612 ], [ 83.74472335299609, 47.180675111726565 ], [ 83.251711878386715, 47.29487570376758 ], [ 83.059519800749996, 47.066669069246096 ], [ 82.827479395476558, 46.553184114412112 ], [ 82.629984888640621, 46.195884309724612 ], [ 82.50125411471484, 45.923369966462893 ], [ 82.439890894499996, 45.735477052644534 ], [ 82.719668421355465, 45.504283510164065 ], [ 82.776545557585933, 45.375362001375002 ], [ 82.706164393035152, 45.265163026765627 ], [ 82.601923975554683, 45.20002707095508 ], [ 82.425059351531246, 45.166781984285159 ], [ 81.915171656218746, 45.273807130769534 ], [ 81.690310511199215, 45.356559358552737 ], [ 81.532671961394527, 45.329860292390627 ], [ 81.045863184539058, 45.236793123201174 ], [ 80.236628565398433, 45.12263449283008 ], [ 80.059985193816402, 45.037772737458987 ], [ 79.962916407195308, 44.90189703555469 ], [ 79.932436976042965, 44.805183015779299 ], [ 80.036761316863277, 44.722076021150393 ], [ 80.201678309050777, 44.748714052156252 ], [ 80.419512781707027, 44.685535036042971 ], [ 80.432856592742183, 44.074573121980471 ], [ 80.587893519011715, 43.792586885408205 ], [ 80.718615564910152, 43.594123445466799 ], [ 80.772059473601558, 43.382457338289065 ], [ 80.672503504363277, 43.234218202546877 ], [ 80.355067286101558, 42.988544069246096 ], [ 80.210902247039058, 42.808078371003909 ], [ 80.202311548796871, 42.628402315095705 ], [ 80.264704737273433, 42.241439424470705 ], [ 80.278750452605465, 42.154300294832034 ], [ 80.255991968718746, 42.083671174958987 ], [ 80.109278711882808, 41.99955328555469 ], [ 79.673090967742183, 41.901050172761721 ], [ 79.071093592253902, 41.743976198152346 ], [ 78.870631250945308, 41.678832612947268 ], [ 78.68826583346484, 41.543319307283205 ], [ 78.401255640593746, 41.228015504792971 ], [ 78.110652002898433, 41.072810731843752 ], [ 77.896067652312496, 41.026839815095705 ], [ 77.689196619597652, 41.01930197329883 ], [ 77.127741846648433, 41.125022493318362 ], [ 77.020396265593746, 41.111621461824221 ], [ 76.810671839324215, 40.899291597322268 ], [ 76.602129969207027, 40.546348176912112 ], [ 76.481638941374996, 40.436973176912112 ], [ 76.083598169890621, 40.37723883242969 ], [ 75.855593714324215, 40.312060914949221 ], [ 75.700930628386715, 40.336776338533205 ], [ 75.618609461394527, 40.592090211824221 ], [ 75.591700586882808, 40.623923860505862 ], [ 75.429995569792965, 40.610236726716799 ], [ 74.648448023406246, 40.279845796541018 ], [ 74.008654627410152, 39.963199220613284 ], [ 73.884943995085933, 39.879661165193362 ], [ 73.827075037566402, 39.78373297305469 ], [ 73.76455977877734, 39.451079927400393 ], [ 73.759928736296871, 39.420104585603518 ], [ 73.77017501315234, 38.955867372468752 ], [ 73.676997217742183, 38.855735383943362 ], [ 73.712023768035152, 38.718734346345705 ], [ 73.858317408171871, 38.541507326082034 ], [ 74.066599878874996, 38.561767183259768 ], [ 74.169169458953121, 38.634425722078127 ], [ 74.268176111785152, 38.607471071199221 ], [ 74.579752955046871, 38.590079866365237 ], [ 74.702921900359371, 38.520709596589846 ], [ 74.835513147917965, 38.298545442537112 ], [ 74.83175948580859, 38.170837007478518 ], [ 74.844340357390621, 38.060218416169924 ], [ 74.91275313815234, 38.054950319246096 ], [ 74.934702906218746, 37.999824129060549 ], [ 74.878153833953121, 37.807426057771487 ], [ 74.988368067351558, 37.700919710115237 ], [ 74.92007735690234, 37.538878999666018 ], [ 75.010157618132808, 37.465518556550784 ], [ 74.928690943328121, 37.382327638582034 ], [ 74.892787012664058, 37.270377717927737 ], [ 74.733271631804683, 37.209403596833987 ], [ 74.478564295378902, 37.27799566836719 ], [ 74.255503687468746, 37.30219992251758 ], [ 74.13705733737109, 37.370399080232424 ], [ 73.882647547332027, 37.268310152009768 ], [ 73.444659266082027, 37.201942048982424 ], [ 73.383341822234371, 37.228263460115237 ], [ 73.441233667937496, 37.307227693513674 ], [ 73.351977381316402, 37.341735444978518 ], [ 73.047160181609371, 37.32828863711719 ], [ 72.714221033660152, 37.186145387605471 ], [ 72.448168787566402, 36.967578493074221 ], [ 72.182864222136715, 36.938758455232424 ], [ 71.84756759127734, 36.716071687654299 ], [ 71.689822229949215, 36.702476106599612 ], [ 71.524470362273433, 36.714278779939455 ], [ 71.46695235690234, 36.752135835603518 ], [ 71.39291671237109, 36.936248384431643 ], [ 71.303233179656246, 37.170356355623049 ], [ 71.386523279753902, 37.370399080232424 ], [ 71.430598291960933, 37.719352327302737 ], [ 71.444109949675777, 37.834014497712893 ], [ 71.367442164031246, 37.918017946199221 ], [ 71.149355921355465, 37.875880800203127 ], [ 71.219798121062496, 38.144774995759768 ], [ 70.960619959441402, 38.347129426912112 ], [ 70.891428980437496, 38.372214876130862 ], [ 70.718806299773433, 38.364886842683596 ], [ 70.590220484343746, 38.291980348542971 ], [ 70.529963526335933, 38.128688417390627 ], [ 70.33407882174609, 37.936095796541018 ], [ 70.312357935515621, 37.744971834138674 ], [ 70.315028223601558, 37.630389772371096 ], [ 70.221423182097652, 37.528014741853518 ], [ 70.022151026335933, 37.456882081941409 ], [ 69.96237472018359, 37.462909303621096 ], [ 69.698382410613277, 37.531470857576174 ], [ 69.567011866179683, 37.505275331453127 ], [ 69.533823999968746, 37.422332368806643 ], [ 69.53726485690234, 37.282310090974612 ], [ 69.402186426726558, 37.141540132478518 ], [ 69.30783370455859, 37.083732210115237 ], [ 69.136416468230465, 37.076419435457034 ], [ 68.852984461394527, 37.183040224031252 ], [ 68.706522974578121, 37.182216249421877 ], [ 68.445010218230465, 37.053474031404299 ], [ 68.184206995574215, 36.899276338533205 ], [ 67.965418848601558, 36.834418855623049 ], [ 67.855540308562496, 36.852893434480471 ], [ 67.797175440398433, 36.916209779695315 ], [ 67.77926925143359, 36.940791688875002 ], [ 67.621752771941402, 37.15708502383594 ], [ 67.515315088835933, 37.213782869294924 ], [ 66.967700037566402, 37.236190401033205 ], [ 66.676585230437496, 37.240932069734377 ], [ 66.633830103484371, 37.248107515291018 ], [ 65.979128870574215, 37.357997499421877 ], [ 65.724726709929683, 37.490279756501955 ], [ 65.524409327117183, 37.330009065583987 ], [ 65.336916956511715, 37.239841066316409 ], [ 64.825984034148433, 37.147883974031252 ], [ 64.632128748503902, 36.784019075349612 ], [ 64.540720972624996, 36.338092409089846 ], [ 64.494494471160152, 36.280570589021487 ], [ 64.265833887664058, 36.171138368562502 ], [ 63.372283014861324, 35.860805116609377 ], [ 63.116595301238277, 35.78940924258594 ], [ 63.062979731169918, 35.700065217927737 ], [ 63.062731775847652, 35.49018820376758 ], [ 62.963580164519527, 35.400607667878909 ], [ 62.677592310515621, 35.265460573152346 ], [ 62.437460932341793, 35.251395784333987 ], [ 62.179495844451168, 35.288108430818362 ], [ 61.729731592742183, 35.44456060977344 ], [ 61.308180842009762, 35.53123053164844 ], [ 61.221343073455074, 35.581615053132815 ], [ 61.186247858611324, 35.594150148347659 ], [ 61.118678125945308, 35.905444704011721 ], [ 61.114073786345699, 36.159881196931643 ], [ 61.096877131072262, 36.541556917146487 ], [ 61.014002832976558, 36.636558137849612 ], [ 60.65985778292773, 36.60276373477344 ], [ 60.346312555876949, 36.607368074373049 ], [ 60.05139831027148, 36.83485373111133 ], [ 59.240481409636715, 37.447841249421877 ], [ 58.971606287566402, 37.599170289949221 ], [ 58.674895319548824, 37.673942171052737 ], [ 58.449812922087887, 37.698165498689455 ], [ 58.094988855925777, 37.728030763582034 ], [ 57.724879297820308, 37.878829561189455 ], [ 57.406508478728512, 37.99171408267383 ], [ 57.225466761199215, 38.18818625064258 ], [ 56.750849756804683, 38.236503206208987 ], [ 56.517310175505855, 38.260692201570315 ], [ 56.363257441130855, 38.202498994783205 ], [ 56.130911860076168, 38.048331819490237 ], [ 55.980696711150387, 38.034747682527346 ], [ 55.629626307097652, 38.051913820222659 ], [ 55.35565856417773, 38.037650667146487 ], [ 55.169672998992183, 37.972919069246096 ], [ 54.955763849822262, 37.825229249910159 ], [ 54.676085505095699, 37.530700288728518 ], [ 54.466582331267574, 37.395812593416018 ], [ 54.213892969695308, 37.337100587800784 ], [ 54.015112909880855, 37.348327241853518 ], [ 53.985217127410152, 37.517726503328127 ], [ 53.927752527800777, 37.824218355134768 ], [ 53.879862818328121, 38.025355897859377 ], [ 53.937327417937496, 38.159446321443362 ], [ 53.937327417937496, 38.331847749666018 ], [ 53.937327417937496, 38.571296297029299 ], [ 53.985217127410152, 38.657497011140627 ], [ 54.033106836882808, 38.791587434724612 ], [ 54.07141784152148, 38.896945558503909 ], [ 54.033106836882808, 38.992721162751955 ], [ 53.918173822966793, 39.050189577058596 ], [ 53.774504694548824, 39.136390291169924 ], [ 53.678725275603512, 39.251327119783205 ], [ 53.659571680632808, 39.318370424226565 ], [ 53.582945856658199, 39.318370424226565 ], [ 53.496745142546871, 39.337527833894534 ], [ 53.333922419158199, 39.38541754336719 ], [ 53.247721705046871, 39.299216829255862 ], [ 53.209410700408199, 39.404571138337893 ], [ 53.247721705046871, 39.452460847810549 ], [ 53.31476500949023, 39.56739767642383 ], [ 53.372233423796871, 39.519507966951174 ], [ 53.544634852019527, 39.538661561921877 ], [ 53.736193689910152, 39.500350557283205 ], [ 53.793662104216793, 39.490771852449221 ], [ 53.812815699187496, 39.548240266755862 ], [ 53.669146570769527, 39.644019685701174 ], [ 53.554213556853512, 39.653598390535159 ], [ 53.51590255221484, 39.778110109285159 ], [ 53.592524561492183, 39.89304693789844 ], [ 53.688303980437496, 39.979247652009768 ], [ 53.506323847380855, 39.998401246980471 ], [ 53.362654718962887, 39.960090242341799 ], [ 53.19025329074023, 39.960090242341799 ], [ 53.046584162322262, 39.998401246980471 ], [ 52.989115748015621, 39.931357942537112 ], [ 52.912493738738277, 40.046290956453127 ], [ 52.845450434294918, 40.180381380037112 ], [ 52.845450434294918, 40.333629213289065 ], [ 52.826293024626949, 40.467719636873049 ], [ 52.902915033904293, 40.563499055818362 ], [ 52.950804743376949, 40.707164369539065 ], [ 52.969962153044918, 40.822101198152346 ], [ 53.017851862517574, 40.946612916902346 ], [ 53.056162867156246, 41.051971040681643 ], [ 53.151942286101558, 40.89872320742969 ], [ 53.180674585906246, 40.841254793123049 ], [ 53.257300409880855, 40.764632783845705 ], [ 53.43927672824023, 40.802943788484377 ], [ 53.611681971160152, 40.745479188875002 ], [ 53.659571680632808, 40.812522493318362 ], [ 53.649992975798824, 40.879569612458987 ], [ 53.69788268527148, 40.879569612458987 ], [ 53.76492598971484, 40.869990907625002 ], [ 53.793662104216793, 40.726321779207034 ], [ 53.841551813689449, 40.640121065095705 ], [ 53.975642237273433, 40.64969976992969 ], [ 54.109732660857418, 40.678432069734377 ], [ 54.224665674773433, 40.726321779207034 ], [ 54.33002379855273, 40.688010774568362 ], [ 54.416224512664058, 40.659278474763674 ], [ 54.45453551730273, 40.716743074373049 ], [ 54.387488398162105, 40.802943788484377 ], [ 54.368334803191402, 40.89872320742969 ], [ 54.45453551730273, 40.917880617097659 ], [ 54.502425226775387, 40.850833497957034 ], [ 54.607783350554683, 40.812522493318362 ], [ 54.722716364470699, 40.850833497957034 ], [ 54.818495783416012, 40.879569612458987 ], [ 54.828074488249996, 40.984923921541018 ], [ 54.751448664275387, 41.138171754792971 ], [ 54.598204645720699, 41.243529878572268 ], [ 54.358756098357418, 41.387195192292971 ], [ 54.167197260466793, 41.482974611238284 ], [ 54.138464960662105, 41.626643739656252 ], [ 54.119307550994137, 41.779891572908205 ], [ 54.023528132048824, 41.856513582185549 ], [ 54.023528132048824, 41.952293001130862 ], [ 54.023528132048824, 42.048072420076174 ], [ 53.985217127410152, 42.105537019685549 ], [ 53.736193689910152, 42.134273134187502 ], [ 53.458434137908199, 42.09596212954883 ], [ 53.266875300017574, 42.086383424714846 ], [ 53.06574157199023, 42.028915010408205 ], [ 52.979540857878902, 41.904403291658205 ], [ 52.94122985324023, 41.770312868074221 ], [ 52.998694452849605, 41.684112153962893 ], [ 52.969962153044918, 41.559600435212893 ], [ 52.931651148406246, 41.377620302156252 ], [ 52.960383448210933, 41.272262178376955 ], [ 52.969962153044918, 41.138171754792971 ], [ 52.855025324431637, 41.387195192292971 ], [ 52.692202601042965, 41.53086432071094 ], [ 52.711360010710933, 41.607490144685549 ], [ 52.68262389620898, 41.693690858796877 ], [ 52.55927184542773, 41.757838808015627 ], [ 52.600745234099605, 41.937678895906252 ], [ 52.573767695037105, 42.018603883699221 ], [ 52.519816431609371, 42.072555147126955 ], [ 52.582758936492183, 42.189448915437502 ], [ 52.672678980437496, 42.279368959382815 ], [ 52.735621485320308, 42.423240266755862 ], [ 52.75360778292773, 42.558116517976565 ], [ 52.834532770720699, 42.648036561921877 ], [ 52.762599024382808, 42.755939088777346 ], [ 52.582758936492183, 42.827872835115237 ], [ 52.37594893893359, 42.800895296052737 ], [ 52.295020136443355, 42.872832857087893 ], [ 52.160143885222652, 42.845855318025393 ], [ 52.07022384127734, 42.827872835115237 ], [ 51.980303797332027, 42.908801637605471 ], [ 51.881396326628902, 43.052669130281252 ], [ 51.737525019255855, 43.178554140046877 ], [ 51.58466247042773, 43.178554140046877 ], [ 51.422808680144527, 43.169562898591799 ], [ 51.422808680144527, 43.259482942537112 ], [ 51.458777460662105, 43.385367952302737 ], [ 51.368857416716793, 43.556212984041018 ], [ 51.260954889861324, 43.610164247468752 ], [ 51.171034845916012, 43.718066774324221 ], [ 50.991198572722652, 44.077743135408205 ], [ 50.955229792205074, 44.20362814517383 ], [ 50.703459772673824, 44.257579408601565 ], [ 50.388743433562496, 44.293548189119143 ], [ 50.325800928679683, 44.365481935457034 ], [ 50.334792170134762, 44.563304506257815 ], [ 50.406725916472652, 44.617255769685549 ], [ 50.541605982390621, 44.644233308748049 ], [ 50.72144225558398, 44.635238252595705 ], [ 50.874304804412105, 44.626247011140627 ], [ 51.090109858123043, 44.563304506257815 ], [ 51.332888636199215, 44.482379518464846 ], [ 51.413817438689449, 44.518344484285159 ], [ 51.575671228972652, 44.554313264802737 ], [ 51.48575118502734, 44.626247011140627 ], [ 51.368857416716793, 44.680198274568362 ], [ 51.189021143523433, 44.770118318513674 ], [ 51.099101099578121, 44.878020845369143 ], [ 51.215994867888668, 45.039874635652346 ], [ 51.341883692351558, 45.057857118562502 ], [ 51.377848658171871, 45.174750886873049 ], [ 51.458777460662105, 45.309630952791018 ], [ 51.51272872408984, 45.37257345767383 ], [ 51.629622492400387, 45.354590974763674 ], [ 51.773493799773433, 45.390555940583987 ], [ 51.845427546111324, 45.435515962556643 ], [ 51.998290094939449, 45.381564699128909 ], [ 52.106192621794918, 45.381564699128909 ], [ 52.609736475554683, 45.39955099673633 ], [ 53.059329065886715, 45.336604677156252 ], [ 53.284129175749996, 45.327613435701174 ], [ 53.21219161471484, 45.363582216218752 ], [ 53.059329065886715, 45.453498445466799 ], [ 52.843524012175777, 45.507453523591799 ], [ 52.834532770720699, 45.642329774812502 ], [ 52.924452814666012, 45.732249818757815 ], [ 53.050337824431637, 45.831161104158205 ], [ 53.149249109832027, 45.95704611392383 ], [ 53.203200373259762, 46.190833650544924 ], [ 53.257151636687496, 46.316722475007815 ], [ 53.185217890349605, 46.424621187166018 ], [ 53.122275385466793, 46.496558748201174 ], [ 53.167231592742183, 46.586474977449221 ], [ 53.284129175749996, 46.676395021394534 ], [ 53.230177912322262, 46.730346284822268 ], [ 53.185217890349605, 46.865226350740237 ], [ 53.023364100066402, 46.919177614167971 ], [ 52.861510309783199, 46.937160097078127 ], [ 52.555785212126949, 46.982120119050784 ], [ 52.465865168181637, 46.910182558015627 ], [ 52.37594893893359, 46.874217592195315 ], [ 52.14215758761523, 46.838248811677737 ], [ 51.935347590056637, 46.892200075105471 ], [ 51.79147628268359, 47.009093843416018 ], [ 51.674582514373043, 47.036071382478518 ], [ 51.368857416716793, 47.090022645906252 ], [ 51.117083582488277, 47.063045106843752 ], [ 50.820353540984371, 46.919177614167971 ], [ 50.631522211638668, 46.910182558015627 ], [ 50.271849665251949, 46.685386262849612 ], [ 49.948142084685543, 46.559501253083987 ], [ 49.723345789519527, 46.532523714021487 ], [ 49.534514460173824, 46.54151877017383 ], [ 49.408629450408199, 46.433616243318362 ], [ 49.31320479830859, 46.352687440828127 ], [ 49.237784418669918, 46.262767396882815 ], [ 49.057944330779293, 46.13688238711719 ], [ 48.887099299041012, 46.082931123689455 ], [ 48.833148035613277, 46.082931123689455 ], [ 48.833148035613277, 46.019988618806643 ], [ 48.833148035613277, 45.921077333406252 ], [ 48.770205530730465, 45.885108552888674 ], [ 48.635329279509762, 45.975028596833987 ], [ 48.482466730681637, 45.885108552888674 ], [ 48.302626642791012, 45.768214784578127 ], [ 48.014887842742183, 45.714263521150393 ], [ 47.871016535369137, 45.67829855533008 ], [ 47.75412276705859, 45.714263521150393 ], [ 47.673197779265621, 45.750232301667971 ], [ 47.628237757292965, 45.732249818757815 ], [ 47.60126403292773, 45.660312257722659 ], [ 47.655211481658199, 45.543418489412112 ], [ 47.556304010955074, 45.453498445466799 ], [ 47.47537520846484, 45.318622194246096 ], [ 47.394450220671871, 45.174750886873049 ], [ 47.250578913298824, 44.985923372224612 ], [ 47.169653925505855, 44.860038362458987 ], [ 47.025782618132808, 44.78810080142383 ], [ 46.872920069304683, 44.680198274568362 ], [ 46.809977564421871, 44.53633078189258 ], [ 46.845946344939449, 44.446410737947268 ], [ 46.998805079070308, 44.356490694001955 ], [ 47.142676386443355, 44.338508211091799 ], [ 47.223601374236324, 44.20362814517383 ], [ 47.331507715789058, 44.185645662263674 ], [ 47.439406427947262, 44.032783113435549 ], [ 47.565295252410152, 43.843955598787112 ], [ 47.538317713347652, 43.67311056704883 ], [ 47.493361506072262, 43.583190523103518 ], [ 47.520335230437496, 43.511256776765627 ], [ 47.565295252410152, 43.601173006013674 ], [ 47.610255274382808, 43.754035554841799 ], [ 47.664206537810543, 43.85294684024219 ], [ 47.736140284148433, 43.861938081697268 ], [ 47.673197779265621, 43.664115510896487 ], [ 47.57428649386523, 43.502261720613284 ], [ 47.60126403292773, 43.322425447419924 ], [ 47.655211481658199, 43.277465425447268 ], [ 47.583277735320308, 43.187549196199221 ], [ 47.565295252410152, 43.007709108308596 ], [ 47.736140284148433, 42.899806581453127 ], [ 47.790091547576168, 42.854846559480471 ], [ 47.844042811003902, 42.621059022859377 ], [ 47.969927820769527, 42.594085298494143 ], [ 48.13178161105273, 42.40525396914844 ], [ 48.221701654998043, 42.279368959382815 ], [ 48.419524225798824, 42.090537630037112 ], [ 48.500449213591793, 41.928683839753909 ], [ 48.662303003874996, 41.901710115388674 ], [ 48.683238062468746, 41.835906587556643 ], [ 48.892497095671871, 41.686984621003909 ], [ 48.998869928923824, 41.516788087800784 ], [ 49.115881952849605, 41.431689821199221 ] ] ], [ [ [ -180.0, 65.963130556062509 ], [ -180.0, 66.963130556062509 ], [ -180.0, 67.963130556062509 ], [ -180.0, 68.916926942781259 ], [ -178.891240086945317, 68.642451845125009 ], [ -178.129185643585942, 68.373645387605478 ], [ -177.709385838898442, 68.291995607332041 ], [ -175.990590062531254, 67.846744142488291 ], [ -175.513981786164067, 67.668811403230478 ], [ -175.422154393585942, 67.601985536531259 ], [ -175.389042821320317, 67.505343996003916 ], [ -175.188923802765629, 67.312610231355478 ], [ -175.006230321320317, 66.957332216218759 ], [ -175.100544896515629, 66.765048585847666 ], [ -174.635167088898442, 66.404788576082041 ], [ -174.193333592804692, 66.287959657625009 ], [ -174.202015843781254, 66.368815980867197 ], [ -174.068272557648442, 66.435290895417978 ], [ -174.091206517609379, 66.523585878328134 ], [ -174.378300633820317, 66.699977479890634 ], [ -174.371144261750004, 66.943744264558603 ], [ -174.336613622101567, 67.076999269441416 ], [ -173.874943700226567, 67.159328065828134 ], [ -173.432225194367192, 67.034282289460947 ], [ -173.174397435578129, 66.990375123933603 ], [ -172.829228368195317, 66.961413942292978 ], [ -172.377964940460942, 67.014056764558603 ], [ -171.957997289093754, 66.955669008210947 ], [ -171.539662328156254, 66.764361940339853 ], [ -171.227238622101567, 66.602672182039072 ], [ -170.473134007843754, 66.294940553621103 ], [ -170.329106297882817, 66.258487306550791 ], [ -170.066166844757817, 66.178172670320322 ], [ -169.872700658234379, 66.083163820222666 ], [ -169.832432713898442, 66.024562440828134 ], [ -169.986912694367192, 66.009639345125009 ], [ -170.448735204132817, 66.052737794832041 ], [ -170.612660375031254, 66.037761293367197 ], [ -170.976170506867192, 65.678439699128916 ], [ -171.668568578156254, 65.889239870027353 ], [ -171.606480565460942, 65.808856569246103 ], [ -171.409626927765629, 65.706851564363291 ], [ -171.200306859406254, 65.561175905183603 ], [ -171.730030980500004, 65.611270509675791 ], [ -172.183629002960942, 65.588504396394541 ], [ -172.724324193390629, 65.762874208406259 ], [ -173.043141332062504, 65.806163392976572 ], [ -172.982594457062504, 65.747760377839853 ], [ -172.852681126984379, 65.631076417878916 ], [ -172.814686742218754, 65.631145082429697 ], [ -172.562336888703129, 65.514804445222666 ], [ -172.470158543976567, 65.376453004792978 ], [ -172.411229100617192, 65.172725282625009 ], [ -172.436558690460942, 65.020045839265634 ], [ -172.802723851593754, 64.997562013582041 ], [ -173.165089574250004, 64.967929445222666 ], [ -173.250401463898442, 64.895511232332041 ], [ -173.025151219757817, 64.506457887605478 ], [ -173.077015843781254, 64.383983217195322 ], [ -173.544880834015629, 64.419093690828134 ], [ -173.723774876984379, 64.382785402253916 ], [ -174.260685887726567, 64.460940919832041 ], [ -174.379445043, 64.619212709382822 ], [ -175.187153783234379, 64.848544679597666 ], [ -175.300877538117192, 64.725650392488291 ], [ -175.827382054718754, 64.934024415925791 ], [ -175.951680150421879, 65.006175600007822 ], [ -176.070927586945317, 65.187656007722666 ], [ -175.992680516632817, 65.267871461824228 ], [ -176.137227025421879, 65.457042299226572 ], [ -176.528508153351567, 65.609576784089853 ], [ -176.782750096710942, 65.638286195710947 ], [ -177.125615086945317, 65.623050294832041 ], [ -177.511860814484379, 65.520122133210947 ], [ -178.116276708039067, 65.482493959382822 ], [ -178.653538670929692, 65.539867006257822 ], [ -178.627232518585942, 65.685969911531259 ], [ -178.696949925812504, 65.832126222566416 ], [ -178.975087132843754, 66.051395021394541 ], [ -179.378575292023442, 65.995990358308603 ], [ -179.581181493195317, 65.811801515535166 ], [ -180.0, 65.259227357820322 ], [ -180.0, 65.311030946687509 ], [ -180.0, 65.381618104890634 ], [ -180.0, 65.963130556062509 ] ] ], [ [ [ 54.144091639128902, 73.145717225984384 ], [ 54.736163172332027, 73.257716737703134 ], [ 55.180689844695308, 73.266498170808603 ], [ 55.816176447478512, 73.307338319734384 ], [ 56.06405929049609, 73.276095949128916 ], [ 56.508502039519527, 73.173869691804697 ], [ 56.480105433074215, 73.094623170808603 ], [ 56.271605524626949, 72.857211671785166 ], [ 56.13589766940234, 72.785983644441416 ], [ 55.822093042937496, 72.753886781648447 ], [ 55.622668299285152, 72.651141725496103 ], [ 55.517577204314449, 72.477992616609384 ], [ 55.52035811862109, 72.109752260164072 ], [ 55.720664057341793, 71.642421327546884 ], [ 56.151465448943355, 71.270991884187509 ], [ 56.378794703093746, 71.132266603425791 ], [ 56.727488550749996, 70.993968568757822 ], [ 57.250659021941402, 70.817798219636728 ], [ 57.237753901091793, 70.691043458894541 ], [ 56.058585199919918, 70.730968080476572 ], [ 55.678801569548824, 70.707194887117197 ], [ 55.266253504363277, 70.560527406648447 ], [ 54.998293909636715, 70.521670900300791 ], [ 54.694060358611324, 70.743770204500009 ], [ 54.522452387419918, 70.758853517488291 ], [ 54.031611475554683, 70.719478212312509 ], [ 53.728636774626949, 70.765063844636728 ], [ 53.714697870818355, 70.926700197175791 ], [ 54.320654902068355, 71.089816652253916 ], [ 54.353476557341793, 71.198024354890634 ], [ 54.30786803683398, 71.205661378816416 ], [ 53.88306334933398, 71.328670106843759 ], [ 53.23379806002734, 71.513537965730478 ], [ 52.550467524138668, 71.589892946199228 ], [ 52.401850733367183, 71.519725404695322 ], [ 52.121047052947262, 71.464885316804697 ], [ 51.814936670867183, 71.479816041902353 ], [ 51.53354171237109, 71.657947145417978 ], [ 51.482134852019527, 71.844676576570322 ], [ 51.58508971652148, 71.985248170808603 ], [ 51.760458979216793, 72.079295717195322 ], [ 51.914877924529293, 72.095225892976572 ], [ 52.058257135955074, 72.048579774812509 ], [ 52.351054224578121, 72.041331850007822 ], [ 52.583979639617183, 72.127734743074228 ], [ 53.088538202849605, 72.473468385652353 ], [ 53.19784835299609, 72.630893312410166 ], [ 53.05286315402148, 72.630603395417978 ], [ 52.611140284148433, 72.740001283601572 ], [ 53.07971862277148, 72.906520448640634 ], [ 53.30976012667773, 73.041286073640634 ], [ 53.502303156462887, 73.136577211335947 ], [ 54.144091639128902, 73.145717225984384 ] ] ], [ [ [ 55.424868616667965, 73.552936159089853 ], [ 54.99362472018359, 73.536227785066416 ], [ 54.663630518523433, 73.471995912507822 ], [ 54.47870543917773, 73.519366823152353 ], [ 54.01755050143359, 73.733584962800791 ], [ 54.34921554049609, 73.869937501863291 ], [ 54.893576654998043, 74.062923036531259 ], [ 55.18793395480273, 74.103519044832041 ], [ 55.885241541472652, 74.104808412507822 ], [ 55.945574793425777, 74.265361391023447 ], [ 55.618506464568355, 74.417461000398447 ], [ 55.775942835417965, 74.538531862214853 ], [ 55.964503321257808, 74.603366456941416 ], [ 56.268755945769527, 74.611995302156259 ], [ 56.652026209441402, 74.693416200593759 ], [ 56.539240870085933, 74.765887819246103 ], [ 56.302638086882808, 74.870563112214853 ], [ 56.994978937712887, 75.273128114656259 ], [ 57.226054224578121, 75.331317506746103 ], [ 57.327296290007808, 75.298480592683603 ], [ 57.728697809783199, 75.291011415437509 ], [ 58.170058283416012, 75.531566225007822 ], [ 58.558531794158199, 75.681628786042978 ], [ 59.017630610076168, 75.798930726960947 ], [ 59.455927881804683, 75.866405092195322 ], [ 60.042971644011715, 75.917522035554697 ], [ 60.616740259734371, 75.893588624910166 ], [ 60.948985132781246, 75.960979066804697 ], [ 61.302588495818355, 76.237857423738291 ], [ 61.42554381808398, 76.229686342195322 ], [ 61.818747553435543, 76.289195619539072 ], [ 62.59329513033984, 76.164828859285166 ], [ 62.805266413298824, 76.181987367585947 ], [ 63.673319849578121, 76.326304994539072 ], [ 64.104617151824215, 76.343936525300791 ], [ 65.08725264987109, 76.455188356355478 ], [ 65.92605880221484, 76.507358156160166 ], [ 66.273264917937496, 76.761523805574228 ], [ 66.442347559539058, 76.829646669343759 ], [ 67.57229903658984, 76.891208253816416 ], [ 68.456713709441402, 76.926822267488291 ], [ 68.66830733737109, 76.867786012605478 ], [ 68.867190394011715, 76.766421876863291 ], [ 68.936846766082027, 76.605838380769541 ], [ 68.571459803191402, 76.394420228914072 ], [ 68.328318628874996, 76.318294130281259 ], [ 67.722468409148433, 76.174518190339853 ], [ 66.54819014987109, 75.979892335847666 ], [ 64.600474390593746, 75.759547792390634 ], [ 63.616469416228512, 75.633082948640634 ], [ 62.661494288054683, 75.498645387605478 ], [ 61.832594904509762, 75.356517396882822 ], [ 60.887019190398433, 75.247493349031259 ], [ 60.463328394499996, 75.156108461335947 ], [ 60.333655390349605, 75.032558046296884 ], [ 60.623351130095699, 74.935283266023447 ], [ 60.433520350066402, 74.837794862703134 ], [ 60.008772883025387, 74.675410829500009 ], [ 59.771620783416012, 74.658847413972666 ], [ 58.850565943328121, 74.689418397859384 ], [ 58.65640548190234, 74.608394227937509 ], [ 58.602503809539058, 74.503520570710947 ], [ 58.881945643035152, 74.391360841707041 ], [ 58.733134302703121, 74.286616884187509 ], [ 58.19052413424609, 74.085078798250009 ], [ 58.009348902312496, 74.148868165925791 ], [ 57.671198877898433, 74.188312135652353 ], [ 57.404734644499996, 74.051593385652353 ], [ 57.799418482390621, 73.924289308503916 ], [ 57.822814020720699, 73.780551515535166 ], [ 57.330393824187496, 73.484904848054697 ], [ 56.960436853972652, 73.357089601472666 ], [ 56.695090326873043, 73.420146547273447 ], [ 56.264952692595699, 73.514735780671884 ], [ 55.757433924285152, 73.577434144929697 ], [ 55.424868616667965, 73.552936159089853 ] ] ] ] }
        }
    ]
}